page,page_id,main_category,sub_category,text_search,text_positioned
1,MMTYV1YXEH4M4,,,,
2,MMTWPZGW5ZDE5,,,総合カタログ2026-2027,"総合カタログ
2026-202                                            7"
3,MMTWQ293EMBBX,企業メッセージ,,2私たち酒井医療は、健康を願う方、支える方の明日への希望を見出す製品とサービスをお届けし続けます。ブランドマークのコンセプトは “Supportive Heart（支える心）”。健康を願う人、支える人、双方の信頼に応えたいという想いを、右下部の赤い“支える手”で表現しています。タグライン「明日に踏み出すチカラ。酒井医療」は、常に新しい発想で市場を開拓し、リードしていく私たちの姿勢を表しています。,"私たち酒井医療は、
健康を願う方、支える方の明日への希望を
見出す製品とサービスをお届けし続けます。
ブランドマークのコンセプトは “Supportive Hear（t支える心）”。
健康を願う人、支える人、双方の信頼に応えたいという想いを、右下部の赤い“支える手”で表現しています。
タグライン「明日に踏み出すチカラ。酒井医療」は、常に新しい発想で市場を開拓し、
リードしていく私たちの姿勢を表しています。
2"
4,MMTWQ5VF2ZBRD,企業メッセージ,,3,3
5,MMTWQ9IF6VE13,企業メッセージ,今はこの世にないものを、 明日のために,酒井医療の歩み「エレベートバス ET-100」筋力測定装置「サイベックスⅡ」「ハバードタンク　HT-3AN」4日本初の電気治療器を製造水治療法器械の製造にいちはやく着手世界初のエレベート機能をもつ浴槽を開発アイソキネティック理論を基にした筋力測定装置を米国より導入内科的電気診断や治療に使われた国内における近代理学療法器械の第一号機。「ヒルシマン平流感伝電気機」1950年代、水治療法器械の代名詞となっていたハバードタンク。対象となる患者や治療法の変化により進化を遂げました。身体が不自由な方のために開発された浴槽。現在の仰臥位浴槽の先祖といえます。日 本 で 初 めて、アメリカ・サイベックス社の等速性（アイソキネティック）理論を基にした製品を導入。評価に基づくリハビリテーションの普及に貢献しました。1883東京医療電気製造所を設立。1921日本初の水治療法器械・各種機能回復訓練器械の製造に着手。1939日本医療に前駆的リハビリテーション時代が到来。1945大空襲で類焼。翌年まで業務を休止する。酒井医療電機株式会社を設立。1962事業拡大にともない、酒井医療販売株式会社を設立。1966日本理学療法士協会、日本作業療法士協会が設立される。1973日本初の順送式浴槽を開発。新しい医療・福祉のために、そしてこの後に続く人たちのために、降り積もった雪をかき分け、道なき道を切り開き、自ら汗をかく。私たちは「初雪をかく」を伝統精神として、創業者のこの思いを大切に、ものづくりやことづくりを進めて参りました。私たちはこれからも時代に先駆け、明日に踏み出すための製品とサービスの提供に努めます。初代 酒井嘉平治が医療機器製造業を開始。日本初の理学療法機器の製造に着手。HISTORY of SAKAImed1893195019681973今はこの世にないものを、明　　1881 創業,"HISTORY of SAKAImed
今はこの世にないものを、明　　
新しい医療・福祉のために、そしてこの後に続く人たちのために、
降り積もった雪をかき分け、道なき道を切り開き、自ら汗をかく。
私たちは「初雪をかく」を伝統精神として、創業者のこの思いを大切に、ものづくりやことづくりを進めて参りました。
私たちはこれからも時代に先駆け、明日に踏み出すための製品とサービスの提供に努めます。
酒1962
井創業
188 1事業拡大にともない、酒井医療販売株式会社を設立。
医
療
初代 酒井嘉平治が医療機器製造業を開始。
の
1966
歩日本初の理学療法機器の製造に着手。
み日本理学療法士協会、日本作業療法士協会が設立される。
1883
東京医療電気製造所を設立。
1968
世界初のエレベート機能をもつ
1893
浴槽を開発
日本初の電気治療器を製造
身体が不自由な方のために開発された浴槽。現在の仰臥位浴槽
内科的電気診断や治療に使わの先祖といえます。
れた国内における近代理学療
法器械の第一号機。
「ヒルシマン平流感伝電気機」
1921
日本初の水治療法器械・各種機能回復訓練器械の製造に着手。
1939
日本医療に前駆的リハビリテーション時代が到来。「エレベートバス ET-100」
酒井医療電機株式会社を設立。1973
日本初の順送式浴槽を開発。
1945
大空襲で類焼。翌年まで業務を休止する。
1973
アイソキネティック理論を
1950
基にした筋力測定装置を
水治療法器械の製造に米国より導入
いちはやく着手
 日 本 で 初めて、アメリカ・サイ
1950年代、水治療法器械の代ベックス社の等速性（アイソキネ
名詞となっていたハバードタンティック）理論を基にした製品を
ク。対象となる患者や治療法の導入。評価に基づくリハビリテー
変化により進化を遂げました。ションの普及に貢献しました。
筋力測定装置「サイベックスⅡ」
「ハバードタンク　HT-3AN」
4"
6,MMTWQC0OBFV2R,企業メッセージ,今はこの世にないものを、 明日のために,介護エイドバス「ロベリア」2003年、ドイツの厳しい基準をクリアした、トレーニングマシンの自社生産及び販売を開始。「コンパストレーニングマシン」シャワーポッド「アラエル」5創業100周年創業145周年創業140周年シャワーポッド「アラエル」を発売低周波治療器「フィジオアクティブHV」を発売トレーニングマシン「プレクサーG5」発売介護エイドバス「ロベリア」がグッドデザイン賞受賞介護予防としてコンパストレーニングマシンを用いたパワーリハビリテーションの普及を促進創業から変わらない想いを込めて、140周年記念製品「アラエル」が誕生。世界中がコロナウイルス感染症という未曾有の危機にさらされる中で接触を最小限に抑えながら入浴介助ができるシャワータイプの浴槽を発売。トレーニングマシン「プレクサーG5」介護負担を軽減するために、入浴者を自動で浴槽へ移動できる世界初のオートスライド機構を搭載した「ロベリア」を開発。臨床やスポーツフィールドで広く使用されているハイボルテージ電気刺激の超小型・バッテリー化を実現。その携帯性から多くのトップアスリートにも愛用されています。低周波治療器「フィジオアクティブHV」日本人の体型やトレーニング環境を踏まえて改良を続け、世界的な安全基準をクリアした第5世代モデル。1988白井工場を新設し、開発・製造の合理化を図るとともに、1992サイベックスジャパン株式会社を設立し、2005コンパストレーニングマシンがドイツ以外の国の製品として安定した供給体制を確立。フィットネス事業の拡大を図る。初めてTÜV/ZATの認証を取得。企業イメージの向上を図るためブランドマークを一新し、ブランド名を「SAKAImed」へ変更。「リハモードヴィラ白井」を開設。2006生産能力強化を図るため、白井第一工場を新設。2009シップヘルスケアホールディングスのグループ企業となる。2012リハビリテーション強化型高齢者住宅2017渦流浴装置「ワールプール」がグッドデザイン賞受賞。2019温熱機器「マジックヒートハンド」がグッドデザイン賞受賞。20152021199920032024日のために19812026,"2006
生産能力強化を図るため、白井第一工場を新設。
2009
日のために
シップヘルスケアホールディングスのグループ企業となる。
2012
リハビリテーション強化型高齢者住宅
「リハモードヴィラ白井」を開設。
創業100周年
1981
低周波治療器
2015「フィジオアクティブHV」
1988を発売
白井工場を新設し、開発・製造の合理化を図るとともに、臨床やスポーツフィールドで広く使用
安定した供給体制を確立。されているハイボルテージ電気刺激の
超小型・バッテリー化を実現。その携帯
性から多くのトップアスリートにも愛用
されています。
1992
低周波治療器
サイベックスジャパン株式会社を設立し、
「フィジオアクティブHV」
フィットネス事業の拡大を図る。
2017
渦流浴装置「ワールプール」がグッドデザイン賞受賞。
1999
2019
介護エイドバス「ロベリア」が
温熱機器「マジックヒートハンド」がグッドデザイン賞受賞。
グッドデザイン賞受賞
介護負担を軽減するために、入
浴者を自動で浴槽へ移動でき
2021
る世界初のオートスライド機構
を搭載した「ロベリア」を開発。創業140周年
シャワーポッド「アラエル」を発売
介護エイドバス「ロベリア」創業から変わらない想いを込めて、
140周年記念製品「アラエル」が誕生。
世界中がコロナウイルス感染症という
2003未曾有の危機にさらされる中で接触を
最小限に抑えながら入浴介助ができ
介護予防として
るシャワータイプの浴槽を発売。シャワーポッド「アラエル」
コンパストレーニングマシンを用いた
パワーリハビリテーションの普及を促進
2003年、ドイツの厳しい基準をク
2024
リアした、トレーニングマシンの自
社生産及び販売を開始。トレーニングマシン
「プレクサーG5」発売
日本人の体型やトレーニング環
境を踏まえて改良を続け、世界
的な安全基準をクリアした第5
「コンパストレーニングマシン」
世代モデル。
トレーニングマシン
2005
「プレクサーG5」
コンパストレーニングマシンがドイツ以外の国の製品として
初めてTÜV/ZATの認証を取得。
企業イメージの向上を図るためブランドマークを一新し、
創業145周年
ブランド名を「SAKAImed」へ変更。2026
5"
7,MMTWQEF3HSM7G,企業メッセージ,誰もが健やかに暮らせる 豊かな社会をめざして,健康を願う方、支える方に製品とサービスを提供します。環境に負荷をかけない事業活動を推進しています。豊かな社会・コミュニティの実現に向けさまざまな団体を支援しています。セミナーや研修を通じて、活躍できる人材の創出を支援しています。6豊かな社会・コミュニティの実現に向け、私たちは医療・福祉施設のBCP策定、感染症対策などの支援や、パラスポーツ団体の活動も応援しています。災害や感染症に強い地域づくりと、誰もが活躍できる社会の実現に貢献します。プロフェッショナルの皆様に向けた専門セミナーや、製品導入プロフェッショナルの皆様に向けた専門セミナーや、製品導入研修を実施し、知識と技術の向上をサポート。持続可能な社研修を実施し、知識と技術の向上をサポート。持続可能な社会を担う人 材 育 成に会を担う人 材 育 成に貢献します。貢献します。私たちがチカラになりたいのは、医療、介護を必要とする方にとどまりません。健康を願うすべての方、そしてそれを支える方、誰もが自分らしく暮らせる社会の実現に向けて。私たちは、社会や環境に配慮し、自立と回復、さらなる健康増進を支援する機器やサービスの提供を通じて、豊かな社会づくりに貢献していきます。私たちはリハビリテーション機器や介護用入浴機器の開発・提供を通じて、誰もが安心して暮らせる社会をめざします。快適性と安全性を追求し、生活の質向上に貢献します。工場への太陽光パネル設置や、工場・本社・物流センターへの節電エアコンフィルター導入により、消費電力を削減。再生可能エネルギーの活用と省エネで、持続可能な社会の実現に貢献します。SUSTAINABILITY of SAKAImed誰もが健やかに暮らせる豊かな社会をめざして01030204,"SUSTAINABILITY of SAKAImed
誰もが健やかに暮らせる
豊かな社会をめざして
私たちがチカラになりたいのは、医療、介護を必要とする方にとどまりません。
健康を願うすべての方、そしてそれを支える方、誰もが自分らしく暮らせる社会の実現に向けて。
私たちは、社会や環境に配慮し、自立と回復、さらなる健康増進を支援する機器やサービスの提供を通じて、
豊かな社会づくりに貢献していきます。
0102
健康を願う方、支える方に豊かな社会・コミュニティの実現に向け
製品とサービスを提供します。さまざまな団体を支援しています。
私たちはリハビリテーション機器や介護豊かな社会・コミュニティの実現に向け、私たちは医療・福祉
用入浴機器の開発・提供を通じて、誰も施設のBCP策定、感染症対策などの支援や、パラスポーツ団
が安心して暮らせる社会をめざします。体の活動も応援してい
快適性と安全性を追求し、生活の質向ます。災害や感染症に
上に貢献します。強い地域づくりと、誰
もが活躍できる社会の
実現に貢献します。
0304
環境に負荷をかけないセミナーや研修を通じて、活躍できる
事業活動を推進しています。人材の創出を支援しています。
工場への太陽光パネル設置や、工場・本社・物流センターへププロロフフェェッッシショョナナルルのの皆皆様様にに向向けけたた専専門門セセミミナナーーやや、、製製品品導導入入
の節電エアコンフィルター導入により、消費電力を削減。再生研研修修をを実実施施しし、、知知識識とと技技術術のの向向上上ををササポポーートト。。持持続続可可能能なな社社
可能エネルギーの活用と省エネで、持続可能な社会の実現に会会をを担担うう  人人  材材  育育成成にに
貢献します。貢貢献献ししまますす。。
6"
8,MMTWQHBXUDQFI,企業メッセージ,誰もが健やかに暮らせる 豊かな社会をめざして,7,7
9,MMTWQK5EORZKT,企業メッセージ,意欲を引き出すアクティブな リハビリテーションを,リハビリテーション018意欲を引き出す アクティブなリハビリテーションを,"01
リハビリテーション
意欲を引き出す
 アクティブな
リハビリテーションを
8"
10,MMTWQNCGENX2U,企業メッセージ,意欲を引き出すアクティブな リハビリテーションを,パッシブからアクティブへ単一から複合へ急性期リハ急性症状からの回復アクティブ・リハ⃝柔軟性トレーニング⃝筋力トレーニング⃝心肺機能向上トレーニング⃝バランストレーニング生活期リハ生活体力の回復健康促進・アンチエイジング疾病予防・健康維持回復期リハADLの回復01RehabilitationトレーニングBathing Equipment計測・評価・診断トレーニングWell-being目標・プログラム設定物理療法03029総合的なアプローチを行う アクティブ・リハ プランニング［特異性・応用動作］［筋力・ROM・バランス等 ］心地よい機器に身をゆだねるだけの受動的（パッシブ）なリハビリテーションでは、障害の再発予防、ADL向上にはつながりません。患者自らが能動的（アクティブ）にリハビリテーションへ参加していただける環境づくりが不可欠です。日常生活に必要な身体機能を高めるためには、複合的に日常生活に必要な身体機能を高めるためには、複合的にアプローチすることが重要です。アプローチすることが重要です。身体能力を客観的にとらえる評価測定機器、症状に合わせ身体能力を客観的にとらえる評価測定機器、症状に合わせて使い分ける物理療法機器、そしてパフォーマンス向上のて使い分ける物理療法機器、そしてパフォーマンス向上のためのトレーニング機器をトータルでご提案します。ためのトレーニング機器をトータルでご提案します。⃝早期リハ実践に向け、疼痛・浮腫軽減を目的とした物理療法⃝廃用症候群の予防訓練⃝早期座位・立位練習⃝装具を用いた歩行練習⃝セルフケア訓練⃝歩行練習⃝心肺機能向上トレーニング⃝日常生活動作練習⃝上肢機能回復トレーニング⃝有酸素運動⃝歩行耐久性向上練習⃝転倒予防訓練,"01Rehabilitation02Bathing Equipment03Well-being
総合的なアプローチを行う アクティブ・リハ プランニング
パッシブからアクティブへ計測・
評価・診断
心地よい機器に身をゆだねるだけの受動的（パッシブ）
なリハビリテーションでは、障害の再発予防、ADL向上
にはつながりません。患者自らが能動的（アクティブ）にリ
ハビリテーションへ参加していただける環境づくりが不可トレーニング
目標・
［特異性・
欠です。プログラム設定
応用動作］
アクティブ・リハ
単一から複合へ
日日常常生生活活にに必必要要なな身身体体機機能能をを高高めめるるたためめににはは、、複複合合的的にに
アアププロローーチチすするるここととがが重重要要でですす。。
身身体体能能力力をを客客観観的的ににととららええるる評評価価測測定定機機器器、、症症状状にに合合わわせせ
トレーニング
てて使使いい分分けけるる物物理理療療法法機機器器、、そそししててパパフフォォーーママンンスス向向上上のの［筋力・ROM・物理療法
バランス 等］
たためめののトトレレーーニニンンググ機機器器ををトトーータタルルででごご提提案案ししまますす。。
健康促進・
急性期リハ回復期リハ生活期リハアンチエイジング
急性症状からの回復ADLの回復生活体力の回復疾病予防・健康維持
⃝早期リハ実践に向け、疼⃝歩行練習⃝有酸素運動⃝柔軟性トレーニング
痛・浮腫軽減を目的とし
⃝心肺機能向上トレーニング⃝歩行耐久性向上練習⃝筋力トレーニング
た物理療法
⃝日常生活動作練習⃝転倒予防訓練⃝心肺機能向上トレーニング
⃝廃用症候群の予防訓練
⃝上肢機能回復トレーニング⃝バランストレーニング
⃝早期座位・立位練習
⃝装具を用いた歩行練習
⃝セルフケア訓練
9"
11,MMTWQQFEF8GQM,企業メッセージ,クリニック向けアクティブ・リハのご提案,東京スポーツ&整形外科クリニック様 （東京都豊島区/渋谷区）おがわ整形外科クリニック様（島根県松江市）かもいクリニック様（長野県塩尻市）クリニック向けアクティブ・リハのご提案私たちがご提案するのは心地よい機器に身をゆだねているだけで終わるようなリハではありません。アクティブなリハビリテーションを行う環境をご提案します。Pick up10自ら力強く前進するためのリハビリテーション地域No.1の整形外科クリニックを共に創るActive Reha in,"Pick up
東京スポーツ&整形外科クリニック様 
（東京都豊島区/渋谷区）
クリニック向けアクティブ・リハのご提案
Active Reha in  
自ら力強く前進するためのリハビリテーション
地域No.1の整形外科クリニックを共に創る
私たちがご提案するのは心地よい機器に身をゆだねているだけで終わるようなリハではありません。
アクティブなリハビリテーションを行う環境をご提案します。
おがわ整形外科クリニック様かもいクリニック様
（島根県松江市）（長野県塩尻市）
10"
12,MMTWQSUV51WN5,企業メッセージ,クリニック向けアクティブ・リハのご提案,00521  Clinic12000 酒 井医療のリハ室づくりまつい整形外科 桜坂スポーツ関節クリニック様（福岡市中央区）ご開業やリニューアル等にあたり、長年のノウハウをもとに最適な機器、レイアウトのご提案をします。また、それだけにとどまらず専門スタッフが最新の情報に基づき、リハ機器の効果的な使用方法を導入前後にわたって継続的にサポートします。ノウハウに基づくレイアウト提案導入前後のリハスタッフへの勉強会の実施定期的なセミナー・WEBセミナーの開催01RehabilitationBathing Equipmentあさひの森 整形外科リハビリクリニック様（愛知県尾張旭市）Well-being用賀整形外科クリニック様（東京都世田谷区）030211213,"01Rehabilitation02Bathing Equipment03Well-being
まつい整形外科 桜坂スポーツ関節クリニック様あさひの森 整形外科リハビリクリニック様
（福岡市中央区）（愛知県尾張旭市 ）
  酒井医療のリハ室づくり
ご開業やリニューアル等にあたり、長年のノウハウをもとに最適な機器、レイアウトのご提案をします。また、それだけにとど
 Clinic
まらず専門スタッフが最新の情報に基づき、リハ機器の効果的な使用方法を導入前後にわたって継続的にサポートします。
ノウハウに基づく導入前後のリハスタッフへの定期的なセミナー・
1レイアウト提案2勉強会の実施3WEBセミナーの開催
12000
00125
用賀整形外科クリニック様
（東京都世田谷区）
11"
13,MMTWQVQCM7YHB,企業メッセージ,笑顔をお届けできる 入浴サービスを,介護用入浴機器12笑顔をお届けできる入浴サービスを02,"02
介護用入浴機器
笑顔を
お届けできる
入浴サービスを
12"
14,MMTWQYM19YNNK,企業メッセージ,笑顔をお届けできる 入浴サービスを,座位保持可能立位不可能入浴する方へ自立歩行可能ケアする方へ座位保持可能立位可能Bathing Equipment0102RehabilitationWell-being0313限られた介護力でも、入浴の楽しみをお届けするために。私たちは、浴室づくりから一緒に考えます。安心衛生的ゆとりQOLの向上立位保持可能パンジー iサンカメリアロべリアプラスエレベートバスリクシーPAOアリッサムスーパーラダリバスライラックプラスカトレアライナーリフトホーミィリフト＆チェリーアラエルユニバスホーミィイース座ることができない人座り続けることはできるが、手すり・杖があっても立つことができない人立ち続けることができ、介助または手すり・杖があれば歩くことができる人入浴介助の負荷を減らしたい座 り 続 けること が で き、手すり・杖があれば少しの間立っていることができる人入浴を気持ちよく楽しんでもらいたい手すり・杖なしで歩けるがバランスをくずしやすい人少人数のスタッフでも、ご利用者ひとりひとりに、満足度の高い入浴サービスをお届けするために。私たちは、 介助する方が安心してサービスを提供できる環境づくりを、介助の負担を軽減する機器や運用方法のご提案を通じてお手伝いします。座位保持不可能,"01Rehabilitation02Bathing Equipment03Well-being
限られた介護力でも、入浴の楽しみをお届けするために。
私たちは、浴室づくりから一緒に考えます。
少人数のスタッフでも、ご利用者ひとりひとりに、
満足度の高い入浴サービスをお届けするために。
安心
私たちは、 介助する方が安心してサービスを提供できる
ケアする方へ入浴する方へ
衛生的
環境づくりを、介助の負担を軽減する機器や運用方法の入浴介助の負荷を入浴を気持ちよく
減らしたいゆとり楽しんでもらいたい
ご提案を通じてお手伝いします。
QOLの向上
座位保持可能座位保持可能
座位保持不可能立位保持可能自立歩行可能
立位不可能立位可能
座ることができない人座り続けることはできるが、 座 り 続けるこ と が でき、立ち続けることができ、介助手すり・杖なしで歩けるが
手すり・杖があっても立つ手すり・杖があれば少しの間または手すり・杖があればバランスをくずしやすい人
ことができない人立っていることができる人歩くことができる人
サンカメリア
ライナーリフト
アリッサムホーミィリフト＆チェリー
ロべリアプラス
カトレア
アラエル
パンジ ーi
エレベートバス
スーパーラダリバス
ユニバス
リクシー
PAOライラックプラスホーミィイース
13"
15,MMTWR15KTRLSS,企業メッセージ,ファインバブルでお届けする 入浴サービスのご提案,Bathing with Fine Bubbleファインバブルでお届けする入浴サービスのご提案私たちは入浴介助の負担を軽減するためにいち早くファインバブルを搭載した介護用入浴機器を開発してきました。テクノロジーのチカラで質の高い入浴サービスを実現する環境をご提案します。Pick up14ファインバブルを搭載した介護用入浴機器なら入浴サービスのクオリティが、さらに高まります。,"Pick up
B
a
t
h
i
n
g
ファインバブルでお届けする入浴サービスのご提案
 
wファインバブルを搭載した
介護用入浴機器なら
i
t
入浴サービスのクオリティが、
h
さらに高まります。
 
F
私たちは入浴介助の負担を軽減するために
iいち早くファインバブルを搭載した
n
介護用入浴機器を開発してきました。
テクノロジーのチカラで質の高い入浴サービスを
e
実現する環境をご提案します。
 
B
u
b
b
l
e
14"
16,MMTWR423HSBBM,企業メッセージ,ファインバブルでお届けする 入浴サービスのご提案,皮膚温の変化量（℃）ファインバブル皮脂汚れなど皮脂腺マイクロバブル搭載リフト アンド バス リクシー※マイクロバブル・ウルトラファインバブル機能は株式会社サイエンスの製品を使用しています。※「ファインバブル」「ウルトラファインバブル」は一般社団法人ファインバブル産業会の登録商標です。※ウルトラファインバブルの性能・効果についてはhttps://i-feel-science.com/をご参照ください。汗汗腺P.300マイクロバブル搭載フェイス トゥ バス ライラックプラス 2 種 類のファインバブルの違いと介護用入浴機器における使い分け ファインバブルの入浴効果 ファインバブル搭載機種やさしい洗浄力身体の芯まで温めるBathing Equipment0102Rehabilitation身体中の毛穴に入り込んだファインバブルがほどよい刺激を与え、身体の芯まで温めます。入浴後も湯冷めしにくく、ぽかぽかが持続します。Well-being0315マイクロバブルのお湯通常のお湯P.31 6温かさが長続きファインバブルは泡の大きさにより「マイクロバブル」と「ウルトラファインバブル」に区分されます。酒井医療の介護用入浴機器では、垢などの有機物に吸着し水面まで浮上する性質のある「マイクロバブル」を貯湯式に、長時間泡が壊れずに残る「ウルトラファインバブル」をシャワー式に採用しています。ファインバブルが肌の隅々まで届き、シワや毛穴の奥の老廃物をやさしく浮き上がらせ、気になるニオイの元も洗い流します。マイクロバブル 泡の大きさ直径1〜100µｍ見た目は白濁しており、収縮しながらゆっくり浮上する。しばらくすると消える。※1µｍ（マイクロメートル）=0.001mm（ミリメートル）4.54.03.53.02.52.01.51.00.50.0（表皮）（真皮）※室温21℃で、マイクロバブルを発生させたお湯（40℃）に5分間入浴した後、※イメージ10分後に赤外線サーモグラフィで体表面温度を測定。P.3 10ウルトラファインバブル 泡の大きさ直径1µｍ未満泡が小さく見た目は透明。安定しているので長時間残る。入浴前入浴後1分 入浴後5分 入浴後10分ウルトラファインバブル搭載シャワーポッド アラエル,"01Rehabilitation02Bathing Equipment03Well-being
  2 種類のファインバブルの違いと介護用入浴機器における使い分け
ファインバブルは泡の大きさにより「マイクロバブル」と「ウルトラ
ファインバブル」に区分されます。酒井医療の介護用入浴機器で
は、垢などの有機物に吸着し水面まで浮上する性質のある「マイク
ロバブル」を貯湯式に、長時間泡が壊れずに残る「ウルトラファイ
ンバブル」をシャワー式に採用しています。
マイクロバブル ウルトラファインバブル 
泡の大きさ直径1〜100µｍ泡の大きさ直径1µｍ未満
見た目は白濁しており、収縮しながらゆっくり泡が小さく見た目は透明。安定しているので
浮上する。しばらくすると消える。長時間残る。
※1µｍ（マイクロメートル）=0.001mm（ミリメートル）
 ファインバブルの入浴効果
やさしい洗浄力身体の芯まで温める
ファインバブルが肌の隅々まで届き、シワや毛穴の奥の老廃物身体中の毛穴に入り込んだファインバブルがほどよい刺激を与え、
をやさしく浮き上がらせ、気になるニオイの元も洗い流します。身体の芯まで温めます。入浴後も湯冷めしにくく、ぽかぽかが持続
します。
4.5
4.0
皮
膚3.5
温3.0温かさが
ファインバブルの変2.5長続き
2.0
化
量1.5
（
℃1.0マイクロバブルのお湯
）0.5
（表皮）通常のお湯
0.0
皮脂汚れなど汗（真皮）入浴前入浴後1 分入浴後5 分入浴後10分
汗腺
※室温21℃で、マイクロバブルを発生させたお湯（40℃）に5分間入浴した後、
皮脂腺
※イメージ10分後に赤外線サーモグラフィで体表面温度を測定。
 ファインバブル搭載機種
マイクロバブル搭載マイクロバブル搭載ウルトラファインバブル搭載
P.300P. 310P.3 16
リフト アンド バス リクシーフェイス トゥ バス ライラックプラスシャワーポッド アラエル
※マイクロバブル・ウルトラファインバブル機能は株式会社サイエンスの製品を使用しています。
※「ファインバブル」「ウルトラファインバブル」は一般社団法人ファインバブル産業会の登録商標です。
※ウルトラファインバブルの性能・効果についてはhttps://i-feel-science.com/をご参照ください。
15"
17,MMTWR6HKTE6BL,企業メッセージ,多彩なサービスで 「継続的な施設運営」を支援します,ウェルビーイング情報共有の効率化）ロボットやICTの活用により介護業務を効率化することで、スタッフがいきいきと働くことのできる環境づくりをご提案します。リフォーム&メンテナンスや専門業者による浴室清掃など、ご利用者とスタッフの満足度を高める環境改善をご提案します。16脱衣室の改修工事例限られたスタッフで移乗介助を実現。座位間の移乗動作、立位保持をサポートするロボットです。浴室や脱衣室などのリフォームから空調、照明などの設備改修・メンテナンスまで、最適な空間をご提案します。タイムリーな情報共有から、業務の効率化・時短を図りつつ、スタッフの心理的負担も軽減できるのでスタッフ定着の一助にもつながります。車椅子からの移乗や立ち上がり時に抱きかかえる必要がなく、立位保持をサポートしながらの移動を可能にします。天井、壁面、床をまるごとリフレッシュ。ぬめりによる転倒リスクや感染症リスクの軽減が期待できます。BEFOREAFTERご施設やスタッフの方々が健康的に施設運営を継続できるよう、私たちは、医療や介護の現場を見守り続けてきた経験を生かしてさまざまなサービスをワンストップでご提供します。まずはお気軽に現状の課題やご要望をお聞かせください。介護の価値を高めたい…生産性向上 （チームケアの質の向上・ご利用者とスタッフの満足度を上げたい…環境改善介護ロボットの活用でチームケアの質の向上リフォーム&メンテナンスで快適な施設づくりの第一歩ラウンド業務等の情報共有のためにICT化を図る立位介助補助機器で移乗介助の負担を軽減プロの技で浴室環境を改善「継続的な施設運営」   03 多彩なサービスで," 多彩なサービスで
03
「継続的な施設運営」   
ウェルビーイング
ご施設やスタッフの方々が健康的に施設運営を継続できるよう、
私たちは、医療や介護の現場を見守り続けてきた経験を生かしてさまざまなサービスをワンストップでご提供します。
まずはお気軽に現状の課題やご要望をお聞かせください。
介護の価値を高めたい…
ロボットやICTの活用により介護業務を効率化することで、
（チームケアの質の向上・
スタッフがいきいきと働くことのできる環境づくりをご提案します。
生産性向上 情報共有の効率化）
介護ロボットの活用でラウンド業務等の立位介助補助機器で
チームケアの質の向上情報共有のためにICT化を図る移乗介助の負担を軽減
限られたスタッフで移乗介助を実現。座位間タイムリーな情報共有から、業務の効率化・時短車椅子からの移乗や立ち上がり時に抱きかか
の移乗動作、立位保持をサポートするロボットを図りつつ、スタッフの心理的負担も軽減できるえる必要がなく、立位保持をサポートしながら
です。のでスタッフ定着の一助にもつながります。の移動を可能にします。
ご利用者とスタッフの満足度を上げたい…
リフォーム&メンテナンスや専門業者による浴室清掃など、
ご利用者とスタッフの満足度を高める環境改善をご提案します。
環境改善
リフォーム&メンテナンスで
プロの技で浴室環境を改善
快適な施設づくりの第一歩
浴室や脱衣室などのリフォームから空調、照明などの設備改修・メンテナンスまで、天井、壁面、床をまるごとリフレッシュ。ぬめり
最適な空間をご提案します。による転倒リスクや感染症リスクの軽減が
期待できます。
脱衣室の改修工事例
BEFOREAFTER
16"
18,MMTWR8WH2RH1R,企業メッセージ,多彩なサービスで 「継続的な施設運営」を支援します,"製造コスト製造コストなし管理・器具修理費149,624 円照明電気料金532,287 円管理・器具修理費149,624 円余剰削減額28,136 円LED照明レンタル費用310,113 円LED導入後電気料金194,038 円なぜ安くできるのかメンテナンス料金メンテナンス料金メーカーメンテナンス料金LED化費用・導入効果シミュレーション例現状共有スペースなどにWell-being03Bathing Equipment停電時に復旧までの時間を十分にしのげる大容量の蓄電池と照明器具一式を専用什器に格納しています。01Rehabilitationご施設の収益アップに向けて、運営にかかるさまざまな経費のなかから、コストダウンできる項目を抽出し、その方法をご提案します。LED化、空調制御システム、電子ブレーカーなど、さまざまな電気料金削減案をご提案します。それぞれのご施設のご要望や環境に応じて、安心して過ごせる施設内環境づくりをご提案します。福祉施設に適した備蓄食や、非常用備品をご提案します。0217施設の収益を上げたい…コスト削減感染拡大リスクを抑え、快適な環境をつくりたい…感染対策自然災害発生時でもサービスを継続・復旧できる備えをしたい…BCPの策定複数のエレベータを設置しているご施設にとって保守費用の見直しは大幅なコストダウンにつながります。部屋の空気中の酸素（O2）や水蒸気（H2O）に作用し、オゾン（O3）やイオンを生み出すエアネス。イオンは風となって「マイナスイオン気流」を起こしオゾンを拡散させます。フィルタを必要としない設計なので、フィルタ交換の手間やコストがかかりません。保管や廃棄のしやすさも考慮した備蓄食を、栄養バランスや一日の摂取カロリーが計算された3日間のメニューと一緒にご提案します。重さは約3kg。片手でも持ち運べる小型・軽量設計です。停電時に使いたい機器へ電力を供給できます。独立系メンテナンス料 金LED レンタル導入後持ち運びタイプ送迎車にもエレベータ保守経費の見直し低濃度オゾンの力で除菌、強力脱臭電気・水・ガスがなくても食べられる備蓄食のご提案電気を簡単に持ち運べる次世代型バッテリー電気料金削減のご提案災害時に電気とあかりを提供するプラットフォーム  を支援します","01Rehabilitation02Bathing Equipment03Well-being
  を支援します
施設の収益を上げたい…
ご施設の収益アップに向けて、運営にかかるさまざまな経費のなかから、
コストダウンできる項目を抽出し、その方法をご提案します。
コスト削減
なぜ安くできるのかLED化費用・導入効果シミュレーション例
エレベータ保守経費の電気料金削減の
見直しご提案管理・器具修理費管理・器具修理費
149,62 4円149,62 4円
製造コスト製造コスト
複数のエレベータを設置していなしLED化、空調制御システム、電子余剰削減額
28,13 6円
るご施設にとって保守費用の見ブレーカーなど、さまざまな電気
照明電気料金LED照明レンタル費用
直しは大幅なコストダウンにつ料金削減案をご提案します。
532,28 7円310,11 3円
ながります。メンテナンス料金メンテナンス料金
LED導入後電気料金
194,03 8円
メーカー独立系現状LE Dレンタル導入後
メンテナンス料金メンテナンス 料金
感染拡大リスクを抑え、
それぞれのご施設のご要望や環境に応じて、
快適な環境をつくりたい…
安心して過ごせる施設内環境づくりをご提案します。
感染対策
持ち運び
低濃度オゾンの力で除菌、強力脱臭共有タイプ
スペース送迎車にも
などに
部屋の空気中の酸素（O2）や水蒸気（H2O）に作用し、オゾン（O3）やイオンを生み出すエアネス。
イオンは風となって「マイナスイオン気流」を起こしオゾンを拡散させます。
フィルタを必要としない設計なので、フィルタ交換の手間やコストがかかりません。
自然災害発生時でもサービスを
継続・復旧できる備えをしたい…
福祉施設に適した備蓄食や、非常用備品をご提案します。
BCPの策定
電気・水・ガスがなくても電気を簡単に持ち運べる災害時に電気とあかりを
食べられる備蓄食のご提案次世代型バッテリー提供するプラットフォーム
保管や廃棄のしやすさも考慮した備蓄食を、重さは約3kg。片手でも持ち運べる小型・軽量設停電時に復旧までの時間を十分にしのげる
栄養バランスや一日の摂取カロリーが計算さ計です。停電時に使いたい機器へ電力を供給で大容量の蓄電池と照明器具一式を専用什器
れた3日間のメニューと一緒にご提案します。きます。に格納しています。
17"
19,MMTWRBQ8V1GF7,企業メッセージ,アフターサービス,アフターサービス・メンテナンスに関するお問合せさまざまなメニューで、機器を安心してお使いいただける環境を支援します。After Service18●平日のお問合せ最寄りの営業所までお問合せください。導入のご相談やお困りの点など、お客様の疑問にお答えします。入力フォームに必要事項を入力して送信してください。お客様からのメンテナンスのご依頼には、全 国 の 整 備されたネットワークを活 用して、迅速に対応・訪問修理をさせていただきます。長期間お使いいただいた機器の診断を行い、安全にお使いいただけるご提案を行います。酒井医療お問合せ毎日安 心して機 器をお使いいただくために、定期的なメンテナンスをおすすめしています。継続的にメンテナンスを実施していただけるお得なメニューもご用意しています。機器の再取説をはじめ、建物改修時の機器の移動や再設置、また、浴槽更新時の床・排水ピットの洗浄などお客様のお役に立てるサポートを実施させていただきます。検 索●休日のお問合せ（土・日・祝日・年末年始）受付時間:9：00～17：00機器のオーバーホール機器の修理保守サービスその他サービス0 1 2 0 - 1 6 1 - 2 8 8 0204アフターサービス0103,"アフターサービス
After Service
さまざまなメニューで、機器を安心してお使いいただける環境を支援します。
0102
機器の修理保守サービス
お客様からのメンテナンスのご依頼には、毎日 安心して 機器をお使いいただくため
 全 国 の 整備されたネットワークを 活用しに、定期的なメンテナンスをおすすめして
て、迅速に対応・訪問修理をさせていただいます。継続的にメンテナンスを実施して
きます。いただけるお得なメニューもご用意してい
ます。
0304
機器のオーバーホールその他サービス
長期間お使いいただいた機器の診断を行機器の再取説をはじめ、建物改修時の機器
い、安全にお使いいただけるご提案を行いの移動や再設置、また、浴槽更新時の床・排
ます。水ピットの洗浄などお客様のお役に立てるサ
ポートを実施させていただきます。
アフターサービス・メンテナンスに関するお問合せ
●平日のお問合せ●休日のお問合せ（土・日・祝日・年末年始）
最寄りの営業所までお問合せください。 0 1 2 0 - 1 6 1 - 2 8 8
受付時間:9：00～17：00
導入のご相談やお困りの点など、お客様の疑問にお答えします。
酒井医療お問合せ 検索
入力フォームに必要事項を入力して送信してください。
18"
20,MMTWRE5ODFUZO,企業メッセージ,アフターサービス,1234点点点点点点点点洗洗洗洗洗洗洗洗洗洗洗再契約毎 年 1 回合 計 6 回点 点6年間無償修理※6年間無償修理※ 保守点検( 　  )+介護用入浴機器を安心してお使いいただくために、豊富なメニューをご用意しています。あんしんケアパックあんしんケアパック・プラス定期保守点検／定期保全点検配管洗浄193 つ の メニュ ー を 組 み 合 わ せ てさら に 安 心！あんしんケアパック・プラス※消耗品および指定部品ユニットを除く※消耗品および指定部品ユニットを除く法定年数法定年数11年目12年目更新時期の目安2年目保守点検メーカー保証配管洗浄納品日6年目7年目8年目保全点検6年間無償修理年1回保守点検保全点検や配管洗浄の継続メンテナンスがおすすめです！耐用年数9年目10年目「あんしんケアパック・プラス」契約期間終了後も3年目4年目5年目納品日メーカー保証納品日メーカー保証1年目2年目1年目2年目3年目3年目4年目5年目4年目5年目洗浄前6年目6年目洗浄後おすすめ契約プラン例 ②あんしんケアパック・プラス＋③保全点検＋④配管洗浄サービス契約の場合購入後1年未満の製品において、6年間無償修理（メーカー保証1年間含む）となるメンテナンス契約です。あんしんケアパックに年1回合計6回の保守点検がついたメニューです。機器を継続的に安心して、安全にお使いいただけるよう、専任スタッフが点検を行うメンテナンス契約です。機器内部の垢やヌメリを専用洗浄液で除去し、感染症などのリスクを軽減するためのメンテナンス契約です。さらにストレッチャー、車椅子などの周辺機器や床面・排水ピットを洗浄するメニューもご用意しています。,"介護用入浴機器を安心してお使いいただくために、
豊富なメニューをご用意しています。
1あんしんケアパック
購入後1年未満の製品において、6年間無償修理（メーカー保証1年間含む）となるメンテナンス契約です。
法定年数
1年目2年目3年目4年目5年目6年目
納品日
※
メーカー保証6年間無償修理
※消耗品および指定部品ユニットを除く
2あんしんケアパック・プラス
あんしんケアパックに年1回合計6回の保守点検がついたメニューです。
法定年数
1年目2年目3年目4年目5年目6年目
納品日 ※ 毎 年 1回
メーカー保証6年間無償修理+保守点検(  合　 計 6 回 )
※消耗品および指定部品ユニットを除く
3定期保守点検／定期保全点検
機器を継続的に安心して、安全にお使いいただけるよう、専任スタッフが点検を行うメンテナンス契約です。
4配管洗浄
機器内部の垢やヌメリを専用洗浄液で除去し、感染症などの
リスクを軽減するためのメンテナンス契約です。
さらにストレッチャー、車椅子などの周辺機器や床面・排水
洗浄前洗浄後
ピットを洗浄するメニューもご用意しています。
 3 つ のメニ ュ ー を 組 み 合 わ せてさ ら に 安心！
おすすめ契約プラン 例②あんしんケアパック・プラス＋③保全点検＋④配管洗浄サービス契約の場合
2年目3年目4年目5年目6年目7年目8年目9年目10年目11年目12年目
点保守点検点点点点 点点保全点検点点点
メーカー6年間無償修理再「あんしんケアパック・プラス」契約期間終了後も
あんしんケアパック・プラス契
保証年1回保守点検約保全点検や配管洗浄の継続メンテナンスがおすすめです！
洗配管洗浄洗洗洗洗洗洗洗洗洗洗
納品日耐用年数更新時期の目安
19"
21,MMTWRGU7V3G61,企業メッセージ,セミナー,■表面筋電図でわかること課題解決に近づく一歩として各種セミナーを開催しています。Seminar※視聴にはパスワードが必要となります。20■物理療法 臨床編（ユーザー様限定）詳しくは、ホームページをご覧ください。エネルギ ーごとに各 部 位への使用例を紹介しています。製品ユーザー様限定の無料サービスです。酒井医療セミナー検 索全 国 各 地で 、さまざまなセミナーを開 催しています。詳 細 については W E Bサイトでご 確 認ください 。WEBセミナー「SAKAImedLearningSTUDIO」では、さまざまなテーマのコンテンツを配信しています。登録いただければ、お好きな時間にいつでもご視聴いただけます。■物理療法セミナーWEBセミナー視聴登録はこちら▶プロフェッショナルの皆様を対象にリハビリテーションの基礎知識から、現場ですぐに活用できる製品の効果的な使い方、医療・福祉・保健に関する最新情報の紹介まで、幅広い内容で実践的なセミナーを開催しています。対面セミナーWEBセミナー〜表面筋電図の基礎と活用〜右のQRコード、または当社WEBサイトの「セミナーイベント」からLearningSTUDIO（WEBセミナー）にアクセスしてください。〈2025年度 対面セミナー実績〉■ 表 面 筋 電 図 セミナ ー■ 物 理 療 法 セミナ ー■ラジ オ 波 温 熱 セミナ ー〈 開 催セミナーの例 〉物理療法の概論から電流・温熱療法の基礎が学べるセミナーです。「電流の周波数、パルス幅って？」「超音波のプローブの照射方法のコツは？」など、今さら聞けない内容をお伝えします。■ ハンドセラピィセミナ ー■スプリントワー クショップ表面筋電図では何を見ているのか、何がわかるのかなど、筋電図の基礎をはじめ、筋活動量、筋活動の反応、筋疲労の3つの解析方法を解説します。セミナー,"セミナー
Seminar
課題解決に近づく一歩として各種セミナーを開催しています。
プロフェッショナルの皆様を対象にリハビリテーションの基礎知識から、
現場ですぐに活用できる製品の効果的な使い方、医療・福祉・保健に関する最新情報の紹介まで、
幅広い内容で実践的なセミナーを開催しています。
対面セミナー
 全 国 各地 で、さまざまなセミナーを 開催しています。 詳 細について は W EBサイトで ご 確認くださ い。
〈2025年度 対面セミナー実績〉
 ■ 表 面 筋 電 図セミ ナー ■ハンドセラピィセミ ナー
〜表面筋電図の基礎と活用〜
■スプリントワ ークショップ詳しくは、ホームページをご覧ください。
 ■ 物 理 療 法セミ ナー
酒井医療セミナー 検索
■ラ ジ オ 波 温 熱セミ ナー
WEBセミナー
WEBセミナー「SAKAImedLearningSTUDIO」では、さまざまなテーマのコンテンツを配信しています。
登録いただければ、お好きな時間にいつでもご視聴いただけます。
 〈 開催セミナーの 例〉
■物理療法セミナー■表面筋電図でわかること■物理療法 臨床編（ユーザー様限定）
物理療法の概論から電流・温熱療法の基表面筋電図では何を見ているのか、何がエネル ギーごとに 各 部位への使用例を
礎が学べるセミナーです。「電流の周波わかるのかなど、筋電図の基礎をはじめ、紹介しています。製品ユーザー様限定の
数、パルス幅って？」「超音波のプローブ筋活動量、筋活動の反応、筋疲労の3つの無料サービスです。
の照射方法のコツは？」など、今さら聞け解析方法を解説します。※視聴にはパスワードが必要となります。
ない内容をお伝えします。
WEBセミナー視聴登録はこちら▶
右のQRコード、または当社WEBサイトの「セミナーイベント」からLearningSTUDIO（WEBセミナー）にアクセスしてください。
20"
22,MMTWRJC1UTSZM,企業メッセージ,ショールーム・展示会,ショールームは事前予約制となっております。酒井医療ショールーム酒井医療展示会体験入浴できます大阪ショールーム 移転リニューアルオープン「見る」「触る」「体験する」。新しい「気づき」を酒井医療ショールームで見つけてください。ShowroomRenewal OpenExhibition21TOKYOLAB最寄りのショールームまでお問合せください。詳しくは、ホームページをご覧ください。詳しくは、ホームページをご覧ください。新潟ショールーム金沢ショールーム大阪ショールーム福岡ショールーム鹿児島ショールーム盛岡ショールーム仙台ショールーム埼玉ショールーム東京ショールーム広島ショールーム札幌ショールーム千葉ショールーム横浜ショールーム長野ショールーム名古屋ショールーム検 索検 索全国で開催される各種展示会に出展。製品に直接触れていただく機会や各種関連情報の提供に努めています。ショールーム展示会,"ショールーム
Showroom
「見る」「触る」「体験する」。
新しい「気づき」を酒井医療ショールームで見つけてください。
Renewal Open大阪ショールーム 移転リニューアルオープン
体験入浴
できます
札幌ショールーム
盛岡ショールーム
ショールームは事前予約制となっております。
新潟ショールーム仙台ショールーム
最寄りのショールームまでお問合せください。
金沢ショールーム埼玉ショールーム
詳しくは、ホームページをご覧ください。
大阪ショールーム東京ショールーム
酒井医療ショールーム 検索
TOKYOLAB
広島ショールーム
千葉ショールーム
横浜ショールーム
長野ショールーム
名古屋ショールーム
福岡ショールーム
鹿児島ショールーム
展示会
Exhibition
全国で開催される各種展示会に出展。
製品に直接触れていただく機会や
各種関連情報の提供に努めています。
詳しくは、ホームページをご覧ください。
酒井医療展示会 検索
21"
23,MMTWRLQXKW6VR,企業メッセージ,アスリートたちの 明日に踏み出すチカラに,©KBT競技力向上パートナーオフィシャルサプライヤー  契約選手オフィシャルサプライヤー  契約団体リカバリーパートナー22ボッチャ大迫傑 選手陸上競技長距離選手川崎ブレイブサンダースバスケットボール日本ブラインドサッカー協会視覚障がい者サッカー菊池雄星 選手野球選手日本車いすバスケットボール連盟車いすバスケットボール陸上競技短距離選手サッカー桐生祥秀 選手（所属：日本生命）日本身体障害者アーチェリー連盟アーチェリーアルビレックス新潟早田ひな 選手（所属：日本生命）日本ソフトボール協会卓球選手ソフトボールより高い目標をめざすアスリートたちに常 に最 高 のパフォーマンスを発 揮していただくために。酒 井 医 療 はトップアスリートたちをオフィシャルサプライヤーとしてサポ ートしています。日本ボッチャ協会SPORTS SUPPORTアスリートたちの明日に踏み出すチカラに,"SPORTS SUPPORT
アスリートたちの
明日に踏み出すチカラに
より高い目標をめざすアスリートたちに 常に 最 高のパフォーマンスを 発揮していただくために。
 酒 井 医 療はトップアスリートたちをオフィシャルサプライヤーとしてサ ポートしています。
オフィシャルサプライヤー  契約選手
大迫傑 選手菊池雄星 選手桐生祥秀 選手早田ひな 選手
陸上競技長距離選手野球選手（所属：日本生命）（所属：日本生命）
陸上競技短距離選手卓球選手
オフィシャルサプライヤー  契約団体
©KBT
川崎日本車いす日本身体障害者
日本ソフトボール協会日本ボッチャ協会
ブレイブサンダースバスケットボール連盟アーチェリー連盟
バスケットボール車いすバスケットボールアーチェリーソフトボールボッチャ
競技力向上パートナーリカバリーパートナー
日本ブラインドサッカー協会アルビレックス新潟
視覚障がい者サッカーサッカー
22"
24,MMTWRO68K2I5N,企業メッセージ,アスリートたちの 明日に踏み出すチカラに,2026年度より始動する「BOCCIA  GRAND  PRIX」。そのプレ大会が、東京駅前にそびえる地上37階の大規模複合ビル 「丸ビル」 にて開催されました。本大会は、障がいの有無に関わらず誰もが平等にスポーツを楽しめる「共生社会の実現」、障がいの有無や程度にとらわれず、同じステージで競い合うことで高度な技術を磨く「選手強化」、この2つの理念を軸に、世界で初めて開催される革新的な大会です。酒井医療はこの理念に深く共感し、協賛企業としてプレ大会をサポートしました。私たちは、スポーツを通じて誰もが輝ける社会の実現に向けこれからも挑戦を続けてまいります。2323,"2026年度より始動する「BOCCIA  GRAND  PRIX」。そのプレ大会が、東京駅前にそびえる地上
37階の大規模複合ビル「 丸ビル」 にて開催されました。
本大会は、障がいの有無に関わらず誰もが平等にスポーツを楽しめる「共生社会の実現」、障がいの
有無や程度にとらわれず、同じステージで競い合うことで高度な技術を磨く「選手強化」、この2つの
理念を軸に、世界で初めて開催される革新的な大会です。
酒井医療はこの理念に深く共感し、協賛企業としてプレ大会をサポートしました。
私たちは、スポーツを通じて誰もが輝ける社会の実現に向けこれからも挑戦を続けてまいります。
2233"
25,MMTWRQZJ6WME3,企業メッセージ,ユーザーレポート,"User Report受け身の治療ではなく自ら運動して機能回復につなげる「運動できる身体」を作るために、物理療法機器は欠かせないツール圧倒的なゴール到達率は手術とリハの強い連携があってこそ24理事長／TSOC北参道院長菅谷啓之先生―年間1,000件以上の手術を行う一方で、リハビリテーションを重視されている理由をお聞かせください。菅谷理事長：私の専門である肩・肘の疾患には、骨や腱といった「構造的な問題」と、動きの悪さなどの「機能不全」が混在しています。構造的な問題は手術で治せますが、機能不全を修正できるのはリハビリテーションだけです。実際、肩疾患で手術に至るケースは全体の1～ 2割程度。残りの8割以上は、機能不全を修正する保存療法で治癒を目指します。つまり、リハが機能しなければ、ほとんどの患者を治せないということになります。また、たとえ手術が成功しても、その後のリハがなければ元のパフォーマンスには戻りません。私にとって手術とリハは完全にセットであり、この両輪が噛み合って初めて、あらゆる患者をゴールへ導くことができるのです。―貴院のリハビリテーションの特徴を教えてください。菅谷理事長：当院ではアスリートはもちろん、70代、80代の方であっても、自ら積極的に運動療法に取り組み、機能を回復させていくという指導と環境を提供しています。高村先生：私たちは受け身の治療ではなく、患者が自ら「運動して改善していく」治療を徹底しています。具体的には、私たち理学療法士が介入し、どこの筋肉を意識し、どう動かせば効果的か。患者の身体に触れながら正しい動きを指導し、運動の精度を高めています。また自宅でも継続してもらえるよう、エクササイズ動画を作って提供するなど、院外での「セルフケア」の質を高める工夫も行っています。メディカルな治療は理学療法士が、競技復帰に向けたアスレティックリハビリテーションはトレーナーが担当するという役割分担をし、トレーナーが正しいフォームをチェック・指導することで、運動効果が最大化されます。―酒井医療の物理療法機器はどのような役割を果たしていますか。高村先生：「動いて治す」ことが基本方針ですが、痛みが強すぎて運動ができない状態では治療のスタートラインに立てません。そこで重要な役割を果たすのが、物理療法機器による疼痛管理です。特にショックマスター（圧力波治療器）などは、徒手療法だけでは届かない深部の痛みに対し、短時間で高い効果を発揮します。また、当院は都心にありスペースが限られているので、たくさんの機器が置けるわけではありません。なので、酒井医療の超音波と電気治療器は小型でスペースをとらないし、バッテリーで使えるので、動き回ることの多い現場では非常に重宝しています。医療法人社団TSOC 東京スポーツ＆整形外科クリニック 様手術とリハビリテーションの両輪で国内有数の高い復帰率を実現1","User Report
手術とリハビリテーションの両輪で
国内有数の高い復帰率を実現
1
医療法人社団TSOC 東京スポーツ＆整形外科クリニック 様
圧倒的なゴール到達率は受け身の治療ではなく
手術とリハの強い連携があってこそ自ら運動して機能回復につなげる
―年間1,000件以上の手術を行う一方で、リハビリテーションを重―貴院のリハビリテーションの特徴を教えてください。
視されている理由をお聞かせください。菅谷理事長：当院ではアスリートはもちろん、70代、80代の方であって
菅谷理事長：私の専門である肩・肘の疾患には、骨や腱といったも、自ら積極的に運動療法に取り組み、機能を回復させていくという指
「構造的な問題」と、動きの悪さなどの「機能不全」が混在してい導と環境を提供しています。
ます。構造的な問題は手術で治せますが、機能不全を修正できる高村先生：私たちは受け身の治療ではなく、患者が自ら「運動して改善
のはリハビリテーションだけです。実際、肩疾患で手術に至るケーしていく」治療を徹底しています。具体的には、私たち理学療法士が介
スは全体の1 ～2割程度。残りの8割以上は、機能不全を修正する入し、どこの筋肉を意識し、どう動かせば効果的か。患者の身体に触れ
保存療法で治癒を目指します。つまり、リハが機能しなければ、ほながら正しい動きを指導し、運動の精度を高めています。また自宅でも
とんどの患者を治せないということになります。継続してもらえるよう、エクササイズ動画を作って提供するなど、院外
また、たとえ手術が成功しても、その後のリハがなければ元のパでの「セルフケア」の質を高める工夫も行っています。メディカルな治
フォーマンスには戻りません。私にとって手術とリハは完全にセッ療は理学療法士が、競技復帰に向けたアスレティックリハビリテーショ
トであり、この両輪が噛み合って初めて、あらゆる患者をゴールへンはトレーナーが担当するという役割分担をし、トレーナーが正しい
導くことができるのです。フォームをチェック・指導することで、運動効果が最大化されます。
「運動できる身体」を作るために、
物理療法機器は欠かせないツール
―酒井医療の物理療法機器はどのような役割を果たしていますか。
高村先生：「動いて治す」ことが基本方針ですが、痛みが強すぎて
運動ができない状態では治療のスタートラインに立てません。そこ
で重要な役割を果たすのが、物理療法機器による疼痛管理です。
特にショックマスター（圧力波治療器）などは、徒手療法だけでは
届かない深部の痛みに対し、短時間で高い効果を発揮します。
また、当院は都心にありスペースが限られているので、たくさんの
理事長／TSOC北参道院長菅谷啓之先生機器が置けるわけではありません。なので、酒井医療の超音波と
電気治療器は小型でスペースをとらないし、バッテリーで使えるの
で、動き回ることの多い現場では非常に重宝しています。
24"
26,MMTWRTSNKYJ7U,企業メッセージ,ユーザーレポート,"●圧力波治療器　●ハイボルテージ電気刺激治療器フィジオアクティブHV●乾式ホットパック　フィジオパック【酒井医療  納入機器】●超音波画像診断装置HM70EV0ショックマスター●超音波治療器　フィジオソノトップアスリートから高齢の方まで、多様なリハの指導には幅広い機器が不可欠復帰まで責任を持つためにもリハの成果をデータで示せる環境づくりを25副院長／部長理学療法士高村隆先生他菅谷理事長：「手術して終わり」ではなく、その人が元の生活、元のパフォーマンスに戻るまで責任を持つ。そのために、ハード（施設・機器）とソフト（人材・技術）の両面で、常に進化を続けていきたいと考えています。医療法人社団TSOC 東京スポーツ＆整形外科クリニック様（東京都豊島区・渋谷区）―酒井医療をパートナーとして選ばれている理由をお聞かせください。高村先生：一番の理由は、担当者の方の親身な対応力ですね。若手スタッフに向けて機器活用の勉強会もしていただきました。また高齢者からトップアスリートまで対応できる製品の幅広さも、私たちのような施設にとって、非常に頼もしい点です。菅谷理事長：「治療に有効だ」とスタッフが判断した機器や手法については、現場に決裁を任せています。医師がトップダウンで指示するのではなく、それぞれのプロフェッショナルが役割を全うし、対等に連携する。この信頼関係があるからこそ、高いレベルの医療を提供し続けられるのだと自負しています。―今後の展望についてお聞かせください。菅 谷 理 事 長：1 年 前に北 参 道の手 術センターを開 設し、すでに1,000件を超える手術を行っています。今後は手術件数がさらに増えることが予想され、当然、その後の「機能の回復」を担うリハの需要も高まります。将来的には、より専門的なリハやトレーニングができる施設の拡充も視野に入れています。高村先生：具体的な構想としては、近い将来、「スポーツフィジオセンター」を作りたいと考えています。現在の施設では天井高や広さの制約で導入できない動作解析装置などを導入し、データを可視化できる環境の整備を構想中です。感覚だけでなく、結果をデータで根拠として示すことのできる理学療法士・トレーナーを育成すること。そして、臨床と研究のサイクルを回し、その知見をまた臨床に還元していくことで結果にコミットできる施設を目指しています。","トップアスリートから高齢の方まで、菅谷理事長：「手術して終わり」ではなく、その人が元の生活、元の
パフォーマンスに戻るまで責任を持つ。そのために、ハード（施設・
多様なリハの指導には幅広い機器が不可欠
機器）とソフト（人材・技術）の両面で、常に進化を続けていきたい
―酒井医療をパートナーとして選ばれている理由をお聞かせください。と考えています。
高村先生：一番の理由は、担当者の方の親身な対応力ですね。若
手スタッフに向けて機器活用の勉強会もしていただきました。また
高齢者からトップアスリートまで対応できる製品の幅広さも、私た
ちのような施設にとって、非常に頼もしい点です。
菅谷理事長：「治療に有効だ」とスタッフが判断した機器や手法に
ついては、現場に決裁を任せています。医師がトップダウンで指示
するのではなく、それぞれのプロフェッショナルが役割を全うし、
対等に連携する。この信頼関係があるからこそ、高いレベルの医療
を提供し続けられるのだと自負しています。
復帰まで責任を持つためにも
副院長／部長理学療法士高村隆先生
リハの成果をデータで示せる環境づくりを
―今後の展望についてお聞かせください。
医療法人社団TSOC 東京スポーツ＆整形外科クリニック様
 菅 谷 理 事長： 1 年前に 北 参道の 手術センターを 開設し、すでに
（東京都豊島区・渋谷区）
1,000件を超える手術を行っています。今後は手術件数がさらに
増えることが予想され、当然、その後の「機能の回復」を担うリハ【酒井医療  納入機器】
●超音波画像診断装置
の需要も高まります。将来的には、より専門的なリハやトレーニン
HM70EV0
グができる施設の拡充も視野に入れています。
●圧力波治療器　
高村先生：具体的な構想としては、近い将来、「スポーツフィジオセショックマスター
ンター」を作りたいと考えています。現在の施設では天井高や広さの●ハイボルテージ電気刺激治療器
フィジオアクティブHV
制約で導入できない動作解析装置などを導入し、データを可視化で
●超音波治療器　
きる環境の整備を構想中です。感覚だけでなく、結果をデータで根フィジオソノ
拠として示すことのできる理学療法士・トレーナーを育成すること。●乾式ホットパック　
フィジオパック他
そして、臨床と研究のサイクルを回し、その知見をまた臨床に還元し
ていくことで結果にコミットできる施設を目指しています。
25"
27,MMTWRW7DQQ6XW,企業メッセージ,ユーザーレポート,User Report理学療法士による徒手療法を中心に、物理・運動療法を組み合わせた治療を提供酒井医療の掲げる「攻めの治療」に共鳴、全面的に機器選定を依頼日々不調を抱えている一般の方にもパフォーマンス向上につながる治療を26院長山口徹先生― クリニック開設の背景と、治療のコンセプトを教えてください。私の整形外科診療に対する考え方に最も大きな影響を与えているのは、プロサッカーチームでチームドクターをしていたときの経験です。スポーツの現場では、トップアスリートたちは病院に行くほどの大きな怪我をすることはめったにありません。ですが多くの選手が身体のどこかに痛みや張りといった不調を抱えています。少しでもよいコンディションで翌日の練習や試合に臨むために、トレーナーや理学療法士は彼らが訴える不調に対してその場で触診して評価し、ケアを施す。この一連の行為が、アスリートのパフォーマンス向上に直結しているのを目の当たりにしました。病院で日常的に行われていることは、スポーツの現場では役に立たないと実感したのです。この経験から、「構造的な異常を見つけて手術で治す」という一般的なアプローチに不自然さを感じ、疑問を抱くようになりました。アスリートが受けているようなきめ細やかな医療を、慢性的な不調を抱える一般の方々にも提供したいと考えたことがクリニック開設の大きなきっかけとなっています。― 具体的な治療方針を教えてください。我々が大切にしているのは、患者が治るのを待つのではなく、治療者側から積極的に治療しにいくという姿勢です。スポーツの世界では、選手たちは1日でも早い復帰を目指しており、こちらから攻めて治しにいく姿勢がなければ通用しません。当院の柱はリハビリテーションであり、理学療法士たちがクリニックの主役だと考えています。彼らが最大限に力を発揮し、患者を治せる環境を作ることこそが、私の診療スタイルの一番の特徴です。私たちは、患者に「安静にしていなさい」とは言いません。極力運動することを促し、徒手療法と運動療法、そしてその効果を増強する物理療法を組み合わせた三位一体の治療を提供しています。― 酒井医療の機器を採用いただいた理由を教えてください。機器選定で最も重視したのは、理学療法士による徒手療法と運動療法の時間をいかに増やすか、という点です。1日の治療時間が限られる中、徒手だけでは時間がかかってしまう部分を、物理療法機器の活用により効率化できれば、理学療法士は、患者の姿勢評価や患部に触れる徒手療法の時間を増やせます。そのため、機器は積極的に治しにいくアプローチに役立つものを選定しました。はじめはウォーターベッドなど受動的な治療が優先された提案を受けたのですが、何より自分がワクワクしませんでした。その後、酒井医療に声をかけた時に提案された「アクティブリハ」というコンセプトは、私の医療観と深く共鳴しました。彼らからは私がチームドクター時に実際に使っていた、あるいはそれ以上のトップアスリートが受けている「攻めの治療」を一般の方にも徒手・運動・物理療法の三位一体での治療を提供2 用賀整形外科クリニック 様,"User Report
トップアスリートが受けている
「攻めの治療」を一般の方にも
徒手・運動・物理療法の三位一体での治療を提供
 2
用賀整形外科クリニック 様
日々不調を抱えている一般の方にも理学療法士による徒手療法を中心に、
パフォーマンス向上につながる治療を物理・運動療法を組み合わせた治療を提供
― クリニック開設の背景と、治療のコンセプトを教えてください。― 具体的な治療方針を教えてください。
私の整形外科診療に対する考え方に最も大きな影響を与えている我々が大切にしているのは、患者が治るのを待つのではなく、治療者
のは、プロサッカーチームでチームドクターをしていたときの経験で側から積極的に治療しにいくという姿勢です。スポーツの世界では、
す。スポーツの現場では、トップアスリートたちは病院に行くほどの選手たちは1日でも早い復帰を目指しており、こちらから攻めて治しに
大きな怪我をすることはめったにありません。ですが多くの選手が身いく姿勢がなければ通用しません。
体のどこかに痛みや張りといった不調を抱えています。少しでもよい当院の柱はリハビリテーションであり、理学療法士たちがクリニックの
コンディションで翌日の練習や試合に臨むために、トレーナーや理主役だと考えています。彼らが最大限に力を発揮し、患者を治せる環
学療法士は彼らが訴える不調に対してその場で触診して評価し、ケ境を作ることこそが、私の診療スタイルの一番の特徴です。私たちは、
アを施す。この一連の行為が、アスリートのパフォーマンス向上に直患者に「安静にしていなさい」とは言いません。極力運動することを促
結しているのを目の当たりにしました。病院で日常的に行われているし、徒手療法と運動療法、そしてその効果を増強する物理療法を組み
ことは、スポーツの現場では役に立たないと実感したのです。合わせた三位一体の治療を提供しています。
この経験から、「構造的な異常を見つけて手術で治す」という一般
的なアプローチに不自然さを感じ、疑問を抱くようになりました。
酒井医療の掲げる「攻めの治療」に共鳴、
アスリートが受けているようなきめ細やかな医療を、慢性的な不調
全面的に機器選定を依頼
を抱える一般の方々にも提供したいと考えたことがクリニック開設
の大きなきっかけとなっています。― 酒井医療の機器を採用いただいた理由を教えてください。
機器選定で最も重視したのは、理学療法士による徒手療法と運動
療法の時間をいかに増やすか、という点です。1日の治療時間が限
られる中、徒手だけでは時間がかかってしまう部分を、物理療法機
器の活用により効率化できれば、理学療法士は、患者の姿勢評価
や患部に触れる徒手療法の時間を増やせます。
そのため、機器は積極的に治しにいくアプローチに役立つものを
選定しました。はじめはウォーターベッドなど受動的な治療が優先
された提案を受けたのですが、何より自分がワクワクしませんでし
た。その後、酒井医療に声をかけた時に提案された「アクティブリ
ハ」というコンセプトは、私の医療観と深く共鳴しました。彼らから
院長山口徹先生は私がチームドクター時に実際に使っていた、あるいはそれ以上の
26"
28,MMTWRZ4039RDL,企業メッセージ,ユーザーレポート,●3Dシフト干渉波治療器●ラジオ波温熱治療器●プレラインU【酒井医療  納入機器】●超音波画像診断装置HM70EV0フィジオ5Dフィジオラジオスティムプロ●ハイボルテージ電気刺激治療器フィジオアクティブHV超音波画像診断装置はドクターと理学療法士の共通言語として活用治療ではなく、予防としてのリハビリテーションの可能性を広げる27理学療法士水野敬太先生（左）他機器をご提案いただき、私の目指す医療に近いと感じたので、全面的にリハ室づくりをお任せする形となりました。―導入された酒井医療の機器は、どのように活用されていますか。物理療法は、思っている以上に治療効果が高く、決して侮れない治療の柱となります。単に徒手療法を行うだけでなく、ラジオ波で温度を上げながら徒手でのリリースを同時に行うといったアプローチは、時間短縮にもつながります。また、干渉波治療器のフィジオ5Dは、張りやこりに即時的な効果が得られやすいと患者からの評判が非常に高く、「これだけ受けたい」という声があるほどです。また、診断と治療の連携を深めるために、超音波画像診断装置（エコー）をリハビリテーション室にも設置しました。エコーは、私と理学療法士の共通の言語となり、コミュニケーションを取るのに非常に有効です。画像化することで、理学療法士も同じ絵を見て治療のゴールを目指せるため、治療の精度が高まります。患者も画像を見ながら自身の状態を理解できるため、リハビリテーションへのモチベーション向上にも役立っています。―今後の展望についてお聞かせください。今後は現在の治療を継続しながら、最終的には、患者自身が正しい姿勢や体の使い方を習得し、怪我を治すことだけではなく、次の怪我をしにくくなるような予防につながるリハビリテーションを提供することが目標です。患者に「自分の力で改善していく」という経験をしていただくことが最終的に予防につながると理学療法士の水野先生とも話しています。リハビリテーションは、運動器の不調を全体的に減らし、国民全体の健康に寄与できる、「真の予防医療」だと確信しています。患者がずっと病院に通わなくても済むような世界を作るのが、このクリニックの次の課題であり、展望です。用賀整形外科クリニック様（東京都世田谷区）,"機器をご提案いただき、私の目指す医療に近いと感じたので、全面の水野先生とも話しています。
的にリハ室づくりをお任せする形となりました。リハビリテーションは、運動器の不調を全体的に減らし、国民全体
の健康に寄与できる、「真の予防医療」だと確信しています。患者
超音波画像診断装置はドクターと理学療法士のがずっと病院に通わなくても済むような世界を作るのが、このクリ
共通言語として活用ニックの次の課題であり、展望です。
―導入された酒井医療の機器は、どのように活用されていますか。
物理療法は、思っている以上に治療効果が高く、決して侮れない治
療の柱となります。単に徒手療法を行うだけでなく、ラジオ波で温
度を上げながら徒手でのリリースを同時に行うといったアプロー
チは、時間短縮にもつながります。また、干渉波治療器のフィジオ
5Dは、張りやこりに即時的な効果が得られやすいと患者からの評
判が非常に高く、「これだけ受けたい」という声があるほどです。
また、診断と治療の連携を深めるために、超音波画像診断装置（エ
コー）をリハビリテーション室にも設置しました。エコーは、私と理
学療法士の共通の言語となり、コミュニケーションを取るのに非常理学療法士水野敬太先生（左）
に有効です。画像化することで、理学療法士も同じ絵を見て治療の
ゴールを目指せるため、治療の精度が高まります。患者も画像を見
用賀整形外科クリニック様
ながら自身の状態を理解できるため、リハビリテーションへのモチ
（東京都世田谷区）
ベーション向上にも役立っています。
【酒井医療  納入機器】
●超音波画像診断装置
治療ではなく、予防としての
HM70EV0
リハビリテーションの可能性を広げる●3Dシフト干渉波治療器
フィジオ5D
―今後の展望についてお聞かせください。●ラジオ波温熱治療器
フィジオラジオスティムプロ
今後は現在の治療を継続しながら、最終的には、患者自身が正し
●ハイボルテージ電気刺激治療器
い姿勢や体の使い方を習得し、怪我を治すことだけではなく、次のフィジオアクティブHV
怪我をしにくくなるような予防につながるリハビリテーションを提●プレラインU
供することが目標です。患者に「自分の力で改善していく」という他
経験をしていただくことが最終的に予防につながると理学療法士
27"
29,MMTWS1JIBW4PG,企業メッセージ,ユーザーレポート,"User Report競技復帰を目標としたリハ提供に向け、高精度な筋力測定機器が必要不可欠だった客観的な評価データや在宅に近い環境をリハに活用できるように質と効率を重視したリハビリテーションを限られたスペースで提供するために28リハビリテーション科科長理学療法士石毛崇先生― 貴院の特徴とリハ室のリニューアルポイントを教えてください。当院は東京都杉並区にある353床の二次救急病院です。創立から97年を迎える地域医療支援病院であり、救急をはじめ、総合病院として様々な疾患の方を受け入れています。月に5,000～6,000件の入院リハと、約1,000件の外来リハを総勢40名のスタッフで実施しています。2025年7月の病院移転リニューアルに伴い、リハビリテーション室を新しく設計しました。都内という立地上、リハ室のスペースが旧病院と比べてコンパクトになり、最低限の施設基準を満たすスペースしか確保できなかったため、コンパクトながらも効率的で質の高いリハビリテーションを提供できるよう、機器選定とレイアウトを徹底して検討しました。結果的にスタッフエリアとリハを行うエリアが非常に近く、連携が密にとれるレイアウトになった点は良かったと思います。― 機器を選定する上で、特に重視したポイントを教えてください。外来リハでは、整形外科の患者が増えており、特にフットサルやサッカーといったスポーツで怪我をされる方が多く、ACLや半月板損傷などの手術直後から競技復帰に向けたリハの依頼が多くあります。こうした方の競技復帰をサポートする上で、膝伸展筋力を正確に測定できる機器は絶対に必要な軸として考えていました。いくつかの機器を検討しましたが、最終的にバイオデックスシステム4を採用しました。決め手は、検査精度の高さと、他施設での導入実績の多さです。多くの施設で使用されているため、学会発表などでデータを出した際に理解が得られやすい点は、私たちにとって大きなメリットでした。バイオデックスシステム4をリハ室の軸として考えた結果、トータルで酒井医療に一任したことで、リハビリテーション室全体の機器に統一感を持たせることができ、さらに導入後のメンテナンスや運用における窓口が一元化されたことで、長期的な安心感に繋がったと感じています。― その他導入した機器や導入後の活用状況について教えてください。バイオデックスシステム4は、ほぼ毎日測定依頼があり、相当な実施件数に上っています。今までの機器よりもかなり精度が高いので、スタッフも信頼して使っています。また、トレーニングマシンは移転前には導入していなかったのですが、今回提案いただき、初めて導入しました。負荷量が数値で明確に分かるトレーニングマシンプレクサーG5を使用するようになったことで、今までセラピストの感覚に頼っていたトレーニングの負荷量を、客観的なデータに基づき設定客観的評価や環境シミュレーションを活用したリハで競技復帰や在宅復帰を支援3 社会医療法人 河北医療財団 河北総合病院 様","User Report
客観的評価や
環境シミュレーションを活用したリハで
競技復帰や在宅復帰を支援
 3
社会医療法人 河北医療財団 河北総合病院 様
質と効率を重視したリハビリテーションを競技復帰を目標としたリハ提供に向け、
限られたスペースで提供するために高精度な筋力測定機器が必要不可欠だった
― 貴院の特徴とリハ室のリニューアルポイントを教えてください。― 機器を選定する上で、特に重視したポイントを教えてください。
当院は東京都杉並区にある353床の二次救急病院です。創立から外来リハでは、整形外科の患者が増えており、特にフットサルやサッ
97年を迎える地域医療支援病院であり、救急をはじめ、総合病院カーといったスポーツで怪我をされる方が多く、ACLや半月板損傷な
として様々な疾患の方を受け入れています。月に5,000～6,000件どの手術直後から競技復帰に向けたリハの依頼が多くあります。こう
の入院リハと、約1,000件の外来リハを総勢40名のスタッフで実した方の競技復帰をサポートする上で、膝伸展筋力を正確に測定でき
施しています。る機器は絶対に必要な軸として考えていました。
2025年7月の病院移転リニューアルに伴い、リハビリテーション室いくつかの機器を検討しましたが、最終的にバイオデックスシステム
を新しく設計しました。都内という立地上、リハ室のスペースが旧4を採用しました。決め手は、検査精度の高さと、他施設での導入実績
病院と比べてコンパクトになり、最低限の施設基準を満たすスペーの多さです。多くの施設で使用されているため、学会発表などでデー
スしか確保できなかったため、コンパクトながらも効率的で質の高タを出した際に理解が得られやすい点は、私たちにとって大きなメリッ
いリハビリテーションを提供できるよう、機器選定とレイアウトをトでした。バイオデックスシステム4をリハ室の軸として考えた結果、
徹底して検討しました。結果的にスタッフエリアとリハを行うエリトータルで酒井医療に一任したことで、リハビリテーション室全体の
アが非常に近く、連携が密にとれるレイアウトになった点は良かっ機器に統一感を持たせることができ、さらに導入後のメンテナンスや
たと思います。運用における窓口が一元化されたことで、長期的な安心感に繋がった
と感じています。
客観的な評価データや
在宅に近い環境をリハに活用できるように
― その他導入した機器や導入後の活用状況について教えてください。
バイオデックスシステム4は、ほぼ毎日測定依頼があり、相当な実施
件数に上っています。今までの機器よりもかなり精度が高いので、ス
タッフも信頼して使っています。また、トレーニングマシンは移転前
には導入していなかったのですが、今回提案いただき、初めて導入
しました。負荷量が数値で明確に分かるトレーニングマシンプレク
サーG5を使用するようになったことで、今までセラピストの感覚に
リハビリテーション科科長理学療法士石毛崇先生頼っていたトレーニングの負荷量を、客観的なデータに基づき設定
28"
30,MMTWS4C8VYE1K,企業メッセージ,ユーザーレポート,●トレーニングマシン　プレクサーG5●電動昇降式　【酒井医療  納入機器】●多用途筋機能評価運動装置　バイオデックスシステム4ADLキッチン●ADLトレーニングユニット復帰後のメンテナンスまでを見据えリハビリテーションの質をさらに追求29他できるようになりました。当院は急性期病院ですが、7割近くの方がご自宅に戻られます。約2週間という短い入院期間で在宅復帰を実現させるために、リハビリテーションが担う役割は大きいと感じています。そのため、OTから希望のあった、ADLキッチンや昇降式洗面ユニットを導入し、ご自宅の環境にできるだけ近づけたADL訓練ができるようにしました。特にキッチンは、ご自宅に戻った時の環境を想定してトレーニングする上で非常に役立っています。患者ご自身も、慣れた環境に近い場所で訓練することで自信がつくという効果があります。酒井医療には何度もヒアリングしていただき、機器の提案や、レイアウト図面の作成など、細かな対応をしていただきました。「このサイズだと入りません」「これだと通れなくなっちゃう」といった具体的なやり取りを通じて、なんとか必要なものが収まる形にすることができましたし、図面で実際の空間をイメージできたのは非常に助かりました。―今後のリハビリテーション部門の展望についてお聞かせください。今後は、整形疾患やADL関連の領域において、リハビリテーションの質をさらに追求していきたいと考えています。特にスポーツリハにおいては、評価から競技復帰後のメンテナンスまでをトータルで支援できる体制をより一層強化したいです。スポーツのリハビリテーションの質を上げていくには、より負荷をコントロールしながらトレーニングができる機器などを充実させることも検討中です。今後もより専門的な機器を揃えることで、当院のリハビリテーション部門をさらに発展させていきたいと考えています。酒井医療の皆さんには、バイオデックスシステム4の基礎的な勉強会はしてもらいましたが、さらに、データの解析やトレーニングへの応用といったテーマの勉強会も開催してもらう予定です。また、OT向けにスプリント作製の勉強会も提案していただいたところです。こうした導入後のサポートは助かっていますし、今後も継続した情報提供を期待しています。社会医療法人 河北医療財団 河北総合病院様（東京都杉並区）,"できるようになりました。会はしてもらいましたが、さらに、データの解析やトレーニングへ
当院は急性期病院ですが、7割近くの方がご自宅に戻られます。約2の応用といったテーマの勉強会も開催してもらう予定です。また、
週間という短い入院期間で在宅復帰を実現させるために、リハビリOT向けにスプリント作製の勉強会も提案していただいたところで
テーションが担う役割は大きいと感じています。す。こうした導入後のサポートは助かっていますし、今後も継続し
そのため、OTから希望のあった、ADLキッチンや昇降式洗面ユニッた情報提供を期待しています。
トを導入し、ご自宅の環境にできるだけ近づけたADL訓練ができる
ようにしました。特にキッチンは、ご自宅に戻った時の環境を想定し
てトレーニングする上で非常に役立っています。患者ご自身も、慣
れた環境に近い場所で訓練することで自信がつくという効果があり
ます。
酒井医療には何度もヒアリングしていただき、機器の提案や、レイア
ウト図面の作成など、細かな対応をしていただきました。「このサイ
ズだと入りません」「これだと通れなくなっちゃう」といった具体的な
やり取りを通じて、なんとか必要なものが収まる形にすることができ
ましたし、図面で実際の空間をイメージできたのは非常に助かりま
した。
復帰後のメンテナンスまでを見据え社会医療法人 河北医療財団 河北総合病院様
リハビリテーションの質をさらに追求（東京都杉並区）
―今後のリハビリテーション部門の展望についてお聞かせください。【酒井医療  納入機器】
●多用途筋機能評価運動装置　
今後は、整形疾患やADL関連の領域において、リハビリテーショ
バイオデックスシステム4
ンの質をさらに追求していきたいと考えています。特にスポーツリ
●トレーニングマシン　
ハにおいては、評価から競技復帰後のメンテナンスまでをトータルプレクサーG5
で支援できる体制をより一層強化したいです。スポーツのリハビリ●電動昇降式　
ADLキッチン
テーションの質を上げていくには、より負荷をコントロールしなが
●ADLトレーニングユニット
らトレーニングができる機器などを充実させることも検討中です。
他
今後もより専門的な機器を揃えることで、当院のリハビリテーショ
ン部門をさらに発展させていきたいと考えています。
酒井医療の皆さんには、バイオデックスシステム4の基礎的な勉強
29"
31,MMTWS8340ZNEO,企業メッセージ,ユーザーレポート,User Report午前と午後の入浴介助時間が30分ずつ短縮し、残業時間も大幅に削減困っている方を受け入れるために業務効率化を実現するICTツールを積極活用アラエルの導入効果を数値で示すことで経営層を説得30施設長髙田洋樹様田端課長：もともと使用していた機械浴が老朽化し、故障と修理を繰り返していたので買い替えを検討していました。当初は別のメーカーのチェアインバスを検討していたのですが、酒井医療からアラエルをご紹介いただき、お湯に浸かるのではなくシャワーで温まるという発想やウルトラファインバブルに興味を持ち、デモンストレーションをしてもらいました。実際に使用してみると、職員からは「身体の負担がだいぶ減った」という声が多く、ご入居者からも「しっかり温まれる」と高評価でした。髙田施設長：当初は補助金での購入を検討していましたが、実現に至りませんでした。ですが田端課長が職員のアンケート結果から入浴介助時間の短縮効果をまとめてくれて、「7年で初期投資を回収するほどの導入効果が見込める」という試算を経営層に提示することができ、導入することができました。― アラエル導入の効果や、職員やご入居者の変化についてお聞かせください。― 施設の理念や特徴を教えてください。髙田施設長：私たちの法人は、もともと重症心身障がいがあるお子様のための施設を運営していました。障がいのあるお子様がいらっしゃるご家族の「子供たちのそばにいつまでもいたい」という思いに応えたいという初代理事長の考えにより、親御さんに入居していただけるようにと特別養護老人ホーム「エコーが丘」を設立しました。仙台市街から距離があったこともあり、設立当初は集客に苦戦しましたが、その中で見出したのが「お困りの方にいかに早く手を差し伸べられるか」というこだわりです。緊急性の高い方や、ケアが難しい方などを積極的に受け入れることで、「困ったらエコーが丘に頼もう」と市内のケアマネジャーの皆さんから言っていただくようになり、それが今でも施設の大きな特色となっています。― 生産性向上に取り組まれている背景を教えてください。田端課長：介護職員の業務は、ご家族の対応から、会議の議事録作成といった間接業務まで本当に多岐にわたります。当施設でも職員が真面目にご入居者に向き合おうとする分、残業が発生し、職員の身体的な負担も大きくなっていました。そういった背景から、施設長と相談しながら、令和3年頃から見守り支援システムやビジネスチャットアプリなどのICTツールを活用し、ケアの負荷を緩和するように進めてきました。特に、見守り支援システムを導入したことで、パソコン端末の画面上でご入居者の状況を把握できるようになり、見通しがききにくい構造だった4階での夜間ケアの負荷が大きく緩和できました。― アラエルを導入された経緯と、決め手となったポイントは何でしょうか。生産性向上のその先へご入居者の希望を叶える次のステージの介護を目指す4 社会福祉法人 陽光福祉会 特別養護老人ホーム エコーが丘 様,"User Report
生産性向上のその先へ
ご入居者の希望を叶える
次のステージの介護を目指す
 4
社会福祉法人 陽光福祉会 特別養護老人ホーム エコーが丘 様
困っている方を受け入れるために田端課長：もともと使用していた機械浴が老朽化し、故障と修理
を繰り返していたので買い替えを検討していました。当初は別の
業務効率化を実現するICTツールを積極活用
メーカーのチェアインバスを検討していたのですが、酒井医療から
― 施設の理念や特徴を教えてください。アラエルをご紹介いただき、お湯に浸かるのではなくシャワーで温
髙田施設長：私たちの法人は、もともと重症心身障がいがあるお子まるという発想やウルトラファインバブルに興味を持ち、デモンス
様のための施設を運営していました。障がいのあるお子様がいらっトレーションをしてもらいました。実際に使用してみると、職員か
しゃるご家族の「子供たちのそばにいつまでもいたい」という思いらは「身体の負担がだいぶ減った」という声が多く、ご入居者からも
に応えたいという初代理事長の考えにより、親御さんに入居してい「しっかり温まれる」と高評価でした。
ただけるようにと特別養護老人ホーム「エコーが丘」を設立しまし髙田施設長：当初は補助金での購入を検討していましたが、実現
た。仙台市街から距離があったこともあり、設立当初は集客に苦戦に至りませんでした。ですが田端課長が職員のアンケート結果から
しましたが、その中で見出したのが「お困りの方にいかに早く手を入浴介助時間の短縮効果をまとめてくれて、「7年で初期投資を回
差し伸べられるか」というこだわりです。緊急性の高い方や、ケアが収するほどの導入効果が見込める」という試算を経営層に提示す
難しい方などを積極的に受け入れることで、「困ったらエコーが丘ることができ、導入することができました。
に頼もう」と市内のケアマネジャーの皆さんから言っていただくよ
うになり、それが今でも施設の大きな特色となっています。
― 生産性向上に取り組まれている背景を教えてください。
田端課長：介護職員の業務は、ご家族の対応から、会議の議事録作成
といった間接業務まで本当に多岐にわたります。当施設でも職員が真
面目にご入居者に向き合おうとする分、残業が発生し、職員の身体的
な負担も大きくなっていました。そういった背景から、施設長と相談し
ながら、令和3年頃から見守り支援システムやビジネスチャットアプリ
などのICTツールを活用し、ケアの負荷を緩和するように進めてきまし
た。特に、見守り支援システムを導入したことで、パソコン端末の画面
上でご入居者の状況を把握できるようになり、見通しがききにくい構
施設長髙田洋樹様
造だった4階での夜間ケアの負荷が大きく緩和できました。
午前と午後の入浴介助時間が
アラエルの導入効果を
30分ずつ短縮し、残業時間も大幅に削減
数値で示すことで経営層を説得
― アラエル導入の効果や、職員やご入居者の変化についてお聞かせ
― アラエルを導入された経緯と、決め手となったポイントは何でしょうか。ください。
30"
32,MMTWSAJRNJQEF,企業メッセージ,ユーザーレポート,"【酒井医療  納入機器】●シャワーポッド　アラエル職員のスキルと入居者満足度のアップ、これらを実現する好循環をつくりあげる31生活支援課長田端雄大様田端課長：アラエルを導入したことで、入浴にかかる時間が午前と午後それぞれ約30分短縮できました。入浴介助が早く終わり、お風呂担当の職員がユニットに早く戻れるようになったことで、ユニットを2人体制でみられる時間が増え、ご入居者とゆとりをもって接することができるようになりました。比較的若いご入居者からは全身がドーム内に入って隠れるため、「体を洗っている姿を他人に見せずに済み、恥ずかしくない」という声もありました。また、アラエルは肌を擦らず洗身するので、導入後、ご入居者の皮膚の乾燥が改善されたという効果も生まれました。これに気づいた職員の間で、肌の保湿ケアへの意識が劇的に高まったという変化も見られました。髙田施設長：アラエルとその他のICTツールを活用することで生まれた業務効率化の効果は非常に大きく、令和4年度に約1,800時間だった超過勤務時間が、令和6年度には約600時間と約3分の1にまで圧縮されました。また、アラエルが他の介護用入浴機器に比べて比較的安価だったこと、そして水道使用量が減少したという経済的なメリットも大きいです。― 今後の展望についてお聞かせください。田端課長：生産性を向上することで生まれた時間を活用して「介護の価値を高めること」が今の私たちの課題です。一人ひとりの「送りたい暮らし」や「実現したいこと」を叶えるためのプロセスを明確にし、経験や勘に頼るのではなく、根拠と計画性を持ったケアを実現していきたいと考えています。髙田施設長：この取り組みが進めば、職員のスキルが向上し、他の施設が受け入れられないような難しい課題を抱える方もケアできるようになるという好循環が生まれます。現場のスキルが高まることで経営的にも安定し、結果として私たちが大切にしてきた「困った人に手を差し伸べられる」という施設の存在意義を継続できると期待しています。社会福祉法人 陽光福祉会 特別養護老人ホーム エコーが丘様（宮城県仙台市）","田端課長：アラエルを導入したことで、入浴にかかる時間が午前職員のスキルと入居者満足度のアップ、
と午後それぞれ約30分短縮できました。入浴介助が早く終わり、
これらを実現する好循環をつくりあげる
お風呂担当の職員がユニットに早く戻れるようになったことで、ユ
ニットを2人体制でみられる時間が増え、ご入居者とゆとりをもっ― 今後の展望についてお聞かせください。
て接することができるようになりました。田端課長：生産性を向上することで生まれた時間を活用して「介
比較的若いご入居者からは全身がドーム内に入って隠れるため、護の価値を高めること」が今の私たちの課題です。一人ひとりの
「体を洗っている姿を他人に見せずに済み、恥ずかしくない」とい「送りたい暮らし」や「実現したいこと」を叶えるためのプロセスを
う声もありました。また、アラエルは肌を擦らず洗身するので、導明確にし、経験や勘に頼るのではなく、根拠と計画性を持ったケア
入後、ご入居者の皮膚の乾燥が改善されたという効果も生まれまを実現していきたいと考えています。
した。これに気づいた職員の間で、肌の保湿ケアへの意識が劇的髙田施設長：この取り組みが進めば、職員のスキルが向上し、他の
に高まったという変化も見られました。施設が受け入れられないような難しい課題を抱える方もケアでき
髙田施設長：アラエルとその他のICTツールを活用することで生まるようになるという好循環が生まれます。現場のスキルが高まるこ
れた業務効率化の効果は非常に大きく、令和4年度に約1,800時とで経営的にも安定し、結果として私たちが大切にしてきた「困っ
間だった超過勤務時間が、令和6年度には約600時間と約3分の1た人に手を差し伸べられる」という施設の存在意義を継続できる
にまで圧縮されました。また、アラエルが他の介護用入浴機器に比と期待しています。
べて比較的安価だったこと、そして水道使用量が減少したという経
済的なメリットも大きいです。
社会福祉法人 陽光福祉会 特別養護老人ホーム エコーが丘様
（宮城県仙台市）
【酒井医療  納入機器】
●シャワーポッド　
アラエル
生活支援課長田端雄大様
31"
33,MMTWSCYXIME7P,企業メッセージ,ユーザーレポート,User Reportやさしく洗え、体の芯まで温まるアラエルが好評職員の負担軽減にもプラス居宅介護から始まり、デイサービスも「共に生きる」場所を目指し、京都市で開業デイサービスの主軸はお風呂4種の浴槽で、 ご利用者に合った入浴を提供32理事長住里良実様使い分けられるスーパーラダリバスは、とても使い勝手がいいと感じています。しっかり浸かれる方は仰臥位入浴、心臓疾患のある方は長座位入浴など、柔軟に対応することができるので、今は、7割ほどの方がスーパーラダリバスを使用しています。合わせると、当施設では1日10人以上の方が入浴されますが、酒井医療の浴槽は故障がとても少なく、丈夫さとメンテナンス性の高さに助けられています。― アラエル採用の理由や、導入後の感想などを教えてください。2021年にカトレアとアラエルを入れ替えたのですが、その時に、他製品との比較検討はしていません。ほぼ、私の一目惚れです（笑）。ご利用者に合わせて温度が調整できたり、ウルトラファインバブルが搭載されている点が決め手でした。使い勝手と使い心地もとても良かったです。障がいがある方の中には肌が弱い方も多いのですが、状態がやわらいだり、「気持ちいい」と言葉で伝えてくださるご利用者もいらっしゃいます。実は、私も― 貴施設の理念やサービスについて教えてください。2007年のサービス立ち上げ以来、「共に生きる」を理念に、地域の障がいのある方々の生活に寄り添ってきました。障がいの有無に関わらず互いに学び合い、成長していける場所をつくることが、私たちの施設運営の原点です。車椅子の方の“足”となり、食事が難しい方の“手”となる。それを自然なことと考えて続けてきました。居宅介護から始まった当事業ですが、学校卒業後に通える場所がない…という声を受けてデイサービス施設も開設しました。ご利用者の生活を守るため、一度に多人数を受け入れるのではなく、毎年2人ずつ増やすスモールステップ方式で進めてきました。最も支援度合いの高い区分6に基づく十分な人数の職員を確保した上で、訪問介護サービスも並行して行いながら、現在に至ります。― デイサービス立ち上げの背景やサービスの特徴を教えてください。デイサービスを始めた頃は、自宅でお風呂に入れるご利用者が少なく、入浴サービスを提供している施設もあまりありませんでした。また居宅介護の際も、浴室に十分なスペースがないマンションなどでは、思うような入浴介助ができないことも度々ありました。特に2人介助で、しっかり入浴させてあげられないこともあり、「デイサービス施設を立ち上げる時には、お風呂をメインにしよう」と考えていました。開設時には一般浴槽のほか、座位で入浴するカトレアを含め、3機種を設置しました。同時に入れた同じく座位入浴のライラックプラスは今でも使っていますが、大柄な方に適していると思います。それから、仰臥位入浴・長座位入浴の切り替えができ、ご利用者の状態によって訪問で、通所でそしてシェアハウスで障がいのある方と共に生きる5 特定非営利活動法人 音希 様,"User Report
訪問で、通所で
そしてシェアハウスで
障がいのある方と共に生きる
 5
特定非営利活動法人 音希 様
居宅介護から始まり、デイサービスも使い分けられるスーパーラダリバスは、とても使い勝手がいいと感じ
ています。しっかり浸かれる方は仰臥位入浴、心臓疾患のある方は長
「共に生きる」場所を目指し、京都市で開業
座位入浴など、柔軟に対応することができるので、今は、7割ほどの方
― 貴施設の理念やサービスについて教えてください。がスーパーラダリバスを使用しています。合わせると、当施設では1日
2007年のサービス立ち上げ以来、「共に生きる」を理念に、地域の10人以上の方が入浴されますが、酒井医療の浴槽は故障がとても少
障がいのある方々の生活に寄り添ってきました。障がいの有無になく、丈夫さとメンテナンス性の高さに助けられています。
関わらず互いに学び合い、成長していける場所をつくることが、私
たちの施設運営の原点です。車椅子の方の“足”となり、食事が難
しい方の“手”となる。それを自然なことと考えて続けてきました。
居宅介護から始まった当事業ですが、学校卒業後に通える場所が
ない…という声を受けてデイサービス施設も開設しました。ご利
用者の生活を守るため、一度に多人数を受け入れるのではなく、
毎年2人ずつ増やすスモールステップ方式で進めてきました。最も
支援度合いの高い区分6に基づく十分な人数の職員を確保した上
で、訪問介護サービスも並行して行いながら、現在に至ります。
デイサービスの主軸はお風呂
理事長住里良実様
4種の浴槽で、 ご利用者に合った入浴を提供
― デイサービス立ち上げの背景やサービスの特徴を教えてください。やさしく洗え、体の芯まで温まるアラエルが好評
デイサービスを始めた頃は、自宅でお風呂に入れるご利用者が少な職員の負担軽減にもプラス
く、入浴サービスを提供している施設もあまりありませんでした。また
居宅介護の際も、浴室に十分なスペースがないマンションなどでは、― アラエル採用の理由や、導入後の感想などを教えてください。
思うような入浴介助ができないことも度々ありました。特に2人介助2021年にカトレアとアラエルを入れ替えたのですが、その時に、他
で、しっかり入浴させてあげられないこともあり「、デイサービス施設を製品との比較検討はしていません。ほぼ、私の一目惚れです（笑）。
立ち上げる時には、お風呂をメインにしよう」と考えていました。ご利用者に合わせて温度が調整できたり、ウルトラファインバブル
開設時には一般浴槽のほか、座位で入浴するカトレアを含め、3機種が搭載されている点が決め手でした。
を設置しました。同時に入れた同じく座位入浴のライラックプラスは使い勝手と使い心地もとても良かったです。障がいがある方の中に
今でも使っていますが、大柄な方に適していると思います。それから、は肌が弱い方も多いのですが、状態がやわらいだり、「気持ちいい」
仰臥位入浴・長座位入浴の切り替えができ、ご利用者の状態によってと言葉で伝えてくださるご利用者もいらっしゃいます。実は、私も
32"
34,MMTWSFSVUNUFJ,企業メッセージ,ユーザーレポート,●フェイストゥバス●スーパーラダリバス【酒井医療  納入機器】●シャワーポッドアラエルライラックプラスシェアハウスもオープン予定ご利用者も職員も、共に成長できる施設を目指す33非常用発電機他実際に使ってみたのですが、刺激に弱いアトピーの肌にもとても気持ちよかったです。また、全身にシャワーが一気に当たり、一定時間が経つと自動で止まるので、ご利用者も入浴の「終わり」が理解しやすいという点も、いいなと感じています。また、アラエルは1人介助が可能で、アラエル専用シャワーチェアで洗身してから、そのままシャワードームで入浴することができます。このことが、職員の負担軽減や時間短縮につながっています。また、シャワーという特性上、生理の時にも使えることもポイントで、その期間だけアラエルを希望する方もいらっしゃいます。―その他の設備環境についての考えや、今後の展望をお聞かせください。福祉業界は人手不足ということもあり、できないことを数えがちです。そこへ、酒井医療のように新しく前向きな情報を提供してくれると、「それいいね！」となる。しかも、助成金に関する情報も提供して頂けますし、良い面も悪い面も両方伝えて頂けるので、信頼がおけますよね。お付き合いも長く、様々な相談にのってもらっています。たとえば、災害時の電力確保の手段を思案していた時も、発電機の相談にのって頂き、実際の導入までフォローして頂きました。また、空気環境対策としてエアネス（低濃度オゾン発生装置）を提案して頂いたのも酒井医療です。早い段階で各部屋に導入したところ、親御さんからの信頼度を高めることにもつながりました。今後は、障がいがある方の「終のすみか」となるようなシェアハウス事業もスタートする予定です。こちらも最初から何人ものご利用者を受け入れるのではなく、まずはお1人から始めて、少しずつ積み上げていく計画です。酒井医療からもいろいろな情報・提案をいただきつつ、職員の声にもしっかり耳を傾けながら、これからも変化を恐れずにスモールステップ方式で進んでいきたいです。特定非営利活動法人 音希様（京都府京都市）,"実際に使ってみたのですが、刺激に弱いアトピーの肌にもとても気もしっかり耳を傾けながら、これからも変化を恐れずにスモールス
持ちよかったです。また、全身にシャワーが一気に当たり、一定時テップ方式で進んでいきたいです。
間が経つと自動で止まるので、ご利用者も入浴の「終わり」が理解
しやすいという点も、いいなと感じています。
また、アラエルは1人介助が可能で、アラエル専用シャワーチェア
で洗身してから、そのままシャワードームで入浴することができま
す。このことが、職員の負担軽減や時間短縮につながっています。
また、シャワーという特性上、生理の時にも使えることもポイント
で、その期間だけアラエルを希望する方もいらっしゃいます。
シェアハウスもオープン予定
ご利用者も職員も、共に成長できる施設を目指す
―その他の設備環境についての考えや、今後の展望をお聞かせくだ
非常用発電機
さい。
福祉業界は人手不足ということもあり、できないことを数えがちで
す。そこへ、酒井医療のように新しく前向きな情報を提供してくれる
と、「それいいね！」となる。しかも、助成金に関する情報も提供して
特定非営利活動法人 音希様
頂けますし、良い面も悪い面も両方伝えて頂けるので、信頼がおけ
（京都府京都市）
ますよね。お付き合いも長く、様々な相談にのってもらっています。
たとえば、災害時の電力確保の手段を思案していた時も、発電機の【酒井医療  納入機器】
●シャワーポッド
相談にのって頂き、実際の導入までフォローして頂きました。また、
アラエル
空気環境対策としてエアネス（低濃度オゾン発生装置）を提案して
●フェイストゥバス
頂いたのも酒井医療です。早い段階で各部屋に導入したところ、ライラックプラス
親御さんからの信頼度を高めることにもつながりました。●スーパーラダリバス
今後は、障がいがある方の「終のすみか」となるようなシェアハウス他
事業もスタートする予定です。こちらも最初から何人ものご利用者
を受け入れるのではなく、まずはお1人から始めて、少しずつ積み
上げていく計画です。
酒井医療からもいろいろな情報・提案をいただきつつ、職員の声に
33"
35,MMTWSI95C33MH,企業メッセージ,ユーザーレポート,User Reportマイクロバブルの泡は入浴する方に「気持ちいい」と好評開設以来、44年にわたって地域の方が生き生きと暮らせる街づくりを支援設置スペースに制約があってもゆったりした入浴をリクシーが実現34施設長的場一信様リクシーをご提案いただきました。的場施設長：最初は「こんなにコンパクトで大丈夫か?」と思いましたが、実際は外寸が小さく場所を取らないのに、浴槽内は大型の機種並みに広いんです。これなら大柄な方でもゆったり入れます。「建物の制約」と「ケアの質」というジレンマを、見事に解決してくれる浴槽でした。―リクシーを導入されて、職員やご利用者の反応はいかがですか。林様：まず、スタッフが喜んでいるのは安全性と操作性です。以前の機種とは違い、リクシーにはしっかりとしたサイドフェンスがあり、ストレッチャー幅も広いため、転落への恐怖心が払拭されました。キャスターの動きもスムーズで、介助の負担が大きく軽減されています。また、今回はマイクロバブル機能付きを選定しましたが、これがご利用者に大変好評です。「気持ちいい」という声に加え、微細な泡が汚れを浮かせ温熱効果も高いためか、肌トラブルが減っている実感があります。ゴシゴシ洗う必要がなく、浸かっているだけで清潔保持とリフレッシュ―施設の理念と、入浴サービスについてお聞かせください。的場施設長：当施設は、豊かな自然に囲まれた瑞穂町に、昭和56年に開設されました。以来44年にわたり、この地域を代表する介護事業所として、「いくつになっても生き生きと暮らせる街づくり」を支えてきました。私たちが大切にしているのは、「みずほ園に巡り会えてよかった」と思っていただける場所であり続けることです。理念である「ゆとりと安心を笑顔で」という言葉の通り、ご利用者はもちろん、ご家族や地域の皆様にも開かれた施設であることを目指しています。林様：現在、施設全体で188床を有していますが、開設当初に比べご利用者の重度化が進んでおり、かつては一般浴での対応が主でしたが、現在は約6～7割の方が介護用入浴機器を利用されています。そのため、身体状況の変化に合わせ、いかに安全で快適な入浴環境を整えるかが大きな課題となっていました。―リクシーを導入された経緯を教えてください。的場施設長：本館は築44年が経過し、建て替え計画もありますが完成は数年先です。そのため、大規模な改修は難しく、「既存の浴室スペースをいかに活用して機器を更新するか」が直近の課題でした。そこで相談に乗っていただいたのが、長年のお付き合いがある酒井医療です。林様：以前使用していた機種は、ストレッチャー幅が非常に狭く、転落防止のサイドフェンスもありませんでした。近年は大柄なご利用者も増えており、職員たちは「狭くて窮屈そうだ」「転落の不安がある」と常に緊張感を持って介助していました。酒井医療からは、こちらの狭い浴室事情を考慮し、「現状の浴室スペースに収まりつつ、浴槽内は広い」というご家族や地域の方に開かれた施設を目指し「巡り会えてよかった」と思っていただけるサービスを提供6 社会福祉法人 常盤会 特別養護老人ホーム みずほ園 様,"User Report
ご家族や地域の方に開かれた施設を目指し
「巡り会えてよかった」と
思っていただけるサービスを提供
 6
社会福祉法人 常盤会 特別養護老人ホーム みずほ園 様
開設以来、44年にわたってリクシーをご提案いただきました。
的場施設長：最初は「こんなにコンパクトで大丈夫か?」と思いました
地域の方が生き生きと暮らせる街づくりを支援
が、実際は外寸が小さく場所を取らないのに、浴槽内は大型の機種並み
―施設の理念と、入浴サービスについてお聞かせください。に広いんです。これなら大柄な方でもゆったり入れます「。建物の制約」と
的場施設長：当施設は、豊かな自然に囲まれた瑞穂町に、昭和56年に「ケアの質」というジレンマを、見事に解決してくれる浴槽でした。
開設されました。以来44年にわたり、この地域を代表する介護事業所
として「、いくつになっても生き生きと暮らせる街づくり」を支えてきまし
た。私たちが大切にしているのは「、みずほ園に巡り会えてよかった」と
思っていただける場所であり続けることです。理念である「ゆとりと安心
を笑顔で」という言葉の通り、ご利用者はもちろん、ご家族や地域の皆
様にも開かれた施設であることを目指しています。
林様：現在、施設全体で188床を有していますが、開設当初に比べご利
用者の重度化が進んでおり、かつては一般浴での対応が主でしたが、現
在は約6～7割の方が介護用入浴機器を利用されています。そのため、身
体状況の変化に合わせ、いかに安全で快適な入浴環境を整えるかが大
きな課題となっていました。
施設長的場一信様
設置スペースに制約があっても
ゆったりした入浴をリクシーが実現マイクロバブルの泡は
入浴する方に「気持ちいい」と好評
―リクシーを導入された経緯を教えてください。
的場施設長：本館は築44年が経過し、建て替え計画もありますが完成は―リクシーを導入されて、職員やご利用者の反応はいかがですか。
数年先です。そのため、大規模な改修は難しく「、既存の浴室スペースをい林様：まず、スタッフが喜んでいるのは安全性と操作性です。以前の機
かに活用して機器を更新するか」が直近の課題でした。そこで相談に乗っ種とは違い、リクシーにはしっかりとしたサイドフェンスがあり、ストレッ
ていただいたのが、長年のお付き合いがある酒井医療です。チャー幅も広いため、転落への恐怖心が払拭されました。キャスターの
林様：以前使用していた機種は、ストレッチャー幅が非常に狭く、転落動きもスムーズで、介助の負担が大きく軽減されています。
防止のサイドフェンスもありませんでした。近年は大柄なご利用者も増また、今回はマイクロバブル機能付きを選定しましたが、これがご利用
えており、職員たちは「狭くて窮屈そうだ「」転落の不安がある」と常に緊者に大変好評です「。気持ちいい」という声に加え、微細な泡が汚れを浮
張感を持って介助していました。酒井医療からは、こちらの狭い浴室事かせ温熱効果も高いためか、肌トラブルが減っている実感があります。
情を考慮し「、現状の浴室スペースに収まりつつ、浴槽内は広い」というゴシゴシ洗う必要がなく、浸かっているだけで清潔保持とリフレッシュ
34"
36,MMTWSL43PDL40,企業メッセージ,ユーザーレポート,●仰臥位浴槽ルピナス【酒井医療  納入機器】●リフトアンドバス　リクシーメンテナンス対応の速さときめ細かさが30年も続くお付き合いの理由通所を利用される方にもリクシーで入浴の心地よさを提供する35介護副部長林謙吾様ができる点は、業務効率だけでなくご利用者の皮膚への優しさという意味でも大きなメリットです。的場施設長：お風呂は単なる清潔保持ではなく、楽しみの場でもあります。ジャグジーのような心地よさを施設でも提供したい。リクシーのマイクロバブルは、まさに理念にある「ゆとり」を提供できる機能だと評価しています。―酒井医療をパートナーとして選び続けている理由をお聞かせください。林様：私がここに入職する前から、ずっと酒井医療の介護用入浴機器を使わせていただいています。一番の理由は、やはりメンテナンス対応の速さと丁寧さです。毎日使いますから、長く使っていれば不具合が出ることもあります。そんな時、電話一本ですぐに駆けつけて対応してくれる。このスピード感と誠実さは、現場を預かる身として本当に信頼できます。的場施設長：今回の導入時も、「みずほ園の現状の浴室にどう配置するか」まで親身になってシミュレーションしてくれました。「こう置けば動線が確保できます」と具体的に提案してくれる姿勢には誠意を感じました。機器の性能の高さはもちろんですが、こうして積み重ねてきた信頼関係があるからこそ、「次も酒井医療にお願いしよう」となるのだと思います。―最後に、今後の展望についてお聞かせください。的場施設長：現在、順次介護用入浴機器の入れ替えを進めており、2025年末にはリクシーが増設される予定です。通所介護においても、近隣では珍しくストレッチャー式の浴槽を備えていることが、重度の方を受け入れる当施設の強みとなっています。建物は古くても、中身である「ケア」と「設備」は常に時代に合わせてアップデートしていかなければなりません。数年先の建て替え完成を見据えつつ、今いらっしゃるご利用者にベストな環境を提供し続けること。それが地域に根差した「みずほ園」の使命だと考えています。社会福祉法人 常盤会 特別養護老人ホーム みずほ園様（東京都西多摩郡瑞穂町）,"ができる点は、業務効率だけでなくご利用者の皮膚への優しさという意「ケア」と「設備」は常に時代に合わせてアップデートしていかなければ
味でも大きなメリットです。なりません。数年先の建て替え完成を見据えつつ、今いらっしゃるご利
的場施設長：お風呂は単なる清潔保持ではなく、楽しみの場でもありま用者にベストな環境を提供し続けること。それが地域に根差した「みず
す。ジャグジーのような心地よさを施設でも提供したい。リクシーのマイほ園」の使命だと考えています。
クロバブルは、まさに理念にある「ゆとり」を提供できる機能だと評価し
ています。
メンテナンス対応の速さときめ細かさが
30年も続くお付き合いの理由
―酒井医療をパートナーとして選び続けている理由をお聞かせください。
林様：私がここに入職する前から、ずっと酒井医療の介護用入浴機器を
使わせていただいています。一番の理由は、やはりメンテナンス対応の速
さと丁寧さです。毎日使いますから、長く使っていれば不具合が出ること
もあります。そんな時、電話一本ですぐに駆けつけて対応してくれる。こ
介護副部長林謙吾様
のスピード感と誠実さは、現場を預かる身として本当に信頼できます。
的場施設長：今回の導入時も「、みずほ園の現状の浴室にどう配置する
か」まで親身になってシミュレーションしてくれました「。こう置けば動線
社会福祉法人 常盤会 特別養護老人ホーム みずほ園様
が確保できます」と具体的に提案してくれる姿勢には誠意を感じました。
（東京都西多摩郡瑞穂町）
機器の性能の高さはもちろんですが、こうして積み重ねてきた信頼関係
があるからこそ「、次も酒井医療にお願いしよう」となるのだと思います。【酒井医療  納入機器】
●リフトアンドバス　
リクシー
通所を利用される方にも
●仰臥位浴槽
リクシーで入浴の心地よさを提供するルピナス
―最後に、今後の展望についてお聞かせください。
的場施設長：現在、順次介護用入浴機器の入れ替えを進めており、
2025年末にはリクシーが増設される予定です。通所介護においても、
近隣では珍しくストレッチャー式の浴槽を備えていることが、重度の方
を受け入れる当施設の強みとなっています。建物は古くても、中身である
35"
37,MMTWSNJTAEJG3,企業メッセージ,2026 PICK UP ITEM,低周波治療器フィジオ アクティブ HV2P. 17236鎮痛効果が期待されるハイボルテージ電流に加え、鎮痛効果が期待されるハイボルテージ電流に加え、筋損傷などの治癒促進を促すMCR(微弱電流）を搭載。筋損傷などの治癒促進を促すMCR(微弱電流）を搭載。1台で鎮痛から機能改善、治癒促進までをカバーできます。1台で鎮痛から機能改善、治癒促進までをカバーできます。詳しくはピックアップ製品鎮痛と治癒促進。2つの機能を、ポータブルサイズで実現。2026 PICK UP ITEM,"2026 PICK UP ITEM
ピックアップ製品
低周波治療器
フィジオ アクティブ HV2
鎮痛と治癒促進。
2つの機能を、
ポータブルサイズで実現。
鎮鎮痛痛効効果果がが期期待待さされれるるハハイイボボルルテテーージジ電電流流にに加加ええ、、
筋筋損損傷傷ななどどのの治治癒癒促促進進をを促促すすMMCCRR((微微弱弱電電流流））をを搭搭載載。。
11台台でで鎮鎮痛痛かからら機機能能改改善善、、治治癒癒促促進進ままででををカカババーーででききまますす。。
詳しくは
P. 172
36"
38,MMTWSQDZ1DG7K,企業メッセージ,2026 PICK UP ITEM,シャワーポッド アラエル 専用シャワーチェア0103NerveTrackTM超音波画像診断装置V50204P. 84P. 31637SamsungMedisonが開発した神経検出AIモデル「NerveTrackTM」により、スキャン中にリアルタイムで対象神経と周辺組織を区分けして表示。神経の視認性を向上させ、効率的な診療をサポートします。体型や状態に合わせて調整ができる4段階のリクライニング機能。腰や背中への負担を軽減し、姿勢を安定させられます。詳しくは詳しくは卓越した画像と高度なAI機能。運動器超音波に新たな選択肢。質量約25kgの軽量設計、リクライニング可能な入浴用車椅子。,"超音波画像診断装置
V5
卓越した画像と高度なAI機能。
運動器超音波に新たな選択肢。
TM
NerveTrack
SamsungMedisonが開発した神経検出AIモデル
TM
「NerveTrack」により、
スキャン中にリアルタイムで対象神経と
周辺組織を区分けして表示。
神経の視認性を向上させ、効率的な診療をサポートします。
詳しくは
P. 84
シャワーポッド アラエル 
専用シャワーチェア
質量約25kgの軽量設計、
リクライニング可能な
入浴用車椅子。
体型や状態に合わせて調整ができる4段階のリクライニング機能。
腰や背中への負担を軽減し、姿勢を安定させられます。
0102
0304
詳しくは
P. 316
37"
39,MMTWST8Z5THGP,商品インデックス,,P.43-P.96P.44有酸素トレーニング  P.54リハビリテーション室 備品  P.73P.82渦流浴P.97-P.162 P.98P.106電気療法P.114温冷療法P.118牽引療法P.122その他の物理療法機器P.126救急P.137P.147P.163-P.168P.164P.169-P.194P.170P.178P.189P.189P.195-P.202P.19638動作解析　   　　　　　　  機能検査　   　　　　　　  体力測定　　　　　　　　   人体測定　　　　　　　　   介護予防　   　　　　　　 メディカルフィットネス          筋力トレーニング                ROMエクササイズ              バランス訓練                     起立・歩行訓練                  3次元動作解析装置　足圧分布解析装置　　2Dビデオ動作解析装置　表面筋電計　光学式歩行分析装置　簡易上肢機能検査　上肢機能検査　知覚検査　巧緻動作検査　平衡機能計　重心計　磁気刺激装置握力計　ピンチゲージ　背筋力計　徒手筋力計　多用途筋機能評価運動装置角度計　メジャー　打診器　ゴニオメーター　　超音波画像診断装置　体組成計　体重計　身長計　血圧計　パルスオキシメータパワーリハビリテーション　トレーニングマシン運動処方AIアプリ　ステップ台　体力評価機器　ケーブルエクササイズマシン　トレーニングマシン　スミスマシン　フリーウェイト重錘バンド　ダンベル　エクササイズバンドCPM（能動型他動運動訓練装置）バランス訓練マット　ディジョックボード　トレーニングボール　エクササイズボール　チルトテーブル　エクササイズミラー　歩行訓練用階段ステップ台　エクササイズブロック　平行棒　　可動式体重免荷装置　歩行トレーニングマシン　手すりトレッドミル　ステップマシン　バイク上肢・下肢用エルゴメーターマット　トリートメントテーブル　プラットホームマットキャスターチェア　畳プラットホーム　テーピング渦流浴装置干渉電流型低周波治療器　低周波治療器ラジオ波温熱治療器（超短波治療器）　超音波治療器　ホットパック　冷却療法用装置　能動型自動間欠牽引装置ベッド型マッサージ器空気圧式マッサージ器圧力波治療器（拡散型ショックウェーブ）交番磁界治療器バックボード　車椅子　松葉杖　スプリント（固定具）超音波画像診断装置　暑さ指数計　製氷機評 価 測 定運 動 療 法水 治 療 法物 理 療 法救 急PRODUCTS INDEX 商品インデックス,"PRODUCTS INDE X商品インデックス
 評 価 測定    P.43-P.96
動作解析　   　　　　　　  P.44有酸素トレーニング  P.137
3次元動作解析装置　足圧分布解析装置　　トレッドミル　ステップマシン　バイク
2Dビデオ動作解析装置　上肢・下肢用エルゴメーター
機能検査　   　　　　　　  P.54
リハビリテーション室 備品  P.147
表面筋電計　光学式歩行分析装置　
簡易上肢機能検査　上肢機能検査　知覚検査　マット　トリートメントテーブル　プラットホームマット
巧緻動作検査　平衡機能計　重心計　磁気刺激装置キャスターチェア　畳プラットホーム　テーピング
体力測定　　　　　　　　   P.73
握力計　ピンチゲージ　背筋力計　
徒手筋力計　多用途筋機能評価運動装置
人体測定　　　　　　　　   P.82
角度計　メジャー　打診器　ゴニオメーター　　
超音波画像診断装置　体組成計　体重計　 水 治 療法P.163-P.168
身長計　血圧計　パルスオキシメータ
渦流浴P.164
渦流浴装置
 運 動 療法P.97-P.162
介護予防　   　　　　　　  P.98
パワーリハビリテーション　トレーニングマシン
運動処方AIアプリ　ステップ台　体力評価機器　
 物 理 療法P.169-P.194
メディカルフィットネス          P.106電気療法P.170
ケーブルエクササイズマシン　トレーニングマシン　干渉電流型低周波治療器　低周波治療器
スミスマシン　フリーウェイト
筋力トレーニング                P.114温冷療法P.178
重錘バンド　ダンベル　エクササイズバンドラジオ波温熱治療器（超短波治療器）　超音波治療器　
ホットパック　冷却療法用装置　
ROMエクササイズ              P.118牽引療法P.189
CPM（能動型他動運動訓練装置）能動型自動間欠牽引装置
バランス訓練                     P.122その他の物理療法機器P.189
バランス訓練マット　ディジョックボード　ベッド型マッサージ器
トレーニングボール　エクササイズボール　空気圧式マッサージ器
圧力波治療器（拡散型ショックウェーブ）
交番磁界治療器
起立・歩行訓練                  P.126
チルトテーブル　エクササイズミラー　歩行訓練用階段
ステップ台　エクササイズブロック　平行棒　　
可動式体重免荷装置　歩行トレーニングマシン　手すり
 救急P.195-P.202
救急P.196
バックボード　車椅子　松葉杖　スプリント（固定具）
超音波画像診断装置　暑さ指数計　製氷機
38"
40,MMTWSVN5VDOR9,商品インデックス,,P.203-P.246P.204P.210P.223P.226P.236P.240P.247-P.254P.248P.255-P.270P.256P.262P.266P.271-P.278P.272P.277P.279-P.364P.280P.282P.310P.324P.336P.33739ADLシミュレーションシステム　ADLトレーニングユニットADLキッチン　浴室セット電動昇降洗面台　輪の取り入れ作業練習器トランスファー手すりポリフォーム　ポリフレックス　イージーフォーム　アクアプラスト　プレカット　ストラップ　スプリントツール陶芸器具　木工器具　皮革工芸器具　ペグボード　パテ　手指ストレッチボードポータブル スプリングバランサー（PSB）　能動型手用他動運動訓練装置　サンディング輪投げ　ゲートボールセット　タンブルフォーム2　エクササイズボール　　ボッチャボール立位移動補助具　スタンディングテーブルリハビリテーブル　ハイローテーブル　多目的テーブル　作業台　福祉用椅子失語症リハビリテーション支援システム言語機能評価システム　磁気刺激装置　摂食嚥下関連チェア　口腔機能測定機器言語療法テーブル　手動式オージオメータ杖（アルミ杖・T型杖・ロフストランドクラッチ・クォードケイン・松葉杖）　ウォーカー・歩行補助器調理・食事支援機器（スプーン・フォーク・ナイフ・調理ブラシ）　はさみ　爪切り　バスブラシ　レボリーチ　ボタン掛け　　自走式車椅子　施設向車椅子移乗用具（バイキングボード）低濃度オゾン発生装置　サージカルマスク自動床洗浄機　除菌スプレー非常用バッテリーサンカメリア　ロベリアプラス　エレベートバススーパーラダリバス　アリッサム　リクシーPAOライラックプラス　カトレア　アラエルライナーリフトユニバス　ホーミィイース　パンジー iチェリー　ホーミィリフトハイアリフトシャワーストレッチャー　シャワーチェア　ウルトラファインバブルシャワー泡シャワー　バスクッションシリーズ　着衣用マルチベッド　立位介助補助機器　シーリングリフト　移乗用具　装着型サイボーグ　入浴関連商品消耗品車椅子衛生防災身体機能レベル別マトリックス仰臥位入浴座位入浴ADL入浴その他の介護用入浴機器入浴関連商品ＡＤＬトレーニングスプリント手芸・工作上肢運動プレイセラピィテーブル関連言語療法歩行支援機器自助具A D L・作 業 療 法言 語 療 法自 立 支 援 機 器衛 生・防 災介 護 用 入 浴 機 器," A DL・ 作 業 療法P.203-P.246
ＡＤＬトレーニングP.204車椅子P.266
ADLシミュレーションシステム　ADLトレーニングユニット自走式車椅子　施設向車椅子
ADLキッチン　浴室セット移乗用具（バイキングボード）
電動昇降洗面台　輪の取り入れ作業練習器
トランスファー手すり
スプリントP.210
ポリフォーム　ポリフレックス　イージーフォーム　
アクアプラスト　プレカット　ストラップ　
スプリントツール
 衛生・ 防災P.271-P.278
手芸・工作P.223
衛生P.272
陶芸器具　木工器具　皮革工芸器具　
低濃度オゾン発生装置　サージカルマスク
自動床洗浄機　除菌スプレー
上肢運動P.226
防災P.277
ペグボード　パテ　手指ストレッチボード
ポータブル スプリングバランサー（PSB）　非常用バッテリー
能動型手用他動運動訓練装置　サンディング
プレイセラピィP.236
輪投げ　ゲートボールセット　
タンブルフォーム2　エクササイズボール　　
ボッチャボール
テーブル関連P.240 介 護 用 入 浴 機器P.279-P.364
立位移動補助具　スタンディングテーブル
リハビリテーブル　ハイローテーブル　身体機能レベル別マトリックスP.280
多目的テーブル　作業台　福祉用椅子
仰臥位入浴P.282
サンカメリア　ロベリアプラス　エレベートバス
スーパーラダリバス　アリッサム　リクシー
PAO
 言 語 療法P.247-P.254
座位入浴P.310
言語療法P.248
ライラックプラス　カトレア　アラエル
失語症リハビリテーション支援システムライナーリフト
言語機能評価システム　磁気刺激装置　
摂食嚥下関連チェア　口腔機能測定機器
言語療法テーブル　手動式オージオメータ
ADL入浴P.324
ユニバス　ホーミィイース　パンジ ーi
チェリー　ホーミィリフト
 自 立 支 援 機器P.255-P.270
その他の介護用入浴機器P.336
歩行支援機器P.256
ハイアリフト
杖（アルミ杖・T型杖・ロフストランドクラッチ・
クォードケイン・松葉杖）　ウォーカー・歩行補助器
入浴関連商品P.337
自助具P.262
シャワーストレッチャー　シャワーチェア　
調理・食事支援機器（スプーン・フォーク・ナイフ・ウルトラファインバブルシャワー
調理ブラシ）　泡シャワー　バスクッションシリーズ　
はさみ　爪切り　バスブラシ　レボリーチ　ボタン掛け着衣用マルチベッド　立位介助補助機器　
　　シーリングリフト　移乗用具　装着型サイボーグ　
入浴関連商品消耗品
39"
41,MMTWSXSA5JPXD,疾患別リハビリテーション機器 インデックス,,40疾患別リハビリテーション機器　インデックス バランスシート 67タンブルフォーム2 ウェッジタンブルフォーム2 レイズドロールタンブルフォーム2 ロールタンブルフォーム2 トレーニングボール83828274リハウォーカー78バランスパッド・ソリッド73バランスパッド・エリート65バランスパッド・XL656656チルトテーブル64トランスファー手すり71アンウェイシステムネクステップ 免荷歩行トレーニングゲイトトレーニングシステム3.1左右分離型低床トレッドミルDLFシリーズ222160・235平行棒シンクロレール232エクササイズミラー（鏡）121ホリゾンタルレッグプレス231エクササイズブロック99歩行訓練用階段143車椅子144ウォーカー、歩行補助器杖各種アクティーモNR120スタンディングテーブル120141言語機能評価システム STELA 失語症評価システム172口腔機能測定機器（健口くん）184畳プラットホーム192ADLシミュレーションシステム ADL・自宅改修シミュレーション194ADLトレーニングユニット開放型浴室セットADLキッチン160・235ウルティウムモーション226・229自助具154 〜 156リーチング・エクササイザー157ウーベルト150100106174・233125237237238239124123123123126136・209132133134130127100129128198・266259 〜 261256 〜 25824024124825025315920420620820746262 〜 265209232セメスワインスタインモノフィラメント  知覚感覚検査ゴニオメーターメジャー打診器モービィ Z（HHD）バイオデックス システム4握力計簡易上肢機能検査 ステフ上肢機能検査 MFTボックス＆ブロックテストウルティウムオプトゲイト 重心バランスシステム ヘミアームスリングⅡユリアス・スプリントウーベルト手指・手首用CPMフィンブルプレクサー G5プレステッププレラインシリーズセンチュラエルボキネヴィアデュオフィジオアクティブHV2フィジオパックショックマスターパスリーダーユリアス・スプリントペグボード、パテサイズ トリートメントテーブルボバーステーブルエアレックスマットホリゾンタルレッグプレスケーブルカラムS1ウィルモ※弊社作成 無断使用厳禁ROM測定四肢周径測定各種反射検査筋力評価（等尺性筋収縮）筋力評価（等速性筋収縮）上肢筋力測定上肢動作能力評価脳卒中上肢運動機能評価上肢動作簡易評価筋活動評価歩行解析平衡障害の検査肩関節亜脱臼予防肢位保持・痙性抑制拘縮予防・ROMex拘縮予防・ROMexストレッチ全身の動作性改善 交互運動・上下肢連動運動（廃用予防） 有酸素運動能動型上肢用他動運動訓練装置能動型上肢用他動運動訓練装置能動型展伸・屈伸回転運動装置低周波刺激（EMSモード）温熱療法・疼痛緩和疼痛緩和・血液循環改善・筋緊張緩和磁気刺激圧迫刺激・エアースプリント手指巧緻性トレーニング徒手神経筋促通手技用台 徒手神経筋促通手技用台リハビリテーション・トレーニング用マット神経一筋協調・トレーニング様々な姿勢・動作レベルでの神経一筋協調トレーニング上肢神経筋促通姿勢保持・バランストレーニング姿勢保持・バランストレーニング姿勢保持・バランストレーニング姿勢保持・バランストレーニング姿勢保持・バランストレーニングバランス・足底感覚トレーニング固有受容器刺激・バランストレーニング 固有受容器刺激・バランストレーニング 固有受容器刺激・バランストレーニング 起立性低血圧改善・立位感覚のトレーニング移乗動作トレーニング歩行能力簡易評価・バイオフィードバックトレーニング歩行トレーニング歩行トレーニング姿勢確認・修正立ち上がり動作トレーニング立ち上がり・段差昇降トレーニング階段昇降トレーニング移動補助具 歩行補助具 歩行補助具 立位・歩行補助具立位保持トレーニング、上肢運動失語症リハビリテーションオーラルディアドコキネシス反復唾液嚥下テスト和室ADLトレーニングADL・自宅改修シミュレーション入浴動作シミュレーションADL炊事動作トレーニング日常動作のバイオフィードバックトレーニング機能代償・QOL向上 ADLバランストレーニング手指機能トレーニングバランストレーニング起立歩行トレーニングADLトレーニング他失語症リハビリテーション支援システム 花鼓Ⅲ評価廃用予防・基礎体力向上運動量増加機器加算物理療法神経と筋の協調性トレーニング脳血管疾患,"疾患別リハビリテーション機器　インデックス 
脳血管疾患
評価バランストレーニング
セメスワインスタインモノフィラメント  知覚感覚検査67バランスシート 姿勢保持・バランストレーニング125
タンブルフォーム2 
ゴニオメーターROM測定83姿勢保持・バランストレーニング237
ウェッジ
タンブルフォーム2 
メジャー四肢周径測定82姿勢保持・バランストレーニング237
レイズドロール
タンブルフォーム2 
打診器各種反射検査82姿勢保持・バランストレーニング238
ロール
タンブルフォーム2 
モービ ィZ（HHD）筋力評価（等尺性筋収縮）74姿勢保持・バランストレーニング239
トレーニングボール
バイオデックス システム4筋力評価（等速性筋収縮）78リハウォーカーバランス・足底感覚トレーニング124
握力計上肢筋力測定73バランスパッド・ソリッド固有受容器刺激・バランストレーニング 123
簡易上肢機能検査 ステフ上肢動作能力評価65バランスパッド・エリート固有受容器刺激・バランストレーニング 123
上肢機能検査 MFT脳卒中上肢運動機能評価65バランスパッド・XL固有受容器刺激・バランストレーニング 123
ボックス＆ブロックテスト上肢動作簡易評価66
ウルティウム筋活動評価56起立歩行トレーニング
起立性低血圧改善・
オプトゲイト 歩行解析64チルトテーブル126
立位感覚のトレーニング
重心バランスシステム 平衡障害の検査71トランスファー手すり移乗動作トレーニング136・209
アンウェイシステムネクステッ プ免荷歩行トレーニング132
歩行能力簡易評価・
廃用予防・基礎体力向上ゲイトトレーニングシステム3.1バイオフィードバックトレーニング133
左右分離型低床トレッドミル
ヘミアームスリングⅡ肩関節亜脱臼予防222歩行トレーニング134
DLFシリーズ
ユリアス・スプリント肢位保持・痙性抑制160・235平行棒シンクロレール歩行トレーニング130
ウーベルト拘縮予防・ROMex232エクササイズミラー（鏡）姿勢確認・修正127
手指・手首用CPM拘縮予防・ROMex121ホリゾンタルレッグプレス立ち上がり動作トレーニング100
フィンブルストレッチ231エクササイズブロック立ち上がり・段差昇降トレーニング129
プレクサ ーG5全身の動作性改善 99歩行訓練用階段階段昇降トレーニング128
プレステップ交互運動・上下肢連動運動（廃用予防） 143車椅子移動補助具 198・266
プレラインシリーズ有酸素運動144ウォーカー、歩行補助器歩行補助具 25 9 〜261
杖各種歩行補助具 25 6 〜258
運動量増加機器加算アクティーモNR立位・歩行補助具240
センチュラ能動型上肢用他動運動訓練装置120スタンディングテーブル立位保持トレーニング、上肢運動241
エルボ能動型上肢用他動運動訓練装置120
キネヴィアデュオ能動型展伸・屈伸回転運動装置141ADLトレーニング他
失語症リハビリテーション
失語症リハビリテーション248
支援システム 花鼓Ⅲ
物理療法言語機能評価システム STEL A失語症評価システム250
オーラルディアドコキネシス
フィジオアクティブHV2低周波刺激（EMSモード）172口腔機能測定機器（健口くん）253
反復唾液嚥下テスト
フィジオパック温熱療法・疼痛緩和184畳プラットホーム和室ADLトレーニング159
疼痛緩和・血液循環改善・
ショックマスター192ADLシミュレーションシステ ムADL・自宅改修シミュレーション204
筋緊張緩和
パスリーダー磁気刺激194ADLトレーニングユニットADL・自宅改修シミュレーション206
開放型浴室セット入浴動作シミュレーション208
神経と筋の協調性トレーニングADLキッチンADL炊事動作トレーニング207
日常動作のバイオフィードバック
ユリアス・スプリント圧迫刺激・エアースプリント160・235ウルティウムモーション46
トレーニング
ペグボード、パテサイズ 手指巧緻性トレーニング226・229自助具機能代償・QOL向上 26 2 〜265
トリートメントテーブル徒手神経筋促通手技用台 15 4 〜156リーチング・エクササイザーADLバランストレーニング209
ボバーステーブル徒手神経筋促通手技用台157ウーベルト手指機能トレーニング232
リハビリテーション・
エアレックスマット150
トレーニング用マット
ホリゾンタルレッグプレス神経一筋協調・トレーニング100
様々な姿勢・動作レベルでの
ケーブルカラムS1106
神経一筋協調トレーニング
ウィルモ上肢神経筋促通174・233
40※弊社作成 無断使用厳禁"
42,MMTWSZUE8OIS8,疾患別リハビリテーション機器 インデックス,,4182ケーブルカラムS182ディジョックボード836774バランスシート 78リハウォーカー56バランスパッド・エリート52バランスパッド・XL64バランスビーム71ロッカーバランス84フィジオロールボール86エクササイズボール200チルトテーブル190トランスファー手すり164平行棒シンクロレール178エクササイズミラー（鏡）182ホリゾンタルレッグプレス184エクササイズブロック 170歩行訓練用階段172カーブ192ゲイトトレーニングシステム3.1193車椅子210ウォーカー、歩行補助器杖各種アクティーモNR118108トレッドミル（全般）178プレラインシリーズ風神雷神116レボリーチ 自助具114開放型浴室セット172ADLシミュレーションシステム ADL・自宅改修シミュレーション100101101106124125124123123122125・239125・239125・239126130127100129128138133198・266259 〜 261240140144145265262 〜 265208204154 〜 156111・114様々な姿勢・動作レベルでの神経一筋協調トレーニング固有受容感覚トレーニング姿勢保持・バランストレーニングバランス・足底感覚トレーニング荷重時バランストレーニング荷重時バランストレーニング歩行バランストレーニング体幹バランストレーニング座位バランストレーニング座位バランストレーニング臥位からの段階的な荷重トレーニング 立ち上がり・移乗動作トレーニング 136・209歩行トレーニング姿勢確認・修正立ち上がり動作トレーニング立ち上がり・段差昇降トレーニング階段昇降トレーニング自走型歩行トレーニング歩幅測定・バイオフィードバックトレーニング移動補助具 歩行補助具 歩行補助具・患肢免荷歩行  198・256 〜 258立位・歩行補助具歩行走行動作トレーニング・有酸素運動 有酸素運動下肢運動・有酸素運動自助具・リーチの延長機能代償 入浴動作シミュレーション※弊社作成 無断使用厳禁メジャー肢長・四肢周径測定打診器各種反射評価検査ゴニオメーターROM測定セメスワインスタインモノフィラメント  知覚感覚検査モービィ Z（HHD）筋力評価（等尺性筋収縮）バイオデックス システム4下肢筋力評価（等速性筋収縮）ウルティウム筋活動評価マイオビデオ動作解析オプトゲイト 歩行解析重心バランスシステム 平衡障害の検査V5超音波画像診断HM70 EVO超音波画像診断SONON500L超音波画像診断メドマー深部静脈血栓症の予防ワールプール渦流による疼痛緩和・循環促進フィジオ ラジオスティム プロ 温熱療法・疼痛緩和フィジオソノ温熱療法・疼痛緩和フィジオパック温熱療法・疼痛緩和フィジオ5Dセット電気刺激療法・疼痛緩和フィジオアクティブHV2電気刺激療法・疼痛緩和ショックマスター疼痛緩和・血液循環改善・筋緊張緩和 エイト疼痛緩和 ロリアンスプリント関節の固定トリートメントテーブル徒手訓練治療台 CPM拘縮予防・ROMex3e fitシリーズ動的ストレッチフィジオ ラジオスティム プロ 温熱療法・柔軟性向上廃用予防・筋力トレーニング 廃用予防・筋力トレーニングダンベル重錘バンド廃用予防・筋力トレーニングフィジオアクティブHV2低周波刺激（EMSモード）ホリゾンタルレッグプレス下肢（下腿、膝周囲、股関節周囲）筋トレーニングレッグエクステンション下肢（膝周囲）筋トレーニングヒップアブダクション下肢（股関節周囲）筋トレーニング神経と筋の協調性トレーニングバランストレーニング起立歩行トレーニング持久力トレーニングADLトレーニング評価疼痛・腫脹の緩和・軽減ROM（可動域）トレーニング筋力トレーニングセラバンド、セラバンド チューブ運動器疾患,"運動器疾患
評価神経と筋の協調性トレーニング
様々な姿勢・動作レベルでの
メジャー肢長・四肢周径測定82ケーブルカラムS1106
神経一筋協調トレーニング
打診器各種反射評価検査82ディジョックボード固有受容感覚トレーニング124
ゴニオメーターROM測定83
セメスワインスタインモノフィラメント  知覚感覚検査67バランストレーニング
モービ ィZ（HHD）筋力評価（等尺性筋収縮）74バランスシート 姿勢保持・バランストレーニング125
バイオデックス システム4下肢筋力評価（等速性筋収縮）78リハウォーカーバランス・足底感覚トレーニング124
ウルティウム筋活動評価56バランスパッド・エリート荷重時バランストレーニング123
マイオビデオ動作解析52バランスパッド・XL荷重時バランストレーニング123
オプトゲイト 歩行解析64バランスビーム歩行バランストレーニング122
重心バランスシステム 平衡障害の検査71ロッカーバランス体幹バランストレーニング125・239
V5超音波画像診断84フィジオロールボール座位バランストレーニング125・239
HM70 EVO超音波画像診断86エクササイズボール座位バランストレーニング125・239
SONON500L超音波画像診断200
起立歩行トレーニング
疼痛・腫脹の緩和・軽減チルトテーブル臥位からの段階的な荷重トレーニング 126
メドマー深部静脈血栓症の予防190トランスファー手すり立ち上がり・移乗動作トレーニン グ136・209
ワールプール渦流による疼痛緩和・循環促進164平行棒シンクロレール歩行トレーニング130
フィジオ ラジオスティム プ ロ温熱療法・疼痛緩和178エクササイズミラー（鏡）姿勢確認・修正127
フィジオソノ温熱療法・疼痛緩和182ホリゾンタルレッグプレス立ち上がり動作トレーニング100
フィジオパック温熱療法・疼痛緩和184エクササイズブロック 立ち上がり・段差昇降トレーニング129
フィジオ5Dセット電気刺激療法・疼痛緩和170歩行訓練用階段階段昇降トレーニング128
フィジオアクティブHV2電気刺激療法・疼痛緩和172カーブ自走型歩行トレーニング138
歩幅測定・
ショックマスター疼痛緩和・血液循環改善・筋緊張緩和 192ゲイトトレーニングシステム3.1133
バイオフィードバックトレーニング
エイト疼痛緩和 193車椅子移動補助具 198・266
ロリアンスプリント関節の固定210ウォーカー、歩行補助器歩行補助具 25 9 〜261
杖各種歩行補助具・患肢免荷歩行  198・25 6 〜258
ROM（可動域）トレーニングアクティーモNR立位・歩行補助具240
トリートメントテーブル徒手訓練治療台 15 4 〜156
CPM拘縮予防・ROMex118持久力トレーニング
3e fitシリーズ動的ストレッチ108トレッドミル（全般）歩行走行動作トレーニング・有酸素運動 140
フィジオ ラジオスティム プ ロ温熱療法・柔軟性向上178プレラインシリーズ有酸素運動144
風神雷神下肢運動・有酸素運動145
筋力トレーニング
セラバンド、
セラバンド チューブ廃用予防・筋力トレーニング 116ADLトレーニング
ダンベル廃用予防・筋力トレーニング111・114レボリーチ 自助具・リーチの延長265
重錘バンド廃用予防・筋力トレーニング114自助具機能代償 26 2 〜265
フィジオアクティブHV2低周波刺激（EMSモード）172開放型浴室セット入浴動作シミュレーション208
下肢（下腿、膝周囲、股関節周囲）
ホリゾンタルレッグプレス100ADLシミュレーションシステ ムADL・自宅改修シミュレーション204
筋トレーニング
レッグエクステンション下肢（膝周囲）筋トレーニング101
ヒップアブダクション下肢（股関節周囲）筋トレーニング101
※弊社作成 無断使用厳禁41"
43,MMTWT1UIUNHYF,疾患別リハビリテーション機器 インデックス,,42疾患別リハビリテーション機器　インデックス 9696827456172116154 〜 156128100100101143146198・266256 〜 261204血圧・脈拍測定筋力評価（等尺性筋収縮）筋力評価（等速性筋収縮）筋活動評価全身運動・有酸素運動歩行走行動作トレーニング・有酸素運動 下肢運動・有酸素運動低周波刺激（EMSモード）バランス・足底感覚トレーニング荷重時バランストレーニング荷重時バランストレーニング歩行バランストレーニング立ち上がり動作・下肢筋力トレーニング 下肢（膝周囲）筋力トレーニング固有受容感覚トレーニングストレッチ廃用予防・筋力トレーニング 廃用予防・筋力トレーニング様々な姿勢でのレジスタンストレーニング  106立ち上がり・移乗動作トレーニング  136・209移動補助具 歩行補助具 自動血圧計96サーフィンPO（パルスオキシメータ）74メジャー78モービィ Z（HHD）56ウルティウム143137 〜 140フィジオアクティブHV2146セラバンド、セラバンド チューブトランスファー手すりトリートメントテーブル172歩行訓練用階段124ローイング123チェストプレス123トーソフレクション122プレステップ100コードレスバイクBFU/BFR101ケーブルカラムS1124150116車椅子114杖、歩行補助器ADLシミュレーションシステム ADL・自宅改修シミュレーション198・266256 〜 261204血圧・脈拍測定血中酸素飽和度測定胸郭拡張差・身体各部測定筋力評価（等尺性筋収縮）筋活動評価低周波刺激（EMSモード）廃用予防・筋力トレーニング立ち上がり・移乗動作トレーニング  136・209体位排痰トレーニング 階段昇降トレーニング上肢筋力トレーニング上肢筋力トレーニング体幹部筋力トレーニング全身運動・有酸素運動下肢運動・有酸素運動様々な姿勢でのレジスタンストレーニング  106移動補助具 歩行補助具 自動血圧計モービィ Z（HHD）バイオデックス システム4ウルティウムプレステップトレッドミル（全般）コードレスバイクBFU/BFRフィジオアクティブHV2リハウォーカーバランスパッド・エリートバランスパッド・XLバランスビームホリゾンタルレッグプレスレッグエクステンションディジョックボード（セット）エアレックスマットセラバンド、セラバンド チューブ重錘バンドケーブルカラムS1トランスファー手すり車椅子杖、歩行補助器ADLシミュレーションシステム ADL・自宅改修シミュレーション※弊社作成 無断使用厳禁評価廃用予防・筋力増強ADL（日常生活動作）トレーニング評価有酸素運動運動療法（筋力・バランス）ADL（日常生活動作）トレーニング呼吸器疾患心大血管疾患,"疾患別リハビリテーション機器　インデックス 
心大血管疾患呼吸器疾患
評価評価
自動血圧計血圧・脈拍測定96自動血圧計血圧・脈拍測定96
サーフィンPO
モービ ィZ（HHD）筋力評価（等尺性筋収縮）74血中酸素飽和度測定96
（パルスオキシメータ）
バイオデックス システム4筋力評価（等速性筋収縮）78メジャー胸郭拡張差・身体各部測定82
ウルティウム筋活動評価56モービ ィZ（HHD）筋力評価（等尺性筋収縮）74
ウルティウム筋活動評価56
有酸素運動
プレステップ全身運動・有酸素運動143廃用予防・筋力増強
歩行走行動作トレーニング・
トレッドミル（全般）13 7 〜140フィジオアクティブHV2低周波刺激（EMSモード）172
有酸素運動 
セラバンド、
コードレスバイクBFU/BFR下肢運動・有酸素運動146廃用予防・筋力トレーニング116
セラバンド チューブ
トランスファー手すり立ち上がり・移乗動作トレーニング  136・209
運動療法（筋力・バランス）トリートメントテーブル体位排痰トレーニング 15 4 〜156
フィジオアクティブHV2低周波刺激（EMSモード）172歩行訓練用階段階段昇降トレーニング128
リハウォーカーバランス・足底感覚トレーニング124ローイング上肢筋力トレーニング100
バランスパッド・エリート荷重時バランストレーニング123チェストプレス上肢筋力トレーニング100
バランスパッド・XL荷重時バランストレーニング123トーソフレクション体幹部筋力トレーニング101
バランスビーム歩行バランストレーニング122プレステップ全身運動・有酸素運動143
ホリゾンタルレッグプレス立ち上がり動作・下肢筋力トレーニング 100コードレスバイクBFU/BFR下肢運動・有酸素運動146
レッグエクステンション下肢（膝周囲）筋力トレーニング101ケーブルカラムS1様々な姿勢でのレジスタンストレーニング  106
ディジョックボード（セット）固有受容感覚トレーニング124
エアレックスマットストレッチ150AD（L日常生活動作）トレーニング
セラバンド、
廃用予防・筋力トレーニング 116車椅子移動補助具 198・266
セラバンド チューブ
重錘バンド廃用予防・筋力トレーニング114杖、歩行補助器歩行補助具 25 6 〜261
ケーブルカラムS1様々な姿勢でのレジスタンストレーニング  106ADLシミュレーションシステ ムADL・自宅改修シミュレーション204
AD（L日常生活動作）トレーニング
トランスファー手すり立ち上がり・移乗動作トレーニング  136・209
車椅子移動補助具 198・266
杖、歩行補助器歩行補助具 25 6 〜261
ADLシミュレーションシステ ムADL・自宅改修シミュレーション204
42※弊社作成 無断使用厳禁"
44,MMTWT4957HL17,評価測定,,P.44P.82P.54P. 73動作解析人体測定機能検査体力測定評 価 測 定," 評 価 測定
動作解析P.44機能検査P.54体力測定P .73
人体測定P.82"
45,MMTWT6D3F9ZJV,評価測定,動作解析,ヒトの動きを研究する学問は、技術の⾰新とともに急速に発展してきています。いままで、ヒトの動きを研究する研究者や臨床家は、何時間も何年もかけて 様々な動きに関するデータを蓄積・分析し、正確で効果的な結論を導き出していました。デジタル⾰命とモバイル⾰命によってハードウェアとソフトウェアが 統合されたノラクソンのユニークなプラットフォームは、 かつてないほどの柔軟性・拡張性を実現しました。myoMOTION TMmyoPRESSURE TMmyoMUSCLE TMmyoVIDEO TMmyoFORCE TMmyoANALOGTM4444評価測定運動療法水治療法物理療法救急ＡＤＬ・作業療法言語療法自立支援機器衛生・防災介護用入浴機器動作解析機能検査体力測定人体測定MR4統合解 析ソフトウェアノラクソン統合解析ソフトウェア　MR4臨床研究、人間工学研究、臨床活用の可能性が大きく広がります。,"統合 解析ソフトウェア
ノラクソン統合解析ソフトウェア　
MR4
評価測定
運動療法
臨床研究、人間工学研究、臨床活用の
水治療法
可能性が大きく広がります。
物理療法
ヒトの動きを研究する学問は、技術の⾰新とともに急速に発展してきています。
いままで、ヒトの動きを研究する研究者や臨床家は、何時間も何年もかけて 
救急様々な動きに関するデータを蓄積・分析し、正確で効果的な結論を導き出していました。
デジタル⾰命とモバイル⾰命によってハードウェアとソフトウェアが 
ＡＤＬ・
統合されたノラクソンのユニークなプラットフォームは、 
作業療法
かつてないほどの柔軟性・拡張性を実現しました。
言語療法
自立支援
機器
myomyo
TMTM
MOTIO NVIDE O
衛生・
防災
介護用myomyo
入浴機器PRESSUR ETMMR4FORC ETM
myomyo
TMTM
MUSCL EANALOG
動作解析
機能検査
体力測定
人体測定
4444"
46,MMTWT97PYJRPH,評価測定,動作解析,"詳しくはP.46詳しくはP.50詳しくはP.56詳しくはP.52詳しくはP.53シンクロライトEM-MR228 アナログ入力ボードEM-MR222BNC 評価測定運動療法水治療法物理療法救急ＡＤＬ・作業療法言語療法自立支援機器衛生・防災 介護用入浴機器   動作 解析機能 検査体力 測定人体 測定の動きを計測します。ミックの状態での足圧分布や床反力を計測します。マイオシンクロ、シンクロライトを使用することで、同期計測がさらに容易に。マイオシンクロEM-MR262 ビデオ画像を同期させるためのライト。運動学評価関節の角度など身体運動力学評価 スタティック・ダイナ筋電図学評価 筋活動を計測します。慣性センサー式 ポータブル3次元動作解析装置足圧分布計測筋電図計測 筋電計シリーズ2Dビデオ動作解析装置床反力計測アナログ信号計測送料 A¥185,000複数の機器で同時に計測するときに同期信号を各機種に送ります。送料 A¥98,000送料 A¥750,000外部計測装置のアナログ信号を入力するためのボード。45寸法質量チャンネル数 入力1ch、出力5ch寸法質量チャンネル数 入力1ch寸法質量チャンネル数 入力16chアナログ入力 範囲／±10V130(W)×52(D)×21(H)mm100ｇ46(W)×85(D)×16.5(H)mm55ｇ190(W)×140(D)×40(H)mm462ｇウルティウムモーションフォーゼウルティウムマイオビデオマイオフォースアナログ入力ボードMR4ひとつで多角的な動作分析が可能です","MR4ひとつで多角的な動作分析が可能です
運動学評価
関節の角度など身体
の動きを計測します。
詳しくは詳しくは評価測定
P.46P.52
慣性センサー式 
ポータブル3次元動作解析装置2Dビデオ動作解析装置
運動療法
ウルティウムモーションマイオビデオ
運動力学評価 水治療法
スタティック・ダイナ
ミックの状態での足物理療法
圧分布や床反力を計
測します。
詳しくは詳しくは
救急
P.50P.53
足圧分布計測床反力計測
フォーゼマイオフォースＡＤＬ・
作業療法
筋電図学評価 
言語療法
筋活動を計測します。
自立支援
機器
詳しくは
P.56衛生・
筋電図計測 筋電計シリーズアナログ信号計測防災 
ウルティウムアナログ入力ボード
介護用
入浴機器
マイオシンクロ、シンクロライトを使用することで、同期計測がさらに容易に。動 作解析
機 能検査
マイオシンクロ送料 A
EM-MR262  ¥185,000体 力測定
複数の機器で同時に計測するときに同期信号を各
人 体測定
機種に送ります。
寸法130(W)×52(D)×21(H)mm
質量100ｇ
チャンネル 数入力1ch、出力5ch
シンクロライト送料 A
EM-MR228  ¥98,000
ビデオ画像を同期させるためのライト。
寸法46(W)×85(D)×16.5(H)mm
質量55ｇ
チャンネル 数入力1ch
アナログ入力ボード送料 A
EM-MR222BNC  ¥750,000
外部計測装置のアナログ信号を入力するための
ボード。
寸法190(W)×140(D)×40(H)mm
質量462ｇ
チャンネル 数入力16ch
アナログ入 力範囲／±10V
45"
47,MMTWTBN0LBJ6X,評価測定,動作解析,"カタログ計測環境を選ばない、カメラ不要の3次元動作解析システム。実際の生活空間での計測が可能。計測準備が容易。⼩型軽量なモーションセンサー。充実した計測機能。WEBはこちら46ドリフトの少ない低ノイズなデータ計測が可能。評価測定運動療法水治療法物理療法救急ＡＤＬ・作業療法言語療法自立支援機器衛生・防災介護用入浴機器動作解析機能検査体力測定人体測定45mm33mmセグメントアングル個々のセンサーの傾きをピッチ・ロール・コース（ヨー）の各角度として表示します。オブジェクトセンサー人体以外の物体（道具など）にセンサーを設置し、動作中の人体の任意の部分と道具が成す角度やセンサーを取り付けた道具自体の傾斜角度を計測します。カスタムアングル任意の2つのセンサーを指定し2つのセンサー間の角度を計測します。計測データの微分／積分デジタル波形処理機能によりデータの微分／積分が可能です。それぞれの角度データから、角速度・角加速度などを求めることが可能です。直線加速度3軸の直線加速度を計測します。解剖学的角度関節を挟んで設置した２つのセンサーから、関節角度をリアルタイムに計算、表示します。軌跡描画機能関節軌跡や重心（想定点）の軌跡を描画します。テキストデータとして出力することで移動距離等の計算が可能です。カメラ不要で携帯性に優れるウルティウムモーションなら、好きな場所で計測可能です。センサーは小型・軽量（19ｇ）かつ無線式のため、動作を妨げることなく計測を行えます。カメラ式の解析装置では必須の空間のキャリブレーションがウルティウムモーションでは不要。身体へのセンサー取り付けも、迅速・簡便に行える為、数分でセットアップできます。新設計のモーションセンサーに内蔵される慣性センサーはジャイロ	 ：±7,000deg/s加速度	 ：±200G地磁気	 ：±16Gaussまでの計測に対応し高速なスポーツ動作の計測も可能。また、メモリを内蔵し、通 信 距 離 を 超 えてもデータをリカバリー可能です。3軸のジャイロ・加速度・地磁気のセンサーの情報からリアルタイムで関節角度の計測が可能です。計測精度はピッチ・ロール0.25度、コース1.25度。サンプリングレートは最大400Hz。精度の高い定量的評価を可能とします。12mm質量：19g慣性センサー式ポータブル3次元動作解析装置ウルティウムモーション  単品","計測環境を選ばない、
カメラ不要の3次元動作解析システム。
慣性センサー式
ポータブル3次元動作解析装置
評価測定WEBはこちら
ウルティウム
運動療法
単品
モーション  カタログ
水治療法
物理療法
救急
実際の生活空間での計測が可能。
ＡＤＬ・カメラ不要で携帯性に優れるウルティウムモーションなら、好きな
作業療法場所で計測可能です。
センサーは小型・軽量（19ｇ）かつ無線式のため、動作を妨げること
言語療法なく計測を行えます。
自立支援
機器
計測準備が容易。ドリフトの少ない低ノイズな
衛生・カメラ式の解析装置では必須の空間のキャリブレーションがウルデータ計測が可能。
防災ティウムモーションでは不要。身体へのセンサー取り付けも、迅速・3軸のジャイロ・加速度・地磁気のセンサーの情報からリアルタイ
簡便に行える為、数分でセットアップできます。ムで関節角度の計測が可能です。計測精度はピッチ・ロール0.25
介護用
入浴機器度、コース1.25度。サンプリングレートは最大400Hz。精度の高い
定量的評価を可能とします。
⼩型軽量なモーションセンサー。
新設計のモーションセンサーに内蔵される慣性センサーは
ジャイロ  ：±7,000deg/s
動作解析加速度  ：±200G45mm
12mm
地磁気  ：±16Gauss
機能検査
までの計測に対応し高
体力測定速なスポーツ動作の計
質量：19g
測も可能。
人体測定33mm
また、メモリを内蔵し、
 通 信 距 離 を 超えても
データをリカバリー可
能です。
セグメントアングル直線加速度
個々のセンサーの傾きをピッチ・3軸の直線加速度を計測します。
ロール・コース（ヨー）の各角度と
して表示します。
充実した計測機能。
解剖学的角度
オブジェクトセンサー
関節を挟んで設置した２つのセンサーから、関節
人体以外の物体（道具など）にセンサーを
角度をリアルタイムに計算、表示します。
設置し、動作中の人体の任意の部分と道
具が成す角度やセンサーを取り付けた道
具自体の傾斜角度を計測します。
カスタムアングル
任意の2つのセンサーを指定し2つのセンサー間の角度を計測します。
軌跡描画機能計測データの微分／積分
関節軌跡や重心（想定点）の軌跡を描画します。テキストデータとして出デジタル波形処理機能によりデータの微分／積分が可能です。それぞ
力することで移動距離等の計算が可能です。れの角度データから、角速度・角加速度などを求めることが可能です。
46"
48,MMTWTEGLKLXVW,評価測定,動作解析,"7420-2-431-1-3-5-7肩肘手股膝足12070440%0%0評価測定運動療法水治療法物理療法救急ＡＤＬ・作業療法言語療法自立支援機器衛生・防災 介護用入浴機器Noraxon MyoMotion Gait ReportNoraxon MyoMotion Gait ReportGait Phase ParametersGait Spatial Parameters足角, degGait Time ParametersGait Phasesﾁｬﾝﾈﾙｽﾀﾝｽ最小, degｽｲﾝｸﾞHip Flexion 左, degHip Abduction 左Hip Rotation - out 左Knee Flexion 左Ankle Dorsiflexion 左Hip Flexion 右Hip Abduction 右Hip Rotation - out 右Knee Flexion 右Ankle Dorsiflexion 右-9.18-6.41-9.37.19-15.5-12.3-9.14-6.354.43-19.4-1.14-0.12-3.07-2.74-17.1-5.773.740.574-1.36-21.2ﾄｰﾀﾙｽﾀﾝｽ最大値, degｽｲﾝｸﾞﾄｰﾀﾙｽﾀﾝｽﾚﾝｼﾞ, degｽｲﾝｸﾞﾄｰﾀﾙｽﾀﾝｽ平均, degｽｲﾝｸﾞﾄｰﾀﾙ-9.18-6.41-9.3-2.74-17.1-12.3-9.14-6.35-1.36-21.227.64.835.548.811.427.55.8110.643.212.226.65.894.1769.53.6326.67.746.2469.10.71127.65.895.569.511.427.57.7410.669.112.236.811.214.841.626.839.814.91738.731.627.76.017.2472.320.732.345.6770.421.936.812.314.872.328.539.816.91770.433.54.72-3.84-2.8917.60.4273.66-3.610.15414.40.72218.52.59-0.12441.1-4.8616.96.63.641-7.789.97-1.4-1.8426.5-1.588.840.3721.524.7-2.59Patientﾌﾟﾛｼﾞｪｸﾄ名前（漢字）名前（ふりがな）性別MyoMotionRecord名前計測日時ﾋﾟﾘｵﾄﾞ数Treadmill Gait - 2015/06/23 17:4510レポート作成92_男性Patientﾌﾟﾛｼﾞｪｸﾄ名前（漢字）名前（ふりがな）性別左左側側3020Hip Flexion 左, deg10-10-2061.7±0.561.5±0.5-0.311.8±0.511.4±0.4-3.538.5±0.338.3±0.6-0.511.4±0.411.8±0.53.238.3±0.538.5±0.50.5左左右右比比較較, %左左右右比比較較, %左左右右比比較較, %左左右右比比較較, %左左右右比比較較, %Hip Abduction 左, deg立脚相, %荷重応答期, %ｼﾝｸﾞﾙｻﾎﾟｰﾄ, %-8Hip Rotation - out 左, deg前遊脚期, %23.2±0.5-11遊脚相, %両脚支持期, %806050403020104.2±1.410.4±1.270±273±14.2Knee Flexion 左, deg左左右右左左右右比比較較, %-10Ankle Dorsiflexion 左, degｽﾃｯﾌﾟ長, cm144±22018±14.8±0.11050-5-10ｽﾄﾗｲﾄﾞ長, cm歩隔, cmﾍﾞﾛｼﾃｨ, km/hAttention: for insole recording, the spatial parameters are calculated assuming a fixed travel distance (as entered in the report setup step period definition)-20左 ﾋﾟﾘｵﾄﾞ 1 ｽﾀﾝｽ542±10548±6Amplitude Parameters1.1左左右右比比較較, %102030401090±10ｽﾃｯﾌﾟ 時間, msｽﾄﾗｲﾄﾞ 時間, msｹｰﾃﾞﾝｽ, ｽﾃｯﾌﾟ/分110±1ﾊﾞｲﾗﾃﾗﾙ歩行...Record名前計測日時ﾋﾟﾘｵﾄﾞ数MyoMotionレポート作成92_男性ﾊﾞｲﾗﾃﾗﾙ歩行Treadmill Gait - 2015/06/23 17:4510...Hip Flexion 右, deg右右側側302010-10-20Hip Abduction 右, deg10-1-6Hip Rotation - out 右, deg-11139-1-6-11Knee Flexion 右, deg80605040302010Ankle Dorsiflexion 右, deg-102010-10-20-302 ｽｲﾝｸﾞ 62.0右 ﾋﾟﾘｵﾄﾞ 1 ｽﾀﾝｽ2 ｽｲﾝｸﾞ 61.05060708090100102030405060708090100部位体幹・頭部上肢下肢※体幹と上腕の成す角度関節部関節角度屈曲／伸展頚部側屈（左／右）回旋（左／右）屈曲／伸展胸部側屈（左／右）回旋（左／右）屈曲／伸展腰部側屈（左／右）回旋（左／右）屈曲／伸展外転／内転内旋／外旋トータルフレクション※屈曲／伸展前腕回内／回外掌屈／背屈橈屈／尺屈屈曲／伸展外転／内転内旋／外旋屈曲／伸展底屈／背屈内がえし／外がえし外転／内転過去データや左右のデータとの比較標準データとの比較（歩行）加速度（X,Y,Z）頭部脊柱上部脊柱下部骨盤部上腕部前腕部手部大腿部下腿部足部計測項目一覧表471台3役。1つのシステムで運動学、運動力学、筋電図学を網羅。組み込みレポートにより計測後即座に解析。16センサー装着時（全身計測の場合）歩行レポート例動作 解析機能 検査体力 測定人体 測定1台のDASHレシーバーでセンサーの種類を問わず16個までのセンサーと通信可能※（EMGプローブまたはモーションセンサー）。ニーズに合わせて組み合わせは自由。組み込みレポートを使用すれば、計測されたデータをまとめて解析することも可能です。※17個以上のセンサーを使用する際には追加のレシーバーが必要です。7種類のレポートを標準搭載。計測後即座に結果をレポート可能です。レポートをカスタマイズし、オリジナルレポートを作成したり、標準データや過去データとの比較なども可能です。","計測項目一覧表
部位関節部関節角度加速度（X,Y,Z）
屈曲／伸展
頚部側屈（左／右）頭部
回旋（左／右）
屈曲／伸展
体幹・頭部胸部側屈（左／右）脊柱上部
回旋（左／右）
屈曲／伸展
脊柱下部
腰部側屈（左／右）
評価測定
回旋（左／右）骨盤部
屈曲／伸展
外転／内転運動療法
肩上腕部
内旋／外旋
トータルフレクション※
上肢
肘屈曲／伸展水治療法
前腕部
前腕回内／回外
掌屈／背屈
手手部
橈屈／尺屈物理療法
屈曲／伸展
股外転／内転大腿部
救急
内旋／外旋
下肢膝屈曲／伸展下腿部
16センサー装着時（全身計測の場合）
底屈／背屈ＡＤＬ・
足内がえし／外がえし足部作業療法
外転／内転
※体幹と上腕の成す角度
言語療法
自立支援
1台3役。機器
1つのシステムで運動学、運動力学、筋電図学を網羅。
衛生・
1台のDASHレシーバーでセンサーの種類を問わず16個までのセンサーと通信防災 
※
可能（EMGプローブまたはモーションセンサー）。
ニーズに合わせて組み合わせは自由。組み込みレポートを使用すれば、計測さ介護用
入浴機器
れたデータをまとめて解析することも可能です。
※17個以上のセンサーを使用する際には追加のレシーバーが必要です。
動 作解析
機 能検査
組み込みレポートにより計測後即座に解析。体 力測定
7種類のレポートを標準搭載。計測後即座に結果をレポート可能です。人 体測定
レポートをカスタマイズし、オリジナルレポートを作成したり、標準データや過去データとの比較なども可能です。
Noraxon MyoMotion Gait Report1
P名名性ﾌaﾟﾛ別前前tｼieﾞ（（ｪnふ漢ｸtﾄり字が）な）9M男2y性_oレMポotーioトn作成R名計ﾋﾟeﾘ前測cｵoﾄ日ﾞr数d時12T00re1a5d/0m6i/ll2 G3 a1i7t -:4 ﾊ5ﾞｲﾗﾃﾗﾙ歩行...
Gait Phases
Noraxon MyoMotion Gait Report2
P名名性ﾌaﾟﾛ前前別tｼieﾞ（（ｪnふ漢ｸtﾄり字が）な）9M男2y性_oレMポotーioトn作成R名計ﾋﾟeﾘ前測cｵoﾄ日ﾞr数d時12T00re1a5d/0m6il/l2 G3 a1i7t -:4 ﾊ5ﾞｲﾗﾃﾗﾙ歩行...
2300Hip Flexion 左, deg左左側側2300Hip Flexion 右, deg右右側側
AGGG両前歩立荷足遊ｹｼｽｽｽｽﾍttｰﾃﾃﾄﾄﾝﾞeaaa脚脚脚角遊重隔ｯｯｸﾃﾗﾗﾛntｲｲｼﾌﾌﾞﾞiiiio,,応支相相脚ﾃﾄﾄﾙﾝﾟﾟ  tttn ｨｻｽﾞﾞcd長:時   ,,持期答 m ,,長ﾎef    時PSTo,%%ﾟkｽ g間r,期期,ｰcﾃ m  i間ihp%nﾄmcｯm,,,s, mﾌ  /, omaa%% %ﾟhlme/esst 分rsei ecaPor ldPa inPgra, aathremra sapmaemtiatel epetarrteasemrerstesrs ar右右右右右右右右右右右右右右右右左左左左左左左左左左左左左左左左比比比比比比比比比比比比比比e c較較較較較較較較較較較較較較al,,,,,,,c       u%%%%%%%lated assuming1123333661111 5044011111138888a1594..............1 28233444555788f01277144i±±±±±±±±±±±±±±Ax---038±±048000000001133400000001AAHHHHHHKKe左11±±±±±±nniiiiiinn.....................ppppppdmeekk26002355555611111222344455555       eellAAFFRR eeﾋ  tll  bbooFFeerﾟDD------ttddﾘxxllaaaeepoouuii--------1112234568111122ｵoottxxrrccviiﾁnniiss0000000000000000001112233445557778oooottﾄ  iiｬeii%lnnffnnoo右左 ﾞllﾝ  eei  nnl--0右左ﾈ1xx   ,t   右左diiooﾙ doouuuｽennAHHKitts  gﾀ  右左niin右左pptdﾝeka  elARｽen1 e bo0FcDdtle aeouPtx cr(iisotoaiinfonasl ｽ2e n- 左ﾀx0 er 左ﾝioonｽa, un,dt------- t e-467991116dem 左左......2599r1134eg14....458e1333459g3, ,d 0dede eign最tgｽ e小tｲhﾝ,r 4eｸd0ﾞes --------0gr.0111223535e.......1701137777..p1224444677or5t0 sﾄeｰﾀtuﾙp---------6111226699- 09......127s113347....1123445683t2e pｽ ｲpﾝ7ｽeｸ0ﾀrﾞﾝi ｽo62d111224445.0 ..0123577888d........81223455668e0fi最ni大tｽiｲo値ﾝ9nｸ,0 ﾞd)0e.223456667g7.....6699112678....1113445667900ﾄｰﾀ右ﾙ ﾋ111225667..01257799ﾟ78--------ﾘ........1244556695----11111223456811111223ｵ00000000000000000001111344669ﾄ% ﾞ01 ｽｽAHHKﾀﾀﾝniinppｽﾝek  elｽAR1e111233334  bo0F1114466891Dd.........t7l266788889aeoutxcriisotoiinfonﾚl 2eﾝ nｽ-右ｼ0x ｲ 右ﾞiﾝo,o ,ｸdu ne,dﾞ t gde 右222356777右eg...001227026......3g1334447779, ,0 ddeeggﾄｰ4ﾀ0ﾙ1112333770223466891.........733455888950ｽﾀﾝｽ6---0000...2331134147..47...222568867.. 1224446679ｽｲﾝ7平ｸ0ｽﾞ均 ｲ6ﾝ, 1ｸd-.ﾞe0--0g.11244718...1366824578.....01681456699ﾄ9ｰ0ﾀﾙ---0-.112228931..146...1557889....024894455770過去データや左右のデータとの比較
歩行レポート例
標準データとの比較（歩行）
47"
49,MMTWTGVCMG1ST,評価測定,動作解析,"※	電源ケーブル、携帯電話等の影響による地磁気の乱れで計測で※	全身計測にはモーションセンサーが16個必要です。きない場合があります。ウルティウムモーションEM-UM03S （3センサーセット） EM-UM03  （3センサー） ドッキングステーションEM-UM873 キャリブレーションマット NEW  送料 A¥9,000EM-870M ウルティウムDASHEM-U880 モーションセンサー用シール 送料 A¥39,000EM-874E EM-UM03SEM-UM03オプションモーションセンサーレシーバー1式3個3個寸法質量電源入力充電可能センサー数 9個寸法305（W）×457（L）×2.5（H）mm約19ｇの小型センサー。キャリブレーション用ポジショニングマット。送料 A¥1,500,0001台で16個のモーションセンサーまたはEMGプローブの受信が可能。寸法質量計測範囲 ジャイロセンサー：±7,000deg/s計測精度 ピッチ・ロール/0.25度（RMS）、コース/1.25度電源［構成］全身用48送料 B¥5,900,000¥3,900,000ドッキングステーション（充電器）データ処理装置（ノート型）1台1式1台−−評価測定運動療法水治療法物理療法救急ＡＤＬ・作業療法言語療法自立支援機器衛生・防災介護用入浴機器送料 A¥250,000モーションセンサーおよびEMGプローブの充電と各センサーの内蔵メモリに蓄積された計測データの読み出しが可能。45（W）×258（L）×32（H）mm約178gDC5V寸法質量パワーサプライ174(W)×92(L）×170(H)mm約600g5VUSB（計測時）DC5V3A（センサー充電時）サンプリングレート 200Hz/400Hz伝送距離約30m（無線環境により異なります）通信可能センサー数 16個［構成］500個[付属品］ソフトウエア1式（MR4・マイオモーション）、モーションセンサー用シール1式、モーションストラップ1式、キャリブレーションマット1枚※	3センサーより、目的に合わせて任意のセンサー数でご導入いただけます。詳しくはお問い合わせください。33（W）×45（L）×12（H）mm約19g加速度センサー：±200G地磁気センサー：±16Gauss（RMS）リチウムイオンバッテリー（充電4時間で約10時間連続計測可能）ベースとなる3センサーのセット。新たにシステムを導入される際はEM-UM03Sを、ウルティウム筋電計を既にお持ちの場合はEM-UM03を選択できます。[構成］ウルティウムモーションセンサー 送料 A¥850,000EM-U870 モーションストラップ（全身用） 送料 A¥190,000EM-874X 動作解析機能検査体力測定人体測定","ウルティウムモーション送料 B
EM-UM03S（ 3センサーセット） ¥5,900,000
EM-UM03  （3センサー） ¥3,900,000
ベースとなる3センサーのセット。
新たにシステムを導入される際はEM-UM03Sを、ウルティウム筋電計
を既にお持ちの場合はEM-UM03を選択できます。
[構成］
ドッキングデータ
モーション
レシーバーステーション処理装置
評価測定センサー
（充電器）（ノート型）
EM-UM03S1式3個1台1式
EM-UM03−3個1台−
運動療法
※ 全身計測にはモーションセンサーが16個必要です。
[付属品］ソフトウエア1式（MR4・マイオモーション）、モーションセンサー用シール1式、
モーションストラップ1式、キャリブレーションマット1枚
水治療法※ 3センサーより、目的に合わせて任意のセンサー数でご導入いただけます。詳しくはお
問い合わせください。
物理療法
オプション
救急
ＡＤＬ・
作業療法
言語療法
自立支援
機器
衛生・
防災
ウルティウムDASH送料 Aウルティウムモーションセンサー 送料 Aドッキングステーション送料 A
介護用
入浴機器EM-U880 ¥1,500,000EM-U870 ¥850,000EM-UM873 ¥250,000
1台で16個のモーションセンサーまたはEMG約19ｇの小型センサー。モーションセンサーおよびEMGプローブの充
プローブの受信が可能。寸法33（W）×45（L）×12（H）mm電と各センサーの内蔵メモリに蓄積された計
寸法174(W)×92(L）×170(H)mm質量約19g測データの読み出しが可能。
質量約600g計測範 囲ジャイロセンサー：±7,000deg/s寸法45（W）×258（L）×32（H）mm
加速度センサー：±200G
パワーサプライ5VUSB（計測時）質量約178g
地磁気センサー：±16Gauss
DC5V3A（センサー充電時）
動作解析計測精 度ピッチ・ロール/0.25度（RMS）、コース/1.25度電源入力DC5V
サンプリングレー ト200Hz/400Hz
（RMS）充電可能センサー 数9個
伝送距離約30m
機能検査電源リチウムイオンバッテリー（充電4時間で約10
（無線環境により異なります）
時間連続計測可能）
通信可能センサー 数16個
体力測定※ 電源ケーブル、携帯電話等の影響による地磁気の乱れで計測で
きない場合があります。
人体測定
モーションセンサー用シール 送料 Aモーションストラップ（全身用） 送料 Aキャリブレーションマット NE W 送料 A
EM-874E ¥39,000EM-874X ¥190,000EM-870M ¥9,000
［構成］500個［構成］全身用キャリブレーション用ポジショニングマット。
寸法305（W）×457（L）×2.5（H）mm
48"
50,MMTWTJAF9GQ6T,評価測定,動作解析,"評価測定運動療法水治療法物理療法救急ＡＤＬ・作業療法言語療法自立支援機器衛生・防災 介護用入浴機器 動作 解析機能 検査体力 測定人体 測定オプションウルティウムモーション セット構成例型式品名ウルティウムモーション	3センサーセット EM-UM03Sウルティウムモーションセンサーマイオシンクロシンクロライト品名ウルティウムモーション	3センサーセット EM-UM03Sドッキングステーションウルティウムモーションセンサーマイオシンクロノラクソンハイスピードカメラ（120FPS） EM-V120N品名ウルティウムモーション	3センサーウルティウムモーションセンサーウルティウム	8chセット価格価格価格ノラクソンハイスピードカメラ NEW  送料 B¥900,000EM-V240N（最大240FPS） 最大240のFPSとグローバルシャッター対応により、高速な動作が歪みなく鮮明に撮影可能。ピッチング等のスポーツ動作を妨げないモーションセンサー用ハンドストラップ。EM-874GSR （右手用・S/M）EM-874GSL （左手用・S/M）EM-874GLR （右手用・L/XL）EM-874GLL （左手用・L/XL）ノラクソンハイスピードカメラ 送料 B¥450,000EM-V120N（最大120FPS） 筋電計を始めとしたノラクソンMR3シリーズに追加可能。USBで接続するだけの簡単セットアップ。ウルティウムモーション7センサーWEBカメラ同期セットウルティウムモーション16センサー（全身計測対応）ハイスピードカメラ（120FPS）同期セットウルティウムモーション7センサー筋電計8chセット¥5,900,000 ¥3,400,000 ¥185,000 ¥98,000 ¥9,583,000¥5,900,000 ¥250,000 ¥11,050,000 ¥185,000 ¥450,000 1台合計 ¥17,835,000¥3,900,000 ¥3,400,000 ¥7,200,000 1式合計 ¥14,500,000 送料 A各¥28,000 寸法（ストラップ部除く）寸法29（D）×20（W）×112（H）mm質量273g約10.1×8.9cm接続USB3.1（ビルトイン）その他 オートフォーカス、オートホワイトバランス、デジタルズーム約11.4×10.7cm［構成］ハイスピードカメラ1台、三脚1台49スポーツグローブ寸法72.5（D）×29.2（W）×35.2（H）mm質量118g接続USB3.1その他 グローバルシャッター、マニュアルフォーカス［構成］ハイスピードカメラ1台、三脚1台、接続ケーブル型式数量1式4個EM-U870EM-MR2621式EM-MR2281台合計型式数量1式EM-UM8731台EM-U87013個EM-MR2621式型式数量EM-UM031式EM-U8704個EM-U810MM8ご要望に合わせて構成可能です。詳しくはご相談ください。","オプション
評価測定
スポーツグローブ送料 Aノラクソンハイスピードカメラ 送料 Bノラクソンハイスピードカメラ NE W 送料 B運動療法
 各¥28,000 EM-V120N（最大120FPS） ¥450,000EM-V240N（最大240FPS） ¥900,000
筋電計を始めとしたノラクソンMR3シリーズ最大240のFPSとグローバルシャッター対応に
ピッチング等のスポーツ動作を妨げないモー水治療法
に追加可能。USBで接続するだけの簡単セットより、高速な動作が歪みなく鮮明に撮影可能。
ションセンサー用ハンドストラップ。
寸法アップ。寸法72.5（D）×29.2（W）×35.2（H）mm
型式
（ストラップ部除く）寸法29（D）×20（W）×112（H）mm質量118g
物理療法
EM-874GSR（ 右手用・S/M）質量273g接続USB3.1
約10.1×8.9cm接続USB3.1（ビルトイン）その 他グローバルシャッター、マニュアルフォーカス
EM-874GSL（ 左手用・S/M）その 他オートフォーカス、オートホワイトバランス、［構成］ハイスピードカメラ1台、三脚1台、接続ケーブル
デジタルズーム救急
EM-874GLR（ 右手用・L/XL）
約11.4×10.7cm［構成］ハイスピードカメラ1台、三脚1台
EM-874GLL（ 左手用・L/XL）
ＡＤＬ・
作業療法
ウルティウムモーション セット構成例言語療法
ウルティウムモーション7センサー
自立支援
WEBカメラ同期セット
機器
品名型式数量価格
ウルティウムモーション 3センサーセッ トEM-UM03S1式¥5,900,000 衛生・
ウルティウムモーションセンサーEM-U8704個¥3,400,000 防災 
マイオシンクロEM-MR2621式¥185,000 
介護用
シンクロライトEM-MR2281台¥98,000 
入浴機器
合計¥9,583,000
動 作解析
機 能検査
ウルティウムモーション16センサー（全身計測対応）
ハイスピードカメラ（120FPS）同期セット体 力測定
品名型式数量価格
人 体測定
ウルティウムモーション 3センサーセッ トEM-UM03S1式¥5,900,000 
ドッキングステーションEM-UM8731台¥250,000 
ウルティウムモーションセンサーEM-U87013個¥11,050,000 
マイオシンクロEM-MR2621式¥185,000 
ノラクソンハイスピードカメラ（120FPS ）EM-V120N1台¥450,000 
合 計¥17,835,000
ウルティウムモーション7センサー
筋電計8chセット
品名型式数量価格
ウルティウムモーション 3センサーEM-UM031式¥3,900,000 
ウルティウムモーションセンサーEM-U8704個¥3,400,000 
ウルティウム 8chセットEM-U810MM81式¥7,200,000 
合 計¥14,500,000 
ご要望に合わせて構成可能です。詳しくはご相談ください。
49"
51,MMTWTLZ860MTV,評価測定,動作解析,"〇〇〇〇〇〇〇〇〇×××〇〇〇〇〇〇評価測定運動療法水治療法物理療法救急ＡＤＬ・作業療法言語療法自立支援機器衛生・防災介護用入浴機器解析項目高密度な足圧分布解析を、トレッドミル型、プレート型の2種類から選んで行えます。トレッドミル型フォーゼ	フィジトレッドフォーゼ	キントレッド歩行やランニングなどの連続した足圧を計測MR4　マイオプレッシャー50足圧分布解析装置フォーゼフォーゼ150/300数歩の歩行時の足圧を計測MR4　マイオプレッシャー7ゾーンフォーゼ55/69静止時の足圧を計測MR4　マイオプレッシャー10ゾーンプレート型動作解析機能検査体力測定人体測定品名目的ソフトウエア足圧分布図足圧中心ダイアグラム足圧中心パラメータ歩行フェーズパラメータ歩行間隔パラメータ歩行時間パラメータゲイトレポート歩行に関するパラメータをまとめてレポートします。◦足圧分布図◦足圧中心ダイアグラム◦	足圧中心パラメータ（前後最大振幅、シングルサポートライン、前後方向位置、左右方向中心位置）◦	歩行フェーズパラメータ（立脚相、荷重応答期、立脚中期、前遊脚期、遊脚相、両脚支持期）◦歩行間隔パラメータ（足角、ステップ長、ストライド長、歩隔）◦	歩行時間パラメータ（ステップ時間、ストライド時間、ケイデンス、歩行速度）ゾーン別足圧レポートゲイトレポートの内容に加え、足底部位毎の足圧データをレポートします。足底を3ゾーン、7ゾーン、10ゾーンに分けて評価します。◦各ゾーンのピーク(Peak	force,	N)◦各ゾーンの接地時間(Start,	%)◦各ゾーンの離地時間(End,	%)◦各ゾーンの接地接続時間(Duration,	%)◦各ゾーンのピーク時間(Peak	time,	%)スタティックレポート静止立位や立位バランスの際のCOPや圧分布をレポートします。◦平均足圧図◦足圧中心パラメータ◦アドバンスパラメータ◦荷重分布多点高密度センサーで細かく計測し、平衡機能の評価や歩行解析に。多数の圧力センサーにより、足圧分布、荷重バランス、足圧中心等を計測。ビデオカメラを使えば、計測中の歩行状態なども録画が可能です。目的に合わせた解析項目が選べます。","高密度な足圧分布解析を、トレッドミル型、プレート型の2種類から選んで行えます。
足圧分布解析装置フォーゼ
多点高密度センサーで細かく計測し、平衡機能の評価や歩
行解析に。
多数の圧力センサーにより、足圧分布、荷重バランス、足圧中心等を計
評価測定
測。ビデオカメラを使えば、計測中の歩行状態なども録画が可能です。
運動療法
水治療法
物理療法
救急
ＡＤＬ・
作業療法
目的に合わせた解析項目が選べます。
言語療法
ゲイトレポートゾーン別足圧レポートスタティックレポート
自立支援歩行に関するパラメータをまとめてレポートします。ゲイトレポートの内容に加え、足底部静止立位や立位バランスの際のCOP
機器位毎の足圧データをレポートします。や圧分布をレポートします。
衛生・
防災
介護用
入浴機器
動作解析
機能検査
体力測定
◦足圧分布図◦平均足圧図
人体測定◦足圧中心ダイアグラム◦足圧中心パラメータ
◦ 足圧中心パラメータ（前後最大振幅、シングルサポートライン、前後方◦アドバンスパラメータ
向位置、左右方向中心位置）◦荷重分布
7ゾーン10ゾーン
◦ 歩行フェーズパラメータ（立脚相、荷重応答期、立脚中期、前遊脚期、
遊脚相、両脚支持期）足底を3ゾーン、7ゾーン、10ゾーン
に分けて評価します。
◦歩行間隔パラメータ（足角、ステップ長、ストライド長、歩隔）
◦ 歩行時間パラメータ（ステップ時間、ストライド時間、ケイデンス、歩行◦各ゾーンのピーク(Peak force, N)
速度）◦各ゾーンの接地時間(Start, %)
◦各ゾーンの離地時間(End, %)
◦各ゾーンの接地接続時間(Duration, %)
◦各ゾーンのピーク時間(Peak time, %)
トレッドミル型プレート型
フォーゼ フィジトレッド
品名フォーゼ55/69フォーゼ150/300
フォーゼ キントレッド
目的歩行やランニングなどの連続した足圧を計測静止時の足圧を計測数歩の歩行時の足圧を計測
ソフトウエアMR4　マイオプレッシャーMR4　マイオプレッシャーMR4　マイオプレッシャー
足圧分布図〇〇〇
足圧中心ダイアグラム〇〇〇
解
析足圧中心パラメータ〇〇〇
項歩行フェーズパラメータ〇×〇
目
歩行間隔パラメータ〇×〇
歩行時間パラメータ〇×〇
50"
52,MMTWTOE3BQ7AX,評価測定,動作解析,"※フォーゼ150を2枚使用フォーゼキントレッドEM-MP760  フォーゼ69EM-MPF705  フォーゼ300EM-MPF711  フォーゼフィジトレッド EM-MP790  フォーゼ55EM-MPF702  フォーゼ150EM-MPF710  トレッドミル型プレート型51送料 御見積¥13,000,000歩行やランニングなどの連続データ計測に。外形／2083（L）×861（W）×1311（D）mm寸法走行面／1500（L）×500（W）mm静止時の足圧分布解析に。寸法数歩のステップの足圧分布解析に。寸法外形／2301（L）×744（W）×1450（D）mm走行面／1700（L）×650（W）mm質量電源312kgAC200V	20A速度正転0.1～25.0km/h傾斜センサー数計測範囲0～28%45761～120Ｎ/cm2［構成］本体１台、データ処理装置（ノートPC）1式、ソフトウェア（MR4	 マイオプレッシャー）、接続ケーブル1本、AC	アダプター1個、昇圧トランス(AC200V→AC230V)送料 E¥4,000,000690（L）×400（W）×21（H）mm計測エリア540（L）×330（W）mm1～120Ｎ/cm2計測範囲サンプリングレート 120Hzセンサー数2560質量5.8kg［構成］本体１台、データ処理装置（ノートPC）1式、ソフトウェア（MR4	 マイオプレッシャー）、接続ケーブル1本、AC	アダプター1個送料 F¥7,000,0003070（L）×605（W）×21（H）mm計測エリア2980（L）×542（W）mm1～120Ｎ/cm2計測範囲サンプリングレート 100Hzセンサー数22,528質量32.2kg［構成］本体１台、データ処理装置（ノートPC）1式、ソフトウェア（MR4	 マイオプレッシャー）、接続ケーブル1本、AC	アダプター1個質量電源211kgAC200V	15A速度正転0.1～22.0km/h傾斜センサー数計測範囲0～20%31201～120Ｎ/cm2［構成］本体１台、データ処理装置（ノートPC）1式、ソフトウェア（MR4	 マイオプレッシャー）、接続ケーブル1本、AC	アダプター1個550（L）×400（W）×21（H）mm計測エリア400（L）×300（W）mm1～120Ｎ/cm2計測範囲サンプリングレート 120Hzセンサー数1920質量4.9kg［構成］本体１台、データ処理装置（ノートPC）1式、ソフトウェア（MR4	 マイオプレッシャー）、接続ケーブル1本、AC	アダプター1個1580（L）×605（W）×21（H）mm計測エリア1490（L）×542（W）mm1～120Ｎ/cm2計測範囲サンプリングレート 100Hzセンサー数11,264質量16.1kg［構成］本体１台、データ処理装置（ノートPC）1式、ソフトウェア（MR4	 マイオプレッシャー）、接続ケーブル1本、AC	アダプター1個静止時の足圧分布解析に。寸法数歩のステップの足圧分布解析に。寸法送料 御見積¥27,000,000高速度対応。転倒防止ハーネスを取付可能な高機能モデル。寸法送料 E¥4,800,000送料 G¥13,000,000評価測定運動療法水治療法物理療法救急ＡＤＬ・作業療法言語療法自立支援機器衛生・防災 介護用入浴機器動作 解析機能 検査体力 測定人体 測定","トレッドミル型
評価測定
運動療法
 水治療法
フォーゼフィジトレッド送料 御見積フォーゼキントレッド送料 御見積
EM-MP79 0 ¥13,000,000EM-MP76 0 ¥27,000,000
歩行やランニングなどの連続データ計測に。高速度対応。転倒防止ハーネスを取付可能な高機能モデル。物理療法
寸法外形／2083（L）×861（W）×1311（D）mm寸法外形／2301（L）×744（W）×1450（D）mm
走行面／1500（L）×500（W）mm走行面／1700（L）×650（W）mm
質量211kg質量312kg救急
電源AC200V 15A電源AC200V 20A
速度正転0.1～22.0km/h速度正転0.1～25.0km/h
傾斜0～20%傾斜0～28%ＡＤＬ・
センサー数3120センサー数4576作業療法
計測範囲1～120Ｎ/cm2計測範囲1～120Ｎ/cm2
［構成］本体１台、データ処理装置（ノートPC）1式、ソフトウェア（MR4  マイオプレッ［構成］本体１台、データ処理装置（ノートPC）1式、ソフトウェア（MR4  マイオプレッ
シャー）、接続ケーブル1本、AC アダプター1個シャー）、接続ケーブル1本、AC アダプター1個、昇圧トランス(AC200V→AC230V)言語療法
自立支援
機器
衛生・
防災 
介護用
入浴機器
プレート型
動 作解析
機 能検査
体 力測定
人 体測定
フォーゼ55送料 Eフォーゼ69送料 E
EM-MPF70 2 ¥4,000,000EM-MPF70 5 ¥4,800,000
静止時の足圧分布解析に。静止時の足圧分布解析に。
寸法550（L）×400（W）×21（H）mm寸法690（L）×400（W）×21（H）mm
計測エリア400（L）×300（W）mm計測エリア540（L）×330（W）mm
計測範囲1～120Ｎ/cm2計測範囲1～120Ｎ/cm2
サンプリングレー ト120Hzサンプリングレー ト120Hz
センサー数1920センサー数2560
質量4.9kg質量5.8kg
［構成］本体１台、データ処理装置（ノートPC）1式、ソフトウェア（MR4  マイオプレッ［構成］本体１台、データ処理装置（ノートPC）1式、ソフトウェア（MR4  マイオプレッ
シャー）、接続ケーブル1本、AC アダプター1個シャー）、接続ケーブル1本、AC アダプター1個
フォーゼ150送料 Fフォーゼ300送料 G
EM-MPF71 0 ¥7,000,000EM-MPF71 1 ¥13,000,000
数歩のステップの足圧分布解析に。数歩のステップの足圧分布解析に。
寸法1580（L）×605（W）×21（H）mm寸法3070（L）×605（W）×21（H）mm
計測エリア1490（L）×542（W）mm計測エリア2980（L）×542（W）mm
計測範囲1～120Ｎ/cm2計測範囲1～120Ｎ/cm2
サンプリングレー ト100Hzサンプリングレー ト100Hz
センサー数11,264センサー数22,528
質量16.1kg質量32.2kg
［構成］本体１台、データ処理装置（ノートPC）1式、ソフトウェア（MR4  マイオプレッ※フォーゼ150を2枚使用
シャー）、接続ケーブル1本、AC アダプター1個［構成］本体１台、データ処理装置（ノートPC）1式、ソフトウェア（MR4  マイオプレッ
シャー）、接続ケーブル1本、AC アダプター1個
51"
53,MMTWTQVKD43A3,評価測定,動作解析,"右9 deg右4 deg右3 deg右-1 deg右0 deg左3 deg左7 degPPoowweerrss    ラランンニニンンググアアセセススメメンントト  レレポポーートト  PPoowweerrss    ラランンニニンンググアアセセススメメンントト  レレポポーートト  Patient名前２名前1*性別Powers Running Assessment2D Markerless女性LEFTｸﾛｽｵｰﾊﾞｰｻｲﾝ骨盤の前傾膝関節 外反体幹の側屈つま先と膝の位置体幹の前傾膝関節の屈曲制限足関節 回内股関節の屈曲制限ｸﾛｽｵｰﾊﾞｰｻｲﾝはい左いいえいいえ右いいえ骨盤の下制6.0 - 10.0はい左いいえ体幹の前傾5.0 - 10.0はい左いいえSubject CommentsRecord名前計測日時ﾋﾟﾘｵﾄﾞ数LT & Posterior (13 mph)2024/03/28 03:488SCORERIGHTPARAMETERSｸﾛｽｵｰﾊﾞｰｻｲﾝ骨盤の前傾膝関節 外反膝関節 内反股関節 内転体幹の側屈膝関節 内反骨盤の下制足関節 回内股関節 内転骨盤の下制膝関節 外反6.0 - 10.0膝関節 内反6.0 - 10.0股関節 内転6.0 - 10.0足関節 回内いいえ右いいえ股関節の屈曲制限15.0 - 25.0膝関節の屈曲制限30.0 - 40.0つま先と膝の位置体幹の側屈6.0 - 10.0骨盤の前傾10.0 - 20.0いいえ右Record CommentsSubject CommentsPatient名前２名前1*性別Powers Running Assessment2D Markerless女性Record名前計測日時ﾋﾟﾘｵﾄﾞ数LT & Posterior (13 mph)2024/03/28 03:488VIDEO ANALYSISRecord CommentsPelvic Tilt at Toe off RT, 7.09 Ninox 120Ninox 120Ninox 2Ninox 214.4> 10.0左1 deg< 6.0> 10.0> 10.0右< 5.018.019.224.013.09.612.816.0Ankle Dorsiflex Max LT, 6.28 00012012秒秒13評価測定運動療法水治療法物理療法救急ＡＤＬ・作業療法言語療法自立支援機器衛生・防災介護用入浴機器    < 6.0< 6.0> 10.0左6 deg< 6.0> 10.0左8 deg> 25.0右< 15.0左19 deg> 40.0右< 30.0左38 deg> 10.0左0 deg< 6.0> 20.0左27 deg< 10.0右25 degAI技術により反射マーカー不要でワンクリックでトラッキングが可能。ビデオ撮影するだけで 動作解析が可能。簡単に測定が可能。筋電計や足圧計、床反力計と簡単に同期。パワーズランニングアセスメントWEBはこちら52※	床 反 力 計 の デ ー タ 取り込 み に は マ イ オフォース（EM-F470A）が必要です。動作解析機能検査体力測定人体測定ハイスピードカメラで撮影するだけで、各時系列に沿った関節角度や地面とのコンタクトタイミングの解析が可能です。反射マーカーやセンサーの装着が不要なため、着衣のまますぐに測定が開始できます。ノラクソン筋電計やフォーゼ、マイオフォース等と同期すれば、筋電図情報や足圧分布、フォースベクトル等も合わせて1台で同時に解析できます。ランニングバイオメカニクスの専門家であるクリストファー・パワーズ博士監修によるランニングパフォーマンスの最適化と、ランニングによる怪我のリスク低減を目的としたアセスメントツールです。トレッドミル上のランニング動作を前額面と矢状面からビデオで撮影した動画から関節角度や離地/接地を自動的にトラッキング、専用のレポート（アセスメントシート）により、計測後即座に結果をフィードバック可能です。ハムストリングス損傷等のランニングによる主要な怪我がリスクアセスメントの対象に含まれています。２Dビデオ動作解析装置マイオビデオ","AI技術により反射マーカー不要でワンクリックでトラッキングが可能。
WEBはこちら
２Dビデオ動作解析装置
マイオビデオ
評価測定
運動療法
水治療法ビデオ撮影するだけで 
動作解析が可能。
物理療法ハイスピードカメラで撮影するだけで、
各時系列に沿った関節角度や地面との
コンタクトタイミングの解析が可能です。
救急
ＡＤＬ・
簡単に測定が可能。
作業療法
反射マーカーやセンサーの装着が
言語療法不要なため、着衣のまますぐに
測定が開始できます。
自立支援
機器
筋電計や足圧計、床反力計と簡単に同期。
衛生・
防災ノラクソン筋電計やフォーゼ、マイオフォース等と同期すれば、
筋電図情報や足圧分布、フォースベクトル等も合わせて1台で
介護用同時に解析できます。
入浴機器
動作解析
機能検査
体力測定
人体測定
※  床 反 力 計 の デ ー タ取り 込 み に は マ イオ
フォース（EM-F470A）が必要です。
パワーズランニングアセスメント
ランニングバイオメカニクスの専門家であるクリストファー・パP名名性a別前前tie1２n*tPPoowwee2女PrrDoss性w Me  ar  sr kララReurlneンンnssingニニ AsseンンssmググentアアR名計ﾋセセﾟeﾘ前測cｵoﾄ日rﾞスス数d時メメンントト28L  T0レレ 2&4 /P0ポポo3s/2te8r ーーi0o3r :(418トト3 m  ph)P名名性a別前前tie1２n*tPPoowwee2女PrrDoss性w Me  ar  sr kララReurlneンンnssingニニ AsseンンssmググentアアR名計ﾋセセﾟeﾘ前測cｵoﾄ日rﾞスス数d時メメンントト28L  T0レレ 2&4 /P0ポポo3s/2te8r ーーi0o3r :(418トト3 m  ph)
ワランーニズン博グ士に監よ修るに怪よ我るのラリンスニクン低グ減パをフォ目ー的マとしンたスアのセ最ス適メ化ンとト、0LEFT14.4118.90.2P24A.0RSACMOERTEE0RSRIGHT9.612.813.016.0Ankle Dorsiflex Max LT, 6.28 秒Ninox 120VIDEO ANPAelvLicY TilSt aIt SToe off RT, 7.09 秒Ninox 120
ツールです。体幹の骨側盤屈の前傾ｸﾛｽｵｰﾊﾞｰｻｲﾝ膝関節膝 外関反節 内反骨盤の前傾ｸﾛｽｵｰﾊﾞｰｻｲﾝ膝関節 外反
トレッドミル上のランニング動作を前額面と矢状面からビデオつま先と膝の位置012股関節 内転体幹の側屈012膝関節 内反
で撮影した動画から関節角度や離地/接地を自動的にトラッキ体膝幹関の節の前傾屈曲制限股関節の屈曲制限足関節骨 回盤内の下制足関節 回内骨盤の下制股関節 内転Ninox 2Ninox 2
ング、専用のレポート（アセスメントシート）により、計測後即座いはい左いえｸﾛｽｵｰﾊﾞｰｻｲいいﾝいい右ええ> 101. 0左deg膝6関.0 節- 1 0外.0反-1 右d<e g6.0> 106. 0左deg膝6関.0 節- 1 0内.0反4 右de<g 6.0> 108. 0左deg股6関.0 節- 1 0内.0転9 右de<g 6.0
に結果をフィードバック可能です。> 103. 0左deg骨6盤.0 の- 1下0.0制0 右de< g6.0いはい左いえ足関節 回内いいいい右ええ< 1159.0左 股de関g1節5.の0 -屈 25曲.0制限右> 25.0< 3308.0左 膝de関g3節0.の0 -屈 40曲.0制限右> 40.0
< 57.0 左deg体5幹.0 の- 1前0.0傾右> 10.0いはい左ついえま先と膝の位い置い右え> 100. 0左deg体6幹.0 の- 1側0.0屈3 右de<g 6.0> 2207.0左 deg骨10盤.0の - 2前0.傾025右 d< e1g0.0
ハムストリングス損傷等のランニングによる主要な怪我がリス
クアセスメントの対象に含まれています。
Subject CommentsRecord CommentsSubject CommentsRecord Comments
    
13
52"
54,MMTWTTDFMVA2X,評価測定,動作解析,"],1評価測定運動療法水治療法物理療法救急ＡＤＬ・作業療法言語療法自立支援機器衛生・防災 介護用入浴機器    ジジャャンンププ解解析析レレポポーートト（（AAddvvaanncceedd  ））Squat Jump2023/01/25 07:442ｽｸﾜｯﾄｼﾞｬﾝﾌﾟLanding, StatisticsNinox 120平均 単位 [最大値 単位 []26.30.8-5.527.10.9-3.84.65.11267.61318.63.02.01.51.00.50.0-0.5-1.0-1.5-2.01.501.757 Po...2.00-3.0Subject名前1*名前２Force Plate, EMG, & IMUJumpRecord名前計測日時ﾋﾟﾘｵﾄﾞ数Jump typeVideo AnalysisLoading, StatisticsFlight, StatisticsNinox 120Ninox 120Jump Parametersﾊﾟﾗﾒｰﾀｰﾈｯﾄｲﾝﾊﾟﾙｽから求めるｼﾞｬﾝﾌﾟの高さ [cm]ﾈｯﾄｲﾝﾊﾟﾙｽによる反応強度ｲﾝﾃﾞｯｸｽ運動の非対象性ｲﾝﾃﾞｯｸｽﾌｪｰｽﾞ(運動の非対象性ｲﾝﾃﾞｯｸｽﾌｪｰｽﾞ(1) [%]ﾋﾟﾘｵﾄﾞ 1ﾋﾟﾘｵﾄﾞ 227.10.88-3.825.60.80-7.32) [%]5.14.1Peak Propulsive Force [N]1318.641216.64Jump Signature時時間間, ses/mｨｨﾃﾃｼｼﾛﾛﾞﾞﾍﾍ1 Pr... 3 Propulsive 0.14 Flight 0.45 Landing Ecc. 0.96 Landing Conc. 1.20.000.250.500.751.001.25Subject CommentsRecord CommentsマイオビデオHPEM-V120HP マイオフォースEM-F470A マイオビデオEM-V403A 運動学・筋電図学評価に運動力学評価をプラス。オプションノラクソンハイスピードカメラ NEW  送料 B¥900,000EM-V240N（最大240FPS） 最大240のFPSとグローバルシャッター対応により、高速な動作が歪みなく鮮明に撮影可能。送料 F¥3,600,000新たにシステムを導入する方向けの、2台の120FPSハイスピードカメラ、ソフト、データ処理装置、同期システムを含むセットです。送料 A¥2,500,000既に筋電計などをお持ちの方はソフトウェアのみでもお求めいただけます。送料 A¥1,500,000床反力計からの信号を取り込み、フォースベクトルとCOPの変化の様子を3Dアニメーションとビデオ映像上にリアルタイムに表示。主要床反力計メーカーの製品に対応します。（具体的な適合機種についてはお問い合わせください。）ジャンプ解析の専用レポートを搭載し、ジャンプフェーズを自動検出。床反力計のデータを簡単かつ迅速に計測・解析可能です。※床反力計は別売です。※アナログ接続の場合、アナログ入力ボード（EM-MR222BNC）が必要です。※本商品にデータ処理装置（PC）、カメラは付属しません。　データ処理装置（EM-P6）、マイオビデオ等を別途お求めください。ノラクソンハイスピードカメラ 送料 B¥450,000EM-V120N（最大120FPS） 筋電計を始めとしたノラクソンMR3シリーズに追加可能。USBで接続するだけの簡単セットアップ。53床反力計測ソフトマイオフォース寸法72.5（D）×29.2（W）×35.2（H）mm質量118g接続USB3.1その他 グローバルシャッター、マニュアルフォーカス［構成］ハイスピードカメラ1台、三脚1台、接続ケーブルジャンプ解析レポート例寸法29（D）×20（W）×112（H）mm質量273g接続USB3.1（ビルトイン）その他 オートフォーカス、オートホワイトバランス、デジタルズーム［構成］ハイスピードカメラ1台、三脚1台2枚までの床反力計に対応。［構成］	ノラクソンハイスピードカメラ（120FPS）2台、データ処理装置１台、	マイオシンクロ１台、ソフトウェア（MR4マイオビデオ）	一式※付属のハイスピードカメラは反射マーカーには対応しておりません。［主な機能］・リアルタイムフォースベクトルオーバーレイ（FVO）・ジャンプフェーズの自動識別（ローディング、離地、着地）・ノラクソンMR4デバイス（筋電計、ウルティウムモーション他）との同期［構成］	ソフトウェア（MR4マイオビデオ）一式動作 解析機能 検査体力 測定人体 測定","マイオビデオHP送料 F
EM-V120HP ¥3,600,000
新たにシステムを導入する方向けの、2台の120FPSハイスピードカメラ、
ソフト、データ処理装置、同期システムを含むセットです。
［構成］ ノラクソンハイスピードカメラ（120FPS）2台、データ処理装置１台、 
マイオシンクロ１台、ソフトウェア（MR4マイオビデオ） 一式
※付属のハイスピードカメラは反射マーカーには対応しておりません。
評価測定
運動療法
オプション
水治療法
ノラクソンハイスピードカメラ 送料 Bノラクソンハイスピードカメラ NE W 送料 Bマイオビデオ送料 A
EM-V120N（最大120FPS） ¥450,000EM-V240N（最大240FPS） ¥900,000EM-V403A ¥2,500,000
筋電計を始めとしたノラクソンMR3シリーズ最大240のFPSとグローバルシャッター対応に既に筋電計などをお持ちの方はソフトウェアの物理療法
に追加可能。USBで接続するだけの簡単セットより、高速な動作が歪みなく鮮明に撮影可能。みでもお求めいただけます。
アップ。寸法72.5（D）×29.2（W）×35.2（H）mm［構成］ ソフトウェア（MR4マイオビデオ）一式
寸法29（D）×20（W）×112（H）mm質量118g救急
質量273g接続USB3.1
接続USB3.1（ビルトイン）その 他グローバルシャッター、マニュアルフォーカス
ＡＤＬ・
その 他オートフォーカス、オートホワイトバランス、［構成］ハイスピードカメラ1台、三脚1台、接続ケーブル
作業療法
デジタルズーム
［構成］ハイスピードカメラ1台、三脚1台
言語療法
運動学・筋電図学評価に運動力学評価をプラス。自立支援
機器
衛生・
床反力計測ソフトマイオフォース防災 
介護用
入浴機器
動 作解析
機 能検査
体 力測定
人 体測定
マイオフォース送料 A
EM-F470A  ¥1,500,000
床反力計からの信号を取り込み、フォースベクトルとCOPの変化の様
S名名u前前bj1２e*ctジジFJuomrcャャpe Pンンlate,ププ EMG解解, & 析析IMUレレポポRーーJ名計ﾋuﾟeﾘ前測mcｵoトトpﾄ日rﾞ 数tdy時（（peAAddvvaann22Sccｽ0qｸee2ﾜu3aｯdd/ﾄt0 ｼJ1  ﾞuｬ/））2mﾝ5ﾌp ﾟ07:44子を3Dアニメーションとビデオ映像上にリアルタイムに表示。
VLoiaddeingo,  SAtantisaticlsysisNinox 120Flight, StatisticsNinox 120Landing, StatisticsNinox 120
主要床反力計メーカーの製品に対応します。（具体的な適合機種につ
2枚までの床反力計に対応。いてはお問い合わせください。）
J((Pの運運ﾈﾈﾊﾝuﾌﾌﾃﾟｯｯe高ｪｪﾗm動動ﾄﾄﾞaｰｰｯﾒｲｲkさｸｰｽｽののpﾝﾝ ｽ Pﾀﾞﾞﾊﾊ[非非12 cｰrPﾟﾟ))moﾙﾙ  対対[[paｽｽ%%]u象象かにr]]lasよら性性imvる求eｲｲ反 ﾝﾝeめFﾃﾃto応るﾞﾞerｯｯｼc強rｸｸeﾞｽｽsｬ 度[ﾝNﾌｲ]ﾟﾋﾟﾘｵﾄﾞ 1131802-.5.3768...11488ﾋﾟﾘｵﾄﾞ 2121026-.47.568...01346平 均 [単位]1226-04567.....63568最大 値 [単位]1312-30578.....11689ジ床ャ反ン力プ計解の析デのー専タ用をレ簡ポ単ーかトつを迅搭速載にし計、測ジ・ャ解ン析プ可フ能ェでーすズ。を自動検出。
Juｨｨｼｼﾃﾃﾍﾍﾛﾛﾞﾞ ,/ems1m0 P.0rp0.. . S3i gPrnopautl0su.i2vre5e 0.14 Fli0g.h5t0 0.40.755 Land1時時i.n0間間g0 E, csc. 0.96 L1a.n2d5ing Conc. 1.21.501.757 2P.0o0...-----00112301123......000055.....00055※※※　アデ床本ナー反商ロタ力品グ処に計接デ理は続ー装別のタ置売（処場でE理合すM装、。-Pア置6ナ（）、ロPマCグイ）、入オカ力ビメボデラーオはド等付（を属EM別し-ま途MせおR2ん求2。め2BくNだCさ）がい必。要です。
［主な機能］
Subject CommentsRecord Comments
  ・リアルタイムフォースベクトルオーバーレイ（FVO）
1・ジャンプフェーズの自動識別（ローディング、離地、着地）
ジャンプ解析レポート例・ノラクソンMR4デバイス（筋電計、ウルティウムモーション他）との同期
53"
55,MMTWTWNTFKHH2,評価測定,機能検査,カタログタブレットで手軽に筋電図バイオフィードバックトレーニング。感覚では掴みにくい個々の筋活動を視覚（画面表示）と聴覚（音）で分かりやすくフィードバック。視覚と聴覚で筋電図フィードバック。グラフ変化が視覚へ、設定閾値を用いたサウンドが聴覚へ、筋活動WEBはこちら54評価測定運動療法水治療法物理療法救急ＡＤＬ・作業療法言語療法自立支援機器衛生・防災介護用入浴機器動作解析機能検査体力測定人体測定設定した閾値を視覚・聴覚で意識しながら、筋電図バイオフィードバックトレーニングができる筋電計（2ch)とタブレット（専用アプリ「ウルティウムフィードバック」インストール済み）のセットです。「収縮がみられない筋」もしくは「わずかしか収縮がみられない筋」の活動を引き出すため、また「過緊張状態の筋」や「緊張が下がりにくい筋」のリラクゼーションのためのトレーニングに最適です。をわかりやすくフィードバック。タブレット内蔵カメラを用いた映像フィードバックも可能です。図とその最大値・平均値がグラフで表示されます。また、設定した閥値を超えた時間と下回った時間のグラフが作成されます。す。トレーニング時の計測・記録・レポート出力がタブレット1つで完結します。レポート機能。トレーニングレポートをPDFで出力できます。トレーニング中の筋電データ記録機能。被験者の登録と、被験者ごとのトレーニングデータの記録が行えまウルティウムフィードバックセット  単品,"WEBはこちら
タブレットで手軽に筋電図バイオフィードバックトレーニング。
ウルティウム
単品
フィードバックセット  カタログ
評価測定
運動療法
水治療法
物理療法
救急
ＡＤＬ・
作業療法
言語療法
自立支援
機器感覚では掴みにくい個々の筋活動を
視覚（画面表示）と聴覚（音）で分かりやすくフィードバック。
衛生・
防災
設定した閾値を視覚・聴覚で意識しながら、筋電図バイオフィードバックトレーニングができる筋電計（2ch)と
タブレット（専用アプリ「ウルティウムフィードバック」インストール済み）のセットです。
介護用
入浴機器「収縮がみられない筋」もしくは「わずかしか収縮がみられない筋」の活動を引き出すため、また「過緊張状態の
筋」や「緊張が下がりにくい筋」のリラクゼーションのためのトレーニングに最適です。
視覚と聴覚で筋電図フィードバック。レポート機能。
グラフ変化が視覚へ、設定閾値を用いたサウンドが聴覚へ、筋活動トレーニングレポートをPDFで出力できます。トレーニング中の筋電
動作解析
をわかりやすくフィードバック。タブレット内蔵カメラを用いた映像図とその最大値・平均値がグラフで表示されます。また、設定した閥
機能検査フィードバックも可能です。値を超えた時間と下回った時間のグラフが作成されます。
体力測定
人体測定
データ記録機能。
被験者の登録と、被験者ごとのトレーニングデータの記録が行えま
す。トレーニング時の計測・記録・レポート出力がタブレット1つで完
結します。
54"
56,MMTWTYYDQ9650,評価測定,機能検査,"55送料 A¥100,000データ保存やビデオフィードバック機能を搭載したアップグレード版です。※EM-U810BFからの更新用です。プローブ用シール504個、表面電極1式※各構成品の仕様はP.57	ウルティウム用オプションをご参照ください。※EMGプローブは最大4個まで使用可能です。［動作環境］OSメモリ（RAM）ストレージその他ウルティウムフィードバックセットV2送料 F¥1,100,000EM-U810BF2 ［構成］EMGプローブ2個、ドッキングステーション1台、フィードバック用タブレット1式、ウルティウムフィードバックアプリEM-APP01 Android10以上4GB以上32GB以上BLE（Bluetooth）規格対応評価測定運動療法水治療法物理療法救急ＡＤＬ・作業療法言語療法自立支援機器衛生・防災 介護用入浴機器動作 解析機能 検査体力 測定人体 測定[アップデート例]DASHレシーバー、データ処理装置、マイオマッスル（ソフトウェア）等を追加で購入することで、本格的な解析が可能な筋電計にアップデート可能です。腱板損傷・肩関節周囲炎ローテーターカフ、特に棘上筋を損傷し肩関節外転が困難な場合、肩甲骨挙上による代償運動が認められ、ローテーターカフに十分な筋収縮が得られません。僧帽筋の過活動を抑制し、目的とするローテーターカフの筋活動を高めます。末梢神経損傷後末梢神経の損傷により、損傷した神経の支配領域の筋において筋力低下が生じる場合があります。特に、微弱な筋出力しか得られないほど筋力低下が著明な場合には、筋電図バイオフィードバックを用いることで筋の促通を図ります。上腕骨や前腕の骨の骨折後、特に運動時痛が強いと運動時に拮抗筋の同時収縮が誘発されてしまい、関節運動が困難になる場合があります。そのような場合、筋電図バイオフィードバックを行い拮抗筋の弛緩を十分させながらROMex．を行います。［活用例］上腕骨または橈骨骨折後TKA後・ACL再建術後大腿四頭筋のトレーニングとして実施されるパテラセッティングでは、ハムストリングなどの代償によって、大腿四頭筋に十分な筋収縮が得られないことがあります。このような場合、筋電図バイオフィードバックにより大腿四頭筋の筋活動を確認しながら行うと効果的です。","ウルティウムフィードバックセットV2送料 F
EM-U810BF2 ¥1,100,000
［構成］EMGプローブ2個、ドッキングステーション1台、フィードバック用タブレット1式、
プローブ用シール504個、表面電極1式
※各構成品の仕様はP.57 ウルティウム用オプションをご参照ください。
※EMGプローブは最大4個まで使用可能です。
ウルティウムフィードバックアプリ送料 A
評価測定
EM-APP01 ¥100,000
データ保存やビデオフィードバック機能を搭載したアップグレード版です。
※EM-U810BFからの更新用です。
運動療法
［動作環境］
OSAndroid10以上
メモリ（RAM）4GB以上
水治療法
ストレージ32GB以上
その他BLE（Bluetooth）規格対応
物理療法
救急
[アップデート例]ＡＤＬ・
作業療法
DASHレシーバー、データ処理装置、マイオマッスル
（ソフトウェア）等を追加で購入することで、本格的
な解析が可能な筋電計にアップデート可能です。言語療法
自立支援
機器
［活用例］
衛生・
防災 
介護用
入浴機器
動 作解析
機 能検査
体 力測定
上腕骨または橈骨骨折後腱板損傷・肩関節周囲炎
ローテーターカフ、特に棘上筋を損傷し肩関節外転が困難な場合、肩人 体測定
上腕骨や前腕の骨の骨折後、特に運動時痛が強いと運動時に拮抗筋の
甲骨挙上による代償運動が認められ、ローテーターカフに十分な筋収
同時収縮が誘発されてしまい、関節運動が困難になる場合があります。
縮が得られません。
そのような場合、筋電図バイオフィードバックを行い拮抗筋の弛緩を
僧帽筋の過活動を抑制し、目的とするローテーターカフの筋活動を高
十分させながらROMex．を行います。
めます。
TKA後・ACL再建術後末梢神経損傷後
大腿四頭筋のトレーニングとして実施されるパテラセッティングでは、末梢神経の損傷により、損傷した神経の支配領域の筋において筋力
ハムストリングなどの代償によって、大腿四頭筋に十分な筋収縮が得低下が生じる場合があります。
られないことがあります。特に、微弱な筋出力しか得られないほど筋力低下が著明な場合には、
このような場合、筋電図バイオフィードバックにより大腿四頭筋の筋筋電図バイオフィードバックを用いることで筋の促通を図ります。
活動を確認しながら行うと効果的です。
55"
57,MMTWU1ZEELSBO,評価測定,機能検査,カタログ※EMG4000Hzでの計測時は慣性センサーは使用できませんシリーズ史上最高峰・圧倒的スペックを実現。ノラクソン筋電計シリーズ初となる24bitの高分解能での計測を 計測をサポートするユニークな機能。実現。最新のノイズレス・アーチファクトフリー信号処理技術によりベースラインノイズ<1μV（RMS）を達成しました。今まで以上の クオリティで筋電図計測を行うことが可能です。EMGプローブには慣性センサーを内蔵。加えて、高品質なデータを担保するインピーダンスチェック機能、世界的な基準を満たす広帯域計測、無線環境に左右されないリカバリー機能など筋電図計測に必要な機能を全て搭載しました。研究に必要なデータを瞬時に解析、出力可能。表計算ソフトやプレゼンテーションソフトへのデータ出力も簡単に行えます。資料作成や解析時間の大幅な削減が可能です。WEBはこちら56スポーツ科学・臨床研究に最適な短時間での解析。各チャンネルのインピーダンス（皮膚の接触抵抗）チェック機能【 慣性センサー仕様 】加速度センサー（3軸）ジャイロセンサー（3軸）地磁気センサー（3軸）【 EMG2000Hz時 サンプリングレート組合せ例 】EMG	+	加速度EMG	+	加速度・ジャイロ・地磁気 2000Hz 400Hzバイオフィードバック機能レンジ±16G±2000deg/s±4800μTEMG 加速度計 ジャイロ 地磁気2000Hz 500Hz動作解析機能検査体力測定人体測定−−評価測定運動療法水治療法物理療法救急ＡＤＬ・作業療法言語療法自立支援機器衛生・防災介護用入浴機器200Hz200Hz身体に装着するのは、小型軽量（14g）のEMGプローブのみ。最新のノイズレス・アーチファクトフリー信号処理技術により、今まで以上に美しい筋電図を計測可能です。EMGプローブには、慣性センサーシステム（加速度センサー・ジャイロセンサー・地磁気センサー、各3軸）を内蔵。圧倒的クオリティを実現しました。最先端 の機能を搭載した次世代 筋電計ウルティウム  単品,"WEBはこちら
最先 端の機能を搭載した
次世 代筋電計
単品
ウルティウム  カタログ
評価測定
身体に装着するのは、小型軽量（14g）のEMGプローブのみ。
最新のノイズレス・アーチファクトフリー信号処理技術により、
運動療法
今まで以上に美しい筋電図を計測可能です。
EMGプローブには、慣性センサーシステム（加速度センサー・
水治療法
ジャイロセンサー・地磁気センサー、各3軸）を内蔵。
圧倒的クオリティを実現しました。
物理療法
救急
シリーズ史上最高峰・圧倒的スペックを実現。
ＡＤＬ・
ノラクソン筋電計シリーズ初となる24bitの高分解能での計測を 
作業療法
実現。最新のノイズレス・アーチファクトフリー信号処理技術により
ベースラインノイズ<1μV（RMS）を達成しました。今まで以上の 
言語療法
クオリティで筋電図計測を行うことが可能です。
自立支援
機器
衛生・
防災
介護用
入浴機器
動作解析
機能検査
体力測定計測をサポートするユニークな機能。スポーツ科学・臨床研究に最適な
人体測定EMGプローブには慣性センサーを内蔵。加えて、高品質なデータを担短時間での解析。
保するインピーダンスチェック機能、世界的な基準を満たす広帯域計
研究に必要なデータを瞬時に解析、出力可能。表計算ソフトやプレゼ
測、無線環境に左右されないリカバリー機能など筋電図計測に必要な
ンテーションソフトへのデータ出力も簡単に行えます。資料作成や解
機能を全て搭載しました。
析時間の大幅な削減が可能です。
各チャンネルのインピーダンスバイオフィードバック機能
（皮膚の接触抵抗）チェック機能
【 慣性センサー仕様 】
レンジ
加速度センサー（3軸）±16G
ジャイロセンサー（3軸）±2000deg/s
地磁気センサー（3軸）±4800μT
【 EMG2000Hz時 サンプリングレート組合せ例 】
EM G加速度 計ジャイ ロ地磁気
EMG + 加速度2000H z500Hz−−
EMG + 加速度・ジャイロ・地磁 気2000H z400Hz200Hz200Hz
※EMG4000Hzでの計測時は慣性センサーは使用できません
56"
58,MMTWU4AWTQUMF,評価測定,機能検査,"1¥7,200,000 1¥5,500,000 1¥4,800,000 1¥10,250,000—121111—1111141111—111118111—1—111—18評価測定運動療法水治療法物理療法救急ＡＤＬ・作業療法言語療法自立支援機器衛生・防災 介護用入浴機器管理特管 G2※EMGプローブは付属しません。ウルティウムEM-U810MM2（2chセット） EM-U810MM4（4chセット） EM-U810MM8（8chセット） 〈認証番号302AIBZX00023000〉 ウルティウムDASHEM-U880 システム拡張用レシーバー。1台で16個のモーションセンサーまたはEMGプローブの受信が可能。EMGプローブ（慣性センサー/メモリ内蔵） 送料 A¥350,000EM-U810 プリアンプ付き EMG プローブ。加速度・ジャイロ・地磁気センサー（各３軸）及びメモリ（最大8時間）を内蔵。オプション（ウルティウム用）計測・解析ソフトウェア(マイオマッスルマスター)、データ処理装置、カメラ、マイオシンクロのパッケージ。最大32chまで拡張可能です。EM-U810EM-UM873ドッキングステーション送料 A¥250,000EM-UM873 モーションセンサーおよびEMGプローブの充電と各センサーの内蔵メモリに蓄積された計測データの読み出しが可能。EM-U810MM8¥7,200,000¥2,800,000¥250,00057送料 F¥4,800,000¥5,500,000¥7,200,0008ch	EM-U810MM832ch	※オプションを追加した場合の最大チャンネル数約30m＞100db24bit2ch	EM-U810MM24ch	EM-U810MM416ch寸法45（W）×258（L）×32（H）mm質量約178g電源入力DC5V充電可能センサー数 9個［構成］ウルティウムDASHEMGプローブドッキングステーションマイオマッスルマスターデータ処理装置Webカメラ（30FPS)ハイスピードカメラ（120FPS） EM-V120NEM-MR228シンクロライトEM-MR262EM-U810CM-00-S/50マイオシンクロプローブ用シール表面電極収納用ケース価格ウルティウム	8chセット EM-U810MM8EMGプローブドッキングステーション価格送料 A¥1,500,000寸法質量ケーブル長電源分解能最大計測加速度 16G寸法174(W)×92(L）×170(H)mm質量約600gパワーサプライ5VUSB（計測時）DC5V3A（センサー充電時）サンプリングレート 200Hz/400Hz伝送距離約30m（無線環境により異なります）通信可能センサー数 16個	 保険点数適用 	D239筋電図検査最大チャンネル数伝送距離ハイパスフィルター フィルター無し／5Hz／10Hz／20Hz（選択式）ローパスフィルター フィルター無し／500Hz／1,000Hz／1,500Hz（選択式）外部入力（アナログ） オプション外部出力（アナログ） オプションサンプリングレート 2,000Hz／4,000Hz入力インピーダンス ＞100MΩCMRR分解能品名型式EM-U880EM-U810EM-UM873EM-150MAEM-P6システム拡張例24（W）×37（L）×16（H）mm約14g80mmリチウムバッテリー	（充電3時間、約8時間使用可能）24bit動作 解析機能 検査体力 測定人体 測定","  保険点数適 用 D239筋電図検査
ウルティウム送料 F
EM-U810MM2（2chセット） ¥4,800,000
EM-U810MM4（4chセット） ¥5,500,000
EM-U810MM8（8chセット） ¥7,200,000
〈認証番号302AIBZX00023000〉 管理特 管G2
計測・解析ソフトウェア(マイオマッスルマスター)、データ処理装置、カメ
ラ、マイオシンクロのパッケージ。最大32chまで拡張可能です。
最大チャンネル数32ch ※オプションを追加した場合の最大チャンネル数評価測定
伝送距離約30m
ハイパスフィルタ ーフィルター無し／5Hz／10Hz／20H（z選択式）
ローパスフィルタ ーフィルター無し／500Hz／1,000Hz／1,500H（z選択式）
運動療法
外部入力（アナログ ）オプション
外部出力（アナログ ）オプション
サンプリングレー ト2,000Hz／4,000Hz
水治療法
入力インピーダン ス＞100MΩ
CMRR＞100db
分解能24bit
物理療法
EM-U810MM8救急
ＡＤＬ・
［構成］作業療法
2ch 4ch 8ch 
品名型式EM-U810MM2EM-U810MM4EM-U810MM8
言語療法
ウルティウムDASHEM-U880111
EMGプローブEM-U810248
ドッキングステーションEM-UM873111自立支援
マイオマッスルマスターEM-150MA111機器
データ処理装置EM-P6111
Webカメラ（30FPS)—11—衛生・
防災 
ハイスピードカメラ（120FPS ）EM-V120N——1
シンクロライトEM-MR22811—
マイオシンクロEM-MR262111介護用
入浴機器
プローブ用シールEM-U810C111
表面電極M-00-S/50111
収納用ケース—111
価格¥4,800,000 ¥5,500,000 ¥7,200,000 
システム拡張例16ch動 作解析
ウルティウム 8chセッ トEM-U810MM8¥7,200,0001
機 能検査
EMGプローブEM-U810¥2,800,0008
ドッキングステーションEM-UM873¥250,0001体 力測定
価格¥10,250,000
人 体測定
オプション（ウルティウム用）
ウルティウムDASH送料 AEMGプローブ（慣性センサー/メモリ内蔵） 送料 Aドッキングステーション送料 A
EM-U880 ¥1,500,000EM-U810 ¥350,000EM-UM873 ¥250,000
モーションセンサーおよびEMGプローブの
システム拡張用レシーバー。プリアンプ付 きEM Gプローブ。
充電と各センサーの内蔵メモリに蓄積された
1台で16個のモーションセンサーまたはEMG加速度・ジャイロ・地磁気センサー（各３軸）及
計測データの読み出しが可能。
プローブの受信が可能。びメモリ（最大8時間）を内蔵。
寸法45（W）×258（L）×32（H）mm
寸法174(W)×92(L）×170(H)mm寸法24（W）×37（L）×16（H）mm
質量約178g
質量約600g質量約14g
電源入力DC5V
パワーサプライ5VUSB（計測時）ケーブル長80mm
DC5V3A（センサー充電時）電源リチウムバッテリー 充電可能センサー 数9個
サンプリングレー ト200Hz/400Hz（充電3時間、約8時間使用可能）※EMGプローブは付属しません。
伝送距離約30m分解能24bit
（無線環境により異なります）最大計測加速 度16G
通信可能センサー 数16個
57"
59,MMTWU6O7AAK21,評価測定,機能検査,"hcrAxullaH5teM3teM1teMlaretaLleeHlacideMleeHToes評価測定運動療法水治療法物理療法救急ＡＤＬ・作業療法言語療法自立支援機器衛生・防災介護用入浴機器   ※EMG計測用リードが標準で付属します。ください。インソールスマートリード(両足用)EM-U826 インソールセンサーEM-U826S （Sサイズ	 22.5〜24cm） EM-U826M （Mサイズ	 24.5〜26cm） EM-U826L （Lサイズ	 26.5〜28cm） EM-U826XL（XLサイズ	28.5〜30cm） EMGサンプリングレート 250/500Hz(8ゾーン)、500/1000Hz(4ゾーン)センサー数計測方式計測範囲サイズインソール1個につき8個抵抗膜式圧力センサー0～51.7	N/cm²S/22.5～24cm、M/24.5～26cm、L/26.5～28cmEMGプローブセンサー配置加速度センサーフットスイッチ送料 A¥1,100,000送料 A¥300,000¥300,000¥300,000¥300,000EMGプローブのリード部分を交換するだけで、様々な生体信号計測用プローブ（心電図・圧センサーなど）に早変わりするSmart Lead（スマートリード）システムを採用。多角的な評価を簡便に行うことができます。インソール歩行レポート歩行フェーズの割合と左右比較、1歩行周期で正規化された総圧力-時間曲線（%BW）、COPパターンや圧分布図など、歩行に関するパラメータをまとめてレポートします。オプション：スマートリード（ウルティウム用）交換用センサー（インソールスマートリード用）58画期的なスマートリードシステム。足底に敷いて計測するだけで離地・接地を検出。片足8個の圧センサーを内蔵し足底圧分布の計測も可能。マイオマッスル内蔵の専用レポートにより、足圧分布（％BW）やCOPのパラメータを瞬時にレポート可能です。S/M/Lサイズのインソールセンサー(両足用:左右1組)が付属します。※両足で計測するためには別途EMGプローブ(EMG-U810)が2個必要です。※	インソールセンサーが損耗した際は交換用のインソールセンサー（EM-U826S/EM-U826M/EM-U826L）をご購入インソールスタンスレポート静止時の足圧、COP、前後左右の荷重分布をレポートします。動作解析機能検査体力測定人体測定","オプション：スマートリード（ウルティウム用）
※EMG計測用リードが標準で付属します。
画期的なスマートリードシステム。
EMG
EMGプローブのリード部分を交換するだけで、様々な生体信号計測
用プローブ（心電図・圧センサーなど）に早変わりするSmart Lead加速度センサー
（スマートリード）システムを採用。多角的な評価を簡便に行うことが
できます。
評価測定
運動療法
EMGプローブフットスイッチ
水治療法
インソールスマートリード(両足用)送料 A
物理療法EM-U826 ¥1,100,000
足底に敷いて計測するだけで離地・接地を検出。
片足8個の圧センサーを内蔵し足底圧分布の計測も可能。マイオマッスル内蔵の専
救急用レポートにより、足圧分布（％BW）やCOPのパラメータを瞬時にレポート可能で
す。S/M/Lサイズのインソールセンサー(両足用:左右1組)が付属します。
※両足で計測するためには別途EMGプローブ(EMG-U810)が2個必要です。
ＡＤＬ・※ インソールセンサーが損耗した際は交換用のインソールセンサー（EM-U826S/EM-U826M/EM-U826L）をご購入
作業療法ください。
サンプリングレー ト250/500Hz(8ゾーン)、500/1000Hz(4ゾーン)
センサー数インソール1個につき8個
言語療法計測方式抵抗膜式圧力センサー
計測範囲0～51.7 N/cm²
サイズS/22.5～24cm、M/24.5～26cm、L/26.5～28cm
自立支援
機器
交換用センサー（インソールスマートリード用）
衛生・
防災インソールセンサー送料 A
EM-U826S （Sサイズ  22.5〜24cm） ¥300,000
介護用EM-U826M（ Mサイズ  24.5〜26cm） ¥300,000
入浴機器EM-U826L （Lサイズ  26.5〜28cm） ¥300,000
EM-U826XL（XLサイズ 28.5〜30cm） ¥300,000
HalluxToes
動作解析Met 1Met 3et 5
M
機能検査
体力測定Arch
人体測定
MedicalHeelLateralHeel
センサー配置
インソール歩行レポートインソールスタンスレポート
歩行フェーズの割合と左右比較、1歩行周期で正規化された総圧力-時間曲線静止時の足圧、COP、前後左右の荷
（%BW）、COPパターンや圧分布図など、歩行に関するパラメータをまとめ重分布をレポートします。
てレポートします。
58"
60,MMTWU8X25W67L,評価測定,機能検査,"アナログ入力リードEM-U811 他の計測機器からのアナログ信号を 3ch 入力可能。コネクタ部加速度計EM-U817 3軸の加速度計。プローブ内蔵の加速度計（16G）では計測しきれない速い動作に対応。圧センサーEM-U824 フレキシブルな圧力センサー。4.4N用、111N用、440N用の 3 つのセンサーが付属。プローブ用シールEM-U810C  フットスイッチ/片足用EM-U802F （片足用）。バイオモニターEM-U852 心拍数、呼吸数などを計測可能。計測項目EMGリード（ロング）EM-U842AY EMG 計測用のロングリード。背臥位での背部の筋を計測する際などに、EMG プローブを邪魔に	ならない場所へ設置可能。ウルティウムアナログ出力モジュールEM-U881 最大 16ch のアナログ信号を外部機器に出力。アナログ出力オプション：スマートリード（ウルティウム用）オプション（ウルティウム用）消耗品（ウルティウム用）59送料 A¥150,000送料 A¥150,000送料 A¥200,000送料 A¥35,000送料 A¥180,000歩 行 やランニング 中 の 足 の 接 地 パターンを計 測 可 能	サンプリング周波数最大入力可能電圧入力可能チャンネル数 3ch送料 A¥120,000最大計測加速度 24G/100G/400G送料 A¥35,000φ9.53mm計測部寸法繰り返し精度 最大±2.5％、（FS）ヒステリシス最大4.5％（FS）送料 A¥550,000BNC2000Hz/4000Hz±5V検出部寸法φ18.5mm感度0.15～1.2kg/㎠センサー数4個呼吸数、ECG、心拍数、R-R間隔（R-Rインターバル）ケーブル長約280mm±5V（ローパススムージングフィルター適用）ディレイ300msec出力端子BNCプローブを皮膚に装着させるための両面テープです。［構成］8個×63シート（504個分）評価測定運動療法水治療法物理療法救急ＡＤＬ・作業療法言語療法自立支援機器衛生・防災 介護用入浴機器動作 解析機能 検査体力 測定人体 測定","オプション：スマートリード（ウルティウム用）
評価測定
運動療法
フットスイッチ/片足用送料 Aアナログ入力リード送料 A
EM-U802F ¥180,000EM-U811 ¥150,000
 歩 行やランニン グ 中 の 足 の 接 地パターンを 計 測 可能 他の計測機器からのアナログ信号 を3c h入力可能。水治療法
（片足用）。コネクタ部BNC
検出部寸法φ18.5mmサンプリング周波数2000Hz/4000Hz
感度0.15～1.2kg/㎠最大入力可能電圧±5V物理療法
センサー数4個入力可能チャンネル 数3ch
救急
ＡＤＬ・
作業療法
言語療法
バイオモニター送料 A加速度計送料 A自立支援
機器
EM-U852 ¥120,000EM-U817 ¥150,000
心拍数、呼吸数などを計測可能。3軸の加速度計。衛生・
計測項目呼吸数、ECG、心拍数、R-R間隔（R-Rインターバル）プローブ内蔵の加速度計（16G）では計測しきれない速い動作に対応。防災 
最大計測加速 度24G/100G/400G
介護用
入浴機器
動 作解析
EMGリード（ロング）送料 A圧センサー送料 A機 能検査
EM-U842AY ¥35,000EM-U824 ¥200,000体 力測定
EM G計測用のロングリード。フレキシブルな圧力センサー。
背臥位での背部の筋を計測する際などに、EM Gプローブを邪魔に 4.4N用、111N用、440N用 の 3つのセンサーが付属。人 体測定
ならない場所へ設置可能。計測部寸法φ9.53mm
ケーブル長約280mm繰り返し精 度最大±2.5％（、FS）
ヒステリシス最大4.5％（FS）
オプション（ウルティウム用）消耗品（ウルティウム用）
ウルティウムアナログ出力モジュール送料 Aプローブ用シール送料 A
EM-U881 ¥550,000EM-U810C  ¥35,000
最 大16c hのアナログ信号を外部機器に出力。プローブを皮膚に装着させるための両面テープです。
［構成］8個×63シート（504個分）
アナログ出力±5V（ローパススムージングフィルター適用）
ディレイ300msec
出力端子BNC
59"
61,MMTWUC297V182,評価測定,機能検査,"※プリンターは付属しません。マイオシンクロEM-MR262 表面筋電図マニュアルEM-TS2（基礎・臨床応用） アナログ入力ケーブルEM-521 ブルーセンサーM-00-S/50（標準50個入り） 〈届出番号13B2X00117000001〉一般ストレッチバンドEM-590 マルチカートSPR-178  ノラクソンハイスピードカメラ 送料 B¥450,000EM-V120N（最大120FPS） 筋電計を始めとしたノラクソンMR4シリーズに追加可能。USBで接続するだけの簡単セットアップ。ブルーセンサーN-00-S/25（小児用25個入り） 〈届出番号13B2X00117000001〉一般評価測定運動療法水治療法物理療法救急ＡＤＬ・作業療法言語療法自立支援機器衛生・防災介護用入浴機器  動作解析機能検査体力測定人体測定シンクロライトEM-MR228 データ処理装置EM-P6（ノート型） 計測・解析用のデータ処理装置。OS Windows®11プローブ用シールEM-870  デュアル電極EM-271S（30個入り） 〈届出番号13B2X00081000044〉一般NORAXON筋電計シリーズ　オプション／消耗品送料 A¥185,000複数の機器を同時に計測するときに同期信号を各機種に送ります。寸法91.4cm/本入数4本サイドテーブル使用例テーブルタップ（2口・2mマグネット付）送料 A  ¥6,000表面筋電図計測をこれから始めたい、という方に。筋電図に必要な解剖学･生理学、表面筋電図の基礎、表面筋電図を利用した研究の調査、筋骨格系疾患の筋機能障害に対する表面筋電図評価、電極の設置と筋電図波形のサンプルの内容を収録しています。寸法外形／490（W）×650（D）×900（H）mmキャスター／φ100mm約25kg質量キャスター ウレタン静音、後２輪ストッパー付付属品引き出し式サイドテーブル、樹脂トレー、サイドネット、テーブルタップ送料 A¥15,000DTSアナログ入力プローブ(EM-859)に徒手筋力計モービィ等の様々な測定機器が接続できます。寸法29（D）×20（W）×112（H）mm質量273ｇ材質アルミニウム接続USB3.1（ビルトイン）その他 オートフォーカス、オートホワイトバランス、デジタルズーム［構成］ハイスピードカメラ1台、三脚1台電極間距離：約2cm送料 御見積¥3,600 送料 A¥13,000ケーブル、センサー、プローブ等を固定するためのバンド。伸縮性があり、大きな動きの計測時にも使用可能です。樹脂トレーサイドネット送料 F¥162,000トレーニングや評価に必要な機器を収納し、必要な場所に移動するときに活躍するカート。送料 御見積¥3,625 はげしい動きでもしっかり貼り付く電極。ケーブルが付け易くノイズが入りにくい構造。小児用の小さな電極で、電極間距離が短くできます。ビデオ画像を同期させるためのライト。測定の難しい局所筋の測定が可能。電極間距離を20mmにしたデュアルタイプ。粘着力が強く、はがれにくくなっています。60送料 A¥98,000寸法質量チャンネル数 入力1ch、出力5ch送料 C¥450,000動作環境 全8倍速以上のCD-ROMまたはDVD-ROMのあるコンピュータ（pdfデータ閲覧可能なこと）送料 A¥5,000DTSプローブを皮膚に装着させる特別な両面テープです。［構成］8個×50シート［適用機種］テレマイオDTS、クリニカルDTS寸法 ケーブル／1.5ｍ送料 A¥8,000 寸法質量チャンネル数 入力1ch46(W)×85(D)×16.5(H)mm55ｇ130(W)×52(D)×21(H)mm100ｇコネクタ部／2.5mmモノラルジャック・BNC電極間距離：約3.5cm","NORAXON筋電計シリーズ　オプション／消耗品
評価測定シンクロライト送料 Aマイオシンクロ送料 Aストレッチバンド送料 A
EM-MR228  ¥98,000EM-MR262  ¥185,000EM-590 ¥13,000
ビデオ画像を同期させるためのライト。複数の機器を同時に計測するときに同期信号ケーブル、センサー、プローブ等を固定するた
運動療法
寸法46(W)×85(D)×16.5(H)mmを各機種に送ります。めのバンド。伸縮性があり、大きな動きの計測
質量55ｇ寸法130(W)×52(D)×21(H)mm時にも使用可能です。
チャンネル 数入力1ch質量100ｇ寸法91.4cm/本
水治療法
チャンネル 数入力1ch、出力5ch入数4本
サイドテーブル
物理療法
樹脂トレー
救急
ＡＤＬ・
作業療法使用例
テーブルタップ
（2口・2mマグネット付）サイドネット
言語療法
データ処理装置送料 C表面筋電図マニュアル送料 Aマルチカート送料 F
自立支援EM-P6（ノート型） ¥450,000EM-TS2（基礎・臨床応用）   ¥6,000SPR-178  ¥162,000
機器
計測・解析用のデータ処理装置。表面筋電図計測をこれから始めたい、トレーニングや評価に必要な機器を収納し、必
O SWindows®11という方に。要な場所に移動するときに活躍するカート。
衛防災生・※プリンターは付属しません。筋電図に必要な解剖学･生理学、表面筋電図寸法キ外ャ形ス／タ49ー0（／φW1）0×06m5m0（D）×900（H）mm
の基礎、表面筋電図を利用した研究の調査、
質量約25kg
介護用筋骨格系疾患の筋機能障害に対する表面筋電キャスタ ーウレタン静音、後２輪ストッパー付
入浴機器図評価、電極の設置と筋電図波形のサンプル付属品引き出し式サイドテーブル、樹脂トレー、サイ
の内容を収録しています。ドネット、テーブルタップ
動作環 境全8倍速以上のCD-ROMまたはDVD-ROMの
あるコンピュータ（pdfデータ閲覧可能なこと）
動作解析
機能検査
体力測定
人体測定プローブ用シール送料 Aアナログ入力ケーブル送料 Aノラクソンハイスピードカメラ 送料 B
EM-870  ¥5,000EM-521 ¥15,000EM-V120N（最大120FPS） ¥450,000
DTSプローブを皮膚に装着させる特別な両面DTSアナログ入力プローブ(EM-859)に徒手筋電計を始めとしたノラクソンMR4シリーズ
テープです。筋力計モービィ等の様々な測定機器が接続でに追加可能。USBで接続するだけの簡単セット
［構成］8個×50シートきます。アップ。
［適用機種］テレマイオDTS、クリニカルDTS
寸 法ケーブル／1.5ｍ寸法29（D）×20（W）×112（H）mm
コネクタ部／2.5mmモノラルジャック・BNC質量273ｇ
材質アルミニウム
接続USB3.1（ビルトイン）
その 他オートフォーカス、オートホワイトバランス、デ
ジタルズーム
［構成］ハイスピードカメラ1台、三脚1台
電極間距離：電極間距離：
約3.5cm約2cm
デュアル電極送料 Aブルーセンサー送料 御見積ブルーセンサー送料 御見積
EM-271S（30個入り） ¥8,000 M-00-S/50（標準50個入り） ¥3,600 N-00-S/25（小児用25個入り） ¥3,625 
〈届出番号13B2X00081000044〉一般〈届出番号13B2X00117000001〉一般〈届出番号13B2X00117000001〉一般
測定の難しい局所筋の測定が可能。電極間距はげしい動きでもしっかり貼り付く電極。ケー小児用の小さな電極で、電極間距離が短くで
離を20mmにしたデュアルタイプ。粘着力がブルが付け易くノイズが入りにくい構造。きます。
強く、はがれにくくなっています。
60"
62,MMTWUECYWXTE3,評価測定,機能検査,"主な解析機能●●●●●●評価測定運動療法水治療法物理療法救急ＡＤＬ・作業療法言語療法自立支援機器衛生・防災 介護用入浴機器計測機能マイオマッスルデータEM-150DA 筋電図解析のすべてのニーズに応えた統合解析ソフトウェア。マイオマッスルマスターEM-150MA ソフトウェア別対応機能ソフトウェア解析項目Pythonベースの数式エディタ機能を搭載、標準の波形処理メニューでは対応できない計算をテキスト出力することなくソフト内で実行、波形表示可能です。各チャンネルデータの四則演算はもちろん、関数を定義することでお望みの計算処理を実行できます。活用例）筋電図のCI（Co-contraction	Index)解析任意のデジタルフィルタ処理部分足圧データを加算し任意の足底分割による圧分布データの作成　　などEM-150MA（マスター）EM-150DA（デ−タ）61送料 A¥250,000数式エディタ機能● −● −● −● −● −● −● −● −● −● −● −● −動作 解析機能 検査体力 測定人体 測定テキストデータ変換計測データをテキスト形式に変換します。ビデオ同期デジタルビデオと同期して計測します。スクリーンレコーダ機能筋電図波形とビデオ画像を合わせてビデオファイルに変換します。数式エディタ機能Pythonベースの数式エディタ機能により、波形データに任意の計算処理を行います。デジタル波形処理全波整流、RMS、振幅正規化など筋電図の解析に必要な波形処理をアイコンを選択するだけで簡単に実行できます。スタンダード一般的な筋活動量評価を行います。任意に設定した区間での振幅解析（平均値、積分値、ピーク）	をグラフ等で表示します。	平均パターン周期的な動作（スクワット、自転車、歩行等）について時間軸の正規化を自動で行い、加算平均化した平均曲線、標準偏差、平均値をグラフで表示します。	フィードバックテンプレートを基に行ったバイオフィードバックトレーニング結果をレポート化します。トレーニング中の筋活動がテンプレートの中（In）であったか、オーバー（Above）したか、下（Below）であったかのそれぞれの割合（時間）を表示します。	パワースペクトラム選択した区間の波形をフーリエ変換しパワースペクトラム（周波数成分がどれくらいの量含まれているかを示すもの）を表示します。	周波数／疲労単位時間ごとにフーリエ変換を行い、平均周波数、中間周波数を単回帰分析することで周波数の変化を評価します。歩行解析フットスイッチをトリガーに計測データから自動で立脚期、遊脚期を判別し歩行の平均パターンを評価します。一歩行周期中の筋活動（平均値、ピーク値）、筋活動パターンおよび標準偏差を表示します。アイソキネティックアイソキネティックマシーン活用時の筋活動を評価します。数回行わせた伸展屈曲などの動作を、マシーンからの信号を基に各々のフェーズに分け、時間の正規化を行い一動作時の筋活動（平均値、ピーク値）、筋活動パターンおよび標準偏差を表示します。	タイミング筋活動の発火タイミング（オンセット、オフセット）を評価します。ベースラインを基準にその平均３SD（２SD）を閾値にそのタイミング（時間）を表示します。	ジャンプジャンプ動作時の筋活動を評価します。フォースプレートやフットスイッチからのトリガー信号を基に、そのジャンプ時の筋活動の平均曲線、ピーク値、そのピークまでの時間等を表示します。ウェーブレットウェーブレット変換を行い、スケイログラム（横軸に時間、縦軸にスケールを使って信号を表現したもの）で周波数の時間的変化を表示します。表計算ソフトで解析を行う方に。送料 A¥2,500,000生波形の詳細な解析や、周波数/疲労の解析などを行いたい方に。","ソフトウェア
筋電図解析のすべてのニーズに応えた統合解析ソフトウェア。
マイオマッスルマスター送料 Aマイオマッスルデータ送料 A
EM-150MA ¥2,500,000EM-150DA ¥250,000
生波形の詳細な解析や、周波数/疲労の解析などを行いた表計算ソフトで解析を行う方に。
い方に。
評価測定
ソフトウェア別対応機能
運動療法
EM-150MAEM-150DA
解析項目
（マスター）（デ−タ）
テキストデータ変換
●●水治療法
計測データをテキスト形式に変換します。
計
測ビデオ同期
●●
機デジタルビデオと同期して計測します。物理療法
能
スクリーンレコーダ機能
筋電図波形とビデオ画像を合わせてビデオファイルに変換します。 ●−
数式エディタ機能救急
●●
Pythonベースの数式エディタ機能により、波形データに任意の計算処理を行います。
デジタル波形処理ＡＤＬ・
全波整流、RMS、振幅正規化など筋電図の解析に必要な波形処理をアイコンを選択するだけで簡単に実行で ●−作業療法
きます。
スタンダード言語療法
一般的な筋活動量評価を行います。任意に設定した区間での振幅解析（平均値、積分値、ピーク） をグラフ等 ●−
で表示します。 
自立支援
平均パターン機器
周期的な動作（スクワット、自転車、歩行等）について時間軸の正規化を自動で行い、加算平均化した平均曲 ●−
線、標準偏差、平均値をグラフで表示します。 
衛生・
防災 
フィードバック
テンプレートを基に行ったバイオフィードバックトレーニング結果をレポート化します。トレーニング中の筋活
動がテンプレートの中（In）であったか、オーバー（Above）したか、下（Below）であったかのそれぞれの割合 ●−介護用
（時間）を表示します。 入浴機器
パワースペクトラム
選択した区間の波形をフーリエ変換しパワースペクトラム（周波数成分がどれくらいの量含まれているかを示 ●−
主すもの）を表示します。 
な
解周波数／疲労
析単位時間ごとにフーリエ変換を行い、平均周波数、中間周波数を単回帰分析することで周波数の変化を評価 ●−動 作解析
機します。
能機 能検査
歩行解析
フットスイッチをトリガーに計測データから自動で立脚期、遊脚期を判別し歩行の平均パターンを評価します。 ●−体 力測定
一歩行周期中の筋活動（平均値、ピーク値）、筋活動パターンおよび標準偏差を表示します。
人 体測定
アイソキネティック
アイソキネティックマシーン活用時の筋活動を評価します。数回行わせた伸展屈曲などの動作を、マシーンか
らの信号を基に各々のフェーズに分け、時間の正規化を行い一動作時の筋活動（平均値、ピーク値）、筋活動 ●−
パターンおよび標準偏差を表示します。 
タイミング
筋活動の発火タイミング（オンセット、オフセット）を評価します。 ●−
ベースラインを基準にその平均３SD（２SD）を閾値にそのタイミング（時間）を表示します。 
ジャンプ
ジャンプ動作時の筋活動を評価します。フォースプレートやフットスイッチからのトリガー信号を基に、その ●−
ジャンプ時の筋活動の平均曲線、ピーク値、そのピークまでの時間等を表示します。
ウェーブレット
ウェーブレット変換を行い、スケイログラム（横軸に時間、縦軸にスケールを使って信号を表現したもの）で周 ●−
波数の時間的変化を表示します。
数式エディタ機能
Pythonベースの数式エディタ機能を搭載、標準の波形処理メニューでは対応できない計算をテキスト出力することなく
ソフト内で実行、波形表示可能です。
各チャンネルデータの四則演算はもちろん、関数を定義することでお望みの計算処理を実行できます。
活用例）
筋電図のC（ICo-contraction Index)解析
任意のデジタルフィルタ処理
部分足圧データを加算し任意の足底分割による圧分布データの作成　　など
61"
63,MMTWUGNBLBOQD,評価測定,機能検査,"ウルティウムポータブルラブデータステーション送料 D ¥1,500,000EM-PL3 ウルティウムポータブルラブリサーチPRO送料 E¥29,000,000EM-PL3PRO ［構成］ポータブルラブ	 データステーション/1式、ポータブルラブ用ウルティウム（筋電計16ch）/1式、アナログ入力リード/1個、バイオモニター/1個、圧センサー/1式、インソールスマートリード/1組、マイオマッスルマスター/1式、データ処理装置（PC）/1式、ノラクソンハイスピードカメラEM-V120N/2台、ポータブルラブ用ウルティウムモーション（16センサー）/1式、ソフトウェア（マイオマッスル、マイオモーション、マイオビデオ）1式ポータブルラブ用ウルティウムDASHEM-PLU880 ご要望に合わせて構成可能です。詳しくはご相談ください。研究室を持ち運ぶという新しいコンセプト。被験者を研究室へお呼びするのではなく、被験者のもとへ。屋外での計測でも、電源不要。スポーツ科学、臨床研究、人間工学研究の可能性が大きく広がります。WEBはこちら送料 D¥1,500,000最大30ｍ	※伝送距離はあくまで最大距離であり、環境により異なります。オプション62寸法 360（W）×223（D）×553（H）mm（キャリーハンドル収納時）質量 約14kg（リサーチセットの場合）※セット構成により異なります。［構成］ハブ内蔵キャリーケース、接続ケーブル1式伝送距離最大受信チャンネル数 16ch※センサー充電時は電源の接続が必要です。評価測定運動療法水治療法物理療法救急ＡＤＬ・作業療法言語療法自立支援機器衛生・防災介護用入浴機器動作解析機能検査体力測定人体測定センサー同期ウルティウムモーション（最大16センサー）、筋電図（最大16ch）を同期可能。ハブ内蔵のため、PCへの接続はUSB3.0ケーブル1本のみ。カメラ同期カメラを最大2台まで同期可能。（2台使用するためには別途マイオビデオが必要です）ハブ内蔵のため、PCへの接続はUSB3.0ケーブル1本のみ。3次元動作解析（ウルティウムモーション）、筋電図（ウルティウム）、ハイスピードカメラを自由に組み合わせ可能な“持ち運べる研究室”。同期システム内蔵のため、USBケーブル2本をノートPCに繋げるだけで、電源の無い屋外環境でも計測可能です※。ウルティウムポータブルラブ","WEBはこちら
研究室を持ち運ぶという新しいコンセプト。被験者を研究室へお呼びするのではなく、被験者のもとへ。
ウルティウムポータブルラブ
評価測定
運動療法
水治療法
物理療法
救急
ＡＤＬ・
作業療法
言語療法
自立支援
機器
衛生・
防災
介護用
入浴機器
動作解析
機能検査屋外での計測でも、電源不要。
スポーツ科学、臨床研究、人間工学研究の可能性が大きく広がります。
体力測定
3次元動作解析（ウルティウムモーション）、筋電図（ウルティウム）、
人体測定ウルティウムポータブルラブデータステーション送料 D 
ハイスピードカメラを自由に組み合わせ可能な“持ち運べる研究室”。
EM-PL3 ¥1,500,000
同期システム内蔵のため、USBケーブル2本をノートPCに繋げるだけ
で、電源の無い屋外環境でも計測可能です※。寸 法360（W）×223（D）×553（H）mm（キャリーハンドル収納時）
質 量約14kg（リサーチセットの場合）※セット構成により異なります。
※センサー充電時は電源の接続が必要です。
［構成］ハブ内蔵キャリーケース、接続ケーブル1式
センサー同期
ウルティウムモーション（最大16センサー）、オプション
筋電図（最大16ch）を同期可能。ハブ内蔵
のため、PCへの接続はUSB3.0ケーブル1
ポータブルラブ用ウルティウムDASH送料 D
本のみ。
EM-PLU880 ¥1,500,000
カメラ同期
伝送距離最大30ｍ ※伝送距離はあくまで最大距離であり、環境により異なります。
カメラを最大2台まで同期可能。（2台使用
最大受信チャンネル 数16ch
するためには別途マイオビデオが必要です）
ハブ内蔵のため、PCへの接続はUSB3.0
ケーブル1本のみ。
ウルティウムポータブルラブリサーチPRO送料 E
EM-PL3PRO ¥29,000,000
［構成］ポータブルラブ  データステーション/1式、ポータブルラブ用ウルティウム（筋電計
16ch）/1式、アナログ入力リード/1個、バイオモニター/1個、圧センサー/1式、インソール
スマートリード/1組、マイオマッスルマスター/1式、データ処理装置（PC）/1式、ノラクソン
ハイスピードカメラEM-V120N/2台、ポータブルラブ用ウルティウムモーション（16セン
サー）/1式、ソフトウェア（マイオマッスル、マイオモーション、マイオビデオ）1式
ご要望に合わせて構成可能です。詳しくはご相談ください。
62"
64,MMTWUJ0VDMNDG,評価測定,機能検査,"−評価測定運動療法水治療法物理療法救急ＡＤＬ・作業療法言語療法自立支援機器衛生・防災 介護用入浴機器			ウルティウム P.56ウルティウムポータブルラブ P.62バイオデックス P.78マイオフォース P.53ウルティウム P.56ウルティウム P.56ウルティウムモーション P.46※詳しくはお問い合わせください。スポーツリハビリテーション筋機能評価スポーツパフォーマンス評価歩行解析システム構成例品名ウルティウム8chセットEMGプローブ（慣性センサー/メモリ内蔵） EM-U810ウルティウムインソールスマートリード EM-U826ウルティウムモーション3センサー EM-UM03ウルティウムモーションセンサー品名ウルティウムポータブルラブ	リサーチPRO EM-PL3PRO[構成]	 ウルティウムポータブルラブデータステーション/1式筋電計16ch/1式ノラクソンハイスピードカメラ	EM-V120N/2台ウルティウムモーション16センサー/1式	他型式数量価格EM-U810MM81式2個1式1式EM-U870型式数量価格1式型式数量BDX-4X1式EM-U810MM81式EM-MR222BNC型式数量EM-U810MM81式EM-F470A1式2台合計価格価格別途¥7,200,000¥700,000¥1,100,000¥3,900,000¥3,400,0004個合計 ¥16,300,000¥29,000,000¥23,000,000¥7,200,000¥750,0001台合計 ¥30,950,000¥7,200,000	¥1,500,000	¥8,700,000	63目的に合わせて組み合わせは自由自在。将来的な拡張にも対応可能なシステムです。※構成は一例です。ご要望に合わせて提案致しますので、詳しくはお問い合わせください。品名バイオデックスシステム4ウルティウム8chセットアナログ入力ボード品名ウルティウム8chセットマイオフォース床反力計※動作 解析機能 検査体力 測定人体 測定筋電計8ch、ウルティウムモーション（７センサー）、インソール型足圧センサー、ハイスピードカメラ（120FPS）の組み合わせ。歩行動作を、筋電図・関節角度・足圧分布により多角的に解析可能です。筋電計16chとウルティウムモーション16センサー（全身計測可能）、ハイスピードカメラ（120FPS）2台のセット。どこにでも持ち運び可能なウルティウムポータブルラブであれば、実験室環境に縛られず実際の競技環境でも本格的な計測が可能です。筋力評価のスタンダード	 バイオデックスシステム4と筋電計の組み合わせ。筋の出力と、その時の個々の筋の活動のタイミングや筋出力との関係などを詳細に知ることができます。筋電計8chと床反力計2枚の組み合わせ。マイオフォースを用いることで2枚の床反力計のデータと表面筋電図データを計測。組み込みのジャンプテストレポートにより、ジャンプの高さや動的な非対称性などを瞬時に解析します。","システム構成例
目的に合わせて組み合わせは自由自在。将来的な拡張にも対応可能なシステムです。
※構成は一例です。ご要望に合わせて提案致しますので、詳しくはお問い合わせください。
歩行解析筋機能評価
筋電計8ch、ウルティウムモーション（７センサー）、インソール型足筋力評価のスタンダード  バイオデックスシステム4と筋電計の組み評価測定
圧センサー、ハイスピードカメラ（120FPS）の組み合わせ。歩行動合わせ。筋の出力と、その時の個々の筋の活動のタイミングや筋出
作を、筋電図・関節角度・足圧分布により多角的に解析可能です。力との関係などを詳細に知ることができます。
運動療法
水治療法
物理療法
救急
ＡＤＬ・
作業療法
言語療法
品名型式数量価格品名型式数量価格
ウルティウム8chセットEM-U810MM81式¥7,200,000バイオデックスシステム4BDX-4X1式¥23,000,000
EMGプローブ（慣性センサー/メモリ内蔵 ）EM-U8102個¥700,000ウルティウム8chセットEM-U810MM81式¥7,200,000自立支援
機器
ウルティウムインソールスマートリー ドEM-U8261式¥1,100,000アナログ入力ボードEM-MR222BNC1台¥750,000
ウルティウムモーション3センサ ーEM-UM031式¥3,900,000合 計¥30,950,000
衛生・
ウルティウムモーションセンサーEM-U8704個¥3,400,000防災 
合 計¥16,300,000
介護用
入浴機器
ウルティウムモーショ ンP.46ウルティウ ムP.56バイオデック スP.78ウルティウ ムP.56
スポーツパフォーマンス評価スポーツリハビリテーション
動 作解析
筋電計16chとウルティウムモーション16センサー（全身計測可能）、筋電計8chと床反力計2枚の組み合わせ。マイオフォースを用いる
ハイスピードカメラ（120FPS）2台のセット。どこにでも持ち運び可ことで2枚の床反力計のデータと表面筋電図データを計測。組み込機 能検査
能なウルティウムポータブルラブであれば、実験室環境に縛られずみのジャンプテストレポートにより、ジャンプの高さや動的な非対称
体 力測定
実際の競技環境でも本格的な計測が可能です。性などを瞬時に解析します。
人 体測定
品名型式数量価格品名型式数量価格
ウルティウムポータブルラブ リサーチPR OEM-PL3PRO1式¥29,000,000ウルティウム8chセットEM-U810MM81式¥7,200,000 
[構成]  ウルティウムポータブルラブデータステーション/1式マイオフォースEM-F470A1式¥1,500,000 
  ノ筋ラ電ク計ソ1ン6cハhイ/1ス式ピードカメラ EM-V120N/2台床反力計※−2台別途
 ウルティウムモーション16センサー/1式 他
合計¥8,700,000 
※詳しくはお問い合わせください。
ポウータルテブィルウラ ブムP.62マイオフォー スP.53ウルティウ ムP.56
63"
65,MMTWUM3GBCQZ9,評価測定,機能検査,"光学式歩行分析装置オプトゲイトOPG-100（1mセット） OPG-300（3mセット） 5m分のセンサーバーが収納できます。5m用バッグOPG-150 データ処理装置EM-P6 2Dシステム専用ケーブル3本セット 送料 御見積¥20,00014P30149 たった今の「歩行」をその場で計測・素早く評価・フィードバック。オプション64¥4,000,000¥20,000¥450,000合計　¥4,470,000送料 御見積¥2,000,000¥4,000,000Gaitレポート送料 C¥450,000光学式歩行分析装置オプトゲイト2m×1m システム構成OPG-300	オプトゲイト	2Dシステム専用ケーブル3本セット　	14P30149	データ処理装置	センサーバー／95（W）×1047（L）×93（H）mm約2㎏OPG-100／AC100V（50/60Hz）0.7A、OPG-300／AC100V（50/60Hz）1.4A以上（2GB以上推奨）、USBポート：3個以上OPG-100：センサーバー1m×2本、OPG-300：センサーバー1m×2本、延長用バー1m×4本、共通：WEBカメラ2台、三脚2台、ACアダプタ1式、キャリーバッグ（1m用）、オプトゲイト用ソフトウェア1枚、外部接続ケーブル（3.5mm3ピン・ミニジャック）EM-P6	送料 御見積¥200,000計測・解析用パソコン。※プリンターは付属しません。2Dシステム用ケーブル。寸法 95（W）×1000（L）×35（H）mm質量 約1.5kg寸法質量電源動作環境 ＯＳ：Windows®7／8／10／11、CPU：Core2Duo	 1GHz以上、メモリ：1GB構成［解析項目］歩行･ランニング分析●距離因子：ステップ長（歩幅）、ストライド長（1歩行距離）●速度因子：歩行（ランニング）速度、加速度●時間因子：ステップ時間、ストライド時間（1歩行周期）、ケーデンス（歩行率）、立脚時期、遊脚時期、単脚支持期、両脚支持期ジャンプ分析●接地時間●滞空時間●高さ（滞空時間と重力加速度より計算）●パワー●ピッチ（単位時間あたりの回数）●反応時間寸法 300（W）×1200（L）×450（H）mm質量 約5.6kgゲイトトレーニングシステム3での使用例テレマイオDTSでの使用例送料 御見積¥1,000,0001m延長用センサーバー。最大100mまで延長できます。評価測定運動療法水治療法物理療法救急ＡＤＬ・作業療法言語療法自立支援機器衛生・防災介護用入浴機器動作解析機能検査体力測定人体測定画期的な歩行分析システム。	左右に並べたバーの間を歩行するだけで、歩幅、スピード、接地時間、左右のバランス等、歩行分析に必要なデータをその場で計測・分析できます。光センサーによる正確な計測。送信バーと受信バーには各96個のLEDが配置され、赤外線により反対側のバーに配置されたLEDと通信します。床、またはトレッドミル上に設置された本システムが被験者の動作によって生じる通信の遮断を検出し、その位置、時間を1000分の1秒の精度、10mmの空間精度で計測します。また、筋電計との同期が可能。	 バーチャルフットスイッチとして被験者の立脚期、遊脚期の情報を筋電計へ送信します。簡単に素早く設置でき、すぐに使えてポータブル。システムには軽量のバッグが付属。テストの準備も2本のバーを床またはトレッドミルの上に平行に置いてUSBケーブルでPCに接続するだけ。バーは最大6m離して設置することが可能です。シングルメータ―トレッドミルの両サイドに設置し、歩行、ランニングの分析が可能。床に設置し、その場で足踏みをして、開眼、閉眼でテストを実施することにより固有感覚受容器による姿勢の補正機能の評価が可能。また、ジャンプテスト（滞空時間、高さなど）やリアクションテスト（視覚／聴覚信号から運動開始までの時間など）を検出可能。連結システム１歩 行 周 期 の 時 間 、空 間 的 変数のすべてについて包括的な分析が可能。最短2mから最長100mまで延長可能。２Dシステム4辺に囲まれたエリア内の評価が可能。1m四方から最大5m四 方 の 2 次 元 測 定エリアを作ることが可能で2次元分析により、正常歩行、杖歩行などの評価が可能。延長用バーOPG-101","たった今の「歩行」をその場で計測・素早く評価・フィードバック。
光学式歩行分析装置オプトゲイト
画期的な歩行分析システム。
左 右に並べたバーの間を歩行するだけで、歩幅、スピード、接地時間、左右
のバランス等、歩行分析に必要なデータをその場で計測・分析できます。
評価測定
光センサーによる正確な計測。
送信バーと受信バーには各96個のLEDが配置され、赤外線により反対側
運動療法のバーに配置されたLEDと通信します。
床、またはトレッドミル上に設置された本システムが被験者の動作によっ
て生じる通信の遮断を検出し、その位置、時間を1000分の1秒の精度、
水治療法10mmの空間精度で計測します。
また、筋電計との同期が可能。  バーチャルフットスイッチとして被験者の
立脚期、遊脚期の情報を筋電計へ送信します。
物理療法
簡単に素早く設置でき、すぐに使えてポータブル。
システムには軽量のバッグが付属。
テストの準備も2本のバーを床またはトレッドミルの上に平行に置いて
救急
USBケーブルでPCに接続するだけ。バーは最大6m離して設置すること光学式歩行分析装置オプトゲイト送料 御見積
が可能です。
OPG-100（1mセット） ¥2,000,000
ＡＤＬ・
OPG-300（3mセット） ¥4,000,000
作業療法シングルメータ―
寸法センサーバー／95（W）×1047（L）×93（H）mm
トレッドミルの両サイドに設置し、歩行、ランニングの分析が可能。
質量約2㎏
床に設置し、その場で足踏みを
言語療法電源OPG-100／AC100V（50/60Hz）0.7A、OPG-300／AC100V（50/60Hz）
して、開眼、閉眼でテストを実1.4A
施することにより固有感覚受容動作環 境ＯＳ：Windows®7／8／10／11、CPU：Core2Duo  1GHz以上、メモリ：1GB
器による姿勢の補正機能の評以上（2GB以上推奨）、USBポート：3個以上
自立支援
機器価が可能。構成OPG-100：センサーバー1m×2本、OPG-300：センサーバー1m×2本、延長
用バー1m×4本、共通：WEBカメラ2台、三脚2台、ACアダプタ1式、キャリー
また、ジャンプテスト（滞空時
バッグ（1m用）、オプトゲイト用ソフトウェア1枚、外部接続ケーブル（3.5mm3
衛生・間、高さなど）やリアクションテピン・ミニジャック）
防災スト（視覚／聴覚信号から運動［解析項目］歩行･ランニング分析●距離因子：ステップ
開始までの時間など）を検出可ゲイトトレーニングシステム3での使用例長（歩幅）、ストライド長（1歩行距離）●速度因子：歩行
能。（ランニング）速度、加速度●時間因子：ステップ時間、
介護用
入浴機器ストライド時間（1歩行周期）、ケーデンス（歩行率）、立
連結システム脚時期、遊脚時期、単脚支持期、両脚支持期ジャンプ分
１ 歩 行 周 期 の 時 間、 空 間 的変析●接地時間●滞空時間●高さ（滞空時間と重力加速度
数のすべてについて包括的なより計算）●パワー●ピッチ（単位時間あたりの回数）●
分析が可能。最短2mから最長反応時間
100mまで延長可能。
動作解析
機能検査
テレマイオDTSでの使用例
Gaitレポート
体力測定
人体測定
２Dシステム
4辺に囲まれたエリア内の評価
2m×1m システム構成
が可能。1m四方から最大5m
オプトゲイト OPG-300 ¥4,000,000
 四 方 の 2 次 元 測定エリアを作
2Dシステム専用ケーブル3本セット　 14P30149 ¥20,000
ることが可能で2次元分析によ
データ処理装置 EM-P6 ¥450,000
り、正常歩行、杖歩行などの評
合計　¥4,470,000
価が可能。
オプション
データ処理装置送料 C
EM-P6 ¥450,000
計測・解析用パソコン。
※プリンターは付属しません。
延長用バー送料 御見積5m用バッグ送料 御見積2Dシステム専用ケーブル3本セット 送料 御見積
OPG-101 ¥1,000,000OPG-150 ¥200,00014P30149 ¥20,000
1m延長用センサーバー。最大100mまで延5m分のセンサーバーが収納できます。2Dシステム用ケーブル。
長できます。
寸 法95（W）×1000（L）×35（H）mm寸 法300（W）×1200（L）×450（H）mm
質 量約1.5kg質 量約5.6kg
64"
66,MMTWUODJSOQP8,評価測定,機能検査,"※構成品を紛失・破損した場合、追加購入できます。※構成品を紛失・破損した場合、追加購入できます。簡易上肢機能検査ステフSOT-3000 上肢機能検査MFTSOT-5000  評価測定運動療法水治療法物理療法救急ＡＤＬ・作業療法言語療法自立支援機器衛生・防災 介護用入浴機器  動作 解析機能 検査体力 測定人体 測定WEBはこちら寸法 携帯ケース／532（W）×497（D）×125（H）mm検査台／800（W）×400（D）×35（H）mm質量 7.2kg材質 携帯ケース／ナイロン、検査台／ラワン材化粧合板［構成］中球6個、大球5個、小球8個、大直方5個、中立方6個、小立方6個、木円板6個、金円板8個、布6枚、ピン8本、手引書、ステフ用検査シート	STEF-20P（1冊）木円板の移動寸法 携帯ケース／505（W）×325（D）×145（H）mm質量 4.7kg材質 携帯ケース／ナイロン［構成］ペグボード、CCボード、ペグ（42本）、ボール、六角棒（2本）、針（2本）、メタル（2個）、立方体（10個）、トレー、角度計、ストップウォッチ把握手指運動消耗品上肢の動作能力を素早く、客観的に評価。各種ブロックのつまみ、移動作業を行い、健常者との比較や制限の程度を判定します。付属の検査シートに所要時間をマーキングすることにより、結果が点数化され簡単に検査できます。ステフ用検査シートSTEF-20P（1冊20枚綴り） 上肢運動機能の経時的変化を記録。上肢の前方挙上、上肢の側方挙上、手掌で後頭部を触れる、手掌で背部を触れる、握る、つまむ、立方体を運ぶ、ペグボードの8課題を行う検査です。検査結果（回復過程）を統計的に分析しリハビリテーションのプログラムをたてることができます。65送料 B¥220,000送料 A¥2,500送料 B¥220,000ＭＦＴの評価項目上肢の前方挙上、上肢の側方挙上、手掌で後頭部を触れる、手掌で背部を触れる、握る、つまむ、立方体を運ぶ、ペグボードの８課題を行います。大球の移動布の移動上肢の運動","WEBはこちら
簡易上肢機能検査ステフ送料 B
SOT-3000  ¥220,000
上肢の動作能力を素早く、客観的に評価。
各種ブロックのつまみ、移動作業を行い、健常者との比較や制限の程度
を判定します。
付属の検査シートに所要時間をマーキングすることにより、結果が点数
化され簡単に検査できます。
寸 法携帯ケース／532（W）×497（D）×125（H）mm
検査台／800（W）×400（D）×35（H）mm
評価測定
質 量7.2kg
材 質携帯ケース／ナイロン、検査台／ラワン材化粧合板
［構成］中球6個、大球5個、小球8個、大直方5個、中立方6個、小立方6個、木円板6個、金
円板8個、布6枚、ピン8本、手引書、ステフ用検査シート STEF-20P（1冊）運動療法
※構成品を紛失・破損した場合、追加購入できます。
消耗品水治療法
ステフ用検査シート送料 A
STEF-20P（1冊20枚綴り） ¥2,500物理療法
救急
ＡＤＬ・
作業療法
言語療法
布の移動大球の移動木円板の移動自立支援
機器
衛生・
防災 
介護用
入浴機器
上肢機能検査MFT送料 B
SOT-5000   ¥220,000
上肢運動機能の経時的変化を記録。
上肢の前方挙上、上肢の側方挙上、手掌で後頭部を触れる、手掌で背部動 作解析
を触れる、握る、つまむ、立方体を運ぶ、ペグボードの8課題を行う検査
機 能検査
です。
検査結果（回復過程）を統計的に分析しリハビリテーションのプログラム
体 力測定
をたてることができます。
寸 法携帯ケース／505（W）×325（D）×145（H）mm人 体測定
質 量4.7kg
材 質携帯ケース／ナイロン
［構成］ペグボード、CCボード、ペグ（42本）、ボール、六角棒（2本）、針（2本）、メタル（2
個）、立方体（10個）、トレー、角度計、ストップウォッチ
※構成品を紛失・破損した場合、追加購入できます。
ＭＦＴの評価項目
上肢の前方挙上、上肢の側方挙上、手掌で後頭部を触れる、手掌で背部を触れる、
握る、つまむ、立方体を運ぶ、ペグボードの８課題を行います。
上肢の運動把握手指運動
65"
67,MMTWURELYSQAO,評価測定,機能検査,"評価測定運動療法水治療法物理療法救急ＡＤＬ・作業療法言語療法自立支援機器衛生・防災介護用入浴機器 動作解析機能検査体力測定人体測定ボックス＆ブロックテスト7531 ローゼンスコアRSN-100  末梢神経修復後の手の機能評価に。ローゼンスコアは、手関節部で正中神経あるいは尺骨神経修復術後の手の機能回復の指標を得るためにスコーネ大学病院（スウェーデン）のRosén、Lundborgらによって開発され、欧米を中心に広く用いられている評価法です。８つの検査を実施しスコア化。８つの検査をスコア化し、回復予測値と比較します。送料 D¥138,000脳血管疾患などにより、障がいを負った上肢の世界標準的な機能評価が行えます。標準値と被験者のテスト結果を比較して評価できます。脳卒中などの疾患に対し、経頭蓋磁気刺激法（TMS）などを行った後のリハビリテーション効果判定に適します。幅広い被験者に対応できるよう、150個のブロックで評価する仕様です。送料 B¥220,000①触覚閾値②静的2点識別③形状・肌理の識別④手の巧緻性⑤筋力⑥握力⑦寒冷に対する不耐性⑧接触に対する過敏性知覚領域運動領域痛み・不快領域66ボックス／290（L）×290（W）×170（H）mm（取手部含まず）ブロック／25（L）×25（W）×25（H）mm仕切り板／245（L）×5（W）×120（H）（使用時100）mm木製ストップウォッチ、ブロック収納袋収納ケース／５０５(Ｗ)×３２５(Ｄ)×１４５(Ｈ)ｍｍ寸法ブロック数 合計152個（含む予備2個）※青・赤・緑・黄4色入り材質付属品【テスト方法 】1.	健側（利き手側）で15秒間の練習を行います。2.	移動したブロックを元に戻します。	ブロックが山にならないよう、なるべく平らにしてください。3.	健側（利き手側）で60秒間のテストを行います。4.	移動したブロックの数をカウントします。5.	すべてのブロックをボックスの患側（非利き手側）に移動させます。6.	1～4の手順で患側（非利き手側）のテストを行います。※	製造工程上、色むらや木目がそろわない場合がありますので、あらかじめご了承ください。寸法［構成］スタイ検査器具、ソラマン簡易検査キット、ローゼンスコア検査マニュアル、収納ケース、評価シートソラマン簡易検査（Sollerman	test）※	全項目を測定するには、ジェイマー型握力計、セメスワインスタインモノフィラメント、ディスク・クリミネーターの3点が別途必要です。スタイ検査（STI-test）","ボックス＆ブロックテスト送料 D
7531  ¥138,000
脳血管疾患などにより、障がいを負った上肢の世界標準的な
機能評価が行えます。
標準値と被験者のテスト結果を比較して評価できます。
脳卒中などの疾患に対し、経頭蓋磁気刺激法（TMS）などを行った後のリ
ハビリテーション効果判定に適します。
幅広い被験者に対応できるよう、150個のブロックで評価する仕様です。
評価測定寸法ボックス／290（L）×290（W）×170（H）mm（取手部含まず）
ブロック／25（L）×25（W）×25（H）mm
仕切り板／245（L）×5（W）×120（H（）使用時100）mm
ブロック 数合計152個（含む予備2個）※青・赤・緑・黄4色入り
運動療法
材質木製
付属品ストップウォッチ、ブロック収納袋
水治療法【テスト方 法】
1. 健側（利き手側）で15秒間の練習を行います。
2. 移動したブロックを元に戻します。 
ブロックが山にならないよう、なるべく平らにしてください。
物理療法
3. 健側（利き手側）で60秒間のテストを行います。
4. 移動したブロックの数をカウントします。
5. すべてのブロックをボックスの患側（非利き手側）に移動させます。
救急6. 1～4の手順で患側（非利き手側）のテストを行います。
※ 製造工程上、色むらや木目がそろわない場合がありますので、あらかじめご了承く
ＡＤＬ・ださい。
作業療法
言語療法
自立支援
機器
衛生・
防災
介護用
入浴機器
ローゼンスコア送料 B
RSN-100  ¥220,000
末梢神経修復後の手の機能評価に。
動作解析ローゼンスコアは、手関節部で正中神経あるいは尺骨神経修復術後の
手の機能回復の指標を得るためにスコーネ大学病院（スウェーデン）の
機能検査
Rosén、Lundborgらによって開発され、欧米を中心に広く用いられてい
る評価法です。
体力測定
８つの検査を実施しスコア化。
人体測定８つの検査をスコア化し、回復予測値と比較します。
寸法収納ケース／５０５(Ｗ)×３２５(Ｄ)×１４５(Ｈ)ｍｍ
［構成］スタイ検査器具、ソラマン簡易検査キット、ローゼンスコア検査マニュアル、収納
ケース、評価シート
①触覚閾値
②静的2点識別
知覚領域
③形状・肌理の識別
④手の巧緻性
⑤筋力
運動領域
⑥握力
⑦寒冷に対する不耐性
痛み・不快領域
ソラマン簡易検査（Sollerman test）スタイ検査（STI-test）
⑧接触に対する過敏性
※ 全項目を測定するには、ジェイマー型握力計、セメスワインスタインモノフィラメント、ディスク・クリミネーターの3点が別途必要です。
66"
68,MMTWUTPR2QEL2,評価測定,機能検査,"○○①②③色○○○○○○○○○○○○○○○○○○○○○○○○○○○○○評価測定運動療法水治療法物理療法救急ＡＤＬ・作業療法言語療法自立支援機器衛生・防災 介護用入浴機器非特管 G3一般フィラメントは、ターゲットフォースに合わせて調整してあるため、長さが一律ではありません。※	診療報酬算定の場合は、医療機器のセメスワインスタインモノフィラメントでの検査を行うことが原則です。感覚障害の程度や回復傾向を把握するために。WEBはこちら足用6本セットSOT-DM20ASOT-DM06ASOT-DM05A20本セット 6本セット 5本セットペンタイプで携帯しやすく、フィラメントが内部に収納できます。収納ケースもコンパクトで、ベッドサイドへの持ち込みにも便利です。セットとマッピング・カラ−はＳＷ知覚テスターと同様の構成になっています。知覚検査のスタンダード評価法。絞扼性神経障害など末梢神経障害では、閾値を調べて結果をマッピングすることで、神経損傷レベルや程度を把握できます。糖尿病等による感覚障害の診断基準の目安とされている足用6本セットの５.０７フィラメントは、フィラメント部分が赤く色づけされています。67セメスワインスタインモノフィラメント 送料 A¥148,000SOT-DM20A （20本セット） ¥62,000SOT-DM06A （足用6本セット） ¥58,000SOT-DM05A （手用5本セット） 〈届出番号13B2X00081000045〉手用5本セット20本セット	 保険点数適用 	D239-5精密知覚機能検査※寸法 ペン／160mmフィラメント長さ／約40mmケース／（20本セット）200（L）×190（W）×30（D）mm、（5本セット/6本セット）200（L）×130（W）×30（D）mm材質 ケース／ビニールレザー※ 精密知覚機能検査は、末梢神経断裂、縫合術後又は絞扼性神経障害の患者に対して、当該検査に関する研修を受講した者が、Semmes−Weinstein	monofilament	set	を用いて知覚機能を定量的に測定した場合に算定できる。なお、検査の実施に当たっては、関係学会の定める診療に関する評価マニュアルを遵守すること。動作 解析機能 検査体力 測定人体 測定【検査方法】◦	皮膚の2.5cmの高さから検査部位に1.5秒かけて垂直に降ろし1.5秒かけてフィラメントがたわむまで行い、1.5秒かけてもとの位置に戻します。末梢から中枢へ、細いフィラメントから太いフィラメントへと移行して下さい。◦	太さの異なるフィラメントで刺激して、感じることのできた番号に応じて、指定された色でマッピングします。色のついた保護キャップと、本体を握ります。フィラメントが見える位置まで本体を回転させます。フィラメントのヘッドを持って90度回転させます。ターゲットフォース(grams)フィラメントNO.0.0080.02グリーン（触覚正常）1.652.360.042.440.072.830.16ブルー（触覚低下）3.220.403.613.840.601.004.081.4パープル（防御知覚低下）4.172.04.314.04.566.04.748.04.9310.015.0レッド（防御知覚脱失）5.075.18265.46605.881006.101806.45300（測定不能）6.65セメスワインスタインモノフィラメント","WEBはこちら
感覚障害の程度や回復傾向を把握するために。
セメスワインスタインモノフィラメント
知覚検査のスタンダード評価法。
絞扼性神経障害など末梢神経障害では、閾値を調べて結果をマッピング
することで、神経損傷レベルや程度を把握できます。
糖尿病等による感覚障害の診断基準の目安とされている足用6本セット評価測定
の５.０７フィラメントは、フィラメント部分が赤く色づけされています。
運動療法
ペンタイプで携帯しやすく、フィラメントが内部に収納できます。
収納ケースもコンパクトで、ベッドサイドへの持ち込みにも便利です。
セットとマッピング・カラ−はＳＷ知覚テスターと同様の構成になっています。
水治療法
【検査方法】
◦ 皮膚の2.5cmの高さから検査部位に1.5秒かけて垂直に降ろし1.5物理療法
秒かけてフィラメントがたわむまで行い、1.5秒かけてもとの位置に
戻します。末梢から中枢へ、細いフィラメントから太いフィラメントへ
と移行して下さい。
◦ 太さの異なるフィラメントで刺激して、感じることのできた番号に応じ救急
て、指定された色でマッピングします。
ＡＤＬ・
作業療法
①
言語療法
自立支援
機器
色のついた保護キャップと、本体を握ります。
衛生・
防災 
②
介護用
入浴機器
フィラメントが見える位置まで本体を回転させます。
動 作解析
手用5本セット
機 能検査
③
体 力測定
足用6本セット
人 体測定
20本セット
フィラメントのヘッドを持って90度回転させます。
ターゲットSOT-SOT-SOT-  保険点数適 用 D239-5精密知覚機能検査※
フォース色フィラメントDM20ADM06ADM05A
NO.
(grams)20本セッ ト6本セッ ト5本セット
セメスワインスタインモノフィラメント 送料 A
0.0081.65○
0.02グリーン2.36○SOT-DM20A（ 20本セット） ¥148,000
0.04（触覚正常）2.44○SOT-DM06A（ 足用6本セット） ¥62,000
0.072.83○○○SOT-DM05A（ 手用5本セット） ¥58,000
0.16ブルー3.22○〈届出番号13B2X00081000045〉一般非特 管G3
0.40（触覚低下）3.61○○○
寸 法ペン／160mm
0.603.84○フィラメント長さ／約40mm
1.00パープル4.08○ケース／（20本セット）200（L）×190（W）×30（D）mm、
1.4（防御知覚低下）4.17○（5本セット/6本セット）200（L）×130（W）×30（D）mm
2.04.31○○○材 質ケース／ビニールレザー
4.04.56○○○フィラメントは、ターゲットフォースに合わせて調整してあるため、長さが一律ではありません。
6.04.74○
8.04.93○※精 密知覚機能検査は、末梢神経断裂、縫合術後又は絞扼性神経障害
10.05.07○○の患者に対して、当該検査に関する研修を受講した者が、Semmes−
レッド
15.0（防御知覚脱失）5.18○Weinstein monofilament set を用いて知覚機能を定量的に測定した場
265.46○合に算定できる。なお、検査の実施に当たっては、関係学会の定める診療に
605.88○関する評価マニュアルを遵守すること。
1006.10○
※ 診療報酬算定の場合は、医療機器のセメスワインスタインモノフィラメントでの検査を行うことが原
1806.45○則です。
300（測定不能）6.65○○○
67"
69,MMTWUWW9Q1YI8,評価測定,機能検査,"※寸法には固体差があります。評価測定運動療法水治療法物理療法救急ＡＤＬ・作業療法言語療法自立支援機器衛生・防災介護用入浴機器 動作解析機能検査体力測定人体測定ディスク･クリミネーターDMG-512752 振動覚音叉セット（たたき棒付） 送料 A¥35,000SOT-8641 弁別能力検査器SOT-600（大小・重量弁別） 感覚受容器の分布密度を検査するデロン２点識別計。検査針を皮膚にあて、２点と識別できる間隔を検査します。ディスク１(2、3、4、5、6、7、8、25mm/1点)ディスク２(9、10、11、12、13、14、15、20mm/1点)皮膚の振動知覚をテスト。30Hzは粗振動感覚の受容器であるマイスナー小体の閾値を、256Hzは振動感覚の受容器であるパチニ小体の閾値を検査します。音叉を振動させるたたき棒がセットになっています。大小・重量弁別能力を検査。運動・動作能力の評価、トレーニングに重要となる感覚能力（大小弁別能力・重量弁別能力）を客観的・簡単に短時間で検査します。68送料 A¥35,700送料 A¥68,000寸法 ６８×６８mm：針長／１０mm質量 １枚１０ｇ材質 ディスク／プラスチック寸法 30Hz(大)／320(L)×42(W)×12(H)mm256Hz(小)／175(L)×35(W)×12(H)mm質量 30Hz(大)／200g、256Hz(小)／約80ｇ材質 スチール・真鍮［音叉たたき棒］寸法 200(L)mm質量 約40ｇ材質 ステンレス・ゴム寸法 アレンジトランク収納時／371（W）×300（D）×74（H）mm質量 2kg［構成］アレンジトランク、大小弁別合皮7種（4×4cm～7×7cm）、重量弁別ケース同型7種（10～130g）、検査用カーテン、デジタルタイマー（100分計）、大小弁別記録用紙、重量弁別記録用紙（マニュアル内）","ディスク･クリミネーター送料 A
DMG-512752 ¥35,700
感覚受容器の分布密度を検査するデロン２点識別計。
検査針を皮膚にあて、２点と識別できる間隔を検査します。
ディスク１(2、3、4、5、6、7、8、25mm/1点)
ディスク２(9、10、11、12、13、14、15、20mm/1点)
寸 法６８×６８mm：針長／１０mm
質 量１枚１０ｇ
材 質ディスク／プラスチック
評価測定
運動療法
水治療法
物理療法
救急
振動覚音叉セット（たたき棒付） 送料 A
ＡＤＬ・
SOT-8641  ¥35,000
作業療法
皮膚の振動知覚をテスト。
30Hzは粗振動感覚の受容器であるマイスナー小体の閾値を、256Hzは
言語療法
振動感覚の受容器であるパチニ小体の閾値を検査します。
音叉を振動させるたたき棒がセットになっています。
自立支援寸 法30Hz(大)／320(L)×42(W)×12(H)mm
機器256Hz(小)／175(L)×35(W)×12(H)mm
質 量30Hz(大)／200g、256Hz(小)／約80ｇ
材 質スチール・真鍮
衛生・
防災［音叉たたき棒］
寸 法200(L)mm
質 量約40ｇ
介護用
材 質ステンレス・ゴム
入浴機器
※寸法には固体差があります。
動作解析
機能検査
体力測定弁別能力検査器送料 A
人体測定SOT-600（大小・重量弁別） ¥68,000
大小・重量弁別能力を検査。
運動・動作能力の評価、トレーニングに重要となる感覚能力（大小弁別能
力・重量弁別能力）を客観的・簡単に短時間で検査します。
寸 法アレンジトランク収納時／371（W）×300（D）×74（H）mm
質 量2kg
［構成］アレンジトランク、大小弁別合皮7種（4×4cm～7×7cm）、重量弁別ケース同型7種
（10～130g）、検査用カーテン、デジタルタイマー（100分計）、大小弁別記録用紙、重量
弁別記録用紙（マニュアル内）
68"
70,MMTWUZXIV0ZRK,評価測定,機能検査,"限評価測定運動療法水治療法物理療法救急ＡＤＬ・作業療法言語療法自立支援機器衛生・防災 介護用入浴機器  ※ピンを紛失・破損した場合、追加購入できます。※ピンを紛失・破損した場合、追加購入できます。パーデューペグボードA929-1 オコナー巧緻テスト 限 7520 9ホールペグテストA8515 消耗品3種類のピンを利用した巧緻性テスト。指・手・腕全体を使う動作の巧緻性や指尖の巧緻性を要する動作のテストを行います。アメリカ、パーデュー大学の産業心理学教授・Dr.Joseph Tiffinによって、手作業のための巧緻性を評価するために開発されました。小さな部品を扱う能力を測定する検査機器。素早い動作が要求されるテストを行います。主な検査方法は片手で3本のピンをつまみ、ボードの穴にピンをさす作業を右上から水平方向に行います。最初の5列（50穴）とボードすべての穴を埋めるのに要したそれぞれの時間を記録します。９本のペグで行う簡易ペグテスト。運動協調性や視覚と手の協調性の評価、簡単な指示を理解する能力の評価などを行う簡易テストです。日本国外で多用されている検査のため、先行研究との比較にも利用されます。検査は短時間で行えるため、スクリーニング検査や多人数検証などに最適です。スペアペグA8516 69送料 A¥98,000送料 A¥75,000送料 A¥55,000送料 A¥4,500寸法 451（L）×298（W）×22（H）mm質量 0.73kgその他 ピン3種寸法 300（L）×150（W）×20（H）mm質量 700g入数 ピン約300本寸法 本体／310（L）×260（W）×40（H）㎜ペグ／φ6×30（H)㎜質量 約400g材質 プラスチック［構成］蓋、ペグ9本、ペグボード入数 9本：在庫商品のみの限定販売となります。在庫状況・数量をご確認ください。動作 解析機能 検査体力 測定人体 測定","パーデューペグボード送料 A
A929-1  ¥98,000
3種類のピンを利用した巧緻性テスト。
指・手・腕全体を使う動作の巧緻性や指尖の巧緻性を要する動作のテ
ストを行います。
アメリカ、パーデュー大学の産業心理学教授・Dr.Joseph Tiffinによっ
て、手作業のための巧緻性を評価するために開発されました。
寸 法451（L）×298（W）×22（H）mm
質 量0.73kg評価測定
その 他ピン3種
※ピンを紛失・破損した場合、追加購入できます。
運動療法
水治療法
物理療法
救急
オコナー巧緻テスト  限送料 A
7520  ¥75,000ＡＤＬ・
作業療法
小さな部品を扱う能力を測定する検査機器。
素早い動作が要求されるテストを行います。
主な検査方法は片手で3本のピンをつまみ、ボードの穴にピンをさす言語療法
作業を右上から水平方向に行います。
最初の5列（50穴）とボードすべての穴を埋めるのに要したそれぞれの
自立支援
時間を記録します。
機器
寸 法300（L）×150（W）×20（H）mm
質 量700g
入 数ピン約300本衛生・
防災 
※ピンを紛失・破損した場合、追加購入できます。
介護用
入浴機器
動 作解析
機 能検査
9ホールペグテスト送料 A体 力測定
A8515 ¥55,000人 体測定
９本のペグで行う簡易ペグテスト。
運動協調性や視覚と手の協調性の評価、簡単な指示を理解する能力の
評価などを行う簡易テストです。
日本国外で多用されている検査のため、先行研究との比較にも利用さ
れます。
検査は短時間で行えるため、スクリーニング検査や多人数検証などに
最適です。
寸 法本体／310（L）×260（W）×40（H）㎜
ペグ／φ6×30（H)㎜
質 量約400g
材 質プラスチック
［構成］蓋、ペグ9本、ペグボード
消耗品
スペアペグ送料 A
A8516 ¥4,500
入 数9本
限：在庫商品のみの限定販売となります。在庫状況・数量をご確認ください。69"
71,MMTWV3SVW9SIT,評価測定,機能検査,"木評価測定運動療法水治療法物理療法救急ＡＤＬ・作業療法言語療法自立支援機器衛生・防災介護用入浴機器   非特管 G3一般※	別に厚生労働省大臣が定める施設基準に適合しているものとして	地方厚生局長等に届け出た保険医療機関において行われる場合に限り算定する。ペグボードセットSOT-2100 ペグボードペグボードセット（SOT-2100）の構成品を単品でも。ペグボードスタンドSOT-2104 ヘッドアップティルトテーブルSPR-4000〈届出番号13B2X00081000043〉 SOT-2101SOT-2103SOT-2104型式［共通］材質SOT-2102	 保険点数適用 	D225-4ヘッドアップティルト試験※寸法 外形／１９５０（Ｌ）×８８５（Ｗ）×７５０（Ｈ）mm、キャスター／φ１００（４か所）質量 約９０ｋｇ材質 マット/ビニールレザー（抗菌処理、防汚用表面フッ素処理）、フレーム／スチール・粉体塗装仕上げ70送料 B¥94,000送料 Aペグ寸法（φ×Hmm）質量 入数32×80 約1.3kg15×50 約550g20本	 5×35 約230g送料 A¥33,000送料 J¥1,350,000ボード寸法（L×W×Hmm）¥25,000 305×380×30SOT-2101（大）握り用SOT-2102（中）指腹つまみ用 ¥20,000 230×280×22SOT-2103（小）指先つまみ用 ¥16,000 150×180×20価格ペグのサイズ別に段階を踏んだ練習が可能。円筒形のペグのサイズは3種類で、練習の各段階に応じられます。30°、45°、80°に傾斜するペグボードスタンドを使用して、立体的な練習も可能。ペグ両端を2色に色分け、色の置き換え練習も可能。［構成］ペグボード（SOT-2101、2102、2103）、ペグボードスタンド（SOT-2104）立体練習用の傾斜スタンド。格納時350（L）×390（W）×70（H）mm寸法質量約2.2kg角度調節 0°・30°・45°・80°ヘッドアップティルト試験用に保険適用された手動タイプ。ロックを解除し、テーブルを持ち上げるだけでヘッドアップが行えます。可動範囲は、−１０～８０度で調整が可能です。動作解析機能検査体力測定人体測定","ペグボードセット送料 B
SOT-2100  ¥94,000
ペグのサイズ別に段階を踏んだ練習が可能。
円筒形のペグのサイズは3種類で、練習の各段階に応じられます。
30°、45°、80°に傾斜するペグボードスタンドを使用して、立体的な練習も可能。
ペグ両端を2色に色分け、色の置き換え練習も可能。
［構成］ペグボード（SOT-2101、2102、2103）、ペグボードスタンド（SOT-2104）
評価測定ペグボード送料 A
ペグボードセット（SOT-2100）の構成品を単品でも。
運動療法ボード寸法ペグ寸法
型式価格質 量入数
SOT-2104（L×W×Hmm）（φ×Hmm）
SOT-2101（大）握り用¥25,00 0305×380×3032×8 0約1.3kg
水治療法SOT-2102（中）指腹つまみ 用¥20,00 0230×280×2215×5 0約550g20本
SOT-2103（小）指先つまみ 用¥16,00 0150×180×20  5×3 5約230g
SOT-2101［共通］
物理療法
材質木
救急ペグボードスタンド送料 A
SOT-2104  ¥33,000
ＡＤＬ・立体練習用の傾斜スタンド。
作業療法
寸法格納時350（L）×390（W）×70（H）mm
質量約2.2kg
SOT-2103
言語療法角度調 節0°・30°・45°・80°
自立支援
SOT-2102
機器
衛生・
防災
介護用
入浴機器
  保険点数適 用 D225-4ヘッドアップティルト試験※
ヘッドアップティルトテーブル送料 J
動作解析
SPR-4000〈届出番号13B2X00081000043〉 一般非特 管G3 ¥1,350,000
機能検査
ヘッドアップティルト試験用に保険適用された手動タイプ。
体力測定ロックを解除し、テーブルを持ち上げるだけでヘッドアップが行えます。
可動範囲は、−１０～８０度で調整が可能です。
人体測定
寸 法外形／１９５０（Ｌ）×８８５（Ｗ）×７５０（Ｈ）mm、キャスター／φ１００（４か所）
質 量約９０ｋｇ
材 質マット/ビニールレザー（抗菌処理、防汚用表面フッ素処理）、フレーム／スチール・粉体塗装仕
上げ
※ 別に厚生労働省大臣が定める施設基準に適合しているものとして 
地方厚生局長等に届け出た保険医療機関において行われる場合に限り算定する。
70"
72,MMTWV6VICXUQS,評価測定,機能検査,"○○○○○○○○○○○○○○○○○○○○−−−○○○○○○○○○○○○○○○○○○○○○○○評価測定運動療法水治療法物理療法救急ＡＤＬ・作業療法言語療法自立支援機器衛生・防災 介護用入浴機器  重心動揺計パワーベクトル分析下肢加重検査一般非特管 G2一般非特管 G2一般非特管 G2非特管 G2一般３Dバランス訓練ソフト映像同期機能APJ-Mov 同期信号発生装置BDA-20 オプションJK-101Ⅲ	 保険点数適用 	D250平衡機能検査送料 サ  ¥2,950,000  ¥2,380,000［JK-101Ⅲ］寸法質量周波数特性計測周波数測定荷重範囲プレート1枚/350（W）×350（D）×38（H）mm約7.5kg×2枚100Hz以上20～100Hz5～200kg［構成］プレート2枚、USBコントローラ、解析装置、ソフトウェア、プリンター、3Dバランス訓練ソフト、水平調節板［JK-101Ⅱ］寸法質量周波数特性計測周波数測定荷重範囲プレート1枚／483（W）×420（D）×23（H）mm約3.9kg×2枚100Hz以上20～100Hz5～150kg［構成］プレート2枚、USBコントローラ、解析装置、ソフトウェア、プリンター、3Dバランス訓練ソフト計測開始トリガー 2ch出力電圧レベル 0→2V種別選択設定ワンショット（SW使用時に信号が発生）電源単4乾電池2本［構成］重心計シリーズ専用コネクター／ケーブル1.5C（1m）、他システム用コネクター（標準：BNCコネクター）／ケーブル1.5C（1m）、寸法：69（W）×115（H）×28（D）mmJK-101ⅡUM-BARⅢUM-BARⅡ	 保険点数適用 	D250平衡機能検査［UM-BARⅢ］寸法質量周波数特性計測周波数測定荷重範囲350（W）×350（D）×38（H）mm約7.5kg100Hz以上20～100Hz5～200kg［構成］プレート１枚、USBコントローラ、解析装置、ソフトウェア、プリンター、水平調節板［UM-BARⅡ］寸法質量周波数特性計測周波数測定荷重範囲483（W）×420（D）×23（H）mm約3.9kg100Hz以上20～100Hz5～150kg［構成］プレート１枚、USBコントローラ、解析装置、ソフトウェア、プリンター解析項目一覧表項　目重心図総軌跡長（mm）単位軌跡長（mm/秒）単位面積軌跡長軌跡長X方向・Y方向軌跡長（mm）X方向・Y方向単位軌跡長（mm/秒）X方向・Y方向最大振幅（mm）短形面積（mm2）外周面積（mm2）実効値面積（mm2）X方向動揺平均中心変位（mm）面　積重心中心位置Y方向動揺平均中心変位（mm）ロンベルグ率評　価 レーダーチャート左右動揺位置のパワースペクトラム前後動揺位置のパワースペクトラムパワースペクトル解析左右動揺パワー領域面積比（％）前後動揺パワー領域面積比（％）位置ベクトル解析ベクトル解析速度ベクトル解析ヒストグラム解析振幅確立密度分布左右荷重経時変化左右荷重最大・最小・標準偏差左右足圧中心移動分析重心バランスシステムJK-101Ⅲ〈届出番号13B3X00510J00001〉 JK-101Ⅱ〈届出番号13B3X00510J00002〉 重心計とバランス計の1台2役を実現。めまいや平衡障害の検査、下肢疾患の評価に役立ちます。転倒予防に効果的な機能を装備しています。平衡障害の改善率をグラフ化し、分かりやすく表示します。3D表示機能、IPS計測評価、左右移動能力検査が行えます。100Hzでのサンプリングを可能としました。周波数解析において精度が向上します。動画取り込み用カメラとソフトウェアの構成。2ｃｈのトリガー信号を出力します。［動作環境］平衡機能計UM-BARⅢ〈届出番号13B3X00510B00001〉 UM-BARⅡ〈届出番号13B3X00510B00002〉 コンパクト・ポータブル。めまい・平衡障害の検査が行え、定量的評価に役立ちます。平衡障害の改善率をグラフ化し、分かりやすく表示します。100Hzでのサンプリングを可能としました。周波数解析において精度が向上します。71送料 サ¥5,600,000¥4,100,000送料 サ¥500,000送料 サ¥210,000動作 解析機能 検査体力 測定人体 測定UM-BARⅢUM-BARⅡ○JK-101ⅢJK-101Ⅱ○","UM-BARⅢJK-101Ⅲ評価測定
運動療法
UM-BARⅡJK-101Ⅱ水治療法
  保険点数適 用 D250平衡機能検査  保険点数適 用 D250平衡機能検査
物理療法
平衡機能計送料 サ重心バランスシステム送料 サ
UM-BARⅢ〈届出番号13B3X00510B00001〉 一般非特 管G2  ¥2,950,000JK-101Ⅲ〈届出番号13B3X00510J00001〉 一般非特 管G2 ¥5,600,000救急
UM-BARⅡ〈届出番号13B3X00510B00002〉 一般非特 管G2  ¥2,380,000JK-101Ⅱ〈届出番号13B3X00510J00002〉 一般非特 管G2 ¥4,100,000
コンパクト・ポータブル。重心計とバランス計の1台2役を実現。
ＡＤＬ・
めまい・平衡障害の検査が行え、定量的評価に役立ちます。めまいや平衡障害の検査、下肢疾患の評価に役立ちます。作業療法
平衡障害の改善率をグラフ化し、分かりやすく表示します。転倒予防に効果的な機能を装備しています。
100Hzでのサンプリングを可能としました。平衡障害の改善率をグラフ化し、分かりやすく表示します。
言語療法
周波数解析において精度が向上します。3D表示機能、IPS計測評価、左右移動能力検査が行えます。
［UM-BARⅢ］100Hzでのサンプリングを可能としました。
寸法350（W）×350（D）×38（H）mm周波数解析において精度が向上します。自立支援
質量約7.5kg［JK-101Ⅲ］機器
周波数特性100Hz以上
寸法プレート1枚/350（W）×350（D）×38（H）mm
計測周波数20～100Hz
質量約7.5kg×2枚衛生・
測定荷重範囲5～200kg
周波数特性100Hz以上防災 
［構成］プレート１枚、USBコントローラ、解析装置、ソフトウェア、プリンター、水平調節板計測周波数20～100Hz
［UM-BARⅡ］測定荷重範囲5～200kg
介護用
寸法483（W）×420（D）×23（H）mm［構成］プレート2枚、USBコントローラ、解析装置、ソフトウェア、プリンター、3Dバランス入浴機器
質量約3.9kg訓練ソフト、水平調節板
周波数特性100Hz以上［JK-101Ⅱ］
計測周波数20～100Hz寸法プレート1枚／483（W）×420（D）×23（H）mm
測定荷重範囲5～150kg質量約3.9kg×2枚
［構成］プレート１枚、USBコントローラ、解析装置、ソフトウェア、プリンター周波数特性100Hz以上
計測周波数20～100Hz
測定荷重範囲5～150kg動 作解析
［構成］プレート2枚、USBコントローラ、解析装置、ソフトウェア、プリンター、3Dバランス
訓練ソフト機 能検査
解析項目一覧表
UM-BARⅢJK-101Ⅲ体 力測定
項　目オプション
UM-BARⅡJK-101Ⅱ
重心図○○人 体測定
総軌跡長（mm）○○
単位軌跡長（mm/秒）○○
単位面積軌跡長○○
軌跡長
X方向・Y方向軌跡長（mm）○○
X方向・Y方向単位軌跡長（mm/秒）○○
重
心X方向・Y方向最大振幅（mm）○○３Dバランス訓練ソフト映像同期機能送料 サ
動2
揺短形面積（mm）○○APJ-Mov ¥500,000
計面　積外周面積（mm2）○○動画取り込み用カメラとソフトウェアの構成。
2
実効値面積（mm）○○
重心X方向動揺平均中心変位（mm）○○
中心位置Y方向動揺平均中心変位（mm）○○
ロンベルグ率○○
評　 価レーダーチャート○○
左右動揺位置のパワースペクトラム○○
パパワー前後動揺位置のパワースペクトラム○○
ワスペクトル同期信号発生装置送料 サ
ー解析左右動揺パワー領域面積比（％）○○
ベ前後動揺パワー領域面積比（％）○○BDA-20 ¥210,000
ク
トベクトル位置ベクトル解析○○2ｃｈのトリガー信号を出力します。
ル［動作環境］
分解析速度ベクトル解析○○
析振幅確立計測開始トリガ ー2ch
密度分布ヒストグラム解析○○出力電圧レベ ル0→2V
種別選択設定ワンショット（SW使用時に信号が発生）
下左右荷重経時変化−○
電源単4乾電池2本
検肢左右荷重最大・最小・標準偏差−○
査加［構成］重心計シリーズ専用コネクター／ケーブル1.5C（1m）、他システム用コネクター
重左右足圧中心移動分析−○（標準：BNCコネクター）／ケーブル1.5C（1m）、寸法：69（W）×115（H）×28（D）mm
71"
73,MMTWVA0CHVP9Z,評価測定,機能検査,"特管 G2特管 G2特管 G2管理特管 G2カタログ 管理管理管理※	本製品は、生体の誘発反応測定のために、末梢神経に磁気刺激を加えることを目的とした検査用機器です。評価測定運動療法水治療法物理療法救急ＡＤＬ・作業療法言語療法自立支援機器衛生・防災介護用入浴機器   動作解析機能検査体力測定人体測定PMSコイルTC-1PL-TC-1 コイルスタンドPL-CSD-1 ※PMSコイルUC-1用のスタンドです。PMSコイルUC-1PL-UC-1 電気刺激とは異なる新たなアプローチ。WEBはこちらPMSコイル	TC-1送料 サ¥1,000,000オプションおよび交換品磁気刺激装置パスリーダー 単品72340（W）×265（D）×175（H）mm400（W）×350（D）×760（H）mm15kgAC100V（50/60Hz）10A1kVA10～50Hz（2.5Hz可変）10～100%（60～600V	1%可変）連続刺激時間	最大2秒250～450μs（刺激コイルによる）バイフェージック送料 サ¥800,000送料 サ¥100,000パスリーダーアーム付カートセット送料 サ¥4,300,000 PL-CTA 〈認証番号227AFBZX00021000〉 [構成]パスリーダー本体、PMSコイル	 UC-1、フットスイッチ、アーム付カート、電源ケーブルパスリーダーコイルスタンドセット 送料 サ¥4,100,000 PL-UC 〈認証番号227AFBZX00021000〉 [構成]パスリーダー本体、PMSコイル	 UC-1、コイルスタンド、フットスイッチ、専用カート、電源ケーブルパスリーダー（専用カート付）送料 サ¥3,800,000 IF-PL 〈認証番号227AFBZX00021000〉 ［構成］パスリーダー本体、PMSコイル	TC-1、フットスイッチ、専用カート、電源ケーブル［共通］骨格筋本体寸法カート寸法質量電源消費電力周波数出力設定刺激時間パルス幅最大磁束密度 0.85～0.94T（TC-1）／0.59～0.68T（UC-1）最大磁束変化率 11～20kT/sec（刺激コイルによる）磁場波形コンデンサ寿命 約2500万回電撃保護形式 クラスⅠ電撃保護程度 BF形装着部電流皮膚磁場電流PMSコイル	UC-1PL-UCIF-PL送料 サ¥2,800,000送料 サ¥500,000磁気刺激のイメージ刺激コイルPL-CTAカート寸法 500（W）×360（D）×760（H）mm（支柱、アーム除く）痛みや不快感を伴わない磁気刺激。磁気刺激は経皮的電気刺激とは異なるアプローチで神経線維への刺激を行います。プローブ内コイルのパルス電流により磁束を作り出し、筋内で「渦電流」を発生させることがその特徴です。この方法では、皮膚表層の痛覚神経への刺激を抑えたまま、深部にある2つの神経線維、α線維と、Ia線維を同時に刺激することが可能となります。粘着パッドなどは使用しないので着衣のまま刺激が可能なうえ、電気的な痛みを感じにくい状態で深部の神経線維にアプローチすることができます。舌骨上筋群などの小さな筋群への刺激を可能に。PMSコイルUC-1は、狭い範囲に集中した磁気刺激を行えます。不要な部位を刺激せずに、局所的に強力な渦電流を誘発して「強縮」を起こすことも可能です。パスリーダー本体PL-PW-1001 〈認証番号227AFBZX00021000〉 アーム付カートPL-CTA-1","WEBはこちら
電気刺激とは異なる新たなアプローチ。
単品
磁気刺激装置パスリーダー カタロ グ
痛みや不快感を伴わない磁気刺激。
磁気刺激は経皮的電気刺激とは異なるアプローチで神経線維への刺激
を行います。プローブ内コイルのパルス電流により磁束を作り出し、筋内
評価測定で「渦電流」を発生させることがその特徴です。
この方法では、皮膚表層の痛覚神経への刺激を抑えたまま、深部にある
2つの神経線維、α線維と、Ia線維を同時に刺激することが可能となりま
運動療法す。粘着パッドなどは使用しないので着衣のまま刺激が可能なうえ、電気
的な痛みを感じにくい状態で深部の神経線維にアプローチすることがで
きます。
水治療法
磁気刺激のイメージ
電流
物理療法皮膚
刺激コイル
磁場
救急
骨格筋
電流
ＡＤＬ・
作業療法
PMSコイル TC-1
言語療法舌骨上筋群などの小さな筋群への刺激を可能に。
PMSコイルUC-1は、狭い範囲に集中した磁気刺激を行えます。不要な
自立支援部位を刺激せずに、局所的に強力な渦電流を誘発して「強縮」を起こすこ
パスリーダーアーム付カートセット送料 サ
機器とも可能です。
PL-CTA〈 認証番号227AFBZX00021000〉 管理特 管G2 ¥4,300,000 
衛生・[構成]パスリーダー本体、PMSコイル  UC-1、フットスイッチ、アーム付カート、電源ケー
防災ブル
介護用PMSコイル UC-1パスリーダーコイルスタンドセット 送料 サ
入浴機器
PL-UC〈 認証番号227AFBZX00021000〉 管理特 管G2 ¥4,100,000 
[構成]パスリーダー本体、PMSコイル  UC-1、コイルスタンド、フットスイッチ、専用カー
ト、電源ケーブル
パスリーダー（専用カート付）送料 サ
動作解析IF-PL〈 認証番号227AFBZX00021000〉 管理特 管G2 ¥3,800,000 
［構成］パスリーダー本体、PMSコイル TC-1、フットスイッチ、専用カート、電源ケーブル
機能検査［共通］
本体寸法340（W）×265（D）×175（H）mm
体力測定
カート寸法400（W）×350（D）×760（H）mm
質量15kg
人体測定
電源AC100V（50/60Hz）10A
消費電力1kVA
周波数10～50H（z2.5Hz可変）
出力設定10～100%（60～600V 1%可変）
刺激時間連続刺激時間 最大2秒
パルス幅250～450μ（s刺激コイルによる）
最大磁束密 度0.85～0.94T（TC-1）／0.59～0.68T（UC-1）
最大磁束変化 率11～20kT/sec（刺激コイルによる）
磁場波形バイフェージック
コンデンサ寿 命約2500万回
電撃保護形 式クラスⅠ
電撃保護程 度BF形装着部
PL-CTAPL-UCIF-PL※ 本製品は、生体の誘発反応測定のために、末梢神経に磁気刺激を加えることを目的とした検査用
機器です。
オプションおよび交換品
パスリーダー本体送料 サPMSコイルTC-1送料 サPMSコイルUC-1送料 サ
PL-PW-1001 ¥2,800,000PL-TC-1 ¥800,000PL-UC-1 ¥1,000,000
〈認証番号227AFBZX00021000〉 管理特 管G2
アーム付カート送料 サコイルスタンド送料 サ
PL-CTA-1 ¥500,000PL-CSD-1 ¥100,000
※PMSコイルUC-1用のスタンドです。
カート寸 法500（W）×360（D）×760（H）mm
（支柱、アーム除く）
72"
74,MMTWVD1TDPN17,評価測定,体力測定,"油圧ピンチゲージSH5005 スメドレー握力計TTM-YOⅢ（100kg用） TTM-YC Ⅲ（50kg用） 寸法質量表示ジェイマー型油圧握力計SH5001 グリップD（デジタル握力計）T.K.K.5401 バックD（デジタル背筋力計） 送料 御見積¥92,000T.K.K.5402 73送料 A ¥58,000送料 A¥11,000¥12,000※ストラップは付属していません。外形／248(L)×73(W)×140(H)mm質量710g測定範囲最大／90kgf以下表示単位計測精度2kgf±5%FS（4～90kgf）寸法質量表示機能測定範囲電源連続使用時間 約100時間外形／約154（Ｗ）×235（Ｄ）×62（Ｈ）mm約680g液晶3桁／100g単位オートパワーオフ／最終測定後約1分5～100kg単4乾電池2本寸法質量外形／約315（Ｗ）×315（Ｄ）×328（Ｈ）mm約3.7kg表示液晶4桁／500g単位機能オートパワーオフ／最終測定後約1分測定範囲20～300kg電源単4乾電池2本連続使用時間 約100時間送料 A ¥68,0005段階のハンドル機能を持つ国際的に信頼されている握力計です。寸法質量240g測定範囲表示単位最大／20kgf以下500g計測精度±5%FS（1～20kgf）100kg用送料 B¥43,000外形／135（W）×215（D）×50（H）mm約470g500g単位スタンダードな油圧式のピンチゲージです。外形／137(L)×73(W)×42(H)mm寸法使用時使用時50kg用評価測定運動療法水治療法物理療法救急ＡＤＬ・作業療法言語療法自立支援機器衛生・防災 介護用入浴機器動作 解析機能 検査体力 測定人体 測定","※ストラップは付属していません。
評価測定
運動療法
ジェイマー型油圧握力計送料 A油圧ピンチゲージ送料 A
SH5001  ¥68,000SH5005  ¥58,000水治療法
5段階のハンドル機能を持つ国際的に信頼されている握力スタンダードな油圧式のピンチゲージです。
計です。寸法外形／137(L)×73(W)×42(H)mm
質量240g物理療法
寸法外形／248(L)×73(W)×140(H)mm
測定範囲最大／20kgf以下
質量710g
表示単位500g
測定範囲最大／90kgf以下
計測精度±5%FS（1～20kgf）
表示単位2kgf救急
計測精度±5%FS（4～90kgf）
ＡＤＬ・
作業療法
言語療法
自立支援
機器
衛生・
防災 
介護用
使用時100kg用50kg用入浴機器
グリップD（デジタル握力計）送料 Bスメドレー握力計送料 A
T.K.K.5401 ¥43,000TTM-YOⅢ（100kg用） ¥11,000
寸法外形／約154（Ｗ）×235（Ｄ）×62（Ｈ）mmTTM-YC Ⅲ（50kg用） ¥12,000
質量約680g寸法外形／135（W）×215（D）×50（H）mm
動 作解析
表示液晶3桁／100g単位質量約470g
機能オートパワーオフ／最終測定後約1分表示500g単位
機 能検査
測定範囲5～100kg
電源単4乾電池2本
体 力測定
連続使用時 間約100時間
人 体測定
使用時
バックD（デジタル背筋力計） 送料 御見積
T.K.K.5402 ¥92,000
寸法外形／約315（Ｗ）×315（Ｄ）×328（Ｈ）mm
質量約3.7kg
表示液晶4桁／500g単位
機能オートパワーオフ／最終測定後約1分
測定範囲20～300kg
電源単4乾電池2本
連続使用時 間約100時間
73"
75,MMTWVG6NUANGG,評価測定,体力測定,"単品カタログ評価測定運動療法水治療法物理療法救急ＡＤＬ・作業療法言語療法自立支援機器衛生・防災介護用入浴機器  動作解析機能検査体力測定人体測定どこでも多様な筋力評価ができる軽量＆コンパクトサイズ。WEBはこちらMT-201（シンプルモデル）74徒手筋力計膝：伸展MT-202（無線モデル）寸法90（L）×48（W）×32（H）mm質量約240ｇ（表示部＋プッシュセンサー）※充電池含む表示N（ニュートン）・kgf（キログラムフォース）・lbf（ポンドフォース）精度±2％RO以内最小単位 0.1kgf測定範囲 50kgf以下［構成］表示部、プッシュセンサー、緩衝用パッド、ストラップ、ニッケル水素電池（単４形）1本、充電用USBケーブル、USB-ACアダプター徒手筋力計モービィZMT-201 徒手筋力計モービィZⅡ（Wi-Fi・ソフト込み）MT-202 ［共通］股関節：伸展肩：外転送料 A¥160,000送料 A¥340,000高精度なプッシュセンサータイプのハンドヘルドダイナモメーターで反発する筋力を正確に測定できます。充電式バッテリーで小型なので、持ち運びしやすく手軽に精度の高い筋力評価を行えます。モービィZ","どこでも多様な筋力評価ができる
軽量＆コンパクトサイズ。
徒手筋力計
単品
モービィZ  カタログ
評価測定
運動療法
高精度なプッシュセンサータイプの
ハンドヘルドダイナモメーターで
水治療法
反発する筋力を正確に測定できます。
充電式バッテリーで小型なので、持ち運びしやすく
物理療法
手軽に精度の高い筋力評価を行えます。
救急
WEBはこちら
ＡＤＬ・
作業療法
言語療法
自立支援
機器
衛生・
防災
介護用
入浴機器
動作解析
機能検査
体力測定
人体測定
膝：伸展股関節：伸展肩：外転
MT-202（無線モデル）
徒手筋力計モービィZ送料 A
MT-201  ¥160,000
徒手筋力計モービィZⅡ（Wi-F・iソフト込み）送料 A
MT-202  ¥340,000
［共通］
寸法90（L）×48（W）×32（H）mm
質量約240ｇ（表示部＋プッシュセンサー）※充電池含む
表示N（ニュートン）・kg（fキログラムフォース）・lb（fポンドフォース）
精度±2％RO以内
最小単 位0.1kgf
測定範 囲50kgf以下
［構成］表示部、プッシュセンサー、緩衝用パッド、ストラップ、ニッケル水素電池（単４形）1本、充電用USB
ケーブル、USB-ACアダプター
MT-201（シンプルモデル）
74"
76,MMTWVJ8NPRXPZ,評価測定,体力測定,※市販のニッケル水素電池以外使用しないでください。※パソコンへのデータ入力には別途、A/D変換器等が必要です。※ソフトウエア「GET	DATA」については、P.77をご参照ください定が可能となります。ZEROオフセットボタン電源スイッチ測定データのアナログ出力標準装備。モービィZ、モービィZⅡともに、オプションのアナログ出力ケーブル（MT-221）を使用すれば、他の測定機器との同期測測定を最大筋力のみに絞った「シンプルモデル」、PCにデータ送信することで瞬発力や筋疲労（持久力）なども評価でき、多角的に分析できる「無線モデル」からお選びいただけます。USBケーブルで100Vコンセントから充電します。バッテリー切れでも充電しながら使用することもできます。また、単４形充電池（ニッケル水素電池）のため予備のバッテリーを交換すれば、すぐに使用できます。1．電源スイッチをONへスライドします。2．ZEROオフセットボタンを押し、表示を0にリセットします。（長押しをすると単位がkgf→N→lbfの順で測定単位が切り替わります）3．正しい姿勢でモービィZ・ZⅡ全体を手で包むように持ち、プッシュセンサーを支えます。運動方向に対して垂直にモービィZ・ZⅡをあて被験者と力が釣り合うように保ちます。4．表示画面に測定結果が表示されます。（ピークホールド）Data75無線モデル（モービィZⅡ）＋ ソフトウエア「GET DATA」測定データの活用方法で選べる2モデル。シンプルモデル（モービィZ）バッテリー切れにも素早く対応できる安心設計。オプションのセンサーを交換すれば、さまざまな筋力評価が可能になります。測定方法最大筋力 フォースカーブ表示 CSVファイル保存最大筋力握力センサープルセンサーピンチセンサー評価測定運動療法水治療法物理療法救急ＡＤＬ・作業療法言語療法自立支援機器衛生・防災 介護用入浴機器動作 解析機能 検査体力 測定人体 測定,"測定データの活用方法で選べる2モデル。
測定を最大筋力のみに絞った「シンプルモデル」、
PCにデータ送信することで瞬発力や筋疲労（持久力）なども評価でき、多角的に分析できる「無線モデル」からお選びいただけます。
シンプルモデル（モービィZ）無線モデル（モービィZⅡ）＋ ソフトウエア「GET DATA」
最大筋力最大筋 力フォースカーブ表 示CSVファイル保存
評価測定
運動療法
Data
水治療法
物理療法
※ソフトウエア「GET DATA」については、P.77をご参照ください
救急
バッテリー切れにも素早く対応できる安心設計。測定データのアナログ出力標準装備。ＡＤＬ・
作業療法
USBケーブルで100VコンセントからモービィZ、モービィZⅡともに、オプションのアナログ出力
充電します。バッテリー切れでも充電ケーブル（MT-221）を使用すれば、他の測定機器との同期測言語療法
しながら使用することもできます。ま定が可能となります。
た、単４形充電池（ニッケル水素電池）
自立支援
のため予備のバッテリーを交換すれ※パソコンへのデータ入力には別途、A/D変換器等が必要です。機器
ば、すぐに使用できます。
衛生・
防災 
※市販のニッケル水素電池以外使用しないでください。
介護用
入浴機器
オプションのセンサーを交換すれば、さまざまな筋力評価が可能になります。
動 作解析
機 能検査
体 力測定
人 体測定
握力センサープルセンサーピンチセンサー
測定方法ZEROオフセットボタン
1．電源スイッチをONへスライドします。
2．ZEROオフセットボタンを押し、表示を0にリセットします。
（長押しをすると単位がkgf→N→lbfの順で測定単位が切り替わります）
3．正しい姿勢でモービィZ・ZⅡ全体を手で包むように持ち、
プッシュセンサーを支えます。
運動方向に対して垂直にモービィZ・ZⅡをあて
被験者と力が釣り合うように保ちます。
4．表示画面に測定結果が表示されます。（ピークホールド）電源スイッチ
75"
77,MMTWVMEONMPE9,評価測定,体力測定,"※パソコンへのデータ入力にはA/D変換器等が必要です。プルセンサーMT-250 ピンチセンサーMT-240 収納ケースMST-10 握力センサーMT-230 外部出力ケーブルMT-221 オプション（モービィZシリーズ用）　※旧型モービィ（MT-100）には対応しておりません。150kgfまで測定可能。牽引法で測定できるので、再現性の高い評価が可能です。ベルトで固定するため、プッシュ式では測定しにくい評価が簡単に行えます。0.1kgf単位でのピンチ力を表示可能です。油圧ピンチ計では困難だった1㎏f以下の評価もできます。寸法質量測定範囲精度モービィZシリーズをコンパクトに収納するケース。寸法76送料 A¥78,000送料 A ¥79,000送料 A ¥5,500外形／175（L）×140（W）×35（H）mm490g最大／90kgf以下±2％RO以内ケーブル／約1000mmその他コネクタ部／USB（micro-B）to	BNC（オス）寸法質量測定範囲精度［構成］プルセンサー、ベルト2本、パッド1個送料 A ¥165,000海外標準のジェイマー型ハンドルのセンサーに交換することで、5ポジションテストやポジション2の標準テストが簡便に行えます。寸法質量測定範囲精度送料 A ¥18,000収納可能寸法 340（L）×180（W）×70（H）mm質量材質耐荷重外形／114（L）×48（W）×21（H）mmベルト／1000（L）×24（W）mm（バックル部除く）約１47g（ベルト部除く）１5０ｋｇｆ以下±2％RO以内外形／115（L）×45（W）×17（H）mm160g最大／30kgf以下±2％RO以内外形／350（L）×260（W）×90（H）mm約900gカバー／高密度ポリエチレン、スポンジ／ポリウレタン5kg評価測定運動療法水治療法物理療法救急ＡＤＬ・作業療法言語療法自立支援機器衛生・防災介護用入浴機器動作解析機能検査体力測定人体測定各種オプションセンサーを表示部と接続することで、多様な筋力評価が可能になります。※オプションセンサーでの測定にはモービィ	MT-201またはMT-202が必要です。モービィZシリーズに標準装備の外部出力ポートからアナログデータを出力するための専用ケーブル。寸法","オプション（モービィZシリーズ用）　※旧型モービィ（MT-100）には対応しておりません。
各種オプションセンサーを表示部と接続することで、多様な筋力評価が可能になります。
※オプションセンサーでの測定にはモービィ MT-201またはMT-202が必要です。
プルセンサー送料 A
MT-250 ¥78,000
評価測定
150kgfまで測定可能。
牽引法で測定できるので、再現性の高い評価が可能です。
ベルトで固定するため、プッシュ式では測定しにくい評価が簡単に行え
運動療法
ます。
寸法外形／114（L）×48（W）×21（H）mm
ベルト／1000（L）×24（W）mm（バックル部除く）
水治療法質量約１47g（ベルト部除く）
測定範囲１5０ｋｇｆ以下
精度±2％RO以内
物理療法［構成］プルセンサー、ベルト2本、パッド1個
救急
ＡＤＬ・
作業療法
言語療法
自立支援
機器
衛生・
防災
介護用
入浴機器
握力センサー送料 Aピンチセンサー送料 A
MT-230  ¥165,000MT-240  ¥79,000
海外標準のジェイマー型ハンドルのセンサーに交換するこ0.1kgf単位でのピンチ力を表示可能です。
動作解析
とで、5ポジションテストやポジション2の標準テストが簡便油圧ピンチ計では困難だった1㎏f以下の評価もできます。
機能検査に行えます。寸法外形／115（L）×45（W）×17（H）mm
質量160g
寸法外形／175（L）×140（W）×35（H）mm
測定範囲最大／30kgf以下
体力測定質量490g
精度±2％RO以内
測定範囲最大／90kgf以下
人体測定精度±2％RO以内
外部出力ケーブル送料 A収納ケース送料 A
MT-221  ¥18,000MST-10  ¥5,500
モービィZシリーズに標準装備の外部出力ポートからモービィZシリーズをコンパクトに収納するケース。
アナログデータを出力するための専用ケーブル。寸法外形／350（L）×260（W）×90（H）mm
収納可能寸 法340（L）×180（W）×70（H）mm
寸法ケーブル／約1000mm
質量約900g
その他コネクタ部／USB（micro-B）to BNC（オス）
材質カバー／高密度ポリエチレン、スポンジ／ポリウレタン
※パソコンへのデータ入力にはA/D変換器等が必要です。
耐荷重5kg
76"
78,MMTWVOM38MDIB,評価測定,体力測定,"※表計算ソフトは付属しません。※サンプリング周波数:100Hz　データ保存時間:1ファイル最大300秒（5分間）※「GET	 DATA」はWEBサイトよりダウンロードが必要です。サンプリング：100HzWi-FiorUSB任意選択可能になったりと、測定データの活用範囲が広がります。無線方式（Wi-Fi）または有線方式（USBケーブル）でPCへ測定データを転送可能です。※USBケーブル（Type-Atomicro-B）を標準付属市販の表計算ソフトなどを併用し、より詳細な解析を行うことができます。（例）瞬発力、筋疲労（持久力）など「モービィプロジェクト」のWEBサイトで性別•年代別の筋力データの閲覧が可能です。標準データと簡単に比較できる「モービィ筋力評価シート」のダウンロードも行えます。くわしくはこちらモービィZⅡにソフトウェア「GET DATA」を組み合わせれば、多様な筋出力データの表示・記録が可能。モービィZⅡ（無線モデル）はソフトウエア「GET DATA（ゲットデータ）」を使用できます。測定データをPCに送信すれば、筋力データをリアルタイムで表示。CSVファイルで保存したり、最大筋力以外の評価が測定データは無線・USBケーブルで簡単にデジタル転送。測定データはCSVファイル形式で保存可能。3000名以上の日本人標準データ（膝・体幹／伸展・屈曲）との比較が可能。フィードバックトレーニングや、筋力の定性的評価（筋発揮調整力など）が行えます。WEBはこちら表計算ソフト画面WEBはこちら検索モービィプロジェクト［モービィプロジェクトとは］2012年にスタートし、各筋力測定方法（ポジショニング）の構築、日本人の筋力データの集積、ワークショップ、セミナーの企画開催等を実施。2021年9月現在、男女合わせて3,000名以上、特に60歳以上は1,200名を超えるデータが集まっています。また、測定の再現性や妥当性のために、膝、体幹やそれ以外の測定方法（ポジショニング）についての紹介などの情報を発信しています。77フォースカーブをPCに表示可能。モニタ画面［プロジェクト事務局］	北海道千歳リハビリテーション大学評価測定運動療法水治療法物理療法救急ＡＤＬ・作業療法言語療法自立支援機器衛生・防災 介護用入浴機器動作 解析機能 検査体力 測定人体 測定","WEBはこちら
モービィZⅡにソフトウェア「GET DATA」を組み合わせれば、
多様な筋出力データの表示・記録が可能。
モービィZⅡ（無線モデル）はソフトウエア「GET DATA（ゲットデータ）」を使用できます。測定データを
PCに送信すれば、筋力データをリアルタイムで表示。CSVファイルで保存したり、最大筋力以外の評価が
※「GET  DATA」は
可能になったりと、測定データの活用範囲が広がります。
WEBサイトよりダ
ウンロードが必要
です。
測定データは無線・USBケーブルで評価測定
簡単にデジタル転送。サンプリング：100Hz
運動療法
無線方式（Wi-Fi）または有線方式（USBケーブル）で
Wi-FiorUSB任意選択
PCへ測定データを転送可能です。
※USBケーブル（Type-Atomicro-B）を標準付属
水治療法
物理療法
フォースカーブをPCに表示可能。
フィードバックトレーニングや、救急
筋力の定性的評価（筋発揮調整力など）が行えます。
ＡＤＬ・
作業療法
言語療法
自立支援
機器
モニタ画面
衛生・
防災 
介護用
測定データはCSVファイル形式で保存可能。
入浴機器
市販の表計算ソフトなどを併用し、より詳細な解析を
行うことができます。
（例）瞬発力、筋疲労（持久力）など
※表計算ソフトは付属しません。
※サンプリング周波数:100Hz動 作解析
　データ保存時間:1ファイル最大300秒（5分間）
機 能検査
表計算ソフト画面
体 力測定
人 体測定
WEBはこちら
3000名以上の日本人標準データ（膝・体幹／伸展・屈曲）との比較が可能。
「モービィプロジェクト」のWEBサイトで性別•年代別の筋力データの閲覧が可能です。
標準データと簡単に比較できる「モービィ筋力評価シート」のダウンロードも行えます。
くわしくはこちらモービィプロジェクト検索
［プロジェクト事務局］ 北海道千歳リハビリテーション大学
［モービィプロジェクトとは］
2012年にスタートし、各筋力測定方法（ポジショニング）の構築、日本人の筋力データの集積、ワークショップ、セミナーの企画
開催等を実施。2021年9月現在、男女合わせて3,000名以上、特に60歳以上は1,200名を超えるデータが集まっています。ま
た、測定の再現性や妥当性のために、膝、体幹やそれ以外の測定方法（ポジショニング）についての紹介などの情報を発信して
います。
77"
79,MMTWVRPWTHP8E,評価測定,体力測定,カタログWEBはこちら78RTP（競技復帰）レポート機能を搭載。高性能ダイナモメータを採用。電動昇降シートと	正確なポジショニング機能。豊富な研究・臨床データをもとに	開発・改良。多様な情報をさまざまな角度から	解析可能。評価測定運動療法水治療法物理療法救急ＡＤＬ・作業療法言語療法自立支援機器衛生・防災介護用入浴機器動作解析機能検査体力測定人体測定「ACL損傷患者の競技復帰レポート機能」を搭載。競技復帰の判断が一目で分かり、結果を明確に理解できます。評価基準は、回復途上のアスリートのアイソキネティックテストなどによる最新の調査結果に基づいています。アスリートのACL再建術後の再損傷を低減することが期待されています。低慣性DCサーボモータにより高い応答性を有しており､ これにより力の弱い被験者でもスムーズな加速や減速を実現しています。最大角速度500deg/sec､ 最大トルク680NMのワイドレンジを実現｡ トルク・角速度は±1%（フルスケール）､ 角度は±1°以下の精度を有しており､ 筋力の弱い被験者からトップアスリートまで対応できます｡電動昇降シートによって低い位置でのトランスファーが可能｡ 被験者や検者の負担低減と安全な利用環境を提供します｡ シート､ ダイナモメータなどの位置､ 傾斜角､ 回旋角などのポジショニングは可動部全てに目盛があり､ 個別のポジショニング情報として保存できるため高い再現性を実現しています。30年以上にわたり世界中の幅広い対象者に利用され､ 豊富な研究データをもとにレベルアップ｡ 日本人の標準的なデータ(膝関節)も提供でき､ 個別の被験者に適した方法で目的に即した研究や臨床で利用可能なシステムに進化しています｡トルク､関節角度､角速度などをリアルタイムに表示し､これらの情報からピークトルク以外にもパワー､ 加速時間､ 仕事量など多くのパラメータ解析が可能です｡主動筋／拮抗筋比､ 健側／患側比､ 改善度､ サマリーレポート､ 表計算ソフトへのテキストデータなどを瞬時に出力可能です｡外部機器へのアナログ出力(トルク､ポジション､角速度)機能を標準搭載しているので、各種の波形解析ソフトで他の生体信号などと同期した多様な解析が可能です。全身の主要な関節が発揮する筋出力をさまざまな速度・筋収縮条件で測定可能。「ACL損傷患者の競技復帰レポート機能」を有するアプリケーション「アドバンテージBX」を搭載。多用途 筋機能評価運動 装置バイオデックスシステム4 単品,"WEBはこちら
多用 途筋機能評価運 動装置
単品
バイオデックスシステム4 カタログ
全身の主要な関節が発揮する筋出力をさまざまな速度・筋収縮条件で測定可能。
評価測定
「ACL損傷患者の競技復帰レポート機能」を有するアプリケーション「アドバンテージBX」を搭載。
運動療法
水治療法
物理療法
救急
ＡＤＬ・
作業療法
言語療法
自立支援
機器
衛生・
防災
介護用
入浴機器
動作解析
機能検査
RTP（競技復帰）レポート機能を搭載。豊富な研究・臨床データをもとに 
体力測定開発・改良。
「ACL損傷患者の競技復帰レポート機能」を搭載。競技復帰の判断
人体測定が一目で分かり、結果を明確に理解できます。30年以上にわたり世界中の幅広い対象者に利用され ､豊富な研究
評価基準は、回復途上のアスリートのアイソキネティックテストデータをもとにレベルアップ ｡日本人の標準的なデータ(膝関節)も
などによる最新の調査結果に基づいています。アスリートのACL提供でき ､個別の被験者に適した方法で目的に即した研究や臨床で
再建術後の再損傷を低減することが期待されています。利用可能なシステムに進化しています｡
高性能ダイナモメータを採用。多様な情報をさまざまな角度から 
解析可能。
低慣性DCサーボモータにより高い応答性を有しており ､これに
より力の弱い被験者でもスムーズな加速や減速を実現していまトルク､関節角度､角速度などをリアルタイムに表示し､これらの情
す。最大角速度500deg/sec ､最大トルク680NMのワイドレン報からピークトルク以外にもパワー ､加速時間 ､仕事量など多くの
ジを実現 ｡トルク・角速度は±1%（フルスケール） ､角度は±1°以パラメータ解析が可能です｡
下の精度を有しており ､筋力の弱い被験者からトップアスリート主動筋／拮抗筋比 ､健側／患側比 ､改善度 ､サマリーレポート ､表計
まで対応できます｡算ソフトへのテキストデータなどを瞬時に出力可能です｡
外部機器へのアナログ出力(トルク､ポジション､角速度)機能を標準
搭載しているので、各種の波形解析ソフトで他の生体信号などと同
電動昇降シートと 
期した多様な解析が可能です。
正確なポジショニング機能。
電動昇降シートによって低い位置でのトランスファーが可能 ｡被験
者や検者の負担低減と安全な利用環境を提供します ｡シート ､ダイ
ナモメータなどの位置 ､傾斜角 ､回旋角などのポジショニングは可
動部全てに目盛があり ､個別のポジショニング情報として保存でき
るため高い再現性を実現しています。
78"
80,MMTWVU3MI1T0R,評価測定,体力測定,"特管 G6管理バイオデックスシステム4BDX-4X〈承認番号22000BZX01566000〉 アドバンテージBXPCパックBDX-4BXPC   4   4C   4Q  評価測定運動療法水治療法物理療法救急ＡＤＬ・作業療法言語療法自立支援機器衛生・防災 介護用入浴機器 動作 解析機能 検査体力 測定人体 測定アドバンテージBXへのバージョンアップ7部位17パターン全身の主要な関節全ての測定が可能なアクセサリーとソフトウェアを搭載｡79送料 チャーター便¥23,000,000送料 D¥1,500,000新アプリケーションソフト「アドバンテージBX」を標準搭載したパッケージ。システム4シリーズ専用。Windows®7PCからWindows®10PCへの更新用です。日本語ソフトとタッチ入力で操作できる抜群の操作性。便利なアクセサリーカート	（付属品）※規格および外観は改善のため予告なく変更することがあります。※プリンタは付属しません。寸法操作部	/	640（W）×800（D）×1070（H）mm、本体	/	1290（W）×1620（D）×1450～1630（H）mm約6㎡操作部	/	約100kg、本体	/	約360kg電動昇降式AC200V		単相3線式	50/60Hz10A2kVAアイソキネティック（等速性）、アイソメトリック（等尺性）、パッシブ（他動）、アイソトニック（等張性）、リアクティブエキセントリック（自由反転式遠心性）設置床面積質量シート上下定格電圧定格電流電源入力動作モードダイナモメータ 制御方式	/	電気サーボモータ方式、左右スライド	/	手動調節式測定可能部位 7部位17パターン膝関節（伸展・屈曲）足関節（底屈・背屈、回内・回外）股関節（	外転・内転（側臥位）、伸展・屈曲（仰臥位）、外転・内転（立位）、肩関節（	内旋・外旋（中間位）、内旋・外旋（90度外転位）、伸展・屈曲、外肘関節（伸展・屈曲）前腕（回内・回外）手関節（掌屈・背屈	/	橈屈・尺屈）パソコン一式（プリンタ・ソフトウェア含む）、アクセサリーカート、アナログ出力ケーブル付属品OSWindows®10	Enterprise	2019	LTSC（日本語）※サポート期限2029年までIntel®	Pentium	G5420　3.8GHz以上4GB以上CPUメモリHDD500GB以上データベース Microsoft	SQL	Serverモニタタッチスクリーン型	21.5インチ（16：9）キーボード日本語無線式マウスアプリケーションソフト バイオデックスアドバンテージBX（日本語対応）無線式伸展・屈曲（立位））転・内転、対角運動（座位）、対角運動（立位））日本語アプリケーションソフトとタッチスクリーンによる短時間での操作を実現しています｡ 操作アイコンの流れを解説するウィザードガイドや動画によるポジショニングヘルプ機能をアプリケーションに搭載。多彩なアクセサリーを省スペースで収納可能。移動も手軽なアクセサリーカートです。（キャスターロック機能付）","日本語ソフトとタッチ入力で操作できる
抜群の操作性。
日本語アプリケーションソフトとタッチスクリーンによる短時間で
の操作を実現しています ｡操作アイコンの流れを解説するウィザー
ドガイドや動画によるポジショニングヘルプ機能をアプリケーショ
ンに搭載。
評価測定
運動療法
水治療法
物理療法
救急
ＡＤＬ・
バイオデックスシステム4送料 チャーター便
作業療法
BDX-4X〈承認番号22000BZX01566000〉 管理特 管G6 ¥23,000,000
7部位17パターン
言語療法
全身の主要な関節全ての測定が可能なアクセサリーとソフトウェアを搭載｡
寸法操作部 / 640（W）×800（D）×1070（H）mm、
本体 / 1290（W）×1620（D）×1450～1630（H）mm自立支援
設置床面積約6㎡機器
質量操作部 / 約100kg、本体 / 約360kg
シート上下電動昇降式
衛生・
定格電圧AC200V  単相3線式 50/60Hz防災 
定格電流10A
電源入力2kVA
動作モードアイソキネティック（等速性）、アイソメトリック（等尺性）、パッシブ（他介護用
動）、アイソトニック（等張性）、リアクティブエキセントリック（自由反転式入浴機器
遠心性）
ダイナモメー タ制御方式 / 電気サーボモータ方式、左右スライド / 手動調節式
測定可能部 位7部位17パターン
膝関節（伸展・屈曲）
足関節（底屈・背屈、回内・回外）
股関節（ 外転・内転（側臥位）、伸展・屈曲（仰臥位）、外転・内転（立位）、
伸展・屈曲（立位））動 作解析
肩関節（ 内旋・外旋（中間位）、内旋・外旋（90度外転位）、伸展・屈曲、外
転・内転、対角運動（座位）、対角運動（立位））
肘関節（伸展・屈曲）機 能検査
前腕（回内・回外）
便利なアクセサリーカート 手関節（掌屈・背屈 / 橈屈・尺屈）体 力測定
（付属品）付属品パソコン一式（プリンタ・ソフトウェア含む）、アクセサリーカート、
アナログ出力ケーブル人 体測定
多彩なアクセサリーを省スペースで
※規格および外観は改善のため予告なく変更することがあります。
収納可能。移動も手軽なアクセサリー
カートです。（キャスターロック機能付）
アドバンテージBXへのバージョンアップ
アドバンテージBXPCパック送料 D
BDX-4BXPC    4  4 C  4 Q ¥1,500,000
新アプリケーションソフト「アドバンテージBX」を標準搭載し
たパッケージ。
システム4シリーズ専用。Windows®7PCからWindows®10PCへの更
新用です。
OSWindows®10 Enterprise 2019 LTSC（日本語）
※サポート期限2029年まで
CPUIntel® Pentium G5420　3.8GHz以上
メモリ4GB以上
HDD500GB以上
データベー スMicrosoft SQL Server
モニタタッチスクリーン型 21.5インチ（16：9）
キーボード日本語無線式
マウス無線式
アプリケーションソフ トバイオデックスアドバンテージBX（日本語対応）
※プリンタは付属しません。
79"
81,MMTWVWPLAFMPZ,評価測定,体力測定,"※システム４（BDX-4)に標準装備されているリムサポートアタッチメント類が必要となります。※1	 参考論文：ECCENTRIC	 STRENGTHENING	 AT	 LONG	 MUSCLE	 LENGTHS	 REDUCES	HAMSTRING	STRAIN	RECURRENCES.Tyler,	 et	 al;	 Orthopedic	 J	 Sports	 Med.	 Aug,	 2014.	ハムストリング伸張状態におけるエキセントリック筋力強化がハムストリングの傷害再発を低減させる※2	 参考文献：STRENGTH	 IMBALANCES	 AND	 PREVENTION	 OF	 HAMSTRING	 INJURY	 IN	PROFESSIONAL	SOCCER	PLAYERS.Croisier,	et	al;	The	American	Journal	of	Sports	Medicine.	April	30,	2008.プロサッカー選手におけるハムストリング傷害の予防と筋力不均衡※BDX-4Q、4QXにて使用される場合は下記アクセサリーの追加が必要となります｡・アーム＆レッグサポート	 SBDX00794SBDX00795・スモールTアダプタ	オプション：バイオデックスシステム4用軽量かつ高い耐久性 ：ステンレスに比べ約1/5の質量であるカーボンファイバーを採用し､ 筋力の低下した患者にも利用の幅が拡大します｡グリップレスデザイン：肩､ 肘用は手で把持しなくてもパッドとベルトで前腕や上腕を保持するため握力が低下している患者にも適応します｡内蔵ROMリミッター ：同一動作であればアタッチメントを付け替えずソフトなパッド＆ベルト：優しい素材で柔らかさを備えており皮膚が弱く１.マルチアングル比テスト※1ハムストリング伸張姿位でのアイソメトリック屈曲ピークトルクを4種の角度で測定し､ その左右差が10％以内の場合に傷害の低減が認められたと報告されています｡２.ミックスH／Q比テスト※2ハムストリングのエキセントリックとクワドリセプスのコンセントリックのピークトルク比が1.4を超える場合に傷害の低減が認められたと報告されています｡中枢疾患用上肢アタッチメント 送料 C¥2,400,000BDX4-UE   4X   4   4C   ニューロリハビリテーション対応の軽量上肢用アクセサリー。標準のアクセサリーに比べ軽量かつ独自の固定機能や肌に優しい素材の採用によって､ 中枢疾患患者などの弱化した上肢の筋力評価やエクササイズに適しており､ 機能的な課題遂行型運動と組み合わせる事で､ さらなる機能改善につながります｡ハムストリング用アタッチメントBDX4-HAM   4X   4QX   4   4C   4Q  に左右の上肢を測定できます｡なった敏感肌に対応します｡80（計測例）肩関節	内旋・外旋［構成］ニューロショルダーアタッチメント、ニューロエルボー／ショルダーアタッチメント、ニューロリストアタッチメント、ニューロリストスタビライザーアタッチメント肩関節	伸展・屈曲［構成］左右各1個［対応機種］4X ：BDX-4X    4QX ：BDX-4QX    4 ：BDX-44C ：BDX-4C    4Q ：BDX-4Q肩関節	外転・内転肘関節	伸展・屈曲（従重力位）手関節	掌屈・背屈送料 B¥380,000下肢スポーツ傷害の評価用アタッチメントとアプリケーション。ハムストリング用アタッチメントはハムストリングの傷害や再損傷の低減と高い相関を有するとの研究報告から生まれた2種類のテストプロトコルによってその評価を可能にします｡専用のテストレポートが出力可能なので､ 傷害のスクリーニングやリハビリテーションの進捗管理､ 競技復帰準備などに有用です。評価測定運動療法水治療法物理療法救急ＡＤＬ・作業療法言語療法自立支援機器衛生・防災介護用入浴機器動作解析機能検査体力測定人体測定","オプション：バイオデックスシステム4用
中枢疾患用上肢アタッチメント 送料 C
BDX4-UE   4 X   4  4 C  ¥2,400,000
ニューロリハビリテーション対応の軽量上肢用アクセサリー。
標準のアクセサリーに比べ軽量かつ独自の固定機能や肌に優しい素材
の採用によって ､中枢疾患患者などの弱化した上肢の筋力評価やエクサ
サイズに適しており ､機能的な課題遂行型運動と組み合わせる事で ､さ
評価測定
らなる機能改善につながります｡
軽量かつ高い耐久性 ：ステンレスに比べ約1/5の質量であるカーボン
運動療法ファイバーを採用し ､筋力の低下した患者にも利
用の幅が拡大します｡
グリップレスデザイン：肩 ､肘用は手で把持しなくてもパッドとベルトで
水治療法前腕や上腕を保持するため握力が低下している
患者にも適応します｡
内蔵ROMリミッター ：同一動作であればアタッチメントを付け替えず
物理療法に左右の上肢を測定できます｡
ソフトなパッド＆ベルト：優しい素材で柔らかさを備えており皮膚が弱く
なった敏感肌に対応します｡
救急（計測例）※システム４（BDX-4)に標準装備されているリムサポートアタッチメント類が必要となります。
［構成］ニューロショルダーアタッチメント、ニューロエルボー／ショルダーアタッチメント、
ニューロリストアタッチメント、ニューロリストスタビライザーアタッチメント
ＡＤＬ・
作業療法
言語療法
自立支援
機器
衛生・
防災
肩関節 内旋・外旋肩関節 外転・内転肩関節 伸展・屈曲肘関節 伸展・屈曲（従重力位）手関節 掌屈・背屈
介護用
入浴機器
ハムストリング用アタッチメント送料 B
BDX4-HAM   4 X  4Q X   4  4 C  4 Q ¥380,000
下肢スポーツ傷害の評価用アタッチメントとアプリケーション。
動作解析ハムストリング用アタッチメントはハムストリングの傷害や再損傷の低減
と高い相関を有するとの研究報告から生まれた2種類のテストプロトコ
機能検査ルによってその評価を可能にします｡
専用のテストレポートが出力可能なので ､傷害のスクリーニングやリハビ
体力測定
リテーションの進捗管理 ､競技復帰準備などに有用です。
人体測定［構成］左右各1個
１.マルチアングル比テスト※1
ハムストリング伸張姿位でのアイソメトリック屈曲ピークトルクを4種
の角度で測定し ､その左右差が10％以内の場合に傷害の低減が認め
られたと報告されています｡
２.ミックスH／Q比テスト※2
ハムストリングのエキセントリックとクワドリセプスのコンセントリック
のピークトルク比が1.4を超える場合に傷害の低減が認められたと報
告されています｡
※1  参考論文：ECCENTRIC  STRENGTHENING  AT  LONG  MUSCLE  LENGTHS  REDUCES 
HAMSTRING STRAIN RECURRENCES.
Tyler,  et  al;  Orthopedic  J  Sports  Med.  Aug,  2014. ハムストリング伸張状態におけるエキセント
リック筋力強化がハムストリングの傷害再発を低減させる
※2  参考文献：STRENGTH  IMBALANCES  AND  PREVENTION  OF  HAMSTRING  INJURY  IN 
PROFESSIONAL SOCCER PLAYERS.
Croisier, et al; The American Journal of Sports Medicine. April 30, 2008.プロサッカー選手に
おけるハムストリング傷害の予防と筋力不均衡
※BDX-4Q、4QXにて使用される場合は下記アクセサリーの追加が必要となります｡
・アーム＆レッグサポート  SBDX00794
・スモールTアダプタ SBDX00795
［対応機種］
4 X：BDX-4X    4Q X：BDX-4QX     4：BDX-4
4 C：BDX-4C    4 Q：BDX-4Q
80"
82,MMTWVZ4AT6EME,評価測定,体力測定,"クローズドチェーンアタッチメント 送料 B¥1,500,000BDX4-CKC   4X   4   4C   ワークシミュレーションアタッチメント 送料 C¥2,000,000BDX4-WS   4X   4QX   4   4C   4Q  上肢の日常生活動作を再現する、複合的な各種運動パターンを提供。手関節用アップグレードキットBDX4-UGW   4C  股関節用アップグレードキットBDX4-UGH   4C  バックアタッチメントBDX4-BA   4X   4   4C   ACL用アタッチメントBDX4-ACL   4X   4QX   4   4C   4Q  小児用膝・肩アタッチメントBDX4-PK   4X   4QX   4   4C   4Q  （膝アタッチメント）  BDX4-PS   4X   4   4C  （肩アタッチメント）肩関節用アップグレードキットBDX4-UGS   4C  バイオデックスアナログ出力ケーブル送料  A¥50,000BDX-AOC    4   4C   4Q   オプション：バイオデックスシステム4用送料 H¥3,300,000体幹筋力（腹筋群／背筋群）を安全かつ正確に評価するためのユニット。目的に応じて半臥位と起座位の2種類のポジションが可能。送料 B¥900,000ACL疾患用アタッチメント｡ 脛骨の前方引出しを軽減させます｡ デリケートな手術後の筋力評価やリハビリテーションをより安全に行うために有用な専用アクセサリーです｡※左右各1個で一式です。送料 D¥800,000送料 D¥2,100,000BDX-4Cに肩関節用アタッチメントと肘関節用アタッチメントと専用ソフトウェアを追加します。81¥400,000単関節では難しい､より機能的な複合多関節動作が可能｡上肢用のグリップと下肢用のフットプレートなどを装備しており､ 可動域､速度､ 運動モードなどを制御しながら多様なエクササイズが可能です｡※力の計測単位N（ニュートン）表示可能｡寸法 外形／1250（W）×1450（D）×1750（Ｈ）mm質量 約100kg評価測定運動療法水治療法物理療法救急ＡＤＬ・作業療法言語療法自立支援機器衛生・防災 介護用入浴機器動作 解析機能 検査体力 測定人体 測定送料 D¥2,100,000BDX-4Cに手・前腕用アタッチメントと専用ソフトウェアを追加します。送料 D¥2,100,000BDX-4Cに股関節用アタッチメントと専用ソフトウェアを追加します。小柄な子供の場合でも正確な測定を実現。膝用・肩用アタッチメント。システム4、システム3専用のアナログ出力ケーブル。トルク、ポジション、角速度の情報がそれぞれアナログ出力できます。出力側コネクタは、BNC（オス）を使用しています。※新規ご購入時のみ標準付属品です。","オプション：バイオデックスシステム4用
評価測定
運動療法
バックアタッチメント送料 Hクローズドチェーンアタッチメント 送料 B水治療法
BDX4-BA   4 X   4  4 C  ¥3,300,000BDX4-CKC   4 X   4  4 C  ¥1,500,000
体幹筋力（腹筋群／背筋群）を安全かつ正確に評価するため単関節では難しい､より機能的な複合多関節動作が可能｡
物理療法
のユニット。上肢用のグリップと下肢用のフットプレートなどを装備しており ､可動域､
目的に応じて半臥位と起座位の2種類のポジションが可能。速度 ､運動モードなどを制御しながら多様なエクササイズが可能です｡
※力の計測単位N（ニュートン）表示可能｡
寸 法外形／1250（W）×1450（D）×1750（Ｈ）mm救急
質 量約100kg
ＡＤＬ・
作業療法
言語療法
自立支援
機器
衛生・
防災 
介護用
入浴機器
ACL用アタッチメント送料 Bワークシミュレーションアタッチメント 送料 C
BDX4-ACL   4 X  4Q X   4  4 C  4 Q ¥900,000BDX4-WS   4 X  4Q X   4  4 C  4 Q ¥2,000,000
ACL疾患用アタッチメント ｡脛骨の前方引出しを軽減させま上肢の日常生活動作を再現する、複合的な各種運動パター
す ｡デリケートな手術後の筋力評価やリハビリテーションをよンを提供。
動 作解析
り安全に行うために有用な専用アクセサリーです｡
※左右各1個で一式です。
機 能検査
体 力測定
小児用膝・肩アタッチメント送料 D手関節用アップグレードキット送料 D人 体測定
BDX4-PK   4 X  4Q X   4  4 C  4 Q ¥800,000BDX4-UGW   4 C ¥2,100,000
（膝アタッチメント）  
BDX-4Cに手・前腕用アタッチメントと専用ソフトウェアを
BDX4-PS   4 X   4  4 C ¥400,000
追加します。
（肩アタッチメント）
小柄な子供の場合でも正確な測定を実現。膝用・肩用アタッ
チメント。
肩関節用アップグレードキット送料 D股関節用アップグレードキット送料 D
BDX4-UGS   4 C ¥2,100,000BDX4-UGH   4 C ¥2,100,000
BDX-4Cに肩関節用アタッチメントと肘関節用アタッチメントBDX-4Cに股関節用アタッチメントと専用ソフトウェアを追加
と専用ソフトウェアを追加します。します。
バイオデックスアナログ出力ケーブル送料  A
BDX-AOC     4  4 C  4 Q  ¥50,000
システム4、システム3専用のアナログ出力ケーブル。
トルク、ポジション、角速度の情報がそれぞれアナログ出力できます。出
力側コネクタは、BNC（オス）を使用しています。
※新規ご購入時のみ標準付属品です。
81"
83,MMTWW1IIOPS9J,評価測定,人体測定,"●メジャー	W8A-2m●打診器	SPR-640（テイラー米式）	●メジャー	W8A-2m●打診器	SPR-640（テイラー米式）	●メジャー	W8A-2m●打診器	SPR-635（勝沼式）	●メジャー	W8A-2m●打診器	SPR-635（勝沼式）	●メジャー	W8A-2m非特管 G3一般非特管 G3角度計RevoSPR-628  打診器SPR-635 （勝沼式） 〈届出番号12B1X10005140001〉 Revo・テイラーセット送料 A¥14,130SPR-620B ［構成］	●角度計	Revo	SPR-628	角度計・テイラーセット 送料 A¥13,030SPR-620D ［構成］	●プラスチック角度計	SPR-625R	評価測定運動療法水治療法物理療法救急ＡＤＬ・作業療法言語療法自立支援機器衛生・防災介護用入浴機器     動作解析機能検査体力測定人体測定メジャーW8A-2m Revo・勝沼セットSPR-620A ［構成］	●角度計	Revo	SPR-628	角度計・勝沼セット 送料 A¥10,430SPR-620C ［構成］	●プラスチック角度計	SPR-625R	打診器SPR-640 （テイラー米式） 〈届出番号12B1X10005140001〉 一般Revo・メジャーセット 送料 A¥5,430SPR-629M ［構成］	●角度計	Revo	SPR-628	運動方向屈曲・伸展坐位・立位・背臥位・腹臥位内外転内外旋坐位・立位・背臥位（肩関節90ｰ外転位・肘関節90ｰ屈曲位）水平屈曲屈曲伸展内外旋前腕の回内外測定にも応用できます送料 A¥6,100寸法220mm質量100g付属品 打診針82送料 A¥430寸法質量付属品 打診針送料 A¥11,530送料 A¥5,000測定できる肢位坐位・立位背臥位背臥位腹臥位坐位送料 A¥8,700質量 50g材質 プラスチック目盛り 5°刻み関節動画はこちら肩関節股関節小関節・中関節の測定187mm70g1つで2役。中関節、大関節用の角度計。寸法 外形／195（L）×45（W）×10（D）mm大関節の測定測定範囲 2m表示センチ【測定方法】※WEBに測定方法（動画）を公開しています。１．	角度計を180°開き、測定軸を関節の基本軸に合わせます。２．	回転角度盤の鋼球が鉛直に静止後、鋼球の中心に0°の目盛りが合うように回転角度盤を回します。３．	関節の移動軸に測定軸を合わせ、回転角度盤の鋼球が鉛直に静止した角度を測定します。","角度計Revo送料 A
SPR-628  ¥5,000
1つで2役。中関節、大関節用の角度計。
寸 法外形／195（L）×45（W）×10（D）mm
質 量50g
材 質プラスチック
目盛 り5°刻み
評価測定
運動療法
【測定方法】※WEBに測定方法（動画）を公開しています。
１． 角度計を180°開き、測定軸を関節の基本軸に合わせます。関節運動方向測定できる肢位
水治療法２． 回転角度盤の鋼球が鉛直に静止後、鋼球の中屈曲・伸展坐位・立位・背臥位・腹臥位
心に0°の目盛りが合うように回転角度盤を回し動画はこちら内外転坐位・立位
肩関節
ます。内外旋坐位・立位・背臥位（肩関節90ｰ外転位・肘関節90ｰ屈曲位）
物理療法
水平屈曲背臥位
３． 関節の移動軸に測定軸を合わせ、回転角度盤
屈曲背臥位
の鋼球が鉛直に静止した角度を測定します。
股関節伸展腹臥位
救急
内外旋坐位
ＡＤＬ・
作業療法
言語療法
自立支援
機器
衛生・
防災
大関節の測定小関節・中関節の測定前腕の回内外測定にも応用できます
介護用
入浴機器
動作解析
機能検査
体力測定
人体測定
メジャー送料 A打診器送料 A打診器送料 A
W8A-2m ¥430SPR-635（ 勝沼式） ¥6,100SPR-640（ テイラー米式） ¥8,700
〈届出番号12B1X10005140001〉 一般非特 管G3〈届出番号12B1X10005140001〉 一般非特 管G3
測定範 囲2m
表示センチ寸法187mm寸法220mm
質量70g質量100g
付属 品打診針付属 品打診針
Revo・勝沼セット送料 ARevo・テイラーセット送料 A
SPR-620A  ¥11,530SPR-620B  ¥14,130
［構成］ ●角度計 Revo SPR-628 ［構成］ ●角度計 Revo SPR-628 
●打診器 SPR-635（勝沼式） ●打診器 SPR-640（テイラー米式） 
●メジャー W8A-2m●メジャー W8A-2m
角度計・勝沼セット 送料 A角度計・テイラーセット 送料 ARevo・メジャーセット 送料 A
SPR-620C  ¥10,430SPR-620D  ¥13,030SPR-629M  ¥5,430
［構成］ ●プラスチック角度計 SPR-625R ［構成］ ●プラスチック角度計 SPR-625R ［構成］ ●角度計 Revo SPR-628 
●打診器 SPR-635（勝沼式） ●打診器 SPR-640（テイラー米式） ●メジャー W8A-2m
●メジャー W8A-2m●メジャー W8A-2m
82"
84,MMTWW41M5G0NU,評価測定,人体測定,"一般非特管 G3一般非特管 G3一般非特管 G3手指用ゴニオメーターSPR-627 東大式角度計TTM-KO 〈届出番号13B3X10272000003〉 プラスチック角度計SPR-625R 角度計4点セットTTM-4 神中式角度計TTM-KJ 〈届出番号13B3X10161000601〉 三関節角度計TTM-KS 〈届出番号13B3X10161000601〉 評価測定運動療法水治療法物理療法救急ＡＤＬ・作業療法言語療法自立支援機器衛生・防災 介護用入浴機器    動作 解析機能 検査体力 測定人体 測定TTM-KOSPR-625R［セット内容］手指などの小さい関節専用ゴニオメーター。簡易評価に便利。底面に6.5cmのメジャー付きです。関節角度の測定などを簡単に行える角度計の4点セット。83送料 A¥3,900送料 A¥15,000送料 A¥3,900送料 A¥48,700TTM-KJ		TTM-KS	TTM-KO	¥14,800¥15,000¥15,000¥3,900販売名寸法質量材質目盛りMMI角度計368mm230gステンレス5°刻み販売名MMI角度計寸法200mm質量材質50gステンレス目盛り2°刻みTTM-KJTTM-KS寸法105mm質量25g材質プラスチック目盛り2°刻み測定範囲 ー30°～120°送料 A¥14,800販売名 MMI角度計寸法質量材質目盛り355mm230gステンレス1°刻み送料 A¥15,000寸法173mm質量20g材質プラスチック目盛り5°刻み神中式角度計	三関節角度計	東大式角度計	プラスチック角度計	 SPR-625R","手指用ゴニオメーター送料 A
SPR-627 ¥3,900
手指などの小さい関節専用ゴニオメーター。
簡易評価に便利。
底面に6.5cmのメジャー付きです。
寸法105mm
質量25g
材質プラスチック
目盛り2°刻み
評価測定
測定範 囲ー30°～120°
運動療法
水治療法
物理療法
救急
ＡＤＬ・
作業療法
言語療法
自立支援
機器
衛生・
防災 
神中式角度計送料 A東大式角度計送料 A
TTM-KJ〈 届出番号13B3X10161000601〉 一般非特 管G3 ¥14,800TTM-KO〈 届出番号13B3X10272000003〉 一般非特 管G3 ¥15,000介護用
入浴機器
販売名MMI角度計販売 名MMI角度計
寸法368mm寸法355mm
質量230g質量230g
材質ステンレス材質ステンレス
目盛り5°刻み目盛り1°刻み
動 作解析
機 能検査
体 力測定
人 体測定
三関節角度計送料 Aプラスチック角度計送料 A
TTM-KS〈 届出番号13B3X10161000601〉 一般非特 管G3 ¥15,000SPR-625R  ¥3,900
販売名MMI角度計寸法173mm
寸法200mm質量20g
質量50g材質プラスチック
材質ステンレス目盛り5°刻み
目盛り2°刻み
角度計4点セット送料 A
TTM-4 ¥48,700
関節角度の測定などを簡単に行える角度計の4点セット。
TTM-KJTTM-KO
［セット内容］
神中式角度計 TTM-KJ  ¥14,800
三関節角度計 TTM-KS ¥15,000
東大式角度計 TTM-KO ¥15,000
プラスチック角度計  SPR-625R  ¥3,900
TTM-KSSPR-625R
83"
85,MMTWW6H1AY06N,評価測定,人体測定,カタログROI機能では対象神経のみを黄色い枠で囲んで表示します。Segmentation機能では対象神経を表示することに加え、周辺の組織構造を区域分けすることで、神経の視認性を向上します。※オプション機能正中神経／橈骨神経／尺骨神経／斜角筋間腕神経叢／腋窩腕神経叢／大後頭神経／坐骨神経（膝窩）／総腓骨神経／脛骨神経斜角筋間腕神経叢／腋窩腕神経叢／大後頭神経／肩甲上神経／肋間神経／外側大腿皮神経／上外側膝神経／上内側膝神経／下内側膝神経【NerveTrack™ ROI 対象神経】【NerveTrack™ Segmentation対象神経】卓越した画像と高度なAI機能を兼ね備えた超音波画像診断装置。AI技術による神経位置の自動検出トラッキング機能。NerveTrack™ （ROI/Segmentation） NerveTrack™はAI技術による神経位置の自動検出機能です。スキャン中にリアルタイムで神経の位置を検出し、位置情報を提示します。WEBはこちら腕神経叢/ROI上外側膝神経/Segmentation84超音波画像診断装置下内側膝神経/Segmentation上内側膝神経/Segmentation評価測定運動療法水治療法物理療法救急ＡＤＬ・作業療法言語療法自立支援機器衛生・防災介護用入浴機器動作解析機能検査体力測定人体測定V5 NEW  単品,"WEBはこちら
評価測定
運動療法卓越した画像と高度なAI機能を
兼ね備えた超音波画像診断装置。
水治療法
超音波画像診断装置
物理療法
単品
救急V5 NE W カタログ
ＡＤＬ・
作業療法
言語療法
自立支援
機器
AI技術による神経位置の自動検出トラッキング機能。
衛生・NerveTrack™（ ROI/Segmentation） 
防災
NerveTrack™はAI技術による神経位置の自動検出機能です。スキャン中にリアルタイムで神経の位置を検出し、位置情報を提示します。
介護用ROI機能では対象神経のみを黄色い枠で囲んで表示します。Segmentation機能では対象神経を表示することに加え、周辺の組織構造を区域
入浴機器分けすることで、神経の視認性を向上します。※オプション機能
【NerveTrack™ ROI 対象神経】
正中神経／橈骨神経／尺骨神経／斜角筋間腕神経叢／腋窩腕神経叢／大後頭神経／
坐骨神経（膝窩）／総腓骨神経／脛骨神経
動作解析【NerveTrack™ Segmentation対象神経】
斜角筋間腕神経叢／腋窩腕神経叢／大後頭神経／肩甲上神経／肋間神経／
機能検査
外側大腿皮神経／上外側膝神経／上内側膝神経／下内側膝神経
体力測定
人体測定
腕神経叢/ROI下内側膝神経/Segmentation
上外側膝神経/Segmentation上内側膝神経/Segmentation
84"
86,MMTWW9BX3H33V,評価測定,人体測定,特管 G2管理特管 G2管理周波数3-22MHz管理特管 G2管理特管 G2周波数3-14MHz周波数1-7MHz御見積御見積御見積  御見積御見積御見積カラープリンター UP-D25MD フットスイッチ USO-UH7FS00/WR リニアプローブ　L3-22 USP-LF3MN2A/JP 〈認証番号307ADBZX00006000〉 プリンタートレイ USO-CV5SO00/WR ケーブルフック USO-U0NHO00/WR リニアプローブ　LA3-14AD USP-LF3EN5A/JP 〈認証番号307ADBZX00006000〉 コンベックスプローブ　CA1-7SD USP-CF17N6A/JP 〈認証番号307ADBZX00006000〉 白黒プリンター UP-X898MD ゲルウォーマー USO-UV5NG00/WR 送料 B送料 B送料 K送料 B送料 B送料 B減し、よりクリアな画像を提供します。源供給でスキャンが可能です。また、電源を落とさずにコンセントを抜いても問題ないため、院内での移動もスムーズです。不明瞭部分をクリアに。HQ-Vision™ 実際の視覚よりもわずかにぼやけるという超音波画像の特性を軽バッテリーによる電源供給。BatteryAssist™ 外部電源が一時的に使用できない場合でも、バッテリーによる電※オプション機能化する機能です。NeedleMate+™にビームステアリングを追加することで、手技の精度と効率が向上します。※オプション機能御見積御見積御見積御見積微⼩血流や低流速血流を可視化。MV-Flow™ 微小血流や低流速血流を血流強度として表示します。針先を見やすく。NeedleMate+™ 神経ブロックなどのインターベンション施行時、針の位置を明瞭超音波画像診断装置V5USS-V5NB0BV3JP 〈認証番号307ADBZX00022000〉 オプション85	 保険点数適用 	D215超音波検査外形寸法質量電源バッテリー駆動 連続60分（バッテリー14.4V	6900mAh）521（W）×630～730（D）×1370～1712（H）mm60kg（本体のみ）100～240V（50/60Hz）、700VA［構成］電源コード、ACアダプター送料 B送料 B送料 B送料 B評価測定運動療法水治療法物理療法救急ＡＤＬ・作業療法言語療法自立支援機器衛生・防災 介護用入浴機器動作 解析機能 検査体力 測定人体 測定,"不明瞭部分をクリアに。微⼩血流や低流速血流を可視化。
HQ-Vision™ MV-Flow™ 
実際の視覚よりもわずかにぼやけるという超音波画像の特性を軽微小血流や低流速血流を血流強度として表示します。
減し、よりクリアな画像を提供します。※オプション機能
評価測定
運動療法
水治療法
バッテリーによる電源供給。針先を見やすく。
物理療法
BatteryAssist™ NeedleMate+™ 
外部電源が一時的に使用できない場合でも、バッテリーによる電神経ブロックなどのインターベンション施行時、針の位置を明瞭
救急
源供給でスキャンが可能です。また、電源を落とさずにコンセント化する機能です。NeedleMate+™にビームステアリングを追加す
を抜いても問題ないため、院内での移動もスムーズです。ることで、手技の精度と効率が向上します。※オプション機能
ＡＤＬ・
作業療法
言語療法
自立支援
機器
衛生・
防災 
介護用
入浴機器
  保険点数適 用 D215超音波検査
超音波画像診断装置V5送料 K
USS-V5NB0BV3JP〈 認証番号307ADBZX00022000〉 管理特 管G2  御見積
動 作解析
外形寸法521（W）×630～730（D）×1370～1712（H）mm
質量60kg（本体のみ）機 能検査
電源100～240V（50/60Hz）、700VA
バッテリー駆 動連続60分（バッテリー14.4V 6900mAh）体 力測定
［構成］電源コード、ACアダプター
人 体測定
オプション
リニアプローブ　LA3-14AD 送料 Bリニアプローブ　L3-22 送料 B
USP-LF3EN5A/JP 御見積USP-LF3MN2A/JP 御見積
〈認証番号307ADBZX00006000〉 管理特 管G2〈認証番号307ADBZX00006000〉 管理特 管G2
周波数3-14MHz周波数3-22MHz
コンベックスプローブ　CA1-7SD 送料 B
USP-CF17N6A/JP 御見積
〈認証番号307ADBZX00006000〉 管理特 管G2
周波数1-7MHz
白黒プリンター 送料 Bカラープリンター 送料 Bプリンタートレイ 送料 B
UP-X898MD 御見積UP-D25MD 御見積USO-CV5SO00/WR 御見積
ゲルウォーマー 送料 Bフットスイッチ 送料 Bケーブルフック 送料 B
USO-UV5NG00/WR 御見積USO-UH7FS00/WR 御見積USO-U0NHO00/WR 御見積
85"
87,MMTWWBQCH7ZH6,評価測定,人体測定,86高画質を軽快なフットワークで、もっと使いやすく。 WEBはこちら超音波 画像診断装置HM70EVO高画質、高機能ながら、初心者にも	使いやすいやさしい操作性を装備。診断に役立つ鮮明画像を提供。	ClearVisionパワードプラで血流観察。	S-Flow™肝臓	*ClearVision甲状腺	*S-Flow™腱板	*HQ-Vision™評価測定運動療法水治療法物理療法救急ＡＤＬ・作業療法言語療法自立支援機器衛生・防災介護用入浴機器動作解析機能検査体力測定人体測定組織の境界を強調し、鮮明な画像を生成するノイズ低減フィルターにより、精度の高い診断をサポートします。また、スキャン時に適用することで、アプリケーションに最適な画像を生成します。※特定のプローブ、モードで使用可能です。パワードプラでは、末梢血管の血流も検出可能。さらに、指向性パワードプラ技術「S-Flow™」を採用し、パワードプラの特徴である血流強度と併せて、血流の方向を表示することが可能となりました。※特定のプローブ、モードで使用可能です。ぼやけ気味で不鮮明な画像も、HQ-Vision™を適用することで鮮明な画像として再現し、診断の精度を向上させます。※特定のプローブ、モードで使用可能です。ディープラーニングにより､ スキャン中にリアルタイムで神経を検出｡ さらに､ 術者がプローブを動かすたびに､ 神経の位置を追跡します｡ClearVision、HQ-Vision™、S-Harmonic™、S-Flow™などからなる“高画質テクノロジーハイエンドプラットフォームイメージング”を搭載。高解像度な2Dモードや鮮明なカラー画像が、先生方の診断を高いレベルでサポートします。不鮮明な画像も鮮やかに再現。	HQ-Vision™AI技術で神経を自動検出。	NerveTrack™機能※オプション機能,"WEBはこちら
高画質を軽快なフットワークで、もっと使いやすく 。
超音 波画像診断装置
HM70EVO
評価測定
運動療法
高画質、高機能ながら、初心者にも 
水治療法
使いやすいやさしい操作性を装備。
物理療法ClearVision、HQ-Vision™、S-Harmonic™、S-Flow™など
からなる“高画質テクノロジーハイエンドプラットフォームイ
メージング”を搭載。高解像度な2Dモードや鮮明なカラー
救急
画像が、先生方の診断を高いレベルでサポートします。
ＡＤＬ・
作業療法
診断に役立つ鮮明画像を提供。 不鮮明な画像も鮮やかに再現。 
言語療法
ClearVisionHQ-Vision™
自立支援組織の境界を強調し、鮮明な画像を生成するノイズ低減フィルターぼやけ気味で不鮮明な画像も、HQ-Vision™を適用することで鮮明
機器により、精度の高い診断をサポートします。また、スキャン時に適用な画像として再現し、診断の精度を向上させます。
することで、アプリケーションに最適な画像を生成します。※特定のプローブ、モードで使用可能です。
衛生・※特定のプローブ、モードで使用可能です。
防災
介護用
入浴機器
動作解析
機能検査
体力測定
人体測定肝臓 *ClearVision腱板 *HQ-Vision™
パワードプラで血流観察。 AI技術で神経を自動検出。 
S-Flow™NerveTrack™機能※オプション機能
パワードプラでは、末梢血管の血流も検出可能。さらに、指向性パディープラーニングにより ､スキャン中にリアルタイムで神経を
ワードプラ技術「S-Flow™」を採用し、パワードプラの特徴である血検出 ｡さらに ､術者がプローブを動かすたびに ､神経の位置を追跡
流強度と併せて、血流の方向を表示することが可能となりました。します｡
※特定のプローブ、モードで使用可能です。
甲状腺 *S-Flow™
86"
88,MMTWWEJC3J68D,評価測定,人体測定,特管 G2管理シングルクリスタル小児用周波数3-16MHz周波数1-7MHzシングルクリスタルマイクロコンベックスシングルクリスタル御見積御見積リニアプローブ　LA3-16AD-A  送料 御見積AES-P1011 御見積コンベックスプローブ　CA1-7AD-A  送料 御見積AES-C2011 御見積コンベックスプローブCA4-10M-A  送料 御見積AES-C2111 御見積セクタプローブ　PA1-5A-A  送料 御見積AES-S3011 御見積専用カートAES-A001 リニアプローブ　LS2-9S-A  送料 御見積AES-P1031 御見積コンベックスプローブ　CA2-8AD-A  送料 御見積AES-C2021 御見積セクタプローブSP3-8-A  送料 御見積AES-S3021 御見積外付けバッテリーパックAES-A301 ビデオ出力AES-A401 送料 御見積 御見積送料 御見積送料 御見積御見積評価測定運動療法水治療法物理療法救急ＡＤＬ・作業療法言語療法自立支援機器衛生・防災 介護用入浴機器 動作 解析機能 検査体力 測定人体 測定フットスイッチAES-A101 プリンターAES-A201 プリンタートレイAES-A205 オプション87耐久性、機動性、操作性を	コンパクトに凝縮。	多様な検査シーンに	的確に対応します。プローブとプリセットの	組合せをワンタッチ選択。	QuickPreset機能。寸法 550（W）×543（D）×823～1003（H）mm質量 25kg※	専用カートはオプションです送料 御見積	 保険点数適用 	D215超音波検査外形寸法質量イメージングモード Bモード・カラードプラモード・パワードプラモード・PWモード・Mモード383（W）×355（D）×67（H）mm6.0kg（バッテリー含む）［構成］電源コード、ACアダプター、バッテリー、超音波ジェル送料 御見積送料 御見積送料 御見積波状デザインの背面パネルに加え、蜂の巣状にデザインされた内部構造など、あらゆる面から耐久性を強化。安心のポータビリティを実現しています。また、据え置き型と同等の使い勝手を実現するオプションの専用カートを用意。3つのプローブが接続可能なポートを装備しているので切り替え時間が短縮でき、効率的な診断を可能にします。メイン画面に、頻繁に使用されるプリセットを6つまで表示。ワンタッチで変更でき、効率的な検査をサポートします。超音波画像診断装置HM70EVOAES-322〈認証番号304ADBZX00117000〉 御見積御見積御見積,"耐久性、機動性、操作性を プローブとプリセットの 
コンパクトに凝縮。 組合せをワンタッチ選択。 
多様な検査シーンに QuickPreset機能。
的確に対応します。
メイン画面に、頻繁に使用されるプリ
波状デザインの背面パネルに加え、蜂の巣セットを6つまで表示。ワンタッチで変
状にデザインされた内部構造など、あらゆ更でき、効率的な検査をサポートします。
る面から耐久性を強化。安心のポータビリ
ティを実現しています。評価測定
また、据え置き型と同等の使い勝手を実現
するオプションの専用カートを用意。3つ運動療法
のプローブが接続可能なポートを装備して
いるので切り替え時間が短縮でき、効率的
水治療法
な診断を可能にします。
物理療法
※ 専用カートはオプションです
救急
  保険点数適 用 D215超音波検査ＡＤＬ・
作業療法
超音波画像診断装置HM70EVO送料 御見積
AES-322〈認証番号304ADBZX00117000〉 管理特 管G2  御見積言語療法
外形寸法383（W）×355（D）×67（H）mm
質量6.0kg（バッテリー含む）
自立支援
イメージングモー ドBモード・カラードプラモード・パワードプラモード・PWモード・Mモード機器
［構成］電源コード、ACアダプター、バッテリー、超音波ジェル
衛生・
防災 
介護用
入浴機器
リニアプローブ　LA3-16AD-A  送料 御見積リニアプローブ　LS2-9S-A  送料 御見積
AES-P1011 御見積AES-P1031 御見積
周波数3-16MHzシングルクリスタル
動 作解析
機 能検査
コンベックスプローブ　CA1-7AD-A  送料 御見積コンベックスプローブ　CA2-8AD-A  送料 御見積
AES-C2011 御見積AES-C2021 御見積体 力測定
周波数1-7MHz
シングルクリスタル人 体測定
コンベックスプローブCA4-10M-A  送料 御見積
AES-C2111 御見積
マイクロコンベックス
セクタプローブ　PA1-5A-A  送料 御見積セクタプローブSP3-8-A  送料 御見積
AES-S3011 御見積AES-S3021 御見積
シングルクリスタル小児用
オプション
専用カート送料 御見積フットスイッチ送料 御見積外付けバッテリーパック送料 御見積
AES-A001 御見積AES-A101 御見積AES-A301 御見積
寸 法550（W）×543（D）×823～1003（H）mm
質 量25kgプリンター送料 御見積ビデオ出力送料 御見積
AES-A201 御見積AES-A401 御見積
プリンタートレイ送料 御見積
AES-A205 御見積
87"
89,MMTWWHCDEWTVH,評価測定,人体測定,"肺評価測定運動療法水治療法物理療法救急ＡＤＬ・作業療法言語療法自立支援機器衛生・防災介護用入浴機器  特管 G2管理特管 G2管理タブレットは別売りです。コンベックスタイプ深層部用超音波画像診断装置SONON300CASS-703〈認証番号301AGBZX00069000〉 リニアタイプ浅層部用超音波画像診断装置SONON500LASS-805〈認証番号304AGBZX00070000〉 Wi-Fiwirelessいつでも、どこでも、簡単に。主な検査モードをプリセット。500LWEBはこちら表層	 保険点数適用 	D215超音波検査送料 御見積 ¥1,680,000外形寸法質量周波数Max深度イメージングモード Bモード視野角［構成］SONON本体充電器1個、電源コード1本、バッテリー（1個は本体に実装）2個、バッテリーチャージャー1個2画面機能。左右にエコー画像を並べて表示することが可能。健側・患側のリアルタイムな比較はもちろん、過去のエコー画像を表示して現在の画像と比較することによる治療の評価も可能です。計測機能。距離（長さ）、角度、面積・外周囲、容積の計測が可能。テキスト入力も可能で、エコー画像内にメモ書きすることで、情報の引継ぎも簡単です。4つの表示モードを搭載。（Bモード、カラードプラモード、PWモード、Mモード）Bモードに加え、カラードプラモードを搭載し、血流の評価が可能。さらに、アプリケーションのアップデートにより、PWモード、Mモードを追加搭載。血流速度の計測や、コロナ禍において活用できる肺エコーにも対応しました。高画質＆モバイル。プローブとモバイル端末のみで使用できるため携帯性に優れ、院外へ持ち出しての検査を強力にサポート。SONON500Lは従来製品（300L）と比べ、体積47%減、重さ25%減と、さらなる小型・軽量化を実現。さらに、次世代超音波エンジンを搭載。有効チャンネル数も大幅増により、ソフト・ハード両面から画質向上を実現しました。進化するアプリケーション。S O N O NはW i n d o w s、i O S、i P a d O Sのアプリケーションで動作。2018年の発売当初は搭載していなかった機能をアップデートにより追加。2画面機能、日本語表記、PWモード、Mモードなど、使用者目線で機能を追加し、進化を続けます。Wi-Fi無線接続。プローブに内蔵したWi-Fiを使用して、モバイル端末（PC、タブレット、スマートフォン）とワイヤレス接続。ネットワーク環境に依存しないため、フィールドや訪問先など、どこでも使用が可能です。SURFACE Pro（Windows）、iOS、iPadOSに対応。対応機器を選ばず、それぞれのOSで最適に動作します。300C88乳房筋骨格血管腹部膀胱胎児（早期）78×216×41mm390g（バッテリー含む）3.5MHz20cm58.2°胎児（後期）FAST婦人科送料 御見積 ¥1,180,000動作解析機能検査体力測定人体測定甲状腺頸動脈	 保険点数適用 	D215超音波検査外形寸法56×178×39mm質量280g（バッテリー含む）周波数Max深度6～12MHz6cmイメージングモード Bモード・カラードプラモード・PWモード・Mモード視野幅4cm［構成］電源コード1本、バッテリー2個、バッテリーチャージャー1個※SONON	500Lと300Cのバッテリーに互換性はありません。世界中でますます広がるPOCUS（Point	of	Care	Ultrasound）の	重要性から、高画質・携帯性・操作性を追求したのが、	超音波画像診断装置SONON。使いやすさを極限まで追求することで、熟練者はもちろん、	初めてのエコーも強力にサポートします。超音波 画像診断装置SONON","WEBはこちら
いつでも、どこでも、簡単に。
超音 波画像診断装置
SONON
評価測定
世界中でますます広がるPOCUS（Point of Care Ultrasound）の 
重要性から、高画質・携帯性・操作性を追求したのが、 
運動療法
超音波画像診断装置SONON。
水治療法使いやすさを極限まで追求することで、熟練者はもちろん、 
初めてのエコーも強力にサポートします。wireless
物理療法
救急
Wi-Fi
ＡＤＬ・
作業療法
タブレットは別売りです。
言語療法
自立支援
主な検査モードをプリセット。
機器
500L300C
衛生・
防災
介護用
入浴機器甲状腺頸動脈乳房筋骨格血管表層肺腹部膀胱胎児（早期）胎児（後期）FAST婦人科
高画質＆モバイル。2画面機能。
プローブとモバイル端末のみで使用できるため携帯性に優れ、院外へ持左右にエコー画像を並べて表示す
ち出しての検査を強力にサポート。SONON500Lは従来製品（300L）ることが可能。健側・患側のリアル
動作解析と比べ、体積47%減、重さ25%減と、さらなる小型・軽量化を実現。さらタイムな比較はもちろん、過去の
に、次世代超音波エンジンを搭載。有効チャンネル数も大幅増により、ソエコー画像を表示して現在の画像
機能検査フト・ハード両面から画質向上を実現しました。と比較することによる治療の評価
も可能です。
体力測定進化するアプリケーション。
計測機能。
 S O N ONは W i n d o ws、 i OS、 i P a d OSのアプリケーションで動作。
人体測定
2018年の発売当初は搭載していなかった機能をアップデートにより追距離（長さ）、角度、面積・外周囲、容積の計測が可能。テキスト入力も可
加。2画面機能、日本語表記、PWモード、Mモードなど、使用者目線で機能で、エコー画像内にメモ書きすることで、情報の引継ぎも簡単です。
能を追加し、進化を続けます。
4つの表示モードを搭載。
Wi-Fi無線接続。
（Bモード、カラードプラモード、PWモード、Mモード）
プローブに内蔵したWi-Fiを使用して、モバイル端末（PC、タブレット、
Bモードに加え、カラードプラモードを搭載し、血流の評価が可能。さら
スマートフォン）とワイヤレス接続。ネットワーク環境に依存しないため、
に、アプリケーションのアップデートにより、PWモード、Mモードを追加搭
フィールドや訪問先など、どこでも使用が可能です。
載。血流速度の計測や、コロナ禍において活用できる肺エコーにも対応
しました。
SURFACE Pro（Windows）、iOS、iPadOSに対応。
対応機器を選ばず、それぞれのOSで最適に動作します。
  保険点数適 用 D215超音波検査  保険点数適 用 D215超音波検査
リニアタイプ浅層部用コンベックスタイプ深層部用
超音波画像診断装置SONON500L送料 御見積超音波画像診断装置SONON300C送料 御見積
ASS-805〈認証番号304AGBZX00070000〉 管理特 管G2  ¥1,680,000ASS-703〈認証番号301AGBZX00069000〉 管理特 管G2  ¥1,180,000
外形寸法56×178×39mm外形寸法78×216×41mm
質量280g（バッテリー含む）質量390g（バッテリー含む）
周波数6～12MHz周波数3.5MHz
Max深度6cmMax深度20cm
イメージングモー ドBモード・カラードプラモード・PWモード・Mモードイメージングモー ドBモード
視野幅4cm視野角58.2°
［構成］電源コード1本、バッテリー2個、バッテリーチャージャー1個［構成］SONON本体充電器1個、電源コード1本、バッテリー（1個は本体に実装）2個、バッ
テリーチャージャー1個
※SONON 500Lと300Cのバッテリーに互換性はありません。
88"
90,MMTWWK6BDGGQS,評価測定,人体測定,"管理非特管 G2管理非特管 G2保険点数適用 ※体成分分析装置InBodyBWA2.0S 〈認証番号306AFBZX00086000〉 体成分分析  部位別筋肉  部位別水分  内臓脂肪評価細胞内・外水分  研究項目保険点数適用 ※特 定 計 量 器体成分分析装置InBody体成分分析  部位別筋肉  部位別脂肪  内臓脂肪評価細胞内・外水分  研究項目InBodyBWA2.0S専用携帯バッグBAGBWA-A  評価測定運動療法水治療法物理療法救急ＡＤＬ・作業療法言語療法自立支援機器衛生・防災 介護用入浴機器 動作 解析機能 検査体力 測定人体 測定多周波、部位別のインピーダンス測定と表示による計測で、経験変数にとらわれない正確な体成分分析を実現。オプション（BWA用）仰臥位に特化し、立位・座位も可能な移動型機器。1kHzの低周波から3000kHzの高周波数の電流を用いて、体水分の状態を正確に分析。580 580K（検定付） 〈認証番号305AFBZX00034000〉 広範囲の多周波測定で、部位別のインピーダンス測定を実施。最も正確な測定値を提供。89送料 サ  ¥2,750,000送料 御見積¥45,000寸法 外形／260（L）×435（W）×680（H）mm送料 サ¥1,950,000¥2,050,000体成分分析装置InBody寸法本体外形／282（L）×322（W）×81.5（H）mm移動用カート装着時／502（W）×564（L）×1260（H）mm質量本体／3.3kg移動用カート装着時／15.8kg測定時間 メディカルモード30秒　リサーチモード60秒測定周波数 5kHz、50kHz、250kHz、500kHz、1000kHz、3000kHz適応身長 110～220cm適応体重 250kg適用年齢 6歳以上電源消費電力 70VA（最大）AC100～240V（50/60Hz）［構成］電解ティッシュ（100枚）寸法外形／892（L）×502（W）×1124（H）mm質量24.4kg測定時間 30秒測定周波数 5kHz、50kHz、250kHz、500kHz適応身長 110～220ｃｍ適応体重 300kg適用年齢 6歳以上電源AC100～240V（50/60Hz）、1.2A消費電力 70VA（最大）［構成］電解ティッシュ（100枚）※ペースメーカーのご使用者は利用できません。※	 保険点数適用 ：D207体液量等測定","多周波、部位別のインピーダンス測定と表示による計測で、経験変数にとらわれない正確な体成分分析を実現。
体成分分析装置InBody※  保険点数適 用：D207体液量等測定
※ペースメーカーのご使用者は利用できません。
※
保険点数適 用
評価測定
体成分分析装置InBody送料 サ
BWA2.0S〈 認証番号306AFBZX00086000〉 管理非特 管G2  ¥2,750,000運動療法
体成分分 析 部位別筋 肉 部位別水 分 内臓脂肪評価
細胞内・外水 分 研究項目水治療法
仰臥位に特化し、立位・座位も可能な移動型機器。
1kHzの低周波から3000kHzの高周波数の電流を用いて、体水分の状物理療法
態を正確に分析。
寸法本体外形／282（L）×322（W）×81.5（H）mm
移動用カート装着時／502（W）×564（L）×1260（H）mm救急
質量本体／3.3kg
移動用カート装着時／15.8kg
測定時 間メディカルモード30秒　リサーチモード60秒
ＡＤＬ・
測定周波 数5kHz、50kHz、250kHz、500kHz、1000kHz、3000kHz作業療法
適応身 長110～220cm
適応体 重250kg
適用年 齢6歳以上言語療法
電源AC100～240V（50/60Hz）
消費電 力70VA（最大）
［構成］電解ティッシュ（100枚）自立支援
機器
衛生・
防災 
オプション（BWA用）
介護用
InBodyBWA2.0S入浴機器
専用携帯バッグ送料 御見積
BAGBWA-A  ¥45,000
寸 法外形／260（L）×435（W）×680（H）mm
動 作解析
機 能検査
体 力測定
※
保険点数適 用人 体測定
 特 定 計 量器
体成分分析装置InBody送料 サ
580  ¥1,950,000
580K（検定付） ¥2,050,000
〈認証番号305AFBZX00034000〉 管理非特 管G2
体成分分 析 部位別筋 肉 部位別脂 肪 内臓脂肪評価
細胞内・外水 分 研究項目
広範囲の多周波測定で、部位別のインピーダンス測定を実施。
最も正確な測定値を提供。
寸法外形／892（L）×502（W）×1124（H）mm
質量24.4kg
測定時 間30秒
測定周波 数5kHz、50kHz、250kHz、500kHz
適応身 長110～220ｃｍ
適応体 重300kg
適用年 齢6歳以上
電源AC100～240V（50/60Hz）、1.2A
消費電 力70VA（最大）
［構成］電解ティッシュ（100枚）
89"
91,MMTWWN709Y0P6,評価測定,人体測定,"管理非特管 G2専用サーマルプリンターTPT380-A オプション（380、380K、380N、380NK用）タッチスクリーンとキーパットで誰でも簡単に情報入力。サーマルプリンターと連動可能（オプション）2段階折り畳み式タッチスクリーンとキーパットで誰でも簡単に情報入力。サーマルプリンターと連動可能（オプション）2段階折り畳み式専用携帯バッグBAG380-A 90送料 サ¥1,450,000¥1,550,000送料 サ¥1,150,000¥1,250,000送料 御見積¥36,000外形／872（L）×416（W）×1070（H）mm16kgAC100～240V（50/60Hz）、1.2A外形／872（L）×416（W）×1070（H）mm寸法質量16kg消費電力 70VA測定時間 30秒測定周波数 5kHz、50kHz、250kHz適応身長 110～220cm適応体重 300kg適用年齢 6歳以上電源AC100～240V（50/60Hz）、1.2A寸法質量消費電力 70VA測定時間 30秒測定周波数 5kHz、50kHz、500kHz適応身長 110～220cm適応体重 300kg適用年齢 6歳以上電源［構成］電解ティッシュ（100枚）［構成］電解ティッシュ（100枚）送料 御見積¥36,000保険点数適用 ※特 定 計 量 器体成分分析装置InBody380 （検定無） 380K（検定付） 〈認証番号305AFBZX00033000〉 体成分分析  部位別筋肉  部位別脂肪  内臓脂肪評価 細胞内・外水分  研究項目特 定 計 量 器体成分分析装置InBody380N （検定無） 380NK（検定付） 体成分分析  部位別筋肉  部位別脂肪  内臓脂肪評価 細胞内・外水分  研究項目評価測定運動療法水治療法物理療法救急ＡＤＬ・作業療法言語療法自立支援機器衛生・防災介護用入浴機器動作解析機能検査体力測定人体測定","※
保険点数適 用
 特 定 計 量器
体成分分析装置InBody送料 サ
380 （検定無） ¥1,450,000
380K（検定付） ¥1,550,000
〈認証番号305AFBZX00033000〉 管理非特 管G2
体成分分 析 部位別筋 肉 部位別脂 肪 内臓脂肪評 価
評価測定
細胞内・外水 分 研究項目
タッチスクリーンとキーパットで誰でも簡単に情報入力。
運動療法サーマルプリンターと連動可能（オプション）
2段階折り畳み式
寸法外形／872（L）×416（W）×1070（H）mm
水治療法質量16kg
消費電 力70VA
測定時 間30秒
物理療法測定周波 数5kHz、50kHz、500kHz
適応身 長110～220cm
適応体 重300kg
適用年 齢6歳以上
救急
電源AC100～240V（50/60Hz）、1.2A
［構成］電解ティッシュ（100枚）
ＡＤＬ・
作業療法
言語療法
 特 定 計 量器
自立支援
機器体成分分析装置InBody送料 サ
380N （検定無） ¥1,150,000
衛生・380NK（検定付） ¥1,250,000
防災
体成分分 析 部位別筋 肉 部位別脂 肪 内臓脂肪評 価
介護用細胞内・外水 分 研究項目
入浴機器
タッチスクリーンとキーパットで誰でも簡単に情報入力。
サーマルプリンターと連動可能（オプション）
2段階折り畳み式
寸法外形／872（L）×416（W）×1070（H）mm
質量16kg
動作解析消費電 力70VA
測定時 間30秒
機能検査測定周波 数5kHz、50kHz、250kHz
適応身 長110～220cm
体力測定適応体 重300kg
適用年 齢6歳以上
人体測定電源AC100～240V（50/60Hz）、1.2A
［構成］電解ティッシュ（100枚）
オプション（380、380K、380N、380NK用）
専用サーマルプリンター送料 御見積専用携帯バッグ送料 御見積
TPT380-A ¥36,000BAG380-A ¥36,000
90"
92,MMTWWPN2J8OEL,評価測定,人体測定,"体成分分析装置InBody270S（検定無） 体成分分析  部位別筋肉  部位別脂肪  内臓脂肪評価 細胞内・外水分  研究項目InBodyデータ管理ソフトLookinBody120LB120BAS 解説付きの体成分、結果表示を出力履歴表示や履歴結果用紙の印刷［システム構成］ソフトウェアCD-ROM、プロテクションキー、RS-232Cケーブル専用携帯バッグBAG270-A プリンタデスクPTWAGN-A 専用サーマルプリンター 送料 御見積¥36,000TPT270-A プリンタ・結果用紙セット 送料 御見積¥60,000PRTSET-A 型式RSTMED-DRST580-DRST380-DRST380N-DRST270-D価格¥20,000¥20,000¥20,000¥20,000¥20,000送料 御見積内容BWA用・1箱1000枚入580用・1箱1000枚入380用・1箱1000枚入380N用・1箱1000枚入270用・1箱1000枚入オプション（270S用）オプション（全機種共通）消耗品IｎBodyデータ管理ソフト　※パソコンは別途必要です。※お手持ちのパソコンにインストールする場合は別途有償での対応になります。体成分の核になる項目だけを厳選した分かりやすい体成分情報を提供。サーマルプリンターと連動可能（オプション）2段階折り畳み式サ−マルプリンタ用ロール紙RSTTPT-R（ロールペーパ−4巻入） InBodyデータ管理ソフト専用パソコンPCLB-INS2 91送料 サ¥750,000送料 御見積¥25,000送料 御見積¥10,000送料 御見積¥3,000送料 サ¥120,000「InBody」の活用度を高めてくれるデータ管理ソフトウエア。送料 御見積¥250,000インボディ用結果用紙寸法外形／796（L）×356（W）×995（H）mm質量13.4kg消費電力 70VA測定時間 30秒測定周波数 20kHz、50kHz、100kHz適応身長 110～220cm適応体重 200kg適用年齢 6歳以上電源AC100～240V（50/60Hz）、1.5A［構成］電解ティッシュ（100枚）［適用］380、380K、380N、380NK、270S※オプションのサーマルプリンターが必要です。［動作環境］OSWindows®11（32bit/64bit）互換1.8GHz以上のプロセッサCPURAM4GB以上HDD10GB以上の空き容量解像度 1024×768以上通信方法 USB、Serial（RS-232C）、LAN、Wi-Fi、BluetoothOSWindows®11（ノートパソコン）※性能改良のため仕様・デザインは予告なしに変更することがありますので、ご了承ください。評価測定運動療法水治療法物理療法救急ＡＤＬ・作業療法言語療法自立支援機器衛生・防災 介護用入浴機器動作 解析機能 検査体力 測定人体 測定","体成分分析装置InBody送料 サ
270S（検定無） ¥750,000
体成分分 析 部位別筋 肉 部位別脂 肪 内臓脂肪評 価
細胞内・外水 分 研究項目
体成分の核になる項目だけを厳選した分かりやすい体成分
情報を提供。
サーマルプリンターと連動可能（オプション）
評価測定
2段階折り畳み式
寸法外形／796（L）×356（W）×995（H）mm
質量13.4kg運動療法
消費電 力70VA
測定時 間30秒
測定周波 数20kHz、50kHz、100kHz
水治療法
適応身 長110～220cm
適応体 重200kg
適用年 齢6歳以上
電源AC100～240V（50/60Hz）、1.5A物理療法
［構成］電解ティッシュ（100枚）
救急
オプション（270S用）
ＡＤＬ・
作業療法
専用サーマルプリンター 送料 御見積専用携帯バッグ送料 御見積
TPT270-A ¥36,000BAG270-A ¥25,000
言語療法
自立支援
機器
オプション（全機種共通）
衛生・
プリンタ・結果用紙セット 送料 御見積プリンタデスク送料 御見積防災 
PRTSET-A ¥60,000PTWAGN-A ¥10,000
介護用
入浴機器
消耗品
動 作解析
インボディ用結果用紙送料 御見積サ−マルプリンタ用ロール紙送料 御見積
機 能検査
型式価格内容RSTTPT-R（ロールペーパ−4巻入） ¥3,000
RSTMED-D¥20,000BWA用・1箱1000枚入［※適オ用プ］シ3ョ8ン0の、3サ8ー0マKル、3プ8リ0ンNタ、3ー8が0必N要K、で2す7。0S体 力測定
RST580-D¥20,000580用・1箱1000枚入
RST380-D¥20,000380用・1箱1000枚入人 体測定
RST380N-D¥20,000380N用・1箱1000枚入
RST270-D¥20,000270用・1箱1000枚入
IｎBodyデータ管理ソフト　※パソコンは別途必要です。※お手持ちのパソコンにインストールする場合は別途有償での対応になります。
InBodyデータ管理ソフト
LookinBody120送料 サ
LB120BAS ¥120,000
「InBody」の活用度を高めてくれるデータ管理ソフトウエア。
解説付きの体成分、結果表示を出力
履歴表示や履歴結果用紙の印刷
［システム構成］ソフトウェアCD-ROM、プロテクションキー、RS-232Cケーブル
［動作環境］
OSWindows®11（32bit/64bit）互換
CPU1.8GHz以上のプロセッサ
RAM4GB以上
HDD10GB以上の空き容量
解像 度1024×768以上
通信方 法USB、Seria（lRS-232C）、LAN、Wi-Fi、Bluetooth
InBodyデータ管理ソフト専用パソコン送料 御見積
PCLB-INS2 ¥250,000
OSWindows®11（ノートパソコン）
※性能改良のため仕様・デザインは予告なしに変更することがありますので、ご了承ください。
91"
93,MMTWWS3W6A84Y,評価測定,人体測定,"特管 G2管理タニタマルチ周波数体組成計MC-780-MA-N 〈認証番号301AFBZX0031000〉4C法による新たな体組成分析アルゴリズム。オプション92送料 F  ¥1,400,000送料 C¥15,000送料 サ¥70,000MC-780-MA-N専用印刷台紙MC-780-MA-01（1箱1000枚入） ※カラープリント印刷を行うには、別途ピクトブリッジ対応プリンタが必要です。専用感熱式プリンタセットOP-202 ポールタイプ／715（D）×360（W）×1165（H）mmポータブルタイプ／測定部	656（D）×360（W）×94（H）mmコントローラー	260（D）×250（W）×90（H）mmポールタイプ／約15.5kg、ポータブルタイプ／約11.1kgAC100V（50/60Hz）0.5A以下5kHz、50kHz、250kHz90μA以下75.0～1500.0Ω電気抵抗線式270kg0.1㎏会員登録することで、測定時のプロフィール入力が不要です。CSV出力によるデータ解析や専門用紙を使用せずに白紙に結果が印刷可能です。［システム構成］アプリケーションソフト、USBケーブル、専用台紙1箱寸法質量電源消費電流インピーダンス測定部 マルチ周波数8電極体組成計測定周波数測定電流測定範囲測量法最大計量最小表示外部インターフェイス USB-Bタイプ、RS-232C、SDメモリーカード送料 サ¥120,000［構成］プリンタ本体、プリンタホルダー、接続ケーブル、用紙4巻送料 C¥18,000結果用紙Windows®	10（64bit）／111GB以上USBポート（USB1.1／2.0）、RS-232Cポートポールタイプ［動作環境］OSメモリー（RAM）通信ポート評価測定運動療法水治療法物理療法救急ＡＤＬ・作業療法言語療法自立支援機器衛生・防災介護用入浴機器動作解析機能検査体力測定人体測定正確な基礎データ（4C法）。4C法は、現在最も高精度に体組成を分析できる技術です。4C法は、DXA法に加え、空気置換法／水中秤量法、重水希釈法、体重測定という４種の分析法を組み合わせることで、体組成を脂肪、たんぱく質、水分、ミネラルという４つのCompartment（4C）に分けて分析します。独自の分析アルゴリズム。異なる性別や特徴を持つ人を同じアルゴリズムで分析することには、大きな問題があります。タニタマルチ周波数体組成計は、これまでに取得した15,000人以上の基礎データを基に、独自のアルゴリズムで、より正確な分析結果を導き出します。マルチ周波数。複数の周波数を用いるマルチ周波数測定技術に加え、電気的抵抗値をより細かく分解して分析しています。データ管理ソフトゲットインシェイプNV191 NV191専用印刷台紙NV191-01（1000枚入） DXA法を含む4種の方法を組み合わせて分析するため、厚みや浮腫のある人を含め、あらゆる人において高精度な分析が可能です。体重の証明用に使用が可能。見やすい筋肉量評価。体重測定DXA法水中体重秤量法重水希釈法タニタマルチ周波数体組成計4C","4C法による新たな体組成分析アルゴリズム。
タニタマルチ周波数体組成計
正確な基礎データ（4C法）。
4C法は、現在最も高精度に体組成を分析できる技術です。
体重測定
4C法は、DXA法に加え、空気置換法／水中秤量法、重水希釈法、体重測定と
評価測定いう４種の分析法を組み合わせることで、体組成を脂肪、たんぱく質、水分、ミ
ネラルという４つのCompartmen（t4C）に分けて分析します。
運動療法
独自の分析アルゴリズム。
水治療法異なる性別や特徴を持つ人を同じアルゴリズムで分析することには、大きDXA法重水希釈法
な問題があります。タニタマルチ周波数体組成計は、これまでに取得した
4C
15,000人以上の基礎データを基に、独自のアルゴリズムで、より正確な分析
物理療法結果を導き出します。
救急
マルチ周波数。水中体重
複数の周波数を用いるマルチ周波数測定技術に加え、電気的抵抗値をより細秤量法
ＡＤＬ・かく分解して分析しています。
作業療法
DXA法を含む4種の方法を組み合わせて分析するため、厚みや浮
腫のある人を含め、あらゆる人において高精度な分析が可能です。
言語療法
自立支援
機器
衛生・
防災
介護用
入浴機器タニタマルチ周波数体組成計送料 F
MC-780-MA-N〈 認証番号301AFBZX0031000〉管理特 管G2  ¥1,400,000
体重の証明用に使用が可能。
見やすい筋肉量評価。
寸法ポールタイプ／715（D）×360（W）×1165（H）mm
ポータブルタイプ／測定部 656（D）×360（W）×94（H）mm
動作解析コントローラー 260（D）×250（W）×90（H）mm
質量ポールタイプ／約15.5kg、ポータブルタイプ／約11.1kg
機能検査電源AC100V（50/60Hz）
消費電流0.5A以下
体力測定インピーダンス測定 部マルチ周波数8電極体組成計
測定周波数5kHz、50kHz、250kHz
人体測定測定電流90μA以下
測定範囲75.0～1500.0Ω
測量法電気抵抗線式
最大計量270kg
最小表示0.1㎏
結果用紙外部インターフェイ スUSB-Bタイプ、RS-232C、SDメモリーカード
ポールタイプ
オプション
データ管理ソフトゲットインシェイプ送料 サMC-780-MA-N専用印刷台紙送料 C
NV191 ¥120,000MC-780-MA-01（1箱1000枚入） ¥15,000
会員登録することで、測定時のプロフィール入力が不要です。※カラープリント印刷を行うには、別途ピクトブリッジ対応プリンタが必要です。
CSV出力によるデータ解析や専門用紙を使用せずに白紙に結果が印
刷可能です。専用感熱式プリンタセット送料 サ
［システム構成］アプリケーションソフト、USBケーブル、専用台紙1箱OP-202 ¥70,000
［動作環境］［構成］プリンタ本体、プリンタホルダー、接続ケーブル、用紙4巻
OSWindows® 10（64bit）／11
メモリー（RAM）1GB以上
通信ポートUSBポート（USB1.1／2.0）、RS-232Cポート
NV191専用印刷台紙送料 C
NV191-01（1000枚入） ¥18,000
92"
94,MMTWWUWS31PZN,評価測定,人体測定,"タニタマルチ周波数体組成計MC-780A-N	（ポールタイプ） 〈型式承認取得品〉 タニタマルチ周波数体組成計MC-980A-N plus 〈型式承認取得品〉 オプションオプション多様なニーズに応える高精度モデル。人体の多様性を反映しているため誤差が少なく高精度な測定が可能です。3つの周波数でのBIA測定により、正確な筋肉量、体水分量、体脂肪率の算出が可能です。結果表示までわずか約15秒のスマート測定です。約15kgの軽量設計で移動、設置も簡単です。MC-780A専用印刷台紙MC-780A-01（1箱1000枚入） ※カラープリント印刷を行うには、別途ピクトブリッジ対応プリンタが必要です。専用感熱式プリンタセットOP-202 データ管理ソフトゲットインシェイプNV191 NV191専用印刷台紙NV191-01（1000枚入） 豊富な臨床試験に基づいて開発された高精度モデル。人体の多様性を反映しているため誤差が少なく高精度な測定が可能です。6つの周波数でのBIA測定により、正確な筋肉量、体水分量、体脂肪率の算出が可能です。測定結果を約5,000名、各100回分の測定データを保存できます。タッチパネル付液晶ディスプレイは大型設計で簡単に入力可能です。MC-980Aplus専用印刷台紙MC-980A-01（1箱1000枚入） GP-730プリンタセットGP-730 93送料 F¥760,000送料 C¥15,000送料 サ¥70,000送料 サ¥120,000送料 C¥18,000送料 G¥2,400,000送料 C¥15,000送料 サ¥120,000Fit結果用紙360（W）×715（D）×1165（H）mm15.5kgAC100V（50/60Hz）0.5A以下5kHz、50kHz、250kHz90μA以下75.0～1500.0Ω電気抵抗線式270kg0.1㎏450（W）×870（D）×1240（H）mm33kgAC100V（50/60Hz）0.5A以下1kHz、5kHz、50kHz、250kHz、500kHz、1000kHz90μA以下75.0～1500.0Ω電気抵抗線式300kg0.1㎏寸法質量電源消費電流インピーダンス測定部 マルチ周波数8電極体組成計測定周波数測定電流測定範囲測量法最大計量最小表示外部インターフェイス USB-Bタイプ、RS-232C、SDメモリーカード［構成］プリンタ本体、プリンタホルダー、接続ケーブル、用紙4巻寸法質量電源消費電流インピーダンス測定部 マルチ周波数8電極方式測定周波数測定電流測定範囲測量法最大計量最小表示外部インターフェイス USB-Aタイプ、USB-Bタイプ、LANポート[構成]本体、交換用インク、USBケーブルダークグレーホワイト結果用紙評価測定運動療法水治療法物理療法救急ＡＤＬ・作業療法言語療法自立支援機器衛生・防災 介護用入浴機器動作 解析機能 検査体力 測定人体 測定","タニタマルチ周波数体組成計送料 F
MC-780A-N （ポールタイプ〈 ）型式承認取得品〉 ¥760,000
多様なニーズに応える高精度モデル。
人体の多様性を反映しているため誤差が少なく高精度な測定が可能
です。
3つの周波数でのBIA測定により、正確な筋肉量、体水分量、体脂肪率の
算出が可能です。
結果表示までわずか約15秒のスマート測定です。
約15kgの軽量設計で移動、設置も簡単です。評価測定
寸法360（W）×715（D）×1165（H）mm
質量15.5kg
電源AC100V（50/60Hz）運動療法
消費電流0.5A以下
インピーダンス測定 部マルチ周波数8電極体組成計
ダークグレーホワイト
測定周波数5kHz、50kHz、250kHz
水治療法
測定電流90μA以下
測定範囲75.0～1500.0Ω
測量法電気抵抗線式
最大計量270kg物理療法
最小表示0.1㎏
外部インターフェイ スUSB-Bタイプ、RS-232C、SDメモリーカード
救急
オプション
FitＡＤＬ・
MC-780A専用印刷台紙送料 C
作業療法
MC-780A-01（1箱1000枚入） ¥15,000
※カラープリント印刷を行うには、別途ピクトブリッジ対応プリンタが必要です。
言語療法
専用感熱式プリンタセット送料 サ
OP-202 ¥70,000自立支援
［構成］プリンタ本体、プリンタホルダー、接続ケーブル、用紙4巻機器
データ管理ソフトゲットインシェイプ送料 サ衛生・
防災 
NV191 ¥120,000
結果用紙
介護用
NV191専用印刷台紙送料 C
入浴機器
NV191-01（1000枚入） ¥18,000
動 作解析
タニタマルチ周波数体組成計送料 G
機 能検査
MC-980A-N plus〈 型式承認取得品〉 ¥2,400,000
豊富な臨床試験に基づいて開発された高精度モデル。体 力測定
人体の多様性を反映しているため誤差が少なく高精度な測定が可能
人 体測定
です。
6つの周波数でのBIA測定により、正確な筋肉量、体水分量、体脂肪率の
算出が可能です。
測定結果を約5,000名、各100回分の測定データを保存できます。
タッチパネル付液晶ディスプレイは大型設計で簡単に入力可能です。
寸法450（W）×870（D）×1240（H）mm
質量33kg
電源AC100V（50/60Hz）
消費電流0.5A以下
インピーダンス測定 部マルチ周波数8電極方式
測定周波数1kHz、5kHz、50kHz、250kHz、500kHz、1000kHz
測定電流90μA以下
測定範囲75.0～1500.0Ω
測量法電気抵抗線式
最大計量300kg
最小表示0.1㎏
外部インターフェイ スUSB-Aタイプ、USB-Bタイプ、LANポート
オプション
MC-980Aplus専用印刷台紙送料 C
MC-980A-01（1箱1000枚入） ¥15,000
GP-730プリンタセット送料 サ
GP-730 ¥120,000
結果用紙[構成]本体、交換用インク、USBケーブル
93"
95,MMTWWXD5XRA6E,評価測定,人体測定,"※感熱式プリンタの利用には本体に外部インターフェイス（RS）が必要です。※感熱式プリンタの利用には本体に外部インターフェイス（RS）が必要です。タニタ車椅子用体重計PW-650A PW-650ARS	（RS-232C（Dサブ9ピン）出力端子付） 〈型式承認取得品〉タニタハンドレール付き体重計 送料 H¥198,000PH-550A ¥208,000PH-550ARS （RS付き） 〈型式承認取得品〉オプションオプション「風袋引き機能」、「プリセット風袋引き機能」付きで車椅子重量の減算に便利。「風袋引き機能」、「プリセット風袋引き機能」付きで着衣量の減算に便利。移動に便利なキャスター付き。車椅子用体重計のスタンダードタイプ。両側昇降で乗り降り自在。測定台までの高さが約29mmの薄型設計。表示ボックススタンドOP-002 感熱式プリンタセット（PW-650ARS用）OP-201 つかまりやすく、滑りにくいハンドレール形状の体重計。測定台が大きく、薄型なので乗り降りしやすい。ハンドレールにつかまったまま安全に測定可能。感熱式プリンタセット（PH-550ARS用）OP-201 94送料 G¥198,000¥208,000送料 サ¥38,000送料 サ¥84,000送料 サ¥84,000外形／893（W）×908（D）×169（H）mm測定部／691（W）×700（D）×29（H）mm28㎏0.1㎏200㎏電気抵抗線式ACアダプター（DC9V200mA）または単3アルカリ電池6本（別売）ACアダプターφ400×H665～1105mm（表示BOX固定部含む）5.6㎏ACアダプター、RSケーブル、プリンタ用紙4巻外形／686（W）×691.5（D）×1109.5（H）mm測定部／500.5（W）×623.5（D）×26.7（H）mm約25.5㎏0.1㎏200㎏電気抵抗線式ACアダプター（DC9V200mA）または単3アルカリ電池6本（別売）ACアダプターACアダプター、RSケーブル、プリンタ用紙4巻寸法質量最小表示最大計量測量法電源付属品寸法質量付属品寸法質量外部インターフェイス RS-232C出力専用（Dサブ9ピン）※RS付きのみに対応最小表示最大計量測量法電源付属品付属品写真のスタンドはオプションです。評価測定運動療法水治療法物理療法救急ＡＤＬ・作業療法言語療法自立支援機器衛生・防災介護用入浴機器動作解析機能検査体力測定人体測定","タニタ車椅子用体重計送料 G
PW-650A ¥198,000
PW-650ARS（ RS-232C（Dサブ9ピン）出力端子付） ¥208,000
〈型式承認取得品〉
車椅子用体重計のスタンダードタイプ。
両側昇降で乗り降り自在。
測定台までの高さが約29mmの薄型設計。
「風袋引き機能」、「プリセット風袋引き機能」付きで車椅子重量の減算に
評価測定便利。
寸法外形／893（W）×908（D）×169（H）mm
測定部／691（W）×700（D）×29（H）mm
質量28㎏
運動療法
最小表示0.1㎏
最大計量200㎏
測量法電気抵抗線式
水治療法電源ACアダプター（DC9V200mA）または単3アルカリ電池6本（別売）
付属品ACアダプター
物理療法
オプション
表示ボックススタンド送料 サ
救急
OP-002 ¥38,000
寸法φ400×H665～1105mm（表示BOX固定部含む）
ＡＤＬ・
質量5.6㎏
作業療法
感熱式プリンタセット（PW-650ARS用）送料 サ
言語療法
OP-201 ¥84,000
付属品ACアダプター、RSケーブル、プリンタ用紙4巻
自立支援※感熱式プリンタの利用には本体に外部インターフェイス（RS）が必要です。
機器
写真のスタンドはオプションです。
衛生・
防災
介護用
入浴機器
タニタハンドレール付き体重計 送料 H
PH-550A ¥198,000
PH-550ARS（ RS付き） ¥208,000
〈型式承認取得品〉
動作解析
つかまりやすく、滑りにくいハンドレール形状の体重計。
機能検査測定台が大きく、薄型なので乗り降りしやすい。
ハンドレールにつかまったまま安全に測定可能。
体力測定
「風袋引き機能」「、プリセット風袋引き機能」付きで着衣量の減算に便利。
移動に便利なキャスター付き。
人体測定
寸法外形／686（W）×691.5（D）×1109.5（H）mm
測定部／500.5（W）×623.5（D）×26.7（H）mm
質量約25.5㎏
外部インターフェイ スRS-232C出力専用（Dサブ9ピン）※RS付きのみに対応
最小表示0.1㎏
最大計量200㎏
測量法電気抵抗線式
電源ACアダプター（DC9V200mA）または単3アルカリ電池6本（別売）
付属品ACアダプター
オプション
感熱式プリンタセット（PH-550ARS用）送料 サ
OP-201 ¥84,000
付属品ACアダプター、RSケーブル、プリンタ用紙4巻
※感熱式プリンタの利用には本体に外部インターフェイス（RS）が必要です。
94"
96,MMTWX07QW8SYG,評価測定,人体測定,"※感熱式プリンタの利用には本体に外部インターフェイス（RS）が必要です。専用プリンタ用紙4巻セット 送料 C¥3,0002903（1箱4本入） 身長計シルバーワイド送料 御見積¥43,000TK-11253 評価測定運動療法水治療法物理療法救急ＡＤＬ・作業療法言語療法自立支援機器衛生・防災 介護用入浴機器     動作 解析機能 検査体力 測定人体 測定タニタデジタル手動身長計付き体組成計BH-300A-N（プリンター付）〈型式承認取得品〉 タニタ精密体重計WB-150P     （ポールタイプ） WB-150S     （セパレートタイプ） WB-150PRS（ポールタイプ）RS付き WB-150SRS（セパレートタイプ）RS付き 〈型式承認取得品〉オプション（BH-300A-N用）オプション（WB-150PRS、WB-150SRS用）型式承認取得品幅広い身長測定範囲（75cm～215cm)。USBポート、RS232Cポート付で、健診システムとの連携が可能。身長・体重・体組成を同時測定（身長・体重計としても使用可能）。「ドットコード読み取り方式」による、ずれない身長測定を実現。表示ボックススタンドOP-005 昇降補助手すりOP-501 95送料 D¥69,000¥59,000¥79,000¥69,000送料 サ¥84,000計測部／336（W）×301（D）×82（H）mm操作部／209（W）×159（D）×56（H）mm約5.1kg計測部／336（W）×301（D）×82（H）mm操作部／209（W）×159（D）×56（H）mm約7.1kg1kｇ50ｇ200kg（着衣量含む）電気抵抗線式ACアダプター（DC9V、200mA）または単3アルカリ乾電池6本（別売）専用ACアダプターACアダプター、RSケーブル、プリンタ用紙4巻質量約10kg測定範囲 90～200cm最小表示 1mm寸法質量［ポールタイプ］寸法質量［共通］外部インターフェイス RS-232C出力専用（Dサブ9ピン）※RS付きのみに対応最小測定量最小表示最大計量測量法電源付属品付属品送料 H¥550,000高精度・低価格で使いやすい精密体重計。高精度50g単位で200kgまで体重計測が可能。プリセット風袋引き（着衣量設定）機能付き。文字高38mmの見やすい大型表示。［セパレートタイプ］感熱式プリンタセットOP-201 ポールタイプOP-005送料 サ¥38,000寸法 φ400×665～1105mm（表示BOX固定部含む）送料 サ¥38,000セパレートタイプ感熱式プリンタセットBH-300A-N寸法計量部／360（W）×532（D）×2327（H）mm表示部／270（W）×220（D）×78（H）mm質量最小表示計量部／約14.3kg、表示部／約1.5kg0.1kｇ最大計量200kg測量法デュアル周波数4電極BIA法電源AC100Ｖ質量 約5.6kg寸法 653（W）×626（D）×900（H）mm質量 約12kg〈型式承認取得品〉は、学校・幼稚園または、福祉施設などの身体測定に使用され、その計量数値は健康診断票などに示される公式な計量数値として、通知や報告に使用することができます。","タニタ精密体重計送料 D
WB-150P    （ ポールタイプ）  ¥69,000
WB-150S    （ セパレートタイプ）  ¥59,000
WB-150PRS（ポールタイプ）RS付き  ¥79,000
WB-150SRS（セパレートタイプ）RS付き  ¥69,000
〈型式承認取得品〉
高精度・低価格で使いやすい精密体重計。
高精度50g単位で200kgまで体重計測が可能。
プリセット風袋引き（着衣量設定）機能付き。
評価測定
セパレートタイプ文字高38mmの見やすい大型表示。
［セパレートタイプ］
寸法計測部／336（W）×301（D）×82（H）mm
運動療法
操作部／209（W）×159（D）×56（H）mm
質量約5.1kg
［ポールタイプ］
水治療法
寸法計測部／336（W）×301（D）×82（H）mm
操作部／209（W）×159（D）×56（H）mm
質量約7.1kg
［共通］物理療法
外部インターフェイ スRS-232C出力専用（Dサブ9ピン）※RS付きのみに対応
最小測定量1kｇ
最小表示50ｇ救急
ポールタイプ
最大計量200kg（着衣量含む）
測量法電気抵抗線式
電源ACアダプター（DC9V、200mA）または単3アルカリ乾電池6本ＡＤＬ・
（別売）作業療法
付属品専用ACアダプター
感熱式プリンタセット
オプション（WB-150PRS、WB-150SRS用）言語療法
感熱式プリンタセット送料 サ
自立支援
OP-201 ¥84,000機器
付属品ACアダプター、RSケーブル、プリンタ用紙4巻
※感熱式プリンタの利用には本体に外部インターフェイス（RS）が必要です。
衛生・
防災 
介護用
入浴機器
BH-300A-NOP-005動 作解析
機 能検査
体 力測定
人 体測定
タニタデジタル手動身長計付き体組成計送料 H
BH-300A-N（プリンター付）〈型式承認取得品〉 ¥550,000
身長・体重・体組成を同時測定（身長・体重計としても使用可能）。
「ドットコード読み取り方式」による、ずれない身長測定を実現。
幅広い身長測定範囲（75cm～215cm)。
USBポート、RS232Cポート付で、健診システムとの連携が可能。
寸法計量部／360（W）×532（D）×2327（H）mm
表示部／270（W）×220（D）×78（H）mm
身長計シルバーワイド送料 御見積
質量計量部／約14.3kg、表示部／約1.5kg
最小表示0.1kｇTK-11253  ¥43,000
最大計量200kg質量約10kg
測量法デュアル周波数4電極BIA法測定範 囲90～200cm
電源AC100Ｖ最小表 示1mm
オプション（BH-300A-N用）
表示ボックススタンド送料 サ専用プリンタ用紙4巻セット 送料 C型式承認取得品
OP-005 ¥38,0002903（1箱4本入） ¥3,000〈型式承認取得品〉は、学校・幼稚園また
寸 法φ400×665～1105mm（表示BOX固定部含む）は、福祉施設などの身体測定に使用され、
質 量約5.6kgその計量数値は健康診断票などに示され
る公式な計量数値として、通知や報告に使
昇降補助手すり送料 サ
用することができます。
OP-501 ¥38,000
寸 法653（W）×626（D）×900（H）mm
質 量約12kg
95"
97,MMTWX31KPBU7O,評価測定,人体測定,"管理特管 G2管理管理特管 G2管理特管 G2特管 G2評価測定運動療法水治療法物理療法救急ＡＤＬ・作業療法言語療法自立支援機器衛生・防災介護用入浴機器     動作解析機能検査体力測定人体測定パルスオキシメータサーフィンPO 〈認証番号221AKBZX00060000〉 自動血圧計HBP-9035   〈認証番号231ABBZX00007000〉 HBP-9036C〈認証番号231ABBZX00007000〉 〈型式承認取得品〉自動血圧計HBP-1320〈認証番号303AABZX00004000〉 オプション消耗品シンプル表示で、簡単に正確に測定できる全自動血圧計。誤った姿勢による測定誤差を防ぐ「正確測定サポート機能」。さらにオリジナルメッセージ画面で情報発信。（HBP-9036Cのみ）左右どちらの腕でも測定可能。専用架台セットHBP-ST-903 ※椅子と台のセットになります。本体は別売です。プリンターペーパー10巻入COL-RPAP-NO16（1箱10巻入） 自動測定により毎日の血圧業務を効率的に。不意の落下などから本体を守る衝撃吸収バンパーを採用。また、表示部が傾斜しているため、表示部への破損やキズを予防します。96送料 サ ¥318,000¥424,000送料 サ¥38,000送料 御見積¥9,500送料 サ¥26,000送料 A¥28,800測定しやすい6モード表示切替機能を備えたカラーディスプレイを採用。寸法寸法質量血圧表示方法 LEDデジタル方法消費電力電源HBP-9035付属品寸法質量電源付属品質量電源測定範囲測定精度［構成］本体、保護カバー、ストラップ、テスト用単4乾電池2本外形／460（Ｗ）×420（Ｄ）×270（Ｈ）mm※アームレストを除く約5.5㎏70VAAC100V	50/60Hz電源コード、プリンター用紙、カフカバー、アームレスト、取扱説明書、医療機器添付文書123（Ｗ）×99（H）×201（D）mm約0.52kｇ（付属品・オプション品は含まない）ACアダプター専用バッテリパック、ACアダプタ、GSカフ2（Mサイズ）、取扱説明書、添付文書32（W）×34（Ｈ）×58（Ｄ）mm32g（電池含まず）単4アルカリ乾電池2本SpO2:70～99%、脈拍:30～235bpmSpO2:±2%（80～99%）・±3%（70～79%）脈拍:±2bpm（30～100bpm）・±2%（101～235bpm）COL-RPAP-NO16プリンターペーパー10巻入HBP-ST-903専用架台セット","自動血圧計送料 サ
HBP-9035  〈 認証番号231ABBZX00007000〉 管理特 管G2  ¥318,000
HBP-9036C〈認証番号231ABBZX00007000〉 管理特 管G2 ¥424,000
〈型式承認取得品〉
シンプル表示で、簡単に正確に測定できる全自動血圧計。
誤った姿勢による測定誤差を防ぐ「正確測定サポート機能」。さらにオリ
ジナルメッセージ画面で情報発信。（HBP-9036Cのみ）
左右どちらの腕でも測定可能。
評価測定寸法外形／460（Ｗ）×420（Ｄ）×270（Ｈ）mm※アームレストを除く
質量約5.5㎏
血圧表示方 法LEDデジタル方法
消費電力70VA
運動療法
電源AC100V 50/60Hz
HBP-9035付属品電源コード、プリンター用紙、カフカバー、アームレスト、取扱説明書、医療
機器添付文書
水治療法
オプション
物理療法
専用架台セット送料 サ
HBP-ST-903 ¥38,000
救急※椅子と台のセットになります。本体は別売です。
消耗品
ＡＤＬ・
作業療法
プリンターペーパー10巻入送料 御見積
COL-RPAP-NO16
プリンターペーパー10巻入COL-RPAP-NO16（1箱10巻入） ¥9,500
言語療法HBP-ST-903
専用架台セット
自立支援
機器
衛生・
防災
介護用自動血圧計送料 サ
入浴機器
HBP-1320〈認証番号303AABZX00004000〉 管理特 管G2 ¥26,000
自動測定により毎日の血圧業務を効率的に。
不意の落下などから本体を守る衝撃吸収バンパーを採用。また、表示部
が傾斜しているため、表示部への破損やキズを予防します。
寸法123（Ｗ）×99（H）×201（D）mm
動作解析質量約0.52kｇ（付属品・オプション品は含まない）
電源ACアダプター
機能検査付属品専用バッテリパック、ACアダプタ、GSカフ2（Mサイズ）、取扱説明書、添付
文書
体力測定
人体測定
パルスオキシメータサーフィンPO送料 A
〈 認証番号221AKBZX00060000〉 管理特 管G2  ¥28,800
測定しやすい6モード表示切替機能を備えたカラーディスプ
レイを採用。
寸法32（W）×34（Ｈ）×58（Ｄ）mm
質量32g（電池含まず）
電源単4アルカリ乾電池2本
測定範囲SpO2:70～99%、脈拍:30～235bpm
測定精度SpO2:±2%（80～99%）・±3%（70～79%）
脈拍:±2bpm（30～100bpm）・±2%（101～235bpm）
［構成］本体、保護カバー、ストラップ、テスト用単4乾電池2本
96"
98,MMTWX5GQ4XTUX,運動療法,,P.98P.118P.137P.1 06P.1 22P. 114P. 126介護予防ROMエクササイズ有酸素トレーニングメディカルフィットネスバランス訓練リハビリテーション室 備品 P.1 47筋力トレーニング起立・歩行訓練運 動 療 法," 運 動 療法
介護予防P.98メディカルフィットネスP. 106筋力トレーニングP .114
ROMエクササイズP.118バランス訓練P. 122起立・歩行訓練P .126
有酸素トレーニングP.137リハビリテーション室 備 品P. 147"
99,MMTWX7GYXH7EP,運動療法,介護予防,"● 安定した軌道の反復運動　　● 細かなポジショニング設定● 姿勢や負荷等の高い再現性● 正しい動作や筋収縮の再学習　　● ご利用者の体格に左右されない● 指導者のスキルに依存しない一日あたりCOP-SP1（1日コース）	 ¥150,000COP-SP2（2日コース）	 ¥200,000評価測定運動療法水治療法物理療法救急ＡＤＬ・作業療法言語療法自立支援機器衛生・防災 介護用入浴機器	介護予防メディカルフィットネス筋力トレーニングROMエクササイズバランス訓練起立・歩行訓練有酸素トレーニングリハビリテーション室備品導入サポートプログラム	ブラッシュアップサポートプログラム	正しい指導と運営サポートプログラム成果に導く方法論パワーリハ理論安全なトレーニング環境TÜV認証トレーニングマシン生活機能の向上をめざす、酒井医療のソリューションPower	Rehabilitation98高 齢 者 一 人 ひとりの 生きが いを支 援し、QOLの向上をめざす介護予防。パワーリハビリテーション（パワーリハ）とは。パワーリハがトレーニングマシンを用いる理由。酒井医療が提供するサポートプログラム。日本自立支援介護・パワーリハ学会との連携で正しい指導と運営をサポート。酒井医療では、安全なトレーニング環境を実現するプレクサーG5を提供しているだけでなく、学会との連携のもと、正しい指導と運営を実践していただくための導入サポートプログラムも提供しています。介護予防とは、単に高齢者の運動機能や栄養状態といった個々の要素の改善をめざすだけでなく、心身機能の改善や環境調整などを通じて、個々の高齢者の生活行為（活動レベル）や参加（役割レベル）の向上をもたらし、それによって一人ひとりの生きがいや自己実現のための取り組みを支援して、生活の質（QOL）の向上をめざすものです。高齢者の生活機能を改善するには、動作性（身体の動かしやすさ）の向上とともに、自信ややる気など、精神性（意欲）の向上を図っていくことが重要です。パワーリハとは、老化などにより低下した動作性や自信、意欲を回復させ、自立性の向上とQOLの高い生活への復帰を目指すリハビリテーション手法です。自立・フレイルから複合疾患を有した要介護高齢者まで、幅広い方が対象となります。パワーリハが目的としているのは、筋力強化ではなく、全身の使われていない筋を再活性化させ、動かしやすくすることです。国際規格をクリアした品質・安全性の高いトレーニングマシンなら、低負荷で反復運動が行え、スタッフの能力に依存せずに、再現性の高い運動プログラムを提供できます。お客様の施設に直接スタッフがお伺いして実施する研修プログラムです。COP-SP3	 ¥パワーリハビリテーション導入後のフォロー、ご相談に応じます。100,000健康非該当   要支援   1   2 要介護   1    2    3     4    5介護予防パワーリハビリテーションの適用範囲パワーリハが求めること虚弱自立回復トレーニングマシンができること要介護介護軽減介護予防の取り組み","介護予防の取り組み
 高 齢 者 一 人ひとり の生き がいを 支援し、
QOLの向上をめざす介護予防。
評価測定介護予防とは、単に高齢者の運動機能や栄養状態といった個々の
要素の改善をめざすだけでなく、心身機能の改善や環境調整など
を通じて、個々の高齢者の生活行為（活動レベル）や参加（役割レ
運動療法
ベル）の向上をもたらし、それによって一人ひとりの生きがいや
自己実現のための取り組みを支援して、生活の質（QOL）の向上
水治療法をめざすものです。
高齢者の生活機能を改善するには、動作性（身体の動かしやすさ）
の向上とともに、自信ややる気など、精神性（意欲）の向上を図っ
物理療法
ていくことが重要です。
救急
パワーリハビリテーション（パワーリハ）とは。
ＡＤＬ・
作業療法パワーリハとは、老化などにより低下した動作性や自信、意欲を回
復させ、自立性の向上とQOLの高い生活への復帰を目指すリハビ
リテーション手法です。自立・フレイルから複合疾患を有した要介
言語療法
護高齢者まで、幅広い方が対象となります。
自立支援
機器健康虚弱要介護
衛生・非該当   要支援   1    2要介護    1    2    3     4   5
防災 
介護用
入浴機器介護予防自立回復介護軽減
パワーリハビリテーションの適用範囲
介護予防
メディカルパワーリハがトレーニングマシンを日本自立支援介護・パワーリハ学会との
フィットネス
用いる理由。連携で正しい指導と運営をサポート。
筋力
トレーニング
パワーリハが目的としているのは、筋力強化ではなく、全身の使わ酒井医療では、安全なトレーニング環境を実現するプレクサーG5
ROM
エクササイズれていない筋を再活性化させ、動かしやすくすることです。を提供しているだけでなく、学会との連携のもと、正しい指導と運
バランス国際規格をクリアした品質・安全性の高いトレーニングマシンな営を実践していただくための導入サポートプログラムも提供して
訓練
ら、低負荷で反復運動が行え、スタッフの能力に依存せずに、再現います。
起立・
歩行訓練性の高い運動プログラムを提供できます。
有酸素Power Rehabilitation
トレーニング
リハビリ成果に導く方法論正しい指導と運営
テーションパワーリハがトレーニングマシンが
室備品パワーリハ理論サポートプログラム
求めることできること
● 正しい動作や筋収縮の再学習　　● 安定した軌道の反復運動　　
安全なトレーニング環境
● ご利用者の体格に左右されない● 細かなポジショニング設定
TÜV認証トレーニングマシン
● 指導者のスキルに依存しない● 姿勢や負荷等の高い再現性
生活機能の向上をめざす、酒井医療のソリューション
酒井医療が提供するサポートプログラム。
導入サポートプログラム COP-SP1（1日コース）  ¥150,000
 COP-SP2（2日コース）  ¥200,000
お客様の施設に直接スタッフがお伺いして実施する研修プログラムです。
一日あたり
ブラッシュアップサポートプログラム COP-SP3  ¥100,000
パワーリハビリテーション導入後のフォロー、ご相談に応じます。
98"
100,MMTWX9VRFQKY7,運動療法,介護予防,カタログ評価測定運動療法水治療法物理療法救急ＡＤＬ・作業療法言語療法自立支援機器衛生・防災 介護用入浴機器　　介護 予防メディカルフィットネス筋力トレーニングROMエクササイズバラ ンス訓練起立 ・歩行 訓練有酸素トレーニングリハビリテーション室備品国際規格で定められているトレーニングマシンに関する安全基準（抜粋）ト レ ー ニ ン グ す る 方 の 体 型 に 応 じて、マシンの回転軸と関節の回転軸を調整でき、関節に無理な力がかからない設計。自立安定性強度耐久性外装ベルト安心してトレーニングできるリハビリテーション用マシン。プレクサーG5が取得している世界的安全基準。国際規格に加えて、ドイツの第三者認証機関から認証を取得。トレーニング中の安全を確保し、適切な指導・トレーニングが行える環境を実現。WEBはこちら運動中のどの時点においても効率的かつ効果的に負荷がかかるよう、人間の筋出力が描く曲線（フォースカーブ）と同じ曲線になるように設計。酒井医療がトレーニング環境に求める安全基準（抜粋）99数多くのご利用者にトレーニングを提供するリハビリテーション用トレーニングマシンには、 考えうる最も過酷な条件下でも、期待する効果を発揮し続けられる安全性が求められます。プレクサーG5は、強度や耐久性、自立安定性など、さまざまな項目で固定式トレーニングマシンの世界的安全基準をクリアしています。EN ISO20957-1EN ISO20957-2（Class S／Class I）固定式トレーニングマシンの安全性に関する国際規格（EN  ISO20957-1、  EN    ISO20957-2）では、スポーツ・教育施設での専門的なトレーニングを行う商業用マシンの規格（Class  S）と、リハ施設などで、障害などによる特別な支援を必要とする方のトレーニングマシンの規格さまざまな身体状況のご利用者が、安全に、かつ効果的にトレーニングができる環境をお届けするために、プレクサーG5は、バイオメカニクス的な視点でもトレーニング中の安全性を追求。指導者のスキルに左右されず、トレーニング環境の安全性確保に向けた独自の基準をクリアしています。（Class I)を定めています。低負荷で反復運動が行えるよう、錘は0.5kg刻み（COP-503のみ1.0kg刻み）で調整が可能。全てのマシンに、可動域の制限ができるリミッターを設置。過伸展を防ぎ、安心してトレーニングができる環境を実現。TÜV認証TÜV認証とは、固定式トレーニングマシンの安全性に関する国際規格（EN  ISO20957-1及び2）の諸条件を満たし、かつドイツ認証機関TÜV SÜDによる試験・検証・監査をクリアしたもの。酒井医療は2年に1度トレーニングマシンをドイツに輸送して試験を行い、さらに国内製造所の監査を受けています。細かな負荷調整が可能可動域以上の動きを制限フォースカーブを踏まえた動作設計無理な力がかからない ポジショニング（軸）設定トレーニングマシンプレクサー G5  単品,"評価測定
運動療法
安心してトレーニングできるリハビリテーション用マシン。
水治療法
WEBはこちら物理療法
トレーニングマシン
救急
単品
プレクサー G5  カタログ
ＡＤＬ・
作業療法
プレクサーG5が取得している世界的安全基準。言語療法
自立安定性
数多くのご利用者にトレーニングを提供するリハビリテーション用トレーニングマシンには、 
考えうる最も過酷な条件下でも、期待する効果を発揮し続けられる安全性が求められます。自立支援
機器
プレクサーG5は、強度や耐久性、自立安定性など、さまざまな項目で固定式トレーニングマシン
の世界的安全基準をクリアしています。
強度外装衛生・
国際規格で定められている防災 
トレーニングマシンに関する
安全基準（抜粋）介護用
国際規格に加えて、ドイツの第三者認証機関から認証を取得。
入浴機器
EN ISO20957-1
　
EN ISO20957-2
（Class S／Class I）TÜV認証耐久性ベルト
固定式トレーニングマシンの安全性に関する国TÜV認証とは、固定式トレーニングマシンの安
際規格（EN  ISO20957-1、  EN    ISO20957-2）全性に関する国際規格（EN  ISO20957-1及び
介 護予防
では、スポーツ・教育施設での専門的なトレー2）の諸条件を満たし、かつドイツ認証機関TÜV 
ニングを行う商業用マシンの規格（Class  S）SÜDによる試験・検証・監査をクリアしたもの。メディカル
フィットネス
と、リハ施設などで、障害などによる特別な支酒井医療は2年に1度トレーニングマシンをドイ
援を必要とする方のトレーニングマシンの規格ツに輸送して試験を行い、さらに国内製造所の筋力
トレーニング
（Class I)を定めています。監査を受けています。
ROM
エクササイズ
バ ランス
トレーニング中の安全を確保し、適切な指導・トレーニングが行える環境を実現。訓練
起 立・
さまざまな身体状況のご利用者が、安全に、かつ効果的にトレーニングができる環境をお届けするために、プレクサーG5は、バイオメカニク歩 行訓練
ス的な視点でもトレーニング中の安全性を追求。有酸素
トレーニング
指導者のスキルに左右されず、トレーニング環境の安全性確保に向けた独自の基準をクリアしています。リハビリ
テーション
室備品
　
酒井医療がトレーニング環境に求める安全基準（抜粋）
細かな負荷調整が可能可動域以上の動きを制限フォースカーブを無理な力がかからない 
低負荷で反復運動が行えるよう、錘全てのマシンに、可動域の制限がで踏まえた動作設計ポジショニング（軸）設定
は0.5kg刻み（COP-503のみ1.0kgきるリミッターを設置。
運動中のどの時点においても効率的 ト レ ー ニ ン グ す る 方 の 体 型 に 応じ
刻み）で調整が可能。過伸展を防ぎ、安心してトレーニン
かつ効果的に負荷がかかるよう、人間て、マシンの回転軸と関節の回転軸
グができる環境を実現。
の筋出力が描く曲線（フォースカーを調整でき、関節に無理な力がかか
ブ）と同じ曲線になるように設計。らない設計。
99"
101,MMTWXCUARS4UX,運動療法,介護予防,"チェストプレス COP-501 ローイング COP-502 ホリゾンタルレッグプレス COP-503 100送料 チャーター便¥1,420,000ご利用者に合わせてポジショニングを調節。送料 チャーター便¥1,320,000運動時の上体を支える位置調整式胸パッド。送料 チャーター便¥2,020,000ベルトを通せるサポートフック付き。 ※ベルトは付属しておりません。855（W）×1270（D）×1860（H）mm質量本体／205kg、ウェイト／2.5〜32kg（0.5kg刻み）適応身長 140〜180cm［構成］本体 COP-501M、前面カバー COP-FC501、背面カバー COP-BC50［関節の動き］肩関節屈曲・肩甲骨外転・肘関節伸展［使用される筋肉］三角筋前部、前鋸筋、上腕三頭筋、大胸筋800（W）×1240（D）×1915（H）mm本体／170kg、ウェイト／2.5〜32kg（0.5kg刻み）［構成］本体 COP-502M、前面カバー COP-FC502、背面カバー COP-BC502［関節の動き］肩甲骨内転・肩関節伸展、肘関節屈曲［使用される筋肉］僧帽筋中部、広背筋、三角筋後部1735（W）×1085（D）×1505（H）mm質量本体／350kg、ウェイト／5.0〜104kg（1.0kg刻み）適応身長 140〜180cm［構成］本体 COP-503M、前面カバー COP-FC503、背面カバー COP-BC50［関節の動き］股関節伸展、膝関節伸展、足関節底屈［使用される筋肉］大腿四頭筋、ハムストリングス、腓腹筋、ヒラメ筋身体を支える動作、肩関節・胸郭の可動性と安定性の改善に。寸法姿勢の改善、肩関節周囲の可動性と安定性の向上に。寸法質量適応身長 140〜180cm起立・着座動作の改善、足・膝・股関節周囲の安定性向上に。寸法オプションシートカラーもございます。くわしくはお問い合わせください。評価測定運動療法水治療法物理療法救急ＡＤＬ・作業療法言語療法自立支援機器衛生・防災 介護用入浴機器介護予防メディカルフィットネス筋力トレーニングROMエクササイズバランス訓練起立・歩行訓練有酸素トレーニングリハビリテーション室備品","チェストプレス 送料 チャーター便
COP-501 ¥1,420,000
身体を支える動作、肩関節・胸郭の可動性と安定性の改善に。
寸法855（W）×1270（D）×1860（H）mm
質量本体／205kg、ウェイト／2.5〜32kg（0.5kg刻み）
適応身 長140〜180cm
［構成］本体 COP-501M、前面カバー COP-FC501、背面カバー COP-BC50
［関節の動き］肩関節屈曲・肩甲骨外転・肘関節伸展
評価測定
［使用される筋肉］三角筋前部、前鋸筋、上腕三頭筋、大胸筋
運動療法
水治療法
物理療法
救急ご利用者に合わせてポジショ
ニングを調節。
ＡＤＬ・
作業療法
ローイング 送料 チャーター便
COP-502 ¥1,320,000
言語療法
姿勢の改善、肩関節周囲の可動性と安定性の向上に。
寸法800（W）×1240（D）×1915（H）mm
自立支援質量本体／170kg、ウェイト／2.5〜32kg（0.5kg刻み）
機器適応身 長140〜180cm
［構成］本体 COP-502M、前面カバー COP-FC502、背面カバー COP-BC502
衛生・
防災 ［関節の動き］肩甲骨内転・肩関節伸展、肘関節屈曲
［使用される筋肉］僧帽筋中部、広背筋、三角筋後部
介護用
入浴機器
介護予防
メディカル
フィットネス
筋力
トレーニング運動時の上体を支える位置調
整式胸パッド。
ROM
エクササイズ
バランス
訓練ホリゾンタルレッグプレス 送料 チャーター便
起立・
歩行訓練COP-503 ¥2,020,000
有酸素起立・着座動作の改善、足・膝・股関節周囲の安定性向上に。
トレーニング
寸法1735（W）×1085（D）×1505（H）mm
リハビリ
テーション質量本体／350kg、ウェイト／5.0〜104kg（1.0kg刻み）
室備品適応身 長140〜180cm
［構成］本体 COP-503M、前面カバー COP-FC503、背面カバー COP-BC50
［関節の動き］股関節伸展、膝関節伸展、足関節底屈
［使用される筋肉］大腿四頭筋、ハムストリングス、腓腹筋、ヒラメ筋
ベルトを通せるサポートフック
付き。 
※ベルトは付属しておりません。
オプションシートカラーもございます。くわしくはお問い合わせください。
100"
102,MMTX5IEHYDMC8,運動療法,介護予防,"レッグエクステンション COP-504 ヒップアブダクション COP-505 トーソフレクション COP-506 評価測定運動療法水治療法物理療法救急ＡＤＬ・作業療法言語療法自立支援機器衛生・防災 介護用入浴機器　　介護 予防メディカルフィットネス筋力トレーニングROMエクササイズバラ ンス訓練起立 ・歩行 訓練有酸素トレーニングリハビリテーション室備品101送料 チャーター便¥1,420,000送料 チャーター便¥1,420,000送料 チャーター便¥1,420,0001115（W）×945（D）×1505（H）mm質量本体／210kg、ウェイト／2.5〜32kg（0.5kg刻み）適応身長 140〜180cm［構成］本体 COP-504M、前面カバー COP-FC504、背面カバー COP-BC50［関節の動き］膝関節伸展［使用される筋肉］大腿四頭筋915（W）×1385（D）×1505（H）mm本体／190kg、ウェイト／2.5〜32kg（0.5kg刻み）［構成］本体 COP-505M、前面カバー COP-FC505、背面カバー COP-BC50［関節の動き］股関節外転［使用される筋肉］殿筋群（中殿筋）1070（W）×920（D）×1505（H）mm質量本体／205kg、ウェイト／2.5〜32kg（0.5kg刻み）適応身長 150〜180cm［構成］本体 COP-506M、前面カバー COP-FC506、背面カバー COP-BC50［関節の動き］体幹屈曲［使用される筋肉］腹筋群起立、歩行の安定、膝関節周囲の可動性と安定性の向上に。寸法歩行の安定性向上、股関節周囲の可動性と安定性の向上に。寸法質量適応身長 140〜180cm起立・着座動作の改善に。寸法体格に応じて運動姿勢の調整が可能。運動中の安定性を高めるパッドを装備。ポジショニングをサポートするピボット（軸）位置マーク。オプションシートカラーもございます。くわしくはお問い合わせください。","レッグエクステンション 送料 チャーター便
COP-504 ¥1,420,000
起立、歩行の安定、膝関節周囲の可動性と安定性の向上に。
寸法1115（W）×945（D）×1505（H）mm
質量本体／210kg、ウェイト／2.5〜32kg（0.5kg刻み）
適応身 長140〜180cm
［構成］本体 COP-504M、前面カバー COP-FC504、背面カバー COP-BC50
［関節の動き］膝関節伸展
評価測定
［使用される筋肉］大腿四頭筋
運動療法
水治療法
物理療法
体格に応じて運動姿勢の救急
調整が可能。
ＡＤＬ・
作業療法
ヒップアブダクション 送料 チャーター便
COP-505 ¥1,420,000
言語療法
歩行の安定性向上、股関節周囲の可動性と安定性の向上に。
寸法915（W）×1385（D）×1505（H）mm
質量本体／190kg、ウェイト／2.5〜32kg（0.5kg刻み）自立支援
適応身 長140〜180cm機器
［構成］本体 COP-505M、前面カバー COP-FC505、背面カバー COP-BC50
衛生・
［関節の動き］股関節外転防災 
［使用される筋肉］殿筋群（中殿筋）
介護用
入浴機器
　
介 護予防
メディカル
フィットネス
筋力
運動中の安定性を高めるパットレーニング
ドを装備。
ROM
エクササイズ
バ ランス
トーソフレクション 送料 チャーター便訓練
起 立・
COP-506 ¥1,420,000歩 行訓練
起立・着座動作の改善に。有酸素
トレーニング
寸法1070（W）×920（D）×1505（H）mm
リハビリ
質量本体／205kg、ウェイト／2.5〜32kg（0.5kg刻み）テーション
適応身 長150〜180cm室備品
［構成］本体 COP-506M、前面カバー COP-FC506、背面カバー COP-BC50　
［関節の動き］体幹屈曲
［使用される筋肉］腹筋群
ポジショニングをサポートする
ピボット（軸）位置マーク。
オプションシートカラーもございます。くわしくはお問い合わせください。
101"
103,MMTX5IJ9CSXZN,運動療法,介護予防,女64587/点84%大50%%%右%0大中小無評価測定運動療法水治療法物理療法救急ＡＤＬ・作業療法言語療法自立支援機器衛生・防災 介護用入浴機器16/20点今回の注目ポイント総合コメント歩く力3.613.23バランス無し61改善ポイントご家族以外に、して必要に応じてアドバイスをもらってください。ご利用中の介護サービスの方にも共有転倒リスクマップ合計点数162020点満点で歩行の全体的な状態を表す。18点以上で高い歩行能力を持っている状態。10/416速度3.65秒以上12.5秒以上10/43.6リズム13.23ばらつき度 9.5%以上ばらつき度 20%以上10/413.23ふらつき無し中大10/4左右差6138.9どちらかの足が35％未満10/438.961%20歩く力中小中大右(%)38.9今回の1815171716141819192016127/202022バランス7/207/208/18/18/198/249/1210/35mを何秒で歩けるかを表す。今回秒/5m秒数が短いほど良く、3.85秒より速いと良い歩行状態。横断歩道を渡りきるのは難しい速度。屋外での転倒に注意が必要。5.66.74.54.593.64.44.094.0913.8秒/5m12.5筋力低下している状態。屋内でも転倒に注意が必要。7/2020227/207/208/18/18/198/249/1210/3歩行のテンポのばらつきを表す。値が低いほどリズムの良い歩行状態。5%未満で安定した歩行状態。今回ばらつき度歩行時のつまづきに注意が必要。13.2311.893.487.697.425.884.043.493.499.5常に転倒に注意が必要。7/2020227/207/208/18/18/198/249/1210/3頭と体の左右への揺れの大きさを表す。大・中・小・なしの4段階。ふらつきなしまたは小がバランスの取れた歩行状態。今回頭部ふらつき頭もしくは体にふらつきがあり、方向転換や屋外を歩くとき転倒に注意が必要。頭が左右に大きくふらつき、屋内でも転倒に注意が必要。7/2020227/207/208/18/18/198/249/1210/3左右の足で支える時間の割合を表す。左右とも50%に近いほど良い歩行状態。今回% : 左その足でうまく体を支えられていない状態。痛みを抱えている可能性もあり注意が必要。50.348.341.34238.94743.250.550.5左(%)大49.651.658.657.9615356.749.449.47/2020227/207/208/18/18/198/249/1210/3歩 行 分 析 結 果※歩行分析はあくまでも目安であり、ご利用者の状態を断定するものではありません。2022/ 10/ 04 分析今回の点数歩行速度が素晴らしいです！歩行に必要な基礎筋力がしっかりしている証拠ですね！今回の点数は16点と少し注意が必要な歩行状態です。屋外を歩く際には転倒に注意しましょう。転倒に注意しながら無理のない範囲で活動量を増やしていきましょう。速度5m歩行の速度ふらつき頭部ふらつきリズム歩行テンポのばらつき左右差足の荷重量差%61歩行のリズムにばらつきが多少あり、屋外では不安定になりやすい状態です。砂利道など屋外の歩行でも、足を上手くコントロールできる力を高める運動がおすすめです。以下の運動は余裕があれば立ってやってみましょう。オススメの運動は、 G.リズム足踏み運動H.リズムかかと上げ運動 です。なし（独歩）5点0秒良い12.5秒注意5点無し良い注意秒/5m3点3点0%良い20%注意50%良い100%注意歩行分析AIは CareWiz(ケアウィズ)トルト作成日: 2022年12月2日利用者IDお名前ID0002●阿部桜性別生年月日 1944年7月24日78歳)開始時 要介護３疾患03_高血圧要介護度現在要介護３障害01_麻痺（上肢）評価項目2022年7月10日2022年8月10日2022年9月10日初回と最終の変化握力(kg)開眼片足立ち(秒)ﾌｧﾝｸｼｮﾅﾙﾘｰﾁ(cm)座位体前屈(cm)1716181021171415232016152Timed Up & Go(秒)6分間歩行(m)膝伸展筋力(kgf)SMI161201911151232422131282623312初回を100としたときの変化□%□担当者の感想酒井医療株式会社体力評価レポートAIアプリがご施設の運営をサポートします。カルファがトレーニング効果を最大限に引き出します。カルファの３つの特長カルファが業務時間の削減と、ご利用者へのフィードバックを可能にします。WEBはこちら❷マシントレーニングの評価/トレーニング負荷量の提案❶歩行分析による転倒リスクの予測/運動メニューの提案カルファポイントマシンごとの設定・評価等にカルファコントロール施設・利用者情報の管理にゴール計測区間（5ⅿ）スタートお手持ちのスマホ、タブレットで歩行中の動画を102Cloud介護予防メディカルフィットネス筋力トレーニングROMエクササイズバランス訓練起立・歩行訓練有酸素トレーニングリハビリテーション室備品当社のコンパストレーニングマシンを用いてのマシントレーニングであれば、運動中の利用者の表情、呼吸、スピードコントロール、運動姿勢を評価し記録できます。これらの評価結果に基づいて、AIがご利用者の次回トレーニング時の推奨負荷量を提案します。体力評価レポート・マシンの設定、ポジショニングの参照・体力測定記録（写真・動画）・歩行分析用動画撮影・ポジショニングの写真記録・トレーニングの評価（ボルグ指数、痛みなど）・トレーニング負荷量の記録・提案カルファは運動に関する専門家がいなくても誰でも質の高いトレーニングを提供できるようにすることを目的とした運動処方AIアプリです。また、ご利用者の1週間の運動量（時間）の目安を自動で表示します。ご利用者の歩行の様子を動画撮影しクラウドサーバー上に送信することで、AI  が歩行分析を行います。ご利用者の歩行状態を点数化、また転倒リスクを表示し、推奨される運動を提案します。歩行分析結果カルファは、施設管理用WEBブラウザ（カルファコントロール）と、マシン側アプリ（カルファポイント）のクラウドサービスの総称です。この２種は、クラウドで連携（一元データ管理）しています。カルファコントロールはパソコンへのインストールが不要なため、ログインすればどこでもデータの閲覧、編集が可能です。・施設情報、利用者、運動プログラム登録・ 各種データ（歩行分析、トレーニング評価等）確認・ 各種レポート表示、印刷（運動実施レポート、施設レポート等）ほか目など）の結果の値を入力するだけで、自動で体力評価レポート（最大3回分比較可能）を作成できます。撮影するだけで歩行分析が可能です。❸体力評価の記録/レポート化体力評価（例：握力、TUG、施設独自の評価項運動処 方ＡＩアプリカルファ,"AIアプリがご施設の運営をサポートします。
運動 処方ＡＩアプリ
カルファ 
評価測定
WEBはこちら
運動療法
水治療法
物理療法
救急
ＡＤＬ・
作業療法カルファがトレーニング効果を最大限に引き出します。
カルファは運動に関する専門家がいなくても誰でも質の高いトレーニングを提供できるようにすることを目的とした運動処方AIアプリです。
言語療法
また、ご利用者の1週間の運動量（時間）の目安を自動で表示します。
自立支援
機器
カルファの３つの特長
衛生・❶歩行分析による転倒リスクの予測/❷マシントレーニングの評価/❸体力評価の記録/レポート化
防災 
運動メニューの提案トレーニング負荷量の提案体力評価（例：握力、TUG、施設独自の評価項
ご利用者の歩行の様子を動画撮影しクラウ当社のコンパストレーニングマシンを用い目など）の結果の値を入力するだけで、自動
介護用
入浴機器ドサーバー上に送信することで、AI  が歩行てのマシントレーニングであれば、運動中ので体力評価レポート（最大3回分比較可能）
分析を行います。ご利用者の歩行状態を点数利用者の表情、呼吸、スピードコントロール、を作成できます。
化、また転倒リスクを表示し、推奨される運運動姿勢を評価し記録できます。これらの
動を提案します。評価結果に基づいて、AIがご利用者の次回ト
レーニング時の推奨負荷量を提案します。
介護予防ゴール
歩行分析結果体力評価レポート
Rエトバフメ筋訓Oクィデレ力Mラ練サィッーサンカトニイネルンスズグス00秒%35良良いい3点点.65リ歩速秒m ※歩行歩/歩5ズテ度行m行 行なンの分ポムし速析 の分度（はばあ独ら 析く注注つ歩ま意意1き 結2）2で0.5%も秒果目安であり歩、ごく利し今今屋歩歩総転用ょ倒回外行行者力合回うににののを速状。のコ度必歩注点態がく意数要をメ注断しなは素際定1なにン基晴目す5無60る無がはら礎し%点35良良トポもしら筋転いいとのし点点いでイ倒力無少はがでに理しふ左足頭あンの部しすの注り注ふら右荷まっなト意！意ら重せいかしつつ差量がんき差。まり範必きしし囲要注注今てでょな意意1いう活0回大歩0%。る動行の証量状点を拠態2バ数で増0で21すやすラ2しね /。61ンて！0い/ /ス20き0 4ま点分析く力歩15ばば屋屋常度横歩筋2秒。にらら内力外断行.転5以つつでで低時歩転秒ふリ速上倒ききののも下倒道以らズ度リしつにを度度転転上つム  てま倒倒注渡ス29.0きいづににり意55ク秒%%mがききる注注数以値歩マを以にる必意意状がが上行大頭ッ上何ががの態注要短の低と・秒プ。。は必必意バいいテ中体でラが要要難ほほンの・ン歩。。し必どスどポ小左けい要良のリ・右る。速くばズなへか、らムしの今合を73つの2回の揺表/計.018228きの良4れす25770点22段3いを//秒5の00。..422226数階8歩表22よ大00。7す行りき/1ふ。状速2さ5770ら1態いを7//6.つ.6226。7と表900き5良す7%な/1い。/2未72し770歩0満7//4ま.行.4225で21200た08状安点点は8態1以定満/7小1。上点し8845がでで..//58た11バ89歩高歩ラい行8行1の歩ン/61状全行ス18833体態能//..の2611力的3。取8なを/れ1持状14た88っ態911//1てを3歩.11.88い表999行8する状/1。状28態88態44//。4。..02244449/11999234//..今04119922今回1回019/1133400..今04//ば9933回ら頭10つ部16/きふ11410033ら度..//263344つ11248点1026.き36.%001259秒無秒2.025/.3/55し5m%m体握6ST座膝開ﾌ要初ｧMi分m力伸位眼ﾝ介回力I間ｸe利(体展片おｼ護dkを歩ｮ用g 前筋足名U度ﾅ1)評者行評ﾙ0p力屈立前ﾘI0 (D価ｰ&((mちとckﾁ 価項)G(gm(開しc秒fo現)目m)始(た)秒在)レ 時I●とD)0き阿0ポ0の部2要要変桜ー介介化護護□2%３３ト0□22年7月10日12111111100668971疾障2害患022年00813月__麻高10痺血日1（222圧2111123445571上肢）202生2年年性9別月月 日10日11女2222211193033566844年7酒初月作回井2成4と日医日最 :2療7終082株の歳2年変)式11化222345687会月2社日（計5測ⅿ区）間
歩起立行・訓練改砂歩善利行道のポ1なリイ3どズ.2ン屋ム3ト外に%のば歩ら行つできもが、多足少をあ上り手、く屋コ外ンでトはロ不ー安6ル定1でに%きなるり力やをす高いめ状る態運で61動す%が。3お8.9%がも中向大頭頭がも必転転し倒左換要。くにや右には屋注体外大意がきにをくふ必歩くふら要。つとらききつがき転、あ倒にり屋、内注で意方72/022207/207/208/18/18/198/249/1210/310/4中大小無担当者の感想スタート
トリ有レ酸ハー素ビニリングご家族オす以スす外スめにメで、ごのす利運。用以動中は下の 、の介護運サ動Gー.リはビズ余スム裕の足方が踏にあもみれ共運ば有動し立てっ必てH要.やリにっ応ズじてム歩て行かみア分かま析ドとAしバI上 はょイげスうC運aをr。e 動もWizら(ケっでアてウすくィ。ズだ)さトルいト。あいそどちのり状ら態注足左。かで意右うがの痛差まみ必足がくを要3。体抱左左5えを％右右て支未とのいえ満も足らる5で0れ可支%て能えにい性る近なも時い間ほのど7452割/良00922..合236い0を歩表行745す状/182。..態360。745/182..3605847/2.193868/1.19845/1379845/362..274945/09今1..45回2145009右/..45361%1306 8:1/. 9左438中中右大大小左.((9%%))%お手持ちのスマホ、タブレットで歩行中の動画を
テーション撮影するだけで歩行分析が可能です。
室備品
カルファが業務時間の削減と、ご利用者へのフィードバックを可能にします。
カルファは、施設管理用WEBブラウザ（カルファコントロール）と、マシン側アプリ（カルファポイント）のクラウドサービスの総称です。
この２種は、クラウドで連携（一元データ管理）しています。カルファコントロールはパソコンへのインストールが不要なため、ログインすればど
こでもデータの閲覧、編集が可能です。
カルファコントロールカルファポイント
Cloud
施設・利用者情報の管理にマシンごとの設定・評価等に
・施設情報、利用者、運動プログラム登録・マシンの設定、ポジショニングの参照
・ 各種データ（歩行分析、トレーニング評価等）・体力測定記録（写真・動画）
確認・歩行分析用動画撮影
・ 各種レポート表示、印刷（運動実施レポート、・ポジショニングの写真記録
施設レポート等）・トレーニングの評価（ボルグ指数、痛みなど）
ほか・トレーニング負荷量の記録・提案
102"
104,MMTX5IL1LLQHW,運動療法,介護予防,"評価測定運動療法水治療法物理療法救急ＡＤＬ・作業療法言語療法自立支援機器衛生・防災 介護用入浴機器　　介護 予防メディカルフィットネス筋力トレーニングROMエクササイズバラ ンス訓練起立 ・歩行 訓練有酸素トレーニングリハビリテーション室備品3.トレーニング方法の確認が簡単2.ポジショニング、負荷量の確認が簡単5.ご利用者自身の評価が簡単7.レポートを自動で作成103簡単オペレーション「直感的」に使えるUI設計。各トレーニングマシンに対応しています。¥80,000¥192,000¥18,000アプリ利用料について年額（一括）または月額（月々支払い）をご選択ください。利用料はご契約解除まで自動更新されます。[動作環境]カルファコントロール　推奨ブラウザ／Microsoft Edge、Google Chromeカルファポイント　OS／Android8.0以上、ⅰOS13.0以上、iPad OS 13.0以上［構成］ カルファコントロール、カルファポイント※パソコン・タブレット・タブレットスタンドは付属しません。プレクサー G5コンパスZタブレット画面をタップするだけで、自動的に記録（保存）され、ご利用者ごとのレポート（PDF）を作成します。※タブレットはマシンごとに各1台ご用意ください。トレーニング中のご利用者の表情、呼吸、スピードコントロール、フォームを評価し記録します。スタッフ評価体力評価結果の値を入力します。最大3回分の評価をレーダーチャートでレポート化できます。体力評価時に動画・静止画を記録すれば、2つ並べて表示・再生できるため、ご利用者へのビフォーアフターの説明が容易になります。また、歩行時の動画を撮影すると、AIが歩行分析し転倒リスクを予測します。コンパスコンパクトプレクサーマシンのウェイト負荷量、回数、セット数、ポジショニングを確認します。姿勢補助具などを使用する際は、写真で記録しておくことができます。各マシントレーニングの終了後、ご利用者による自覚的運動強度（ボルグ指数）や痛みの有無を記録します。（トレーニング中、トレーニング後の評価データに基づき、次回以降のウェイト負荷量を提案します。）自己評価レポートは自動で作成されます。ケアマネージャーやご利用者へのフィードバックが簡単に行えます。運動実施レポート（日） 運動実施レポート（月）運動処方AIアプリ カルファ 初期登録料	 CALP-A 年額利用料	 CALP-Y 月額利用料	 CALP-M トレーニングの方法を写真で表示します。1.ご施設の今日の予定が一目瞭然今日のご利用者を時間別に1画面にて表示します。実施済の方も一目で確認でき、スムーズにご利用者を誘導できます。4.トレーニング中の評価が簡単6.体力評価、歩行分析が簡単","簡単オペレーション「直感的」に使えるUI設計。
タブレット画面をタップするだけで、自動的に記録（保存）され、ご利用者ごとのレポート（PDF）を作成します。
※タブレットはマシンごとに各1台ご用意ください。
1.ご施設の今日の予定が一目瞭然2.ポジショニング、負荷量の確認が3.トレーニング方法の確認が
今日のご利用者を時間別に1画面にて表示簡単簡単
します。マシンのウェイト負荷量、回数、セット数、トレーニングの方法を写真で表示します。
実施済の方も一目で確認でき、スムーズにポジショニングを確認します。評価測定
ご利用者を誘導できます。姿勢補助具などを使用する際は、写真で記
録しておくことができます。
運動療法
水治療法
物理療法
救急
4.トレーニング中の評価が簡単5.ご利用者自身の評価が簡単
ＡＤＬ・
トレーニング中のご利用者の表情、呼吸、スピードコントロール、各マシントレーニングの終了後、ご利用者による自覚的運動強度作業療法
フォームを評価し記録します。（ボルグ指数）や痛みの有無を記録します。
（トレーニング中、トレーニング後の評価データに基づき、次回以降
のウェイト負荷量を提案します。）言語療法
スタッフ
評価
自立支援
自己評価機器
衛生・
防災 
介護用
入浴機器
6.体力評価、歩行分析が簡単7.レポートを自動で作成　
体力評価結果の値を入力します。最大3回分の評価をレーダーレポートは自動で作成されます。ケアマネージャーやご利用者への
チャートでレポート化できます。フィードバックが簡単に行えます。
体力評価時に動画・静止画を記録すれば、2つ並べて表示・再生で
きるため、ご利用者へのビフォーアフターの説明が容易になります。介 護予防
また、歩行時の動画を撮影すると、AIが歩行分析し転倒リスクを予運動実施レポート（日 ）運動実施レポート（月）
メディカル
測します。フィットネス
筋力
トレーニング
ROM
エクササイズ
バ ランス
訓練
起 立・
歩 行訓練
有酸素
トレーニング
リハビリ
テーション
室備品
　
各トレーニングマシンに対応しています。
運動処方AIアプリ カルファ
 
初期登録料  CALP-A ¥80,000
年額利用料  CALP-Y ¥192,000
月額利用料  CALP-M ¥18,000
プレクサー G5アプリ利用料について年額（一括）または月額（月々支払い）をご
選択ください。利用料はご契約解除まで自動更新されます。
コンパスコンパクト
[動作環境]
カルファコントロール　推奨ブラウザ／Microsoft Edge、Google Chrome
カルファポイント　OS／Android8.0以上、ⅰOS13.0以上、iPad OS 13.0以上
［構成］ カルファコントロール、カルファポイント
プレクサーコンパスZ※パソコン・タブレット・タブレットスタンドは付属しません。
103"
105,MMTX5IMBUFLOL,運動療法,介護予防,"※生地を裁断・縫製しているため、大きさに多少違いが生じる場合があります。グリップサポート COP-GS1 （５本１組） リハステップ台 RSS-6 1枚ずつ単体での使用はもちろん、上下の積み重ね、前後左右の連結で様々な運動ができるステップ台。送料 A¥11,000マシントレーニング中に把持力が持続しない方などのグリップをやさしく保持します。素材はソフトで伸縮性があり手に負担をかけません。手の小さい方から大きい方まで幅広く適用できます。マジックテープ式で簡単に付け外しが行えます。送料 C¥59,000104寸法 800(L)×240（W）mm質量 約79ｇ材質 本体生地／ネオプレンゴム［構成］5本入寸法 500（L）×400（W）×100（H）mm質量 約2.2kg耐荷重 100kg［構成］レッド3枚、グリーン3枚段差昇降座位姿勢時に足が届かない時にバランスパッドと併用してトレーニングマシン プレクサーG5トーソフレクションの踏台として評価測定運動療法水治療法物理療法救急ＡＤＬ・作業療法言語療法自立支援機器衛生・防災 介護用入浴機器介護予防メディカルフィットネス筋力トレーニングROMエクササイズバランス訓練起立・歩行訓練有酸素トレーニングリハビリテーション室備品積み重ねが簡単。上下に積み重ねるだけで、段階的に高さ調節が可能。高さ調節用の別ブロック等は必要ありません。持ち運びが簡単。すぐに移動、設置、片付けが行えます。連結が簡単。ステップ台同士をはめ込むだけで、前後・左右に連結ができます。用途に合わせて4方向に広げられます。使用例リハステップ台","グリップサポート 送料 A
COP-GS1（ ５本１組） ¥11,000
マシントレーニング中に把持力が持続しない方などのグ
リップをやさしく保持します。
素材はソフトで伸縮性があり手に負担をかけません。
手の小さい方から大きい方まで幅広く適用できます。
マジックテープ式で簡単に付け外しが行えます。
寸 法800(L)×240（W）mm
評価測定質 量約79ｇ
材 質本体生地／ネオプレンゴム
［構成］5本入
※生地を裁断・縫製しているため、大きさに多少違いが生じる場合があります。
運動療法
水治療法
物理療法
救急
1枚ずつ単体での使用はもちろん、上下の積み重ね、前後左右の連結で様々な運動ができるステップ台。
ＡＤＬ・
作業療法
リハステップ台
言語療法
自立支援連結が簡単。積み重ねが簡単。持ち運びが簡単。
機器ステップ台同士をはめ込むだけで、上下に積み重ねるだけで、段階的に高さ調節が可能。すぐに移動、設置、片付けが行えます。
前後・左右に連結ができます。高さ調節用の別ブロック等は必要ありません。
衛生・用途に合わせて4方向に広げられます。
防災 
使用例
介護用
入浴機器
介護予防
メディカル
フィットネス
筋力
トレーニング段差昇降バランスパッドと併用して
ROM
エクササイズ
バランス
訓練
起立・
歩行訓練
有酸素
トレーニング
リハビリ
テーション
室備品
座位姿勢時に足が届かない時にトレーニングマシン
 プレクサーG5トーソフレクション
の踏台として
リハステップ台 送料 C
RSS-6 ¥59,000
寸 法500（L）×400（W）×100（H）mm
質 量約2.2kg
耐荷 重100kg
［構成］レッド3枚、グリーン3枚
104"
106,MMTX5INKK7PKQ,運動療法,介護予防,"リハ詳しくはP.73パワーリハビリテーションを実施する機器についてくわしくは P.98※ 商品の仕様は予告なく変更することがありますので、ご了承ください。グリップD（デジタル握力計）  送料 B¥43,000T.K.K.5401 リーチ計測器（椅子・足乗せ台付）  送料 B¥450,000CK-101 ファンクショナルリーチおよび長座位体前屈の測定に使用。身長計シルバーワイド  送料 御見積¥43,000TK-11253 評価測定運動療法水治療法物理療法救急ＡＤＬ・作業療法言語療法自立支援機器衛生・防災 介護用入浴機器　   　介護 予防メディカルフィットネス筋力トレーニングROMエクササイズバラ ンス訓練起立 ・歩行 訓練有酸素トレーニングリハビリテーション室備品パワーリハビリテーションの「運動・体力評価」ができる測定機器群。評価テスト項目身長・体重測定基本的な身体測定を行います。ファンクショナルリーチ動的なバランス能力の評価を行います。Timed Up ＆ Goテスト総合的な移動能力の評価を行います。握力測定握力計を用いて握力の測定を行います。長座位体前屈体幹の柔軟性の評価を行います。6分間歩行（6MD）持久力の評価を行います。開眼片足立ち静的なバランス能力の評価を行います。開始姿勢測定時開始姿勢測定時寸法質量570（W）×1200（D）×710（H）mm19kg対応機器身長計シルバーワイド（TK-11253）、デジタル体重計リーチ計測器（CK-101）リーチ計測器（椅子）、デジタルストップウォッチ、 コーナーポスト、巻尺グリップＤ（T.K.K.5401）リーチ計測器（CK-101）マーカーコーン（CK-103）、チップ（赤・黄）（CK-103）、 デジタルストップウォッチ（CK-103）、巻尺（CK-103）デジタルストップウォッチ寸法質量測定範囲 5〜100kg約154（Ｗ）×235（Ｄ）×62（Ｈ）mm約680g寸法計測器本体／825（W）×1015（D）×1500（H）mm椅子／600（Ｗ）×460（D）×760（H）mm足乗せ台／330（Ｗ）×530（D）×400（H）mm質量計測器本体／22kg、椅子／約6kg、足乗せ台／約4kg評価テスト一覧と対応機器高齢者筋力向上トレーニング 補助用具　ストレッチングベンチ   送料 サ¥130,000SD-100B  誰でも簡単に、下肢筋群のストレッチを行うことができるように開発されたベンチ。傾斜角度は30度で、坐骨にかかる荷重が下肢に分散されやすく、平地に比べ骨盤前傾運動を行いやすくなっています｡大腿後面、下腿後面、腰背部の筋緊張を軽くするのに最適です。105約10kg質量最小表示 1mm測定範囲 90〜200cm評価補助セット  送料 B¥62,000CK-103 ［セット内容］マニュアル、記録用紙、コーナーポスト、マーカーコーン、デジタルヘルスメーター、デジタルストップウォッチ、巻尺、チップ（2色）、収納ケース付き長座位体前屈長座位姿勢からどれだけ体を前屈できるかを測定します。ファンクショナルリーチ立位姿勢から前方に最大限手を伸ばし、バランスを崩して倒れることなく元の姿勢に戻れるまでの範囲を測定します。体力変化の計測とフィードバックが可能。トレーニングによる変化が被験者・患者自身も把握できるのでトレーニングを続ける意欲が向上します。高齢者や障がいのある方でも簡単にできるよう配慮。各機器は、体力測定8項目の測定がどなたでも容易にできるよう「立つ」「座る」の動作がしやすい幅と高さを工夫しています。マニュアルや記録用紙付き。個々の評価方法についてのマニュアルや、評価記録用紙などをセットしています。　体力評価機器（パワーリハビリテーション・アセスメント 対応） パワー","パワーリハビリテーションの「運動・体力評価」ができる測定機器群。
パワー
体力評価機器（パワーリハビリテーション・アセスメント 対応） リハ
体力変化の計測とフィードバックが可能。評価テスト一覧と対応機器
トレーニングによる変化が被験者・患者自身も把握できる評価テスト項目対応機器
のでトレーニングを続ける意欲が向上します。身長・体重測定
身長計シルバーワイド（TK-11253）、デジタル体重計
基本的な身体測定を行います。評価測定
高齢者や障がいのある方でも簡単にできるようファンクショナルリーチ
リーチ計測器（CK-101）
配慮。動的なバランス能力の評価を行います。
各機器は、体力測定8項目の測定がどなたでも容易にできTimed Up ＆ Goテストリーチ計測器（椅子）、デジタルストップウォッチ、 運動療法
総合的な移動能力の評価を行います。コーナーポスト、巻尺
るよう「立つ「」座る」の動作がしやすい幅と高さを工夫して
います。握力測定グリップＤ（T.K.K.5401）
握力計を用いて握力の測定を行います。水治療法
マニュアルや記録用紙付き。長座位体前屈
リーチ計測器（CK-101）
体幹の柔軟性の評価を行います。
個々の評価方法についてのマニュアルや、評価記録用紙な
どをセットしています。　6分間歩行（6MD）マーカーコーン（CK-103）、チップ（赤・黄（）CK-103）、 物理療法
持久力の評価を行います。デジタルストップウォッチ（CK-103）、巻尺（CK-103）
パワーリハビリテーションを開眼片足立ち
実施する機器についてくわしく はP.98静的なバランス能力の評価を行います。デジタルストップウォッチ
救急
ＡＤＬ・
作業療法
言語療法
自立支援
機器
詳しくは
P.73
衛生・
防災 
身長計シルバーワイド  送料 御見積評価補助セット  送料 BグリップD（デジタル握力計）  送料 B
介護用
TK-11253  ¥43,000CK-103  ¥62,000T.K.K.5401 ¥43,000
入浴機器
質量約10kg［セット内容］マニュアル、記録用紙、コーナーポスト、寸法約154（Ｗ）×235（Ｄ）×62（Ｈ）mm
マーカーコーン、デジタルヘルスメーター、デジタルス
最小表 示1mm質量約680g　
トップウォッチ、巻尺、チップ（2色）、収納ケース付き
測定範 囲90〜200cm測定範 囲5〜100kg
※ 商品の仕様は予告なく変更することがありますので、ご了承
ください。
介 護予防
メディカル
長座位体前屈フィットネス
リーチ計測器（椅子・足乗せ台付）  送料 B
開始姿勢測定時筋力
トレーニング
CK-101  ¥450,000
ROM
ファンクショナルリーチおよび長座位体前屈
エクササイズ
の測定に使用。
バ ランス
寸法計測器本体／825（W）×1015（D）×1500訓練
長座位姿勢からどれだけ体を前屈できるかを測定します。
（H）mm
起 立・
椅子／600（Ｗ）×460（D）×760（H）mm歩 行訓練
ファンクショナルリーチ足乗せ台／330（Ｗ）×530（D）×400（H）
mm有酸素
開始姿勢測定時トレーニング
質量計測器本体／22kg、椅子／約6kg、足乗せ
台／約4kgリハビリ
テーション
室備品
　
立位姿勢から前方に最大限手を伸ばし、バランスを崩し
て倒れることなく元の姿勢に戻れるまでの範囲を測定し
ます。
高齢者筋力向上トレーニング 補助用具　ストレッチングベンチ   送料 サ
SD-100B  ¥130,000
誰でも簡単に、下肢筋群のストレッチを行うことができるように開発
されたベンチ。
傾斜角度は30度で、坐骨にかかる荷重が下肢に分散されやすく、平地に比べ骨
盤前傾運動を行いやすくなっています｡
大腿後面、下腿後面、腰背部の筋緊張を軽くするのに最適です。
寸法570（W）×1200（D）×710（H）mm
質量19kg
105"
107,MMTX5IOXM97YN,運動療法,メディカルフィットネス,軽負荷の筋力トレーニングから応用動作トレーニングまで、幅広く活用できる高機能ケーブルエクササイズマシンです。ハンドルにかかる抵抗はどこでも一定。WEBはこちら固定トレーニング体幹を固定し、上肢を動かすトレーニングです。座位姿勢では体幹の安定性、立位姿勢では下肢および体幹の安定性獲得を目的とします。106動作の自由度が高く、ひねり動作にも対応。3連動滑車により、低衝撃・低慣性を実現。評価測定運動療法水治療法物理療法救急ＡＤＬ・作業療法言語療法自立支援機器衛生・防災 介護用入浴機器介護予防メディカルフィットネス筋力トレーニングROMエクササイズバランス訓練起立・歩行訓練有酸素トレーニングリハビリテーション室備品ハンドルを引く方向が変化しても設定した負荷しかかからず、大きな動きを伴うエクササイズでも安心して行えます。ダブルハンドルにより両手にハンドルを持っての運動が可能です。それぞれ180度自在に回転するので、ひねりを生じる動作にも対応します。本体内に内蔵された3つの動滑車により、急激な動作を行ってもケーブルが緩んだり、ウェイトが跳ね上がったりすることなく、微小な筋群や体幹の動きに対して安定した抵抗を与えることができます。高機能ケーブルエクササイズマシンケーブルカラムS1,"高機能ケーブルエクササイズマシン
ケーブルカラムS1 
評価測定
軽負荷の筋力トレーニングから
応用動作トレーニングまで、
運動療法
幅広く活用できる
高機能ケーブルエクササイズマシンです。
水治療法
WEBはこちら
物理療法
救急
ＡＤＬ・
作業療法
言語療法
自立支援
機器
衛生・
防災 
介護用
入浴機器
固定トレーニング
介護予防
体幹を固定し、上肢を動かすトレーニン
メディカルグです。座位姿勢では体幹の安定性、立
フィットネス
位姿勢では下肢および体幹の安定性獲
筋力
トレーニング得を目的とします。
ROM
エクササイズ
バランス
訓練
起立・
歩行訓練
有酸素ハンドルにかかる抵抗はどこでも一定。動作の自由度が高く、ひねり動作にも対応。
トレーニング
リハビリハンドルを引く方向が変化しても設定した負荷しかかからず、ダブルハンドルにより両手にハンド
テーション
室備品大きな動きを伴うエクササイズでも安心して行えます。ルを持っての運動が可能です。
それぞれ180度自在に回転するので、
ひねりを生じる動作にも対応します。
3連動滑車により、低衝撃・低慣性を実現。
本体内に内蔵された3つの動滑車によ
り、急激な動作を行ってもケーブルが
緩んだり、ウェイトが跳ね上がったり
することなく、微小な筋群や体幹の動
きに対して安定した抵抗を与えるこ
とができます。
106"
108,MMTX5IQ9A832V,運動療法,メディカルフィットネス,"評価測定運動療法水治療法物理療法救急ＡＤＬ・作業療法言語療法自立支援機器衛生・防災 介護用入浴機器　　ケーブルカラム S1 COP-3500SR（赤）、SW（白）、SB（黒）	オプション回旋トレーニング体幹の回旋トレーニングでは、水平方向への運動を伴った回旋運動を通じて、体幹の安定性および協調性を向上させることを目的とします。ラットバーハンドルをバーに交換することで、ラットプルダウンが行えます。リフティングアタッチメントセット COP-3500LA アンクルカフハンドルを足関節のカフに交換することで、下肢を動かすトレーニングも可能です。装着することで下方からの肩、肘の屈曲、外転動作等が可能。トレーニングのバリエーションが増やせます。対角線トレーニング回旋運動をよりダイナミックに行うもので、例えば日常生活動作では「下にある荷物をテーブルの上に置く」といった動作に必要な、左右・上下の対角線に動く運動です。ダイナミックな動きを伴う、四肢と体幹の協調性の獲得を目的とします。107送料 チャーター便¥1,380,000送料 B¥98,000寸法1334（W）×1125（D）×2218（H）mm質量本体／182.5kg、ウェイト／60kg（2.5㎏×8枚＋5㎏×8枚）付属品 ハンドグリップ（2個）、ラットバー（1本）、アンクルカフ（1個）、動滑車3個、移動用キャスター装備寸法585（W）×235（D）×123（H）mm質量4.0kg介護 予防メディカルフィットネス筋力トレーニングROMエクササイズバラ ンス訓練起立 ・歩行 訓練有酸素トレーニングリハビリテーション室備品","評価測定
運動療法
水治療法
回旋トレーニング物理療法
体幹の回旋トレーニングでは、水平方向への運動を伴った回旋運動を通
じて、体幹の安定性および協調性を向上させることを目的とします。
救急
ＡＤＬ・
作業療法
言語療法
自立支援
機器
衛生・
防災 
介護用
 入浴機器
　
対角線トレーニングラットバーアンクルカフ
回旋運動をよりダイナミックに行うもので、例えば日常生活動作ではハンドルをバーに交換することハンドルを足関節のカフに交換す
「下にある荷物をテーブルの上に置く」といった動作に必要な、左右・で、ラットプルダウンが行えます。ることで、下肢を動かすトレーニ
上下の対角線に動く運動です。ダイナミックな動きを伴う、四肢と体幹ングも可能です。
介 護予防
の協調性の獲得を目的とします。
メディカル
フィットネス
筋力
トレーニング
オプション
ROM
エクササイズ
バ ランス
訓練
起 立・
歩 行訓練
有酸素
トレーニング
リハビリ
テーション
室備品
　
ケーブルカラム S1 送料 チャーター便
リフティングアタッチメントセット 送料 B
COP-3500SR（赤）、SW（白）、SB（黒） ¥1,380,000
COP-3500LA ¥98,000
寸法1334（W）×1125（D）×2218（H）mm
装着することで下方からの肩、肘の屈曲、外転動作等が可能。
質量本体／182.5kg、ウェイト／60kg（2.5㎏×8枚＋5㎏×8枚）
トレーニングのバリエーションが増やせます。
付属 品ハンドグリップ（2個）、ラットバー（1本）、アンクルカフ（1個）、
動滑車3個、移動用キャスター装備寸法585（W）×235（D）×123（H）mm
質量4.0kg
107"
109,MMTX5IRWLYAHE,運動療法,メディカルフィットネス,"評価測定運動療法水治療法物理療法救急ＡＤＬ・作業療法言語療法自立支援機器衛生・防災 介護用入浴機器  介護予防メディカルフィットネス筋力トレーニングROMエクササイズバランス訓練起立・歩行訓練有酸素トレーニングリハビリテーション室備品今までにない感覚力を高めるトレーニングマシン。3e fit ｅスキャプラ E-101Ⅱ 肩甲骨周辺筋群の弾力性・伸張性をアプローチ。下肢運動を合わせることで、横隔膜と大腰筋の連動運動をアプローチ。180度の角度変更が可能な３ポジショングリップを採用。独立した座面シートを外すことで、車椅子に乗ったままでの使用が可能。可動域に合わせたシートポジションの調整が可能。3e fit ｅチェスト E-102 胸部周辺筋群の弾力性・伸張性をアプローチ。下肢のアシストと合わせることで、動的に呼吸筋をアプローチ。重力を利用した運動を可能とする傾斜構造を採用。腰部をサポートする補助パッドが複数枚標準装備。体格に合わせ座る位置を調整し体への負担を軽減。様々な動作に対応するフレーム構造で、豊富な動作バリエーションが可能。108送料 御見積¥690,000送料 御見積¥690,000トレーニングマシン 3e fit シリーズ1350（L）×930（W）×1380（H）mm56kg100ｋｇ1160（L）×952（W）×1160（H）mm55kg100ｋｇ寸法質量使用体重制限寸法質量使用体重制限●僧帽筋●三角筋（後部・中部・前部）●肩甲挙筋●大胸筋●小胸筋●三角筋●菱形筋●広背筋●肩関節周辺筋群●僧帽筋●菱形筋●肩関節周辺筋群","今までにない感覚力を高めるトレーニングマシン。
トレーニングマシン 3e fit シリーズ
3e fit ｅスキャプラ 送料 御見積
評価測定E-101Ⅱ  ¥690,000
肩甲骨周辺筋群の弾力性・伸張性をアプローチ。
下肢運動を合わせることで、横隔膜と大腰筋の連動運動を
運動療法
アプローチ。
180度の角度変更が可能な３ポジショングリップを採用。
水治療法独立した座面シートを外すことで、車椅子に乗ったままでの使用が可能。
可動域に合わせたシートポジションの調整が可能。
寸法1350（L）×930（W）×1380（H）mm
物理療法質量56kg
使用体重制限100ｋｇ
救急
●僧帽筋●菱形筋
●三角筋（後部・中部・前部）●広背筋
ＡＤＬ・●肩甲挙筋●肩関節周辺筋群
作業療法
言語療法
自立支援
機器
衛生・
防災 
介護用
入浴機器
介護予防
メディカル3e fit ｅチェスト 送料 御見積
フィットネス
筋力E-102  ¥690,000
トレーニング
胸部周辺筋群の弾力性・伸張性をアプローチ。
ROM
エクササイズ下肢のアシストと合わせることで、動的に呼吸筋を
バランスアプローチ。
訓練重力を利用した運動を可能とする傾斜構造を採用。
起立・腰部をサポートする補助パッドが複数枚標準装備。
歩行訓練
体格に合わせ座る位置を調整し体への負担を軽減。
有酸素
トレーニング様々な動作に対応するフレーム構造で、豊富な動作バリエーションが
リハビリ可能。
テーション
室備品寸法1160（L）×952（W）×1160（H）mm
質量55kg
使用体重制限100ｋｇ
●大胸筋●僧帽筋
●小胸筋●菱形筋
●三角筋●肩関節周辺筋群
108"
110,MMTX5ITSJ3900,運動療法,メディカルフィットネス,"3e fit ｅアダクター E-103 3e fit ｅヒップ 送料 御見積¥590,000E-104Ⅱ 臀部周辺筋群の弾力性・伸張性と下肢筋力をアプローチ。スクワット、立ち上がりや片足立ち動作をサポート。乗降を容易にするアシストバーを搭載。シートには可動式の座面を採用。骨盤の前傾をスムーズにアシスト。様々な動作に対応するフレーム構造で、豊富な動作バリエーションが可能。3e fit ｅストレッチ E-105 評価測定運動療法水治療法物理療法救急ＡＤＬ・作業療法言語療法自立支援機器衛生・防災 介護用入浴機器　   　介護 予防メディカルフィットネス筋力トレーニングROMエクササイズバラ ンス訓練起立 ・歩行 訓練有酸素トレーニングリハビリテーション室備品股関節周辺筋群の弾力性・伸張性をアプローチ。伸縮・収縮時の伝達能力をアプローチ。乗降を容易にするアシストバーを搭載。シートには可動式の座面を採用。骨盤の前傾をスムーズにアシスト。様々な動作に対応するフレーム構造で、豊富な動作バリエーションが可能。脊柱周辺筋群の弾力性・伸張性をアプローチ。背部・臀部・腰部・大腿部などのストレッチをサポート、１台で全身の柔軟性をアプローチ。手すりと足置き台が標準装備。安全な乗り降りと運動をサポート。シート部分が前後・左右・回旋運動可能。自由度の高いストレッチを実現。安全面に配慮した可動制限ストッパーも装備。様々な動作に対応するフレーム構造で、豊富な動作バリエーションが可能。109送料 御見積¥790,000送料 御見積¥290,000脚部閉じ時：1459（L）×1050（W）×1393（H）mm脚部開き時：1459（L）×1350（W）×1620（H）mm98kg100ｋｇ1077（L）×832（W）×1015（H）mm61ｋｇ100ｋｇ1190（L）×860（W）×1000（H）mm31ｋｇ100ｋｇ寸法質量使用体重制限寸法質量使用体重制限寸法質量使用体重制限●内・外転筋群●大腰筋●小腰筋●腸骨筋●大腿筋膜張筋●内・外転筋群●大腰筋●小腰筋●腸骨筋●大腿筋膜張筋●脊柱起立筋群●外・内腹斜筋●大腰筋●小腰筋●腸骨筋●中臀筋●梨状筋●大臀筋●小臀筋●股関節周辺筋群●中臀筋●梨状筋●大臀筋●小臀筋●股関節周辺筋群●中臀筋●梨状筋●大臀筋●小臀筋●股関節周辺筋群","3e fit ｅアダクター 送料 御見積
E-103  ¥790,000
股関節周辺筋群の弾力性・伸張性をアプローチ。
伸縮・収縮時の伝達能力をアプローチ。
乗降を容易にするアシストバーを搭載。
シートには可動式の座面を採用。骨盤の前傾をスムーズにアシスト。
様々な動作に対応するフレーム構造で、豊富な動作バリエーションが
可能。
寸法脚部閉じ時：1459（L）×1050（W）×1393（H）mm評価測定
脚部開き時：1459（L）×1350（W）×1620（H）mm
質量98kg
使用体重制限100ｋｇ
運動療法
●内・外転筋群●中臀筋
●大腰筋●梨状筋水治療法
●小腰筋●大臀筋
●腸骨筋●小臀筋
●大腿筋膜張筋●股関節周辺筋群物理療法
救急
ＡＤＬ・
作業療法
3e fit ｅヒップ 送料 御見積
言語療法
E-104Ⅱ  ¥590,000
臀部周辺筋群の弾力性・伸張性と下肢筋力をアプローチ。
自立支援
スクワット、立ち上がりや片足立ち動作をサポート。機器
乗降を容易にするアシストバーを搭載。
シートには可動式の座面を採用。骨盤の前傾をスムーズにアシスト。衛生・
様々な動作に対応するフレーム構造で、豊富な動作バリエーションが防災 
可能。
寸法1077（L）×832（W）×1015（H）mm介護用
質量61ｋｇ入浴機器
使用体重制限100ｋｇ
　
●内・外転筋群●中臀筋
●大腰筋●梨状筋
●小腰筋●大臀筋
介 護予防
●腸骨筋●小臀筋
●大腿筋膜張筋●股関節周辺筋群メディカル
フィットネス
筋力
トレーニング
ROM
エクササイズ
バ ランス
訓練
起 立・
3e fit ｅストレッチ 送料 御見積歩 行訓練
有酸素
E-105  ¥290,000トレーニング
脊柱周辺筋群の弾力性・伸張性をアプローチ。リハビリ
テーション
室備品
背部・臀部・腰部・大腿部などのストレッチをサポート、
　
１台で全身の柔軟性をアプローチ。
手すりと足置き台が標準装備。安全な乗り降りと運動をサポート。
シート部分が前後・左右・回旋運動可能。自由度の高いストレッチを実現。
安全面に配慮した可動制限ストッパーも装備。
様々な動作に対応するフレーム構造で、豊富な動作バリエーションが
可能。
寸法1190（L）×860（W）×1000（H）mm
質量31ｋｇ
使用体重制限100ｋｇ
●脊柱起立筋群●中臀筋
●外・内腹斜筋●梨状筋
●大腰筋●大臀筋
●小腰筋●小臀筋
●腸骨筋●股関節周辺筋群
109"
111,MMTX5IVP867XP,運動療法,メディカルフィットネス,"※バーベル、プレートは別売りです。※バーベル、プレートは別売りです。※片側約100kgのウェイトスタック付き。※バーベル、プレートは別売りです。※片側約131kgのウェイトスタック付き。F-G15B-CC パワーラック WB-PR19 C10オールインワントレーナー  送料 御見積¥490,000パワーラック、スミスマシン、ケーブルトレーニングをコンパクトに。寸法評価測定運動療法水治療法物理療法救急ＡＤＬ・作業療法言語療法自立支援機器衛生・防災 介護用入浴機器   介護予防メディカルフィットネス筋力トレーニングROMエクササイズバランス訓練起立・歩行訓練有酸素トレーニングリハビリテーション室備品110送料 御見積¥150,000質量パワーラックに求められる基本性能を追求。寸法1270（W）×1290（D）×2100（H）mm質量本体／約95kgF-C10 1950（W）×1700（D）×2200（H）mm質量約505kg送料 御見積¥100,000C10オール・イン・ワン・トレーナー用のレッグEX＆カールオプション。寸法G15オールインワントレーナー  送料 御見積¥680,000ハーフラック、スミスマシン、ケーブルを備えたハイクオリティマシン。寸法質量C10スライディングベンチ  F-C10-SB 2040（W）×1700（D）×2120（H）mm本体／約510㎏680（W）×2100（D）×450（H）mm約80kg","評価測定
運動療法
水治療法
物理療法
救急
 
パワーラック 送料 御見積G15オールインワントレーナー 送料 御見積
ＡＤＬ・WB-PR19  ¥150,000F-G15B-CC  ¥680,000
作業療法
パワーラックに求められる基本性能を追求。ハーフラック、スミスマシン、ケーブルを備えたハイクオリ
寸法1270（W）×1290（D）×2100（H）mmティマシン。
言語療法質量本体／約95kg
寸法2040（W）×1700（D）×2120（H）mm
※バーベル、プレートは別売りです。質量本体／約510㎏
※バーベル、プレートは別売りです。
自立支援※片側約131kgのウェイトスタック付き。
機器
衛生・
防災 
介護用
入浴機器
介護予防
メディカル
フィットネス
筋力
トレーニング
ROM
エクササイズ
バランス
訓練
起立・
歩行訓練
有酸素
トレーニング
リハビリ
テーション
室備品
 
C10オールインワントレーナー 送料 御見積C10スライディングベンチ  送料 御見積
F-C10  ¥490,000F-C10-SB ¥100,000
パワーラック、スミスマシン、ケーブルトレーニングをコンC10オール・イン・ワン・トレーナー用のレッグEX＆カール
パクトに。オプション。
寸法1950（W）×1700（D）×2200（H）mm寸法680（W）×2100（D）×450（H）mm
質量約505kg質量約80kg
※バーベル、プレートは別売りです。
※片側約100kgのウェイトスタック付き。
110"
112,MMTX5IX69LCYA,運動療法,メディカルフィットネス,"※バーベル、プレートは別売りです。※フレーム色は白となります。※ダンベルは別売りです。F-SFID TC01SK-S送料 御見積¥275,000送料 御見積¥198,200送料 御見積価格¥3,000¥5,500¥8,000¥10,000¥13,000¥15,000¥18,000¥20,000¥25,000¥30,000IV-KDB-4KGIV-KDB-8KGIV-KDB-12KGIV-KDB-16KGIV-KDB-20KGIV-KDB-24KGIV-KDB-28KGIV-KDB-32KGIV-KDB-40KGIV-KDB-48KGCD-1KGCD-2KGCD-3KGCD-4KGCD-5KGCD-6KGCD-7KGCD-8KGCD-9KGCD-10KG評価測定運動療法水治療法物理療法救急ＡＤＬ・作業療法言語療法自立支援機器衛生・防災 介護用入浴機器　  　介護 予防メディカルフィットネス筋力トレーニングROMエクササイズバラ ンス訓練起立 ・歩行 訓練有酸素トレーニングリハビリテーション室備品111スタジオFIDベンチ  CDダンベル 737（W）×1423（D）×448（H）mm角度調整 背面：7段階　座面：3段階質量約30kg型式1250（W）×1290（D）×1275（H）mm約300mm約420mm約70kgウェイトグリップの太さ4kg32mm8kg32mm12kg35mm16kg35mm20kg35mm24kg35mm28kg39mm32kg39mm40kg39mm48kg39mm送料 御見積¥63,000取り回しに優れたユーティリティなアジャスタブルベンチ。寸法CDRP-10送料 御見積ウェイト価格（2個1組）¥5,200¥8,500¥12,000¥15,000¥18,000¥21,500¥24,500¥27,500¥31,500¥34,5001kg2kg3kg4kg5kg6kg7kg8kg9kg10kgシート幅シート高さ質量スタートポジション高さ 755〜1115mm（30mmピッチ13段階）［構成］1〜10kg各1組型式［仕様］グリップと球体の間隔：55mmパワービルダーオリンピックベンチ  送料 御見積¥300,000TC01SK-S（シルバー）、W（ホワイト）、B（ブラック） シンプルで使いやすい頑丈な国産ベンチ。セーフティサポート付。寸法CDダンベル用ラック CDRP-10 （10組用） CDダンベルセット CD1-10 （10組） ケトルベル","評価測定
TC01SK-S運動療法
水治療法
 
スタジオFIDベンチ 送料 御見積パワービルダーオリンピックベンチ  送料 御見積
物理療法
F-SFID  ¥63,000TC01SK-S（シルバー）、W（ホワイト）、B（ブラック） ¥300,000
取り回しに優れたユーティリティなアジャスタブルベンチ。シンプルで使いやすい頑丈な国産ベンチ。セーフティサ
寸法737（W）×1423（D）×448（H）mmポート付。救急
角度調 整背面：7段階　座面：3段階
寸法1250（W）×1290（D）×1275（H）mm
質量約30kg
シート幅約300mm
ＡＤＬ・
シート高さ約420mm作業療法
質量約70kg
スタートポジション高 さ755〜1115mm（30mmピッチ13段階）
※バーベル、プレートは別売りです。言語療法
自立支援
機器
CDダンベル用ラック 送料 御見積衛生・
防災 
CDRP-10（ 10組用）  ¥275,000
※フレーム色は白となります。介護用
※ダンベルは別売りです。
入浴機器
　
CDダンベルセット 送料 御見積
CD1-10（ 10組） ¥198,200
［構成］1〜10kg各1組
介 護予防
メディカル
CDRP-10フィットネス
筋力
トレーニング
ROM
エクササイズ
バ ランス
訓練
起 立・
歩 行訓練
有酸素
トレーニング
リハビリ
テーション
室備品
　
 
CDダンベル 送料 御見積ケトルベル 送料 御見積
型式ウェイト価格（2個1組）型式ウェイトグリップの太さ価格
CD-1KG1kg¥5,200IV-KDB-4KG4kg32mm¥3,000
CD-2KG2kg¥8,500IV-KDB-8KG8kg32mm¥5,500
CD-3KG3kg¥12,000IV-KDB-12KG12kg35mm¥8,000
CD-4KG4kg¥15,000IV-KDB-16KG16kg35mm¥10,000
CD-5KG5kg¥18,000IV-KDB-20KG20kg35mm¥13,000
CD-6KG6kg¥21,500IV-KDB-24KG24kg35mm¥15,000
CD-7KG7kg¥24,500IV-KDB-28KG28kg39mm¥18,000
CD-8KG8kg¥27,500IV-KDB-32KG32kg39mm¥20,000
CD-9KG9kg¥31,500IV-KDB-40KG40kg39mm¥25,000
CD-10KG10kg¥34,500IV-KDB-48KG48kg39mm¥30,000
［仕様］グリップと球体の間隔：55mm
111"
113,MMTX5IYXJUI4L,運動療法,メディカルフィットネス,"※グリップホールはついておりません。評価測定運動療法水治療法物理療法救急ＡＤＬ・作業療法言語療法自立支援機器衛生・防災 介護用入浴機器   介護予防メディカルフィットネス筋力トレーニングROMエクササイズバランス訓練起立・歩行訓練有酸素トレーニングリハビリテーション室備品スタンダード オリンピックバー  送料 御見積¥58,000OT-20（φ50mmプレート対応）  エクササイズ オリンピックバー  送料 御見積¥40,000OT-10（φ50mmプレート対応）  オリンピック アームカールバー  送料 御見積¥38,000IOC-1（φ50mmプレート対応）  オリンピックラバー イージーグリッププレート  複数のスロットを外周に沿って均等に配置することにより、どこからでも安全に、簡単にプレートを持ち上げることが可能。オリンピックラバープレート  パワービルダー プレートホルダー  送料 御見積¥72,000TCP1SP-S（シルバー）、W（ホワイト） 施設での使い勝手を考慮し、シンプルで使いやすくかつ頑強に設計。寸法スプリング式オリンピックカラー  送料 御見積¥1,700SPC-1（φ50mmプレート対応） スクワットパッド  SP-1 ROEZH-5ROEZH-10ROEZH-15ROEZH-20RUBKO-1.25kgRUBKO-2.5kg送料 御見積価格¥8,000¥16,000¥21,000¥27,500送料 御見積価格¥1,800¥3,500TCP1SP-S1122200mm20kgカラー別売1190mm10kgカラー別売1200mm10kgカラー2個型式ウェイト5kg10kg15kg20kg型式ウェイト1.25kg2.5kg700(W)×500(D)×1200（H）mm約25kg材質スチール（クロームメッキ仕上）質量約265g（1個）ＳＢＲゴム寸法グリップ部直径 28mm質量その他寸法グリップ部直径 28mm質量その他寸法グリップ部直径 28mm質量付属品送料 御見積¥2,400頸部や肩の痛みを減少させるため、より高重量でのスクワットが可能。材質ホルダー棒長さ 約310mm質量","スタンダード オリンピックバー  送料 御見積
OT-20（φ50mmプレート対応）   ¥58,000
寸法2200mm
グリップ部直 径28mm
質量20kg
その他カラー別売
評価測定エクササイズ オリンピックバー  送料 御見積
OT-10（φ50mmプレート対応）   ¥40,000
寸法1190mm
運動療法グリップ部直 径28mm
質量10kg
その他カラー別売
水治療法
物理療法オリンピック アームカールバー  送料 御見積
IOC-1（φ50mmプレート対応）   ¥38,000
寸法1200mm
救急グリップ部直 径28mm
質量10kg
付属品カラー2個
ＡＤＬ・
作業療法
オリンピックラバー 
言語療法
イージーグリッププレート  送料 御見積
自立支援
複数のスロットを外周に沿って均等に配置することにより、ど
機器
こからでも安全に、簡単にプレートを持ち上げることが可能。
衛生・型式ウェイト価格
防災 
ROEZH-55kg¥8,000
ROEZH-1010kg¥16,000
介護用ROEZH-1515kg¥21,000
入浴機器
ROEZH-2020kg¥27,500
オリンピックラバープレート  送料 御見積
型式ウェイト価格
介護予防RUBKO-1.25kg1.25kg¥1,800
RUBKO-2.5kg2.5kg¥3,500
メディカル
※グリップホールはついておりません。
フィットネス
筋力
トレーニング
ROM
エクササイズ
バランス
訓練
スプリング式オリンピックカラー  送料 御見積
起立・
歩行訓練SPC-1（φ50mmプレート対応） ¥1,700
有酸素材質スチール（クロームメッキ仕上）
トレーニング質量約265g（1個）
リハビリ
テーション
室備品
TCP1SP-S
スクワットパッド  送料 御見積パワービルダー プレートホルダー  送料 御見積
SP-1 ¥2,400TCP1SP-S（シルバー）、W（ホワイト） ¥72,000
頸部や肩の痛みを減少させるため、より高重量でのスクワッ施設での使い勝手を考慮し、シンプルで使いやすくかつ頑
トが可能。強に設計。
材質ＳＢＲゴム寸法700(W)×500(D)×1200（H）mm
ホルダー棒長 さ約310mm
質量約25kg
112"
114,MMTX5J0RS3MBY,運動療法,メディカルフィットネス,"色色色評価測定運動療法水治療法物理療法救急ＡＤＬ・作業療法言語療法自立支援機器衛生・防災 介護用入浴機器　 　D-7015 D-7016 LPNPL000 LPNPL001（2本１組） EGA151 （5台入） EKA478 （20枚入） 113送料 御見積¥9,000送料 御見積¥7,900送料 御見積¥5,300ストレッチポール  ストレッチポール ハーフカット  送料 御見積¥7,150ミニハードル  コーナープレート  グリッドフォームローラー  3WayBox 40・50・60  3WayBox 60・70・80  CRG AKTIVLOK  寸法 約φ150×980（L）mm質量 約700g材質 発泡オレフィン系樹脂、合成皮革（PVC）ネイビー付属品 エクササイズDVD、取扱説明書寸法 約400（L）×150（W）×75（H）mm質量 約220g/本材質 発泡オレフィン系樹脂、合成皮革（PVC）色付属品 エクササイズDVD、取扱説明書ネイビー寸法質量470（L）×125（W）×150（H）mm約350g/台寸法φ200×50（H）mm質量25ｇ/枚青・白・黄・オレンジ各色5枚介護 予防メディカルフィットネス筋力トレーニングROMエクササイズバラ ンス訓練起立 ・歩行 訓練有酸素トレーニングリハビリテーション室備品ミントカモブルー型式2228122069440444014402440522282カモブルーブラックオレンジライムミッドナイト寸法質量約600（L）×500（W）×400（H）mm約12kg寸法質量約800（L）×700（W）×600（H）mm約30kgセンター寸法約610（L）×610（W）×9（H）mm／枚質量約3.1kg/枚カラーブラックピンクブラック オレンジ寸法（mm）質量ミントピンクφ140×330（L） 約604g 各¥5,450ボーダーインターロック式ラバーフロア。センター、コーナー、ボーダーを組み合わせられるラバーフロア。繋げるだけの施工なので専門業者に依頼する必要もありません。ミッドナイトライム送料 御見積価格送料 御見積¥42,000送料 御見積¥75,000コーナー送料 御見積各¥4,500","ミント
カモブルーミッドナイト
ライム評価測定
ピンク
ブラッ クオレンジ
運動療法
  
ストレッチポール 送料 御見積グリッドフォームローラー 送料 御見積
LPNPL000 ¥9,000型式色寸法（mm）質量価格
寸 法約φ150×980（L）mm22281ミント水治療法
質 量約700g22069カモブルー
材 質発泡オレフィン系樹脂、合成皮革（PVC）
4404ピンク
色ネイビー物理療法
付属 品エクササイズDVD、取扱説明書4401ブラックφ140×330（L ）約604 g各¥5,450
4402オレンジ
 4405ライム
ストレッチポール ハーフカット 送料 御見積救急
22282ミッドナイト
LPNPL001（2本１組） ¥7,150
寸 法約400（L）×150（W）×75（H）mmＡＤＬ・
質 量約220g/本作業療法
材 質発泡オレフィン系樹脂、合成皮革（PVC）
色ネイビー
付属 品エクササイズDVD、取扱説明書言語療法
自立支援
機器
衛生・
防災 
介護用
入浴機器
　
 
3WayBox 40・50・60 送料 御見積
D-7015 ¥42,000
寸法約600（L）×500（W）×400（H）mm
介 護予防
質量約12kg
メディカル
フィットネス
  
ミニハードル 送料 御見積3WayBox 60・70・80 送料 御見積
筋力
トレーニング
EGA151（ 5台入） ¥7,900D-7016 ¥75,000
ROM
寸法470（L）×125（W）×150（H）mm寸法約800（L）×700（W）×600（H）mm
エクササイズ
質量約350g/台質量約30kg
バ ランス
訓練
起 立・
歩 行訓練
有酸素
トレーニング
リハビリ
テーション
室備品
　
センターボーダーコーナー
 
コーナープレート 送料 御見積CRG AKTIVLOK  送料 御見積
EKA478（ 20枚入） ¥5,300 各¥4,500
寸法φ200×50（H）mmインターロック式ラバーフロア。
質量25ｇ/枚センター、コーナー、ボーダーを組み合わせられるラバーフロア。繋げるだけ
色青・白・黄・オレンジ各色5枚の施工なので専門業者に依頼する必要もありません。
寸法約610（L）×610（W）×9（H）mm／枚
質量約3.1kg/枚
カラーブラック
113"
115,MMTX5J2Y8VRAM,運動療法,筋力トレーニング,"色色評価測定運動療法水治療法物理療法救急ＡＤＬ・作業療法言語療法自立支援機器衛生・防災 介護用入浴機器 SPR-592ASPR-592BSPR-592CSPR-592DSPR-592ESPR-592FSPR-592GSPR-592HSPR-592JSPR-592KSPR-592MIVD-1KGIVD-2KGIVD-3KG送料 Aホワイトグレーイエローピンクグリーン送料 A¥4,700送料 御見積パープルピンクレッド送料 B¥120,000型式材質質量材質価格質量寸法（mm）ビニールレザー460（L）×125（W）mm約100gラベンダー型式質量価格（2個１組）¥2,500¥4,000¥5,500   1kg   2kg   3kg610（W）×510（D）×770（H）mm10.7kgスチール（コーティング仕上）カラー重錘バンド 全11色に色分けされているので、重さの確認がしやすい。質量表示を見やすくしました。細かく重量を分けたので、体力向上に合わせて使い分けられ、効果的です。カラー延長バンド SPR-592X ダンベル ネオプレンコーティングで滑りにくく安全。色で重さが分かります。リハビリテーションの進行に沿って設定ができます。エスカート SPR-595N 114重錘バンドを延長できるので各部位での負荷運動が可能。寸法質量カラー重錘バンドや砂袋の整理収納に便利。寸法介護予防メディカルフィットネス筋力トレーニングROMエクササイズバランス訓練起立・歩行訓練有酸素トレーニングリハビリテーション室備品 ¥4,800 0.25kg 362（L）×  70（W） ¥6,500   0.5kg 410（L）×100（W） ¥8,000 0.75kg 410（L）×110（W） レモンイエロー ¥9,000      1kg 435（L）×110（W）¥12,000   1.5kg 435（L）×136（W）¥14,000      2kg 460（L）×140（W） チェリーピンク¥16,000   2.5kg 460（L）×150（W） ライトグリーン¥18,000      3kg 480（L）×160（W）¥21,000   3.5kg 480（L）×165（W） ターコイズブルー¥24,000      4kg 485（L）×180（W） ライトブルー¥27,000      5kg 535（L）×200（W） サルビアブルー","カラー重錘バンド 送料 A
全11色に色分けされているので、重さの確認がしやすい。
質量表示を見やすくしました。
細かく重量を分けたので、体力向上に合わせて使い分けられ、効果的です。
型式価格質量寸法（mm）色
SPR-592A ¥4,80 00.25k g362（L）×  70（W）ホワイト
SPR-592B ¥6,50 0  0.5k g410（L）×100（W）グレー
SPR-592C ¥8,00 00.75k g410（L）×110（W ）レモンイエロー
評価測定SPR-592D ¥9,00 0     1k g435（L）×110（W）イエロー
SPR-592E¥12,00 0  1.5k g435（L）×136（W）ピンク
SPR-592F¥14,00 0     2k g460（L）×140（W ）チェリーピンク
運動療法SPR-592G¥16,00 0  2.5k g460（L）×150（W ）ライトグリーン
SPR-592H¥18,00 0     3k g480（L）×160（W）グリーン
SPR-592J¥21,00 0  3.5k g480（L）×165（W ）ターコイズブルー
水治療法SPR-592K¥24,00 0     4k g485（L）×180（W ）ライトブルー
SPR-592M¥27,00 0     5k g535（L）×200（W ）サルビアブルー
材質ビニールレザー
物理療法
救急
ＡＤＬ・
作業療法
言語療法
自立支援
機器
カラー延長バンド 送料 A
衛生・
SPR-592X ¥4,700
防災 
重錘バンドを延長できるので各部位での負荷運動が可能。
介護用寸法460（L）×125（W）mm
入浴機器質量約100g
カラーラベンダー
介護予防
メディカル
ダンベル 送料 御見積
フィットネス
筋力ネオプレンコーティングで滑りにくく安全。
トレーニング
色で重さが分かります。
ROM
エクササイズリハビリテーションの進行に沿って設定ができます。
バランス型式質量価格（2個１組）色
訓練IVD-1KG   1kg¥2,500パープル
起立・IVD-2KG   2kg¥4,000ピンク
歩行訓練
IVD-3KG   3kg¥5,500レッド
有酸素
トレーニング
リハビリ
テーション
室備品
エスカート 送料 B
SPR-595N  ¥120,000
重錘バンドや砂袋の整理収納に便利。
寸法610（W）×510（D）×770（H）mm
質量10.7kg
材質スチール（コーティング仕上）
114"
116,MMTX5J4Z9MRWW,運動療法,筋力トレーニング,"色評価測定運動療法水治療法物理療法救急ＡＤＬ・作業療法言語療法自立支援機器衛生・防災 介護用入浴機器　　各¥3,200HGN-26102HGN-26020HGN-26030HGN-26040HGN-26033HGN-26043HGN-25811HGN-25821HGN-25831HGN-25841HGN-25851HGN-25861HGN-26101HGN-26100HGN-26107WEBはこちらHGN-26050HGN-26060HGN-26053HGN-26063WEBはこちら送料 A質量材質材質約70g ポリウレタン送料 A材質表面／PVC充填物／スチール抵抗値(Uの字に曲げた時)寸法（mm）約2.5kg 約φ35×約300L 約290g約4.5kg 約φ38×約300L 約320g   約7kg 約φ45×約300L 約460g 約11kg 約φ50×約300L 約540g強度 色抵抗(50％圧縮時)寸法 質量極弱 黄色約0.7kg弱 赤色約1.4kg中 緑色約2.3kgφ5cm 約50g ポリウレタン強 青色約3.6kg最強 黒色約7.7kg抵抗(50％圧縮時)強度 色寸法 質量弱 赤色約1.4kg中 緑色約2.3kgφ5×7.6cm強 青色約3.6kg最強 黒色約7.7kg寸法質量ベージュ0.5kg黄色1.0kgφ11.5cm赤色1.5kg緑色2.0kg青色2.5kg黒色3.0kg型式価格 強度 色型式価格型式価格型式HGN-25811HGN-25821HGN-25831HGN-25841HGN-25851HGN-25861価格¥4,500¥5,400¥6,000¥6,700¥7,200¥7,900各¥4,200115介護 予防メディカルフィットネス筋力トレーニングROMエクササイズバラ ンス訓練起立 ・歩行 訓練有酸素トレーニングリハビリテーション室備品HGN-26107 ¥3,800 極弱 黄色HGN-26100 ¥3,900 弱 赤色HGN-26101 ¥4,900 中 緑色HGN-26102 ¥5,900 強 青色HGN-26020HGN-26030HGN-26040HGN-26050HGN-26060HGN-26033HGN-26043HGN-26053HGN-26063の可動域を広げるためのエクササイズに。フレックスバー  「曲げる」「振る」「ねじる」ことで握力や上半身の筋力強化や関節セラバンド  ハンドエクササイザー   送料 A指先や握力のトレーニングに。セラバンド  ハンドエクササイザー XL  送料 Aソフトウエイトボール  片手で持てる大きさのウエイトボール。重さによって色分けされています。ボール自体は柔らかくつかみやすい材質です。上肢や体幹の筋力強化やハンドグリップトレーニングに最適です。","フレックスバー  送料 A
「曲げる「」振る「」ねじる」ことで握力や上半身の筋力強化や関節
の可動域を広げるためのエクササイズに。
HGN-26101
HGN-26102
HGN-26100型式価 格強 度色抵抗値寸法（mm）質量
(Uの字に曲げた時)
HGN-2610 7¥3,80 0極 弱黄色約2.5k g約φ35×約300 L約290g
HGN-2610 0¥3,90 0 弱赤色約4.5k g約φ38×約300 L約320g
HGN-2610 1¥4,90 0 中緑色   約7k g約φ45×約300 L約460g
HGN-2610 2¥5,90 0 強青色 約11k g約φ50×約300 L約540g評価測定
HGN-26107
WEBはこちら運動療法
水治療法
物理療法
セラバン ド ハンドエクササイザー   送料 A
HGN-26020指先や握力のトレーニングに。救急
HGN-26030
抵抗
HGN-26040型式価格強 度色寸 法質量材質
(50％圧縮時)
HGN-26050ＡＤＬ・
HGN-26020極 弱黄色約0.7kg作業療法
HGN-26060HGN-26030 弱赤色約1.4kg
HGN-26040各¥3,200 中緑色約2.3kgφ5c m約50 gポリウレタン
言語療法
HGN-26050 強青色約3.6kg
HGN-26060最 強黒色約7.7kg
自立支援
機器
衛生・
防災 
セラバン ド ハンドエクササイザー XL  送料 A
HGN-26033介護用
HGN-26043抵抗入浴機器
HGN-26053型式価格強 度色寸 法質量材質
(50％圧縮時)
HGN-26063　
HGN-26033 弱赤色約1.4kg
HGN-26043 中緑色約2.3kgφ5×
各¥4,200約70 gポリウレタン
WEBはこちらHGN-26053 強青色約3.6kg7.6cm
HGN-26063最 強黒色約7.7kg
介 護予防
メディカル
フィットネス
筋力
トレーニング
ROM
ソフトウエイトボール  送料 Aエクササイズ
片手で持てる大きさのウエイトボール。バ ランス
訓練
重さによって色分けされています。ボール自体は柔らかくつかみやすい材質
起 立・
です。上肢や体幹の筋力強化やハンドグリップトレーニングに最適です。歩 行訓練
型式価格色寸法質量材質有酸素
トレーニング
HGN-25811HGN-25821HGN-25811¥4,500ベージュ0.5kgリハビリ
HGN-25821¥5,400黄色1.0kgテーション
室備品
HGN-25831¥6,000赤色φ11.5cm1.5kg表面／PVC　
HGN-25841¥6,700緑色2.0kg充填物／スチール
HGN-25851¥7,200青色2.5kg
HGN-25861¥7,900黒色3.0kg
HGN-25831HGN-25841
HGN-25851HGN-25861
115"
117,MMTX5J7A0X4AW,運動療法,筋力トレーニング,"徳用標準徳用弱中強弱中強色黄赤緑青黒銀金黄赤緑青黒銀金色青緑黄赤緑黒黒赤銀青弱中強色評価測定運動療法水治療法物理療法救急ＡＤＬ・作業療法言語療法自立支援機器衛生・防災 介護用入浴機器標準型式7169-007169-017169-027169-037169-047169-057169-067169-077168-007168-017168-027168-037168-047168-057168-067168-07価格 ¥2,800 ¥2,900 ¥3,000 ¥3,300  ¥4,000  ¥4,600 ¥6,200  ¥9,400 ¥19,000¥20,000¥21,000¥22,000¥25,000¥28,000¥36,000¥48,000型式価格強度型式HGN-11878HGN-11879HGN-11880HGN-11881HGN-11882価格¥14,200¥14,700¥16,000¥18,000¥18,5007161-0025  ¥3,000 最弱 ベージュ    φ4.5mm×7.6m7161-0125  ¥3,400   φ7.3mm×7.6m弱7161-0225  ¥3,900 中弱7161-0325  ¥4,100中7161-0425  ¥4,600強7161-0525  ¥4,900 最強7161-0625  ¥5,800 極最強7161-007161-017161-027161-037161-047161-057161-06生活習慣病予防や術後リハ、スポーツトレーニングに。多様な場面で使われています。エクササイズマニュアル送料 A強度寸法最弱ベージュ中弱5.5m最強極最強最最強最弱ベージュ中弱45m最強極最強最最強送料 A寸法   φ7.8mm×7.6m   φ8.2mm×7.6m   φ8.6mm×7.6m   φ9.1mm×7.6m φ10.1mm×7.6m銀 ¥10,500 最弱 ベージュ   φ4.5mm×30m ¥12,000  φ7.3mm×30m黄弱 ¥13,700 中弱 ¥14,500中¥16,100強¥18,000 最強¥21,000 極最強  φ7.8mm×30m  φ8.2mm×30m  φ8.6mm×30mφ10.1mm×30m  φ9.1mm×30m強度黄色中弱赤色緑色青色最強黒色セラバンド 上肢・下肢の多彩な運動バリエーションが可能。色別に8種の伸縮度があり、目的に合わせて使い分けできます。伸縮性に富んだラテックスゴム製。セラバンド チューブ セラバンドの素材をチューブ状に。伸縮度は7種類あり、色別になっています。チューブ内径はすべて5.1mmと均一になっています。スターターディスペンサーパック 約1.5m×15パック  送料 Aセラバンド約1.5mが15パック入っています。多人数で使用する場合、切り分けの必要がなく便利です。116徳用介護予防メディカルフィットネス筋力トレーニングROMエクササイズバランス訓練起立・歩行訓練有酸素トレーニングリハビリテーション室備品標準※ 外形寸法は製造工程上誤差が生じる場合があります。※ 製造工程上一枚のロールではなく、途中が断絶されている場合がありますので、あらかじめご了承ください。※外径寸法は製造工程上、±0.4mmの誤差が生じる場合があります。※ 製造工程上一本のゴムではなく、途中が断絶されている場合がありますので、あらかじめご了承ください。※ 外形寸法は製造工程上誤差が生じる場合があります。エクササイズバンド","エクササイズ
マニュアル
生活習慣病予防や術後リハ、スポーツトレーニングに。多様な場面で使われています。
エクササイズバンド
セラバンド 送料 A
上肢・下肢の多彩な運動バリエーションが可能。
評価測定色別に8種の伸縮度があり、目的に合わせて使い分けできます。
伸縮性に富んだラテックスゴム製。
運動療法型式価格強度色寸法
7169-00 ¥2,800最弱ベージュ
7169-01 ¥2,900弱黄
水治療法7169-02 ¥3,000中弱赤
標7169-03 ¥3,300 中緑5.5m
準7169-04 ¥4,000 強青
物理療法
7169-05 ¥4,600最強黒
標準
7169-06 ¥6,200 極最強銀
7169-07 ¥9,400 最最強金
救急
7168-00¥19,000最弱ベージュ
7168-01¥20,000弱黄
ＡＤＬ・7168-02¥21,000中弱赤
作業療法徳7168-03¥22,000中緑45m
用7168-04¥25,000強青
言語療法7168-05¥28,000最強黒
徳用7168-06¥36,000極最強銀
7168-07¥48,000最最強金
自立支援※ 外形寸法は製造工程上誤差が生じる場合があります。
機器※ 製造工程上一枚のロールではなく、途中が断絶されている場合がありますので、
あらかじめご了承ください。
衛生・
防災 
セラバンド チューブ 送料 A
介護用
入浴機器セラバンドの素材をチューブ状に。
伸縮度は7種類あり、色別になっています。
チューブ内径はすべて5.1mmと均一になっています。
型式価格強度色寸法
7161-002 5 ¥3,00 0最 弱ベージ ュ   φ4.5mm×7.6m
7161-012 5 ¥3,400弱黄   φ7.3mm×7.6m
介護予防
7161-022 5 ¥3,90 0中弱赤   φ7.8mm×7.6m
メディカル標7161-032 5 ¥4,100中緑   φ8.2mm×7.6m
フィットネス準
7161-042 5 ¥4,600強青   φ8.6mm×7.6m
筋力
トレーニング7161-052 5 ¥4,90 0最強黒   φ9.1mm×7.6m
ROM7161-062 5 ¥5,80 0極最強銀 φ10.1mm×7.6m
エクササイズ7161-00 ¥10,50 0最 弱ベージ ュ  φ4.5mm×30m
バランス7161-01 ¥12,000弱黄  φ7.3mm×30m
訓練
7161-02 ¥13,70 0中弱赤  φ7.8mm×30m
歩起立行・訓練徳用7161-03 ¥14,500中緑  φ8.2mm×30m
7161-04¥16,100強青  φ8.6mm×30m
有酸素
トレーニング7161-05¥18,00 0最強黒  φ9.1mm×30m
リハビリ※外径寸法は製造工程上、±0.4mmの誤差が生じる場合があります。7161-06¥21,00 0極最強銀φ10.1mm×30m
テ室ー備シ品ョン※ 製造工程上一本のゴムではなく、途中が断絶されている場合がありますので、
あらかじめご了承ください。
スターターディスペンサーパック 約1.5m×15パック  送料 A
セラバンド約1.5mが15パック入っています。
多人数で使用する場合、切り分けの必要がなく便利です。
型式価格強度色
HGN-11878¥14,200弱黄色
HGN-11879¥14,700中弱赤色
HGN-11880¥16,000中緑色
HGN-11881¥18,000強青色
HGN-11882¥18,500最強黒色
※ 外形寸法は製造工程上誤差が生じる場合があります。
116"
118,MMTX5J9EDTJFC,運動療法,筋力トレーニング,"弱中強弱中強弱中強色評価測定運動療法水治療法物理療法救急ＡＤＬ・作業療法言語療法自立支援機器衛生・防災 介護用入浴機器　　※ 外形寸法は製造工程上誤差が生じる場合があります。エクササイズ ハンドル  HGN-22120（2個1組）  ドアアンカー  HGN-22130  型式HGN-20810HGN-20820HGN-20830HGN-20840HGN-20811HGN-20821HGN-20831HGN-20841HGN-20812HGN-20822HGN-20832HGN-20842送料 A¥3,800握りやすいグリップハンドルです。セラバンドの変更や長さの調節も簡単です。質量 約55g送料 A¥1,900ドアアンカーをドアに挟み、セラバンドを固定します。室内にセラバンドを引っかける場所がない場合にとても便利です。送料 A寸法20.5cm30.5cm45.5cm送料 A¥980ループ状のストラップにセラバンドを通して使用します。手足やバーなどに引っかけて使用できます。送料 A¥3,800手関節や足関節などに巻いたストラップにセラバンドを取り付けて使用します。ストラップの内側はクッション性があります。バンドループ  ループ形状のため、結ぶ必要がなく使用できます。用途に合わせ、強度、長さを選べます。アシストストラップ  HGN-22010  エクストリミティ ストラップ   HGN-22140（2個1組）  価格¥1,000¥1,200¥1,300¥1,400¥1,200¥1,400¥1,500¥1,700¥1,500¥1,700¥1,800¥2,000強度黄色中弱赤色緑色青色黄色中弱赤色緑色青色黄色中弱赤色緑色青色117介護 予防メディカルフィットネス筋力トレーニングROMエクササイズバラ ンス訓練起立 ・歩行 訓練有酸素トレーニングリハビリテーション室備品","バンドループ  送料 A
ループ形状のため、結ぶ必要がなく使用できます。用途に合わせ、強
度、長さを選べます。
型式価格強度色寸法
HGN-20810¥1,000弱黄色
HGN-20820¥1,200中弱赤色
20.5cm
HGN-20830¥1,300中緑色
HGN-20840¥1,400強青色
評価測定
HGN-20811¥1,200弱黄色
HGN-20821¥1,400中弱赤色
30.5cm
HGN-20831¥1,500中緑色
運動療法
HGN-20841¥1,700強青色
HGN-20812¥1,500弱黄色
HGN-20822¥1,700中弱赤色
45.5cm水治療法
HGN-20832¥1,800中緑色
HGN-20842¥2,000強青色
※ 外形寸法は製造工程上誤差が生じる場合があります。物理療法
救急
ＡＤＬ・
作業療法
言語療法
自立支援
機器
衛生・
防災 
介護用
入浴機器
　
エクササイズ ハンドル  送料 Aアシストストラップ  送料 A
HGN-22120（2個1組）  ¥3,800HGN-22010  ¥980
握りやすいグリップハンドルです。セラバンドの変更や長さの調節も簡ループ状のストラップにセラバンドを通して使用します。手足やバーな
単です。どに引っかけて使用できます。介 護予防
質 量約55gメディカル
フィットネス
筋力
トレーニング
ROM
エクササイズ
バ ランス
訓練
起 立・
歩 行訓練
有酸素
トレーニング
リハビリ
テーション
室備品
　
ドアアンカー  送料 Aエクストリミティ ストラップ   送料 A
HGN-22130  ¥1,900HGN-22140（2個1組）  ¥3,800
ドアアンカーをドアに挟み、セラバンドを固定します。室内にセラバンド手関節や足関節などに巻いたストラップにセラバンドを取り付けて使用
を引っかける場所がない場合にとても便利です。します。ストラップの内側はクッション性があります。
117"
119,MMTX5JAYVHMU6,運動療法,ROMエクササイズ,"単品カタログ特管 G6管理膝用ＣＰＭ スペクトラ （スタンダードタイプ） CPM-SP100 〈認証番号21900BZX00209000〉 整形外科手術後における早期リハビリテーションのパートナー。軽量・コンパクト化を実現し、病室間の移動労力を軽減。重さ12kg、全長95cmにし、「重たい」「大きい」という膝用CPMのデメリットを一掃しました。軸ずれしにくく、ベッドの上でも抜群の安定感。早期リハビリテーションが、より安全に行えます。早期リハをサポートする充実機能を装備。早期から容態や回復状況に合った設定が行える2つのモードを搭載しました。他動運動に徐々に慣らすことができるウォームアップ機能も搭載。使用頻度の高いROM範囲やスピードなどを、あらかじめ16パターンまで設定でき、複数の患者への対応も効率的に行えます。膝用ＣＰＭ118送料 C  ¥2,500,000950（L）×330（W）×330（H）mm約12kg45°〜155°/min（5段階設定）6段階0〜24時間0〜900秒単相100V（50/60Hz）15A50VA（50/60Hz）大腿部サポート、下肢部サポート、フットサポートモデュレーションモード設定、バイパスモード設定、ウォームアップ機能、操作ロック機能、イニシャルチェック機能、メンテナンスアラーム寸法質量速度フォース設定タイマー設定ポーズ設定電源電源入力プログラム内容 16パターンの設定・登録が可能付属品機能持ち運びしやすいグリップハンドルハンドコントローラー評価測定運動療法水治療法物理療法救急ＡＤＬ・作業療法言語療法自立支援機器衛生・防災 介護用入浴機器介護予防メディカルフィットネス筋力トレーニングROMエクササイズバランス訓練起立・歩行訓練有酸素トレーニングリハビリテーション室備品［ROM設定範囲］−10°〜120°［運動軸設定］膝関節［適用身長］145〜195cm高品質で耐久性の高いフランス kinetec社のCPMブランドは、世界100カ国以上で使用されています。人間工学に基づいたデザインの樹脂製パッド仕様で衛生的。感染症予防のために下肢を支持するパッド部分が樹脂製で出来ているため、簡単に汚れの拭き取りができ、手間なく衛生的に使用できます。膝用CPMは、3種類のラインナップを揃えており、非常に頑丈でベッド上でも抜群の安定感を誇ります。キネティック CP Mシリーズ","整形外科手術後における早期リハビリテーションのパートナー。
単品
キネティック C PMシリーズ カタログ
高品質で耐久性の高いフランス kinetec社のCPMブランドは、世界100カ国以上で使用されています。
評価測定
運動療法
水治療法
物理療法
救急
ＡＤＬ・
作業療法
言語療法
膝用ＣＰＭ
自立支援
機器
人間工学に基づいたデザインの樹脂製パッド仕様で衛生的。
感染症予防のために下肢を支持するパッド部分が樹脂製で出来ているため、簡単に汚れの拭き取りができ、手間なく衛生的に使用できます。
衛生・
防災 膝用CPMは、3種類のラインナップを揃えており、非常に頑丈でベッド上でも抜群の安定感を誇ります。
介護用
入浴機器
［ROM設定範囲］−10°〜120°膝用ＣＰＭ スペクトラ （スタンダードタイプ） 送料 C
［運動軸設定］膝関節CPM-SP100〈 認証番号21900BZX00209000〉 管理特 管G6  ¥2,500,000
［適用身長］145〜195cm軽量・コンパクト化を実現し、病室間の移動労力を軽減。
重さ12kg、全長95cmにし「、重たい「」大きい」という膝用CPMのデメ
リットを一掃しました。
介護予防
軸ずれしにくく、ベッドの上でも抜群の安定感。
メディカル早期リハビリテーションが、より安全に行えます。
フィットネス
筋力早期リハをサポートする充実機能を装備。
トレーニング早期から容態や回復状況に合った設定が行える2つのモードを搭載し
ROMました。
エクササイズ
他動運動に徐々に慣らすことができるウォームアップ機能も搭載。
バランス
使用頻度の高いROM範囲やスピードなどを、あらかじめ16パターン
訓練
まで設定でき、複数の患者への対応も効率的に行えます。
起立・
歩行訓練寸法950（L）×330（W）×330（H）mm
有酸素質量約12kg
トレーニング速度45°〜155°/min（5段階設定）
リハビリフォース設定6段階
テーション
室備品タイマー設定0〜24時間
ポーズ設定0〜900秒
電源単相100V（50/60Hz）15A
電源入力50VA（50/60Hz）
プログラム内 容16パターンの設定・登録が可能
付属品大腿部サポート、下肢部サポート、フットサポート
機能モデュレーションモード設定、バイパスモード設定、ウォームアップ機
能、操作ロック機能、イニシャルチェック機能、メンテナンスアラーム
ハンドコントローラー持ち運びしやすいグリップハンドル
118"
120,MMTX5JCDL7V71,運動療法,ROMエクササイズ,"特管 G6管理特管 G6管理膝用ＣＰＭ パフォーマ （ハイグレードタイプ） CPM-3000 〈承認番号21900BZX00208000〉 膝用ＣＰＭ プライマプラス （シンプル＆リーズナブルタイプ）  送料 C  ¥1,700,000CPM-1000 〈承認番号21900BZX00210000〉 膝用CPM用カート CPM-CART 病室移動に便利な膝用CPM専用カート。評価測定運動療法水治療法物理療法救急ＡＤＬ・作業療法言語療法自立支援機器衛生・防災 介護用入浴機器　　介護 予防メディカルフィットネス筋力トレーニングROMエクササイズバラ ンス訓練起立 ・歩行 訓練有酸素トレーニングリハビリテーション室備品アナトミカルポジションが得られるハイグレードタイプ。軸を膝と股関節に的確に合わせる独特なフレーム構造です。運動のスタート・ストップ操作と、運動角度および速度のほかにタイマー、ポーズ（休止時間）、フォース（負荷強度）機能の設定ができます。適用身長範囲が112〜206ｃｍと広く、小児や高齢者から身長の高いスポーツ選手などに幅広く対応できます。シンプル、エコノミーなスタンダードタイプ。運動角度および速度の設定が、無段階で調節できます。膝用CPMシリーズの全機種に対応。膝用ＣＰＭオプション（膝用）119送料 C  ¥2,700,000送料 C¥150,000寸法 700（W）×410（Ｄ）×760（H）mm質量 約9kg［適用］スぺクトラ、パフォーマ、プライマプラス寸法1090（L）×330（W）×330（H）mm質量約15ｋｇ速度50°〜220°/ｍｉｎ（7段階設定）フォース設定6段階タイマー設定24時間ポーズ設定0〜900秒角度調節（フットプレート）底屈／0°〜40°、背屈／0°〜30°、内外転／各0°〜30°角度表示デジタル表示（膝関節）電源単相100V（50/60Hz）15A電源入力50VA（50/60Hz）付属品機能大腿部サポート、下肢部サポート、フットサポートアナトミカルポジション機能、操作ロック機能、イニシャルチェック機能、メンテナンスアラーム寸法質量速度角度調節角度表示電源電源入力電力付属品機能950（L）×330（W）×330（H）mm約11kg40°〜145°/min（無段階設定）（フットプレート）底屈／0°〜30°、背屈／0°〜30°アナログ表示（膝関節）単相100V（50/60Hz）15A50VA（50/60Hz）30W（50/60Hz)作動・停止スイッチ、大腿部サポート、下肢部サポート、フットサポートイニシャルチェック機能、メンテナンスアラームハンドコントローラーコントロールパネルハンドコントローラースペクトラ搭載時［ROM設定範囲］−3°〜130°［運動軸設定］股関節・膝関節［適用身長］112〜206cm［ROM設定範囲］ー5°〜115°［運動軸設定］膝関節［適用身長］145〜195cm","膝用ＣＰＭ
［ROM設定範囲］−3°〜130°膝用ＣＰＭ パフォーマ（ ハイグレードタイプ） 送料 C
［運動軸設定］股関節・膝関節CPM-3000〈 承認番号21900BZX00208000〉 管理特 管G6  ¥2,700,000
［適用身長］112〜206cmアナトミカルポジションが得られるハイグレードタイプ。
軸を膝と股関節に的確に合わせる独特なフレーム構造です。
運動のスタート・ストップ操作と、運動角度および速度のほかにタイ
マー、ポーズ（休止時間）、フォース（負荷強度）機能の設定ができます。
適用身長範囲が112〜206ｃｍと広く、小児や高齢者から身長の高い評価測定
スポーツ選手などに幅広く対応できます。
寸法1090（L）×330（W）×330（H）mm
質量約15ｋｇ運動療法
速度50°〜220°/ｍｉｎ（7段階設定）
フォース設定6段階
タイマー設定24時間
水治療法
ポーズ設定0〜900秒
角度調節（フットプレート）底屈／0°〜40°、背屈／0°〜30°、内外転／各0°〜30°
角度表示デジタル表示（膝関節）
電源単相100V（50/60Hz）15A物理療法
電源入力50VA（50/60Hz）
付属品大腿部サポート、下肢部サポート、フットサポート
機能アナトミカルポジション機能、操作ロック機能、イニシャルチェック機救急
能、メンテナンスアラーム
ＡＤＬ・
作業療法
ハンドコントローラー
言語療法
［ROM設定範囲］ー5°〜115°膝用ＣＰＭ プライマプラス （シンプル＆リーズナブルタイプ）  送料 C自立支援
機器
［運動軸設定］膝関節CPM-1000〈 承認番号21900BZX00210000〉 管理特 管G6  ¥1,700,000
［適用身長］145〜195cmシンプル、エコノミーなスタンダードタイプ。
衛生・
運動角度および速度の設定が、無段階で調節できます。防災 
寸法950（L）×330（W）×330（H）mm
質量約11kg
介護用
速度40°〜145°/min（無段階設定）入浴機器
角度調節（フットプレート）底屈／0°〜30°、背屈／0°〜30°
角度表示アナログ表示（膝関節）　
電源単相100V（50/60Hz）15A
電源入力50VA（50/60Hz）
電力30W（50/60Hz)
付属品作動・停止スイッチ、大腿部サポート、下肢部サポート、フットサポート
機能イニシャルチェック機能、メンテナンスアラーム介 護予防
メディカル
フィットネス
筋力
トレーニング
ROM
エクササイズ
バ ランス
訓練
起 立・
歩 行訓練
有酸素
トレーニング
ハンドコントローラーコントロールパネルリハビリ
テーション
室備品
　
オプション（膝用）
膝用CPM用カート 送料 C
CPM-CART ¥150,000
病室移動に便利な膝用CPM専用カート。
膝用CPMシリーズの全機種に対応。
寸 法700（W）×410（Ｄ）×760（H）mm
質 量約9kg
［適用］スぺクトラ、パフォーマ、プライマプラス
スペクトラ搭載時
119"
121,MMTX5JEF6QMPH,運動療法,ROMエクササイズ,"管理特管 G6管理特管 G6肩用CＰＭ センチュラ5 CPM-7500 〈承認番号21900BZX00204000〉 内・外旋 肘用ＣＰＭ エルボ CPM-6080 〈承認番号21900BZX00205000〉 姿勢を選ばずに、肘の安定した他動運動を実現。上肢の伸展・屈曲に連動させての、前腕の回内・外動作も行えます。患者の容態に応じて、座位の他ベッド上で寝た姿勢でも運動できます。握力の弱い方のために、固定用グローブが取り付けられます。移動用キャスター付き。送料 F  ¥3,500,0004つのモードを標準装備。肩関節の多様な運動をサポート。肩関節に伸展・屈曲、内・外転、内・外旋、水平伸展・水平屈曲の4モードを標準装備。シンクロモードでは、内・外転と内・外旋を合わせた運動が行えます。使用頻度の高い運動パターンを、最大で16パターンまでプログラムできるので、ＲＯＭ設定の手間が軽減できます。	デジタル表示で設定値が一目でわかります。送料 B  ¥2,100,000肩用CPM肘用CPM運動量増加機器加算保険適用の対象商品（センチュラ5・エルボ）120［運動モード（肩関節）］ 水平伸展・屈曲  伸展・屈曲 内・外転 シンクロ（内・外転＋内・外旋）［適用身長］140〜200cm［運動モード（肘関節・前腕）］ 伸展・屈曲 シンクロ（伸展・屈曲＋回内・外）［適用身長］140〜190cm760（L）×560（W）×1000（H）mm約28kg50°〜140°/min（5段階設定）0〜900秒単相100V（50/60Hz）15A50VA（50/60Hz）20W（50/60Hz）720（L）×650（W）×1300（H）mm約21kg最低／3分50秒、最高／1分（0°〜135°往復時）寸法質量速度タイマー設定 0〜24時間フォース設定 6段階ポーズ設定ROM設定範囲 水平伸展・水平屈曲／30°〜0°〜110°、伸展・屈曲／20°〜180°、内・外転／20°〜160°、内・外旋／内旋0°〜60°・外旋0°〜90°、シンクロモード（内・外転／20°〜160°、内・外旋／内旋0°〜30°・外旋0°〜90°）電源電源入力電力ハンドコントローラー寸法質量速度ROM設定範囲 伸展・屈曲／0°〜135°、回内・外／各0°〜90°単相100V（50/60Hz）15A電源50VA（50/60Hz）電源入力10W（50/60Hz）電力固定用グローブ※椅子は付属されておりません。●算定区分：H003-2リハビリテーション総合計画評価料「注5」運動量増加機器加算●施設基準：脳血管疾患等リハビリテーション料（Ⅰ）または（Ⅱ）の届出保険医療機関●対象：脳卒中又は脊髄障害の急性発症に伴う上肢又は下肢の運動機能障害を有する患者●内容：運動量増加機器を用いたリハ計画を策定し、当該機器を用いてリハを行った場合に算定●算定点数：月1回に限り150点を加算（原則1回限り、継続すべき医学的必要性が認められる場合に限り、発症日起算で2月を限度として月1回まで）評価測定運動療法水治療法物理療法救急ＡＤＬ・作業療法言語療法自立支援機器衛生・防災 介護用入浴機器介護予防メディカルフィットネス筋力トレーニングROMエクササイズバランス訓練起立・歩行訓練有酸素トレーニングリハビリテーション室備品H003-2リハビリテーション総合計画評価料の注5の注釈抜粋","肩用CPM
［運動モード（肩関節）］ 肩用CＰＭ センチュラ5 送料 F
水平伸展・屈曲  伸展・屈曲 
CPM-7500〈 承認番号21900BZX00204000〉 管理特 管G6  ¥3,500,000
内・外転 内・外旋 
4つのモードを標準装備。肩関節の多様な運動をサポート。
シンクロ（内・外転＋内・外旋）
肩関節に伸展・屈曲、内・外転、内・外旋、水平伸展・水平屈曲の4
［適用身長］140〜200cm
モードを標準装備。
シンクロモードでは、内・外転と内・外旋を合わせた運動が行えます。
評価測定使用頻度の高い運動パターンを、最大で16パターンまでプログラム
できるので、ＲＯＭ設定の手間が軽減できます。
デ ジタル表示で設定値が一目でわかります。
運動療法寸法760（L）×560（W）×1000（H）mm
質量約28kg
速度50°〜140°/min（5段階設定）
水治療法タイマー設 定0〜24時間
フォース設 定6段階
ポーズ設定0〜900秒
ROM設定範 囲水平伸展・水平屈曲／30°〜0°〜110°、伸展・屈曲／20°〜180°、
物理療法内・外転／20°〜160°、内・外旋／内旋0°〜60°・外旋0°〜90°、シン
クロモード（内・外転／20°〜160°、内・外旋／内旋0°〜30°・外旋0°
〜90°）
電源単相100V（50/60Hz）15A
救急
電源入力50VA（50/60Hz）
電力20W（50/60Hz）
ＡＤＬ・
作業療法
言語療法
ハンドコントローラー
自立支援
機器
肘用CPM
衛生・
防災 
［運動モード（肘関節・前腕）］ 肘用ＣＰＭ エルボ 送料 B
介護用伸展・屈曲 
CPM-6080〈 承認番号21900BZX00205000〉 管理特 管G6  ¥2,100,000
入浴機器
シンクロ（伸展・屈曲＋回内・外）
姿勢を選ばずに、肘の安定した他動運動を実現。
［適用身長］140〜190cm
上肢の伸展・屈曲に連動させての、前腕の回内・外動作も行えます。
患者の容態に応じて、座位の他ベッド上で寝た姿勢でも運動できま
す。握力の弱い方のために、固定用グローブが取り付けられます。
移動用キャスター付き。
介護予防寸法720（L）×650（W）×1300（H）mm
質量約21kg
メディカル
フィットネス速度最低／3分50秒、最高／1分（0°〜135°往復時）
ROM設定範 囲伸展・屈曲／0°〜135°、回内・外／各0°〜90°
筋力
トレーニング電源単相100V（50/60Hz）15A
電源入力50VA（50/60Hz）
ROM
エクササイズ電力10W（50/60Hz）
バランス
訓練
起立・
歩行訓練
有酸素
トレーニング
リハビリ
テーション
室備品
固定用グローブ
※椅子は付属されておりません。
運動量増加機器加算保険適用の対象商品（センチュラ5・エルボ）
H003-2リハビリテーション総合計画評価料の注5の注釈抜粋
●算定区分：H003-2リハビリテーション総合計画評価料「注5」運動量増加機器加算
●施設基準：脳血管疾患等リハビリテーション料（Ⅰ）または（Ⅱ）の届出保険医療機関
●対象：脳卒中又は脊髄障害の急性発症に伴う上肢又は下肢の運動機能障害を有する患者
●内容：運動量増加機器を用いたリハ計画を策定し、当該機器を用いてリハを行った場合に算定
●算定点数：月1回に限り150点を加算（原則1回限り、継続すべき医学的必要性が認められる場合に限り、発症日起算で2月を限度として月1回まで）
120"
122,MMTX5JFX1SVBO,運動療法,ROMエクササイズ,"特管 G6管理手指・手首用CPM ハンド アンド リスト CPM-0050 〈承認番号21900BZX00207000〉 評価測定運動療法水治療法物理療法救急ＡＤＬ・作業療法言語療法自立支援機器衛生・防災 介護用入浴機器　　介護 予防メディカルフィットネス筋力トレーニングROMエクササイズバラ ンス訓練起立 ・歩行 訓練有酸素トレーニングリハビリテーション室備品手指から手関節・前腕など、部位別に幅広く対応。手指は1指の単独運動から4指の同時運動が行えるほか、アクセサリーを交換するだけで手関節の掌背屈や前腕の回内・外運動など9パターンの運動が可能。デジタル操作でROM・運動時間・負荷強度などの設定が簡単に行えます。手指・手首用CPM121送料 A  ¥2,400,000寸法本体／450（W）×360（D）×300（H）mm質量本体／約8kg速度150°〜440°/min（9段階）機能操作ロック機能、イニシャルチェック機能フォース設定 6段階ポーズ設定 0〜900sec電源単相100V（50/60Hz）15A電源入力50VA（50/60Hz）付属品アクセサリー一式、アクセサリーケース手関節（手首・MP屈曲伸展）四指運動（イントリンシックプラス）手関節（掌背屈）複合運動（MP-PIP-DIP屈曲伸展）四指運動（DIP屈曲伸展）手関節（尺屈）四指運動（イントリンシックマイナス）前腕（回内・外）母指（内外転・屈曲伸展）","手指・手首用CPM
手指・手首用CPM ハンド アンド リスト 送料 A
CPM-0050〈 承認番号21900BZX00207000〉 管理特 管G6  ¥2,400,000
手指から手関節・前腕など、部位別に幅広く対応。
手指は1指の単独運動から4指の同時運動が行えるほか、アクセサリー
を交換するだけで手関節の掌背屈や前腕の回内・外運動など9パター
ンの運動が可能。
デジタル操作でROM・運動時間・負荷強度などの設定が簡単に行えます。評価測定
寸法本体／450（W）×360（D）×300（H）mm
質量本体／約8kg
速度150°〜440°/min（9段階）運動療法
機能操作ロック機能、イニシャルチェック機能
フォース設 定6段階
ポーズ設 定0〜900sec
水治療法
電源単相100V（50/60Hz）15A
電源入力50VA（50/60Hz）
付属品アクセサリー一式、アクセサリーケース
物理療法
救急
ＡＤＬ・
作業療法
言語療法
自立支援
機器
衛生・
防災 
四指運動（DIP屈曲伸展）
介護用
入浴機器
　
介 護予防
メディカル
フィットネス
筋力
トレーニング
前腕（回内・外）手関節（掌背屈）手関節（手首・MP屈曲伸展）手関節（尺屈）ROM
エクササイズ
バ ランス
訓練
起 立・
歩 行訓練
有酸素
トレーニング
リハビリ
テーション
室備品
　
母指（内外転・屈曲伸展）複合運動（MP-PIP-DIP屈曲伸展）四指運動（イントリンシックプラス）四指運動（イントリンシックマイナス）
121"
123,MMTX5JH9I7QPY,運動療法,バランス訓練,"詳しくはP.150バランスビーム AMB-BM（ブルー） AMB-CL2AMB-ELITE送料 A¥26,800平均台のような細長い形状で、歩行バランスを効果的に向上。ステップ・歩行動作バランスの協調性回復・向上運動に幅広く使えます。AMB-ELITESAMB-BMAMB-SLD寸法 外形／約1600（±50）（L）×240（±20）（W）×60（±5）（H）mm上辺部幅／130mm質量 約0.9kg※運動靴での使用はできません。素材特性上、ちぎれるなどの破損の原因となります。　寸法は製造工程上、誤差が生じる場合があります。トレーニングからリハビリテーションまで、バランス＆体幹強化に最適なスイス製マット。エアレックスマット抗　菌122評価測定運動療法水治療法物理療法救急ＡＤＬ・作業療法言語療法自立支援機器衛生・防災 介護用入浴機器介護予防メディカルフィットネス筋力トレーニングROMエクササイズバランス訓練起立・歩行訓練有酸素トレーニングリハビリテーション室備品菌をよせつけませんクローズドセル構造なので身体にやさしい弾力と保温性。細かい気泡（セル）を無数に含んだ構造なので、薄くても弾力があり、ショックをやわらげます。軽くて持ち運びやすく、耐久性に優れています。体温を保持し、床面の冷たさを伝えません。柔らかすぎず硬すぎず、理想的な弾性を実現。適度なクッション性を保ち、身体におよぶ衝撃を最小限に抑えます。硬いマット柔らかいマット清潔なトレーニング環境を維持。防水加工がされており、汚れてしまってもまるごと洗いができます。マットは原料段階から抗菌処理を施しているため、菌の増殖を防ぎ、安心です。非抗菌エアレックスマットフィットネスはもちろん、介護予防の現場でも活躍。バランスパッド","トレーニングからリハビリテーションまで、バランス＆体幹強化に最適なスイス製マット。
バランスパッド
評価測定
運動療法
水治療法
AMB-CL2AMB-ELITES
物理療法
救急
ＡＤＬ・
作業療法
言語療法
AMB-SLDAMB-ELITEAMB-BM
自立支援
機器
清潔なトレーニング環境を維持。クローズドセル構造なので身体にやさしい弾力と保温性。
衛生・
防災 防水加工がされており、汚れてしまってもま細かい気泡（セル）を無数に含んだ構造なので、薄くても弾力があり、ショックをやわらげます。
るごと洗いができます。軽くて持ち運びやすく、耐久性に優れています。
介護用マットは原料段階から抗菌処理を施している体温を保持し、床面の冷たさを伝えません。
入浴機器ため、菌の増殖を防ぎ、安心です。柔らかすぎず硬すぎず、理想的な弾性を実現。
適度なクッション性を保ち、身体におよぶ衝撃を最小限に抑えます。
非抗菌抗　菌
介護予防
メディカル
フィットネス
筋力
トレーニング
菌をよせつけません
ROM
エクササイズ
バランス
訓練
エアレックスマット硬いマット柔らかいマット
起立・
歩行訓練
有酸素
トレーニング
リハビリ
テーション
室備品
エアレックスマット
フィットネスはもちろん、介護予防の現場でも活躍。
バランスビーム 送料 A
AMB-BM（ブルー） ¥26,800
平均台のような細長い形状で、歩行バランスを効果的に向上。
ステップ・歩行動作バランスの協調性回復・向上運動に幅広く使えます。
詳しくは
寸 法外形／約1600（±50（）L）×240（±20（）W）×60（±5（）H）mm
P.150
上辺部幅／130mm
質 量約0.9kg
※運動靴での使用はできません。素材特性上、ちぎれるなどの破損の原因となります。
122　寸法は製造工程上、誤差が生じる場合があります。"
124,MMTX5JILSLL6V,運動療法,バランス訓練,"バランスパッド・エリート AMB-ELITE （ブルー） AMB-ELITES （ストーングレー） AMB-ELITEP （ピンク） AMB-ELITEK （キウイ） バランスパッド・セット  AMB-SET バランスパッド・XL AMB-XL（ブルー） バランスパッド・ソリッド  AMB-SLD（ロイヤルブルー） バランスパッド・クラウド  AMB-CL2（クラウドレッド） [セット構成]バランスパッド・ソリッド AMB-SLD評価測定運動療法水治療法物理療法救急ＡＤＬ・作業療法言語療法自立支援機器衛生・防災 介護用入浴機器　 　介護 予防メディカルフィットネス筋力トレーニングROMエクササイズバラ ンス訓練起立 ・歩行 訓練有酸素トレーニングリハビリテーション室備品バランスパッド・ソリッドグリップが効いた大きめの凹凸加工110kg/㎥27kPa87kPa両面に凹凸加工を施し、両面の使用が可能。素材の90％が空気からできた柔らかな使用感のバランスパッド。裸足で使用し、足裏の感覚受容器を刺激することで、トレーニング効果が得られます。［比較表］¥39,600¥31,200123送料 A¥15,600¥15,600¥15,600¥15,600送料 C¥133,200送料 B¥25,0002枚2枚バランスパッド・クラウド細かい凹凸加工・ワッフルパターン60kg/㎥18kPa68kPa※製造都合により、色の濃淡があります。※運動靴での使用はできません。素材特性上、ちぎれるなどの破損の原因となります。　寸法は製造工程上、誤差が生じる場合があります。質量 約1kｇ材質 PVC表面加工原材料密度 ISO1183-1圧縮硬度 25%圧縮50%圧縮 ISO3386-1送料 A¥19,800厚みを抑え、安定感のある硬いタイプ。高齢者や急性期のリハビリテーションに最適です。寸法 約460（±30）（Ｌ）×410（±30）（Ｗ）×50（±5）（Ｈ）mｍ寸法 約480（±30）（Ｌ）×400（±30）（Ｗ）×60（±5）（Ｈ）mｍ質量 約0.7ｋｇ材質 PVC送料 A¥15,600バランスパッドの中で最も柔らかいタイプ。より不安定な状態でトレーニングでき、バランス機能を高めることができます。寸法 約480（±30）（Ｌ）×400（±30）（Ｗ）×60（±5）（Ｈ）mｍ質量 約0.7kg材質 PVCバランスパッド・エリート AMB-ELITE、S、P、K 4枚（各1枚4色） ¥62,400バランスパッド・クラウド AMB-CL2バランスパッド・エリート55kg/㎥20kPa72kPa質量 約1.4ｋｇ材質 PVC硬い3種類のバランスパッドをセットにしました。バランスパッド・エリートの2倍の大きさ。ダイナミックなトレーニングが可能。寸法 約980（±30）（Ｌ）×410（±30）（Ｗ）×60（±5）（Ｈ）ｍｍ柔らかい","両面に凹凸加工を施し、両面の使用が可能。素材の90％が空気からできた柔らかな使用感のバランスパッド。
裸足で使用し、足裏の感覚受容器を刺激することで、トレーニング効果が得られます。
評価測定
運動療法
バランスパッド・ソリッド  送料 Aバランスパッド・エリート 送料 A水治療法
AMB-SLD（ロイヤルブルー） ¥19,800AMB-ELITE （ブルー） ¥15,600
厚みを抑え、安定感のある硬いタイプ。高齢者や急性期のAMB-ELITES（ ストーングレー） ¥15,600物理療法
リハビリテーションに最適です。AMB-ELITEP（ ピンク） ¥15,600
寸 法約460（±30（）Ｌ）×410（±30（）Ｗ）×50（±5（）Ｈ）mｍAMB-ELITEK（ キウイ） ¥15,600
質 量約1kｇ寸 法約480（±30（）Ｌ）×400（±30（）Ｗ）×60（±5（）Ｈ）mｍ救急
材 質PVC質 量約0.7ｋｇ
材 質PVC
ＡＤＬ・
作業療法
言語療法
自立支援
機器
衛生・
防災 
バランスパッド・クラウド  送料 Aバランスパッド・セット  送料 C介護用
入浴機器
AMB-CL2（クラウドレッド） ¥15,600AMB-SET ¥133,200
バランスパッドの中で最も柔らかいタイプ。より不安定な3種類のバランスパッドをセットにしました。　
状態でトレーニングでき、バランス機能を高めることができ
ます。[セット構成]
寸 法約480（±30（）Ｌ）×400（±30（）Ｗ）×60（±5（）Ｈ）mｍバランスパッド・ソリッ ドAMB-SLD2枚¥39,600
質 量約0.7kg介 護予防
バランスパッド・エリー トAMB-ELITE、S、P、 K4枚（各1枚4色 ）¥62,400
材 質PVC
バランスパッド・クラウ ドAMB-CL22枚¥31,200メディカル
フィットネス
筋力
［比較表］トレーニング
ROM
バランスパッド・ソリッドバランスパッド・エリートバランスパッド・クラウド
エクササイズ
グリップが効いた大きめの凹凸加工細かい凹凸加工・ワッフルパターンバ ランス
訓練
起 立・
歩 行訓練
表面加工
有酸素
トレーニング
硬い柔らかいリハビリ
テーション
室備品
原材料密度 ISO1183-1110kg/㎥55kg/㎥60kg/㎥　
圧縮硬度 25%圧縮27kPa20kPa18kPa
 ISO3386-1
 50%圧縮87kPa72kPa68kPa
バランスパッド・XL 送料 B
AMB-XL（ブルー） ¥25,000
バランスパッド・エリートの2倍の大きさ。
ダイナミックなトレーニングが可能。
寸 法約980（±30（）Ｌ）×410（±30（）Ｗ）×60（±5（）Ｈ）ｍｍ
質 量約1.4ｋｇ
材 質PVC
※製造都合により、色の濃淡があります。
※運動靴での使用はできません。素材特性上、ちぎれるなどの破損の原因となります。
　寸法は製造工程上、誤差が生じる場合があります。123"
125,MMTX5JJZ1U5YF,運動療法,バランス訓練,"444111評価測定運動療法水治療法物理療法救急ＡＤＬ・作業療法言語療法自立支援機器衛生・防災 介護用入浴機器  ※寸法は製造工程上、±5％程度の誤差が生じる場合があります。歩行訓練用リハビリテーションマット  リハウォーカー  送料 C¥128,000REHA ディジョックボード （セット） SPR-2600 ボード （丸） SPR-261  ボード （角） SPR-265  交換品消耗品［仕様および構成］転倒予防・歩行訓練に最適なトレーニングマット。足底に多く存在する固有感覚センサーを刺激する新しいコンセプトのトレーニングマットです。最適な実歩行訓練の環境を作り出し、転倒防止・歩行訓練・ロコモ対策・固有感覚刺激・バランストレーニングを可能にします。足底を「全面接地」させ、「揺れ」を作り、「動作」する。足底を全面接地させ、そこで起こる反発力や揺れによって、力の向き・方向・傾きなど多くの感覚を脳に送ります。不安定な状態で「動作（歩行）」することで、歩行時に必要な運動器全体を再教育し、不安定な身体を安定させようと無意識のトレーニングが行われます。リハウォーカー交換用カバー REHA-CO 124送料 A¥50,000送料 A¥19,800送料 B¥269,000外部環境の変化に即座に対応できる下肢機能の回復・強化に。関節構成体や固有受容器の働きが低下し、神経—運動器の協調に障がいをきたした時の協調性の改善に、非常に優れた効果を発揮します。スポーツ選手のウォーミングアップ・トレーニングにも威力を発揮します。各1各1各4ボス船底（大）ゴムマットボス船底（小）ピラミッドマット（丸）ボス（小）ピラミッドマット（角）寸法 2000（L）×500（W）×70（H）mm質量 4.0kgボード（丸・角）ピラミッドマット（丸・角）ボス（大）ボス（中）ボス（小）ボス船底（大）ボス船底（小）キャスター（大・小）ゴムマット質量キャスター（大）送料 A¥50,000キャスター（小）φ300×30、300×500×30mmφ290×5、290×490×5mmφ80×60mmφ60×40mmφ40×25mmφ160×60mmφ160×40mmφ63、φ40mm500×700×2mm約15kgボス（大）ボス（中）介護予防メディカルフィットネス筋力トレーニングROMエクササイズバランス訓練起立・歩行訓練有酸素トレーニングリハビリテーション室備品","歩行訓練用リハビリテーションマット  リハウォーカー  送料 C
REHA  ¥128,000
転倒予防・歩行訓練に最適なトレーニングマット。
足底に多く存在する固有感覚センサーを刺激する新しいコンセプトの
トレーニングマットです。最適な実歩行訓練の環境を作り出し、転倒防
止・歩行訓練・ロコモ対策・固有感覚刺激・バランストレーニングを可
能にします。
足底を「全面接地」させ「、揺れ」を作り「、動作」する。
評価測定
足底を全面接地させ、そこで起こる反発力や揺れによって、力の向き・
方向・傾きなど多くの感覚を脳に送ります。不安定な状態で「動作（歩
運動療法行）」することで、歩行時に必要な運動器全体を再教育し、不安定な身
体を安定させようと無意識のトレーニングが行われます。
寸 法2000（L）×500（W）×70（H）mm
水治療法質 量4.0kg
※寸法は製造工程上、±5％程度の誤差が生じる場合があります。
物理療法
消耗品
救急リハウォーカー交換用カバー 送料 A
REHA-CO ¥19,800
ＡＤＬ・
作業療法
言語療法
自立支援
機器
衛生・
防災 
介護用
入浴機器
ディジョックボード （セット） 送料 B
SPR-2600  ¥269,000
介護予防
外部環境の変化に即座に対応できる下肢機能の回復・強化に。
メディカル
関節構成体や固有受容器の働きが低下し、神経—運動器の協調に障が
フィットネス
いをきたした時の協調性の改善に、非常に優れた効果を発揮します。
筋力
トレーニングスポーツ選手のウォーミングアップ・トレーニングにも威力を発揮します。
ROM［仕様および構成］
エクササイズ
ボード（丸・角）φ300×30、300×500×30mm各1
バランス
訓練ピラミッドマット（丸・角）φ290×5、290×490×5mm各1
起立・ボス（大）φ80×60mm4
歩行訓練ボス（中）φ60×40mm4
有酸素ボス（小）φ40×25mm4
トレーニング
ボス船底（大）φ160×60mm1
リハビリ
テーションボス船底（小）φ160×40mm1
室備品
キャスター（大・小）φ63、φ40mm各4
ゴムマット500×700×2mm1
質量約15kg
ボス船底（大）
ゴムマット
キャスター（大）ボス（大）ボス船底（小）
交換品ピラミッド
マット（丸）
ボード（ 丸） 送料 Aボード（ 角） 送料 A
SPR-261  ¥50,000SPR-265  ¥50,000
キャスター（小）ボス（中）ボス（小）ピラミッドマット（角）
124"
126,MMTX5JLQ6VUWQ,運動療法,バランス訓練,"色赤青黄赤青赤色青赤黄評価測定運動療法水治療法物理療法救急ＡＤＬ・作業療法言語療法自立支援機器衛生・防災 介護用入浴機器　  　バランスシート HT-100R（赤） HT-100B（青） フィジオロールボール バレルロール PC-4163B ロッカーバランス  送料 B¥120,000PC-4811   質量460（L）×610（W）×160（H）mm約5kg木製タンブルフォームコート65kgまで寸法質量  φ55cm  800g  φ65cm1100g  φ75cm1300g  φ85cm2000g  φ95cm2400gφ120cm4000g手軽にどこでもバランストレーニング。不安定要素を生かしたバランスシート上で運動を行うことにより、無意識のうちに不活動筋が働き、活動量を増やすことができます。裏面にあるボール形状により前後左右のあらゆる方向に傾斜することができます。座位のバランストレーニングやストレッチングに最適です。バランスシートに乗るだけで正しい姿勢が取れますので腰痛予防に役立ちます。正しい骨盤の動きの再教育ができます。125送料 A¥25,000¥25,000送料 B¥240,000AA9081A送料 A質量  860g1240g2290g型式PC-2769S(S)PC-2769M(M)PC-2769L(L)型式AA9080BAA9080CAA9080DAA9080EAA9080FAA9080G価格¥10,000¥11,500¥14,000¥18,000¥24,000¥39,000φ560×560（H）mm内径／φ300mm約9.2kg質量AA9081B価格¥14,000¥15,000¥25,000寸法φ30cmφ40cmφ55cmトレーニングボール 送料 Bバランス感覚や、前庭反射トレーニングに。寸法価格¥54,000 φ280mm 約1.0kg¥98,000 φ400mm 約2.5kg¥170,000 φ540mm 約6.0kgエクササイズボール 寸法 330（W）×330（D）×150（H）mm質量 740ｇ付属品 携帯用収納袋、シートパッドAA9081C送料 A型式AA9081AAA9081BAA9081C表面にタンブルフォームコートを施した、滑りにくいバランスボード。寸法質量材質耐荷重空洞の中をくぐったり、体重移動を利用して転がしたり。寸法介護 予防メディカルフィットネス筋力トレーニングROMエクササイズバラ ンス訓練起立 ・歩行 訓練有酸素トレーニングリハビリテーション室備品","バランスシート 送料 A
HT-100R（赤）  ¥25,000
HT-100B（青） ¥25,000
手軽にどこでもバランストレーニング。
不安定要素を生かしたバランスシート上で運動を行うことにより、無意
識のうちに不活動筋が働き、活動量を増やすことができます。
裏面にあるボール形状により前後左右のあらゆる方向に傾斜すること
ができます。座位のバランストレーニングやストレッチングに最適で
す。バランスシートに乗るだけで正しい姿勢が取れますので腰痛予防評価測定
に役立ちます。正しい骨盤の動きの再教育ができます。
寸 法330（W）×330（D）×150（H）mm
質 量740ｇ運動療法
付属 品携帯用収納袋、シートパッド
水治療法
物理療法
救急
ＡＤＬ・
作業療法
言語療法
自立支援
機器
衛生・
防災 
介護用
入浴機器
　
トレーニングボール 送料 Bロッカーバランス  送料 Bバレルロール 送料 B
バランス感覚や、PC-4811   ¥120,000PC-4163B  ¥240,000
前庭反射トレーニングに。表面にタンブルフォームコートを空洞の中をくぐったり、
介 護予防
型式価格寸法質量施した、滑りにくいバランスボード。体重移動を利用して転がしたり。
メディカル
PC-2769S(S)¥54,00 0φ280m m約1.0kg寸法460（L）×610（W）×160（H）mm寸法φ560×560（H）mmフィットネス
PC-2769M(M)¥98,00 0φ400m m約2.5kg質量約5kg内径／φ300mm
材質木製タンブルフォームコート質量約9.2kg筋力
PC-2769L(L)¥170,00 0φ540m m約6.0kgトレーニング
耐荷重65kgまで
ROM
エクササイズ
バ ランス
AA9081B訓練
起 立・
歩 行訓練
有酸素
トレーニング
リハビリ
テーション
室備品
　
AA9081A
AA9081C
エクササイズボール 送料 Aフィジオロールボール 送料 A
型式価格寸法質量色型式価格寸法質量色
AA9080B¥10,000  φ55cm  800g赤AA9081A¥14,000φ30cm  860g青
AA9080C¥11,500  φ65cm1100g青AA9081B¥15,000φ40cm1240g赤
AA9080D¥14,000  φ75cm1300g黄AA9081C¥25,000φ55cm2290g黄
AA9080E¥18,000  φ85cm2000g赤
AA9080F¥24,000  φ95cm2400g青
AA9080G¥39,000φ120cm4000g赤
125"
127,MMTX5JNLPY20F,運動療法,起立・歩行訓練,"チルトテーブル SPR-7000D,C チルトテーブル SPR-1000D,C 評価測定運動療法水治療法物理療法救急ＡＤＬ・作業療法言語療法自立支援機器衛生・防災 介護用入浴機器  介護予防メディカルフィットネス筋力トレーニングROMエクササイズバランス訓練起立・歩行訓練有酸素トレーニングリハビリテーション室備品必要な機能で選択できるチルトテーブルシリーズ。ベッド昇降タイプベッドの高さが調節できる昇降タイプ。トレーニングメニューが5段階に設定できます。［構成］本体 SPR-7001　マット SPR-3003D／C　フットスイッチ SPR-7002電動式普及タイプハンドスイッチでベッドの角度を簡単調節。［構成］本体 SPR-1000　マット SPR-3003D／Cオートプログラムフットスイッチ126送料 チャーター便¥3,050,000送料 チャーター便¥1,150,000寸法質量安全装置機能起立範囲駆動方式耐荷重電源電源入力電力フットプレート （無段階調節式）内反・外反調節（各0°〜35°）、底屈調節（0°〜30°）、背屈寸法質量機能起立範囲耐荷重電源電源入力フットプレート （2段階調節）底屈調節（10°、20°）、背屈調節（10°、20°）外形／2045（L）×750（W）×805〜1105（H）mmベッド面／1820（L）×660（W）×460〜760（H）mm昇降ストローク／300mm180kg緊急ダウンスイッチ、挟み込み防止機構、非常時ダウンバルブフットスイッチ、チャイム・メロディ機能、0°自動停止スイッチ、格納式手すり−8°〜0°〜90°電動油圧式100kg単相100V（50/60Hz）15A400VA380W（50Hz）470W（60Hz）調節（0°〜35°）、間隔調節（プレートセンターより左右各20mm内）外形／2040（L）×775（W）×930（H）mmベッド面／1820（L）×660（W）×600（H）mm80kg専用ハンドスイッチ、格納式手すり−8°〜0°〜90°100kg単相100V（50/60Hz）15A70VAマットカラーD（ライトグレー）C（ピンク）ストレッチャーや椅子からの移乗が簡単。格納式手すりを全タイプに採用しているので、ストレッチャーを隙間なく横付けでき、トランスファーがスムーズに行えます。身体の固定が簡単なグリップ付きの固定ベルトを採用。 患者の身体固定が楽に行えます。トレーニングをサポートするタイマー付き。残り時間を介助者が知らせ、積極的に立位を保つ助けとなります。チルトテーブル","必要な機能で選択できるチルトテーブルシリーズ。
チルトテーブル
ストレッチャーや椅子からの移乗が簡単。トレーニングをサポートするタイマー付き。
格納式手すりを全タイプに採用しているので、ストレッチャーを隙間残り時間を介助者が知らせ、積極的に立位を保つ助け
なく横付けでき、トランスファーがスムーズに行えます。となります。
評価測定
身体の固定が簡単なグリップ付きの固定ベルトを採用。
 患者の身体固定が楽に行えます。
運動療法
マットカラー
水治療法
D（ライトグレー）
ベッド昇降タイプオートプログラムフットスイッチ
物理療法
C（ピンク）
チルトテーブル 送料 チャーター便
救急
SPR-7000D,C  ¥3,050,000
ベッドの高さが調節できる昇降タイプ。
ＡＤＬ・トレーニングメニューが5段階に設定できます。
作業療法
［構成］本体 SPR-7001　マット SPR-3003D／C　フットスイッチ SPR-7002
言語療法
寸法外形／2045（L）×750（W）×805〜1105（H）mm
ベッド面／1820（L）×660（W）×460〜760（H）mm
昇降ストローク／300mm
自立支援質量180kg
機器安全装置緊急ダウンスイッチ、挟み込み防止機構、非常時ダウンバルブ
機能フットスイッチ、チャイム・メロディ機能、0°自動停止スイッチ、格納式手すり
衛生・起立範囲−8°〜0°〜90°
防災 駆動方式電動油圧式
耐荷重100kg
電源単相100V（50/60Hz）15A
介護用
電源入力400VA
入浴機器
電力380W（50Hz）470W（60Hz）
フットプレー ト（無段階調節式）内反・外反調節（各0°〜35°）、底屈調節（0°〜30°）、背屈
調節（0°〜35°）、間隔調節（プレートセンターより左右各20mm内）
介護予防
メディカル
フィットネス
筋力
トレーニング
ROM電動式普及タイプ
エクササイズ
バランス
訓練チルトテーブル 送料 チャーター便
起立・
歩行訓練SPR-1000D,C  ¥1,150,000
有酸素ハンドスイッチでベッドの角度を簡単調節。
トレーニング
リハビリ［構成］本体 SPR-1000　マット SPR-3003D／C
テーション
室備品
寸法外形／2040（L）×775（W）×930（H）mm
ベッド面／1820（L）×660（W）×600（H）mm
質量80kg
機能専用ハンドスイッチ、格納式手すり
起立範囲−8°〜0°〜90°
耐荷重100kg
電源単相100V（50/60Hz）15A
電源入力70VA
フットプレー ト（2段階調節）底屈調節（10°、20°）、背屈調節（10°、20°）
126"
128,MMTX5JRG1XVVS,運動療法,起立・歩行訓練,"水平位サポート台 SPR-3006（SPR-7000用） エクササイズミラー SPR-5130 足関節訓練起立板 SPR-3050 評価測定運動療法水治療法物理療法救急ＡＤＬ・作業療法言語療法自立支援機器衛生・防災 介護用入浴機器　  　介護 予防メディカルフィットネス筋力トレーニングROMエクササイズバラ ンス訓練起立 ・歩行 訓練有酸素トレーニングリハビリテーション室備品チルトテーブルオプションワークテーブル 送料 BSPR-3005（SPR-7000用）  ¥150,000トレーニング中の軽作業に。ワークテーブル上の緊急ダウンスイッチ（付属品）のセットが可能。送料 B¥40,000運動用ベッドとして使用する場合に、ベッドを水平位で保持するための補助脚。裏面はホワイトボードキャスター：ストッパー付き（2個）送料 H¥220,000立位・動作時や歩行中などの姿勢確認に。姿勢確認の目安となる縦・横の罫線ゴム（マグネット固定式）が付属しています。裏面はホワイトボード仕様。フットスイッチ付リモコンスタンド 送料 BSPR-8002（SPR-7000用）  ¥190,000緊急ダウンスイッチが押されると、チャイムと連動して点滅する緊急表示ランプや、緊急時にベッドダウンをワンタッチで停止させる非常停止スイッチなど、安全面も充実しています。127寸法質量材質付属品寸法290（D）×370（W）×950（H）mm操作パネル面高さ／850mm5kg操作パネル付スタンド、フットスイッチ、緊急表示ランプ、非常停止スイッチ、音声メッセージ質量機能718（W）×485（D）×1919（H）mm質量31.5kg材質フレーム／スチール、マット／ビニールレザー（抗菌・防汚加工）付属品尖足矯正板（リクライニング式／設定角度5°、10°、20°、30°）2個、内外反足矯正板（リクライニング式／設定角度5°、10°、20°）2個、固定ベルト（軀幹用1、両下肢用1）450（D）×800（W）×50（H）mm4.5kgプラスチック緊急ダウンスイッチ送料 H¥480,000立位訓練と利用者の自重を利用した尖足・内外反足の矯正訓練機器。寸法寸法外形／970（W）×500（D）×1830（H）mm鏡面寸法／870（W）×1650(Ｈ)mm質量約39kg材質鏡／5mm厚ガラス、フレーム／スチール、罫線／ゴム付属品罫線ゴム（縦・横）各1個、罫線用マグネット４個ホワイトボード用トレー１個キャスター ４個のうち対角で２個ストッパー付寸法質量材質付属品310（W）×256（D）×411（H）mm2.8kgスチールパイプ固定用ノブボルト","チルトテーブルオプション
評価測定
運動療法
水治療法
物理療法
救急
フットスイッチ付リモコンスタンド 送料 Bワークテーブル 送料 B水平位サポート台 送料 B
SPR-8002（SPR-7000用）  ¥190,000SPR-3005（SPR-7000用）  ¥150,000SPR-3006（SPR-7000用） ¥40,000
ＡＤＬ・
緊急ダウンスイッチが押されると、チャイムトレーニング中の軽作業に。運動用ベッドとして使用する場合に、ベッド作業療法
と連動して点滅する緊急表示ランプや、緊ワークテーブル上の緊急ダウンスイッチ（付を水平位で保持するための補助脚。
急時にベッドダウンをワンタッチで停止させ属品）のセットが可能。寸法310（W）×256（D）×411（H）mm
る非常停止スイッチなど、安全面も充実して寸法450（D）×800（W）×50（H）mm質量2.8kg言語療法
います。質量4.5kg材質スチールパイプ
付属品固定用ノブボルト
寸法290（D）×370（W）×950（H）mm材質プラスチック自立支援
操作パネル面高さ／850mm付属品緊急ダウンスイッチ機器
質量5kg
機能操作パネル付スタンド、フットスイッ
チ、緊急表示ランプ、非常停止スイッ衛生・
チ、音声メッセージ防災 
介護用
入浴機器
　
裏面は
ホワイトボード
介 護予防
メディカル
フィットネス
筋力
トレーニング
ROM
エクササイズ
バ ランス
訓練
起 立・
歩 行訓練
有酸素
トレーニング
リハビリ
テーション
室備品
　
キャスター：
ストッパー付き
（2個）
足関節訓練起立板 送料 Hエクササイズミラー 送料 H
SPR-3050  ¥480,000SPR-5130  ¥220,000
立位訓練と利用者の自重を利用した尖足・内外反足の矯正立位・動作時や歩行中などの姿勢確認に。
訓練機器。姿勢確認の目安となる縦・横の罫線ゴム（マグネット固定式）が付属し
寸法718（W）×485（D）×1919（H）mmています。
質量31.5kg裏面はホワイトボード仕様。
材質フレーム／スチール、マット／ビニールレザー（抗菌・防汚加工）寸法外形／970（W）×500（D）×1830（H）mm
付属品尖足矯正板（リクライニング式／設定角度5°、10°、20°、30°）2個、内外鏡面寸法／870（W）×1650(Ｈ)mm
反足矯正板（リクライニング式／設定角度5°、10°、20°）2個、固定ベルト質量約39kg
（軀幹用1、両下肢用1）
材質鏡／5mm厚ガラス、フレーム／スチール、罫線／ゴム
付属品罫線ゴム（縦・横）各1個、罫線用マグネット４個
ホワイトボード用トレー１個
キャスタ ー４個のうち対角で２個ストッパー付
127"
129,MMTX5JTI9HOMC,運動療法,起立・歩行訓練,"歩行訓練用階段 SP-210  歩行訓練用階段 SP-215  歩行訓練用階段 SP-220  評価測定運動療法水治療法物理療法救急ＡＤＬ・作業療法言語療法自立支援機器衛生・防災 介護用入浴機器    介護予防メディカルフィットネス筋力トレーニングROMエクササイズバランス訓練起立・歩行訓練有酸素トレーニングリハビリテーション室備品バスステップ SP-240 バスの乗り降りを想定したトレーニングに。寸法SP-220+SP-210+SP-215+SP-240送料 F¥390,000寸法 外形／1580（L）×975（W）×1195〜1495（H）mm踏面／900（W）×300（D）mm手すり／φ34×600〜900（H／踏面より）mmキャスター／φ100mm質量 約70kg材質 フレーム・カバー／スチール製メラミン塗装、踏板／木製、手すり／スチール製粉体塗装付属品 組立用工具その他 アジャスター／4個、キャスター／3個送料 D¥250,000目的と設置スペースに合わせて配列の組み替えが簡単にでき、移動も可能。パーツオプション（SP-220用）5段（蹴上げ100mm）3段（蹴上げ150mm）2段+踊場（蹴上げ200mm）128送料 F¥520,000寸法 外形／1425（L）×975（W）×1200〜1500外形／330（L）×910（W）×1585〜1625（H）mm踏面／800（W）×300（D）×360〜400（蹴上げ）mm手すり／φ34mm質量約30kg材質 ステップ／スチール製メラミン塗装、踏板／ゴム貼り、手すり／スチール製粉体塗装付属品 組立用工具その他 アジャスター／4個送料 F¥330,000寸法 外形／980（L）×975（W）×1190〜1490（H）mm踏面／900（W）×220（D）mm踊場／900（W）×900（D）×600（H／床面より）mm手すり／φ34×600〜900（H／踏面より）mmキャスター／φ100mm質量 約110kg材質 フレーム・カバー／スチール製メラミン塗装、踏板／木製、手すり／スチール製粉体塗装付属品 組立用工具その他 アジャスター／4個、キャスター／3個（H）mm踏面／900（W）×300（D）mm手すり／φ34×600〜900（H／踏面より）mmキャスター／φ100mm約95kg質量材質 フレーム・カバー／スチール製メラミン塗装、踏板／木製、手すり／スチール製粉体塗装付属品 組立用工具その他 アジャスター／4個、キャスター／3個いろいろな組み合わせが可能。蹴上げ高さは200mm（2段＋踊場）と150mm（3段）、100mm（5段）の3種類をご用意しました。踊場のあるSP-220をベースに、これらをストレート型／コーナー型のどちらにも、配列を簡単に組み替えられます。オプションでバスステップを組み合わせることもできます。移動性と安全性に配慮。キャスター付きなので、階段の組み替えや移動が容易。また、アジャスターを備えていますので、使用時には床面にしっかりと据え付けられます。手すりは組み替えや、高さ調節が可能。踊場の手すりは、ストレート型／コーナー型に対応できるようにスイング式になっています。高さはスケール付きで600〜900mmの間で無段階調節できます。歩 行訓練用階段","目的と設置スペースに合わせて配列の組み替えが簡単にでき、移動も可能。
 歩行訓練用階段
いろいろな組み合わせが可能。
蹴上げ高さは200mm（2段＋踊場）と150mm（3
段）、100mm（5段）の3種類をご用意しました。踊
評価測定場のあるSP-220をベースに、これらをストレート型
／コーナー型のどちらにも、配列を簡単に組み替え
られます。オプションでバスステップを組み合わせ
運動療法ることもできます。
移動性と安全性に配慮。
水治療法キャスター付きなので、階段の組み替えや移動が容
易。また、アジャスターを備えていますので、使用時
には床面にしっかりと据え付けられます。
物理療法
手すりは組み替えや、高さ調節が可能。
踊場の手すりは、ストレート型／コーナー型に対応
できるようにスイング式になっています。高さはス
救急
ケール付きで600〜900mmの間で無段階調節で
きます。
ＡＤＬ・SP-220+SP-210+SP-215+SP-240
作業療法
パーツ
言語療法
2段+踊場（蹴上げ200mm）5段（蹴上げ100mm）3段（蹴上げ150mm）
自立支援
機器
衛生・
防災 
介護用
入浴機器
介護予防
メディカル
フィットネス歩行訓練用階段 送料 F歩行訓練用階段 送料 F歩行訓練用階段 送料 F
筋力
SP-220   ¥520,000SP-210   ¥390,000SP-215   ¥330,000
トレーニング
寸 法外形／1425（L）×975（W）×1200〜1500寸 法外形／1580（L）×975（W）×1195〜1495寸 法外形／980（L）×975（W）×1190〜1490
ROM
エクササイズ（H）mm（H）mm（H）mm
踏面／900（W）×220（D）mm踏面／900（W）×300（D）mm踏面／900（W）×300（D）mm
バランス踊場／900（W）×900（D）×600（H／床面よ手すり／φ34×600〜900（H／踏面より）mm手すり／φ34×600〜900（H／踏面より）mm
訓練り）mmキャスター／φ100mmキャスター／φ100mm
起立・手すり／φ34×600〜900（H／踏面より）mm質量約95kg質 量約70kg
歩行訓練キャスター／φ100mm材 質フレーム・カバー／スチール製メラミン塗装、材 質フレーム・カバー／スチール製メラミン塗装、
有酸素質 量約110kg踏板／木製、手すり／スチール製粉体塗装踏板／木製、手すり／スチール製粉体塗装
トレーニング材 質フレーム・カバー／スチール製メラミン塗装、付属 品組立用工具付属 品組立用工具
リハビリ踏板／木製、手すり／スチール製粉体塗装その 他アジャスター／4個、キャスター／3個その 他アジャスター／4個、キャスター／3個
テーション付属 品組立用工具
室備品
その 他アジャスター／4個、キャスター／3個
オプション（SP-220用）
バスステップ 送料 D
SP-240  ¥250,000
バスの乗り降りを想定したトレーニングに。
寸法外形／330（L）×910（W）×1585〜1625（H）mm
踏面／800（W）×300（D）×360〜400（蹴上げ）mm
手すり／φ34mm
質量約30kg
材 質ステップ／スチール製メラミン塗装、踏板／ゴム貼り、手すり／スチール製粉体
塗装
付属 品組立用工具
その 他アジャスター／4個
128"
130,MMTX5JUTSPA4Y,運動療法,起立・歩行訓練,"詳しくはP.104歩行訓練用階段 150型 SP-150 エクササイズブロック EXB-100 歩行訓練用階段 100型 SP-100 リハステップ台 RSS-6 評価測定運動療法水治療法物理療法救急ＡＤＬ・作業療法言語療法自立支援機器衛生・防災 介護用入浴機器　  　介護 予防メディカルフィットネス筋力トレーニングROMエクササイズバラ ンス訓練起立 ・歩行 訓練有酸素トレーニングリハビリテーション室備品標準セット129送料 G¥910,000歩行訓練用階段  SP-220（2段＋踊場）  ¥520,000¥330,000歩行訓練用階段  SP-215（3段） 寸法 1915（L）×1455（W）×1200〜1500（H）mm（コーナー型に配置した場合）質量 約180kg送料 C¥59,0001枚ずつ単体で使用できるのはもちろん、上下の積み重ね、前後左右の連結で様々な運動に対応できるステップ台。上下に積み重ねるだけで段階的に高さ調節が可能です。ステップ台同士をはめ込むだけで、前後・左右に連結ができます。用途に合わせて、4方向にステップ幅が広げられます。質量 約19.5kg材質 木送料 G¥850,000送料 B¥200,000立ち上がりトレーニングや、手の支えによって段階的に腰を移動させながらの昇降トレーニングなどに使え、収納はコンパクト。寸法 格納時／730（W）×400（D）×400（H）mm高さ／100、200、300、400mm歩行訓練用階段  SP-220（2段＋踊場）  ¥520,000¥390,000歩行訓練用階段  SP-210（5段） 3000（L）×975（W）×1200〜1500（H）mm（ストレート型に配置した場合）寸法質量 約205kg寸法500（L）×400（W）×100（H）mm質量 約2.2kg耐荷重 100kg［構成］レッド3枚、グリーン3枚SP-100（ストレート型に配置）SP-150（コーナー型に配置）［構成］［構成］","標準セット
評価測定
運動療法
SP-100（ストレート型に配置）SP-150（コーナー型に配置）水治療法
歩行訓練用階段 100型 送料 G歩行訓練用階段 150型 送料 G物理療法
SP-100  ¥910,000SP-150  ¥850,000
救急
［構成］［構成］
歩行訓練用階段  SP-220（2段＋踊場）  ¥520,000歩行訓練用階段  SP-220（2段＋踊場）  ¥520,000
歩行訓練用階段  SP-210（5段） ¥390,000歩行訓練用階段  SP-215（3段） ¥330,000ＡＤＬ・
作業療法
寸法3000（L）×975（W）×1200〜1500（H）mm（ストレート型に配置した場合）寸 法1915（L）×1455（W）×1200〜1500（H）mm（コーナー型に配置した場合）
質 量約205kg質 量約180kg
言語療法
自立支援
機器
衛生・
防災 
介護用
入浴機器
　
介 護予防
メディカル
フィットネス
筋力
トレーニング
ROM
エクササイズ
バ ランス
訓練
起 立・
歩 行訓練
有酸素
トレーニング
リハビリ
テーション
室備品
　
詳しくは
P.104
リハステップ台 送料 Cエクササイズブロック 送料 B
RSS-6 ¥59,000EXB-100 ¥200,000
1枚ずつ単体で使用できるのはもちろん、上下の積み重ね、立ち上がりトレーニングや、手の支えによって段階的に腰を
前後左右の連結で様々な運動に対応できるステップ台。移動させながらの昇降トレーニングなどに使え、収納はコ
上下に積み重ねるだけで段階的に高さ調節が可能です。ンパクト。
ステップ台同士をはめ込むだけで、前後・左右に連結ができます。寸 法格納時／730（W）×400（D）×400（H）mm
用途に合わせて、4方向にステップ幅が広げられます。高さ／100、200、300、400mm
質 量約19.5kg
寸法500（L）×400（W）×100（H）mm
材 質木
質 量約2.2kg
耐荷 重100kg
［構成］レッド3枚、グリーン3枚
129"
131,MMTX5JW81M2YT,運動療法,起立・歩行訓練,"詳しくはP.124詳しくはP.122ペダル操作だけのワンアクションで、簡単に手すりの高さが調節可能。ストレートタイプループ＆ストレートタイプ130バランス訓練をきめ細かにサポート。外形／2500（L）×760（W）×1000（H）mm73kg外形／3500（L）×760（W）×1000（H）mm78kg手すりの直径／φ38mm、手すりの高さ／670〜1000mm手すり間の幅（内寸）／0〜562mm手すりの高さ調節ストローク／330mm台板／スチール・粉体塗装仕上、手すり／スチール・粉体塗装仕上、エンドキャップ／合成ゴム製、支柱／アルミニウムアルマイト仕上、支柱カバー／プラスチック手すりの高さ調節／無段階寸法質量外形／2500（L）×880〜1030（W）×1000（H）mm95kg［SP-735H］寸法質量外形／3500（L）×880〜1030（W）×1000（H）mm106kg［共通］寸法手すりの直径／φ38mm、手すりの高さ／670〜1000mm手すり間の幅（内寸）／412〜562mm手すりの高さ調節ストローク／330mm材質台板／スチール・粉体塗装仕上、手すり／スチール・粉体塗装仕上、エンドキャップ／合成ゴム製、支柱／アルミニウムアルマイト仕上、支柱カバー／プラスチック適応体重 90kg以下ピッチ手すりの高さ調節／無段階連動昇降式平行棒 シンクロレール 送料 G¥710,000SP-725H（2.5m） ¥730,000SP-735H（3.5m） ［SP-725H］ディジョックボード（セット）外部環境の変化に即座に対応できる下肢機能の回復・強化に。連動昇降式平行棒 シンクロレール 送料 G¥578,000SP-725S（2.5m） ¥598,000SP-735S（3.5m） ［SP-725S］バランスビーム平均台のような細長い 形 状で、歩 行バランスを効果的に向上。使用者の体格・状態に合わせて適切な高さ調節が可能です。寸法質量［SP-735S］寸法質量［共通］寸法材質適応体重 90kg以下ピッチ付属品 六角棒スパナ評価測定運動療法水治療法物理療法救急ＡＤＬ・作業療法言語療法自立支援機器衛生・防災 介護用入浴機器介護予防メディカルフィットネス筋力トレーニングROMエクササイズバランス訓練起立・歩行訓練有酸素トレーニングリハビリテーション室備品介助者がアプローチしやすい設計。手すりの下に障害物がなく、介助者が手すりの外から使用者にアプローチしやすい設計です。緊急時には介助者が手すりの下をくぐり、使用者へすばやく近づくことができます。移動・収納が容易。平行棒自体が床置式のため、簡単に移動ができます。使用しない時は、部屋の隅に移動させるなど、室内を有効に活用できます。※ストレートタイプSP-725S、735Sのみワンアクションで手すりの高さ調節。連動昇降機能によりペダルを踏むだけの簡単操作。ガススプリングのアシストにより、簡単に調節可能です。手すりの高さの無段階設定とスケール表示。手すりは床から670〜1000mm（調節幅330mm）の範囲で無段階に調節可能です。連動昇降式平行棒 シンクロレール","ペダル操作だけのワンアクションで、簡単に手すりの高さが調節可能。
連動昇降式平行棒 シンクロレール
ワンアクションで手すりの高さ調節。介助者がアプローチしやすい設計。
連動昇降機能によりペダルを踏むだけの簡単操作。ガススプリングのア手すりの下に障害物がなく、介助者が手すりの外から使用者にアプロー
シストにより、簡単に調節可能です。チしやすい設計です。緊急時には介助者が手すりの下をくぐり、使用者へ
評価測定すばやく近づくことができます。
手すりの高さの無段階設定とスケール表示。
手すりは床から670〜1000mm（調節幅330mm）の範囲で無段階に調
運動療法節可能です。
水治療法
物理療法
移動・収納が容易。
平行棒自体が床置式のため、簡単に移動
救急ができます。
使用しない時は、部屋の隅に移動させる
など、室内を有効に活用できます。
ＡＤＬ・使用者の体格・状態に※ストレートタイプSP-725S、735Sのみ
作業療法合わせて適切な高さ調
節が可能です。
言語療法
自立支援
機器
衛生・
防災 
介護用
入浴機器
ループ＆ストレートタイプストレートタイプ
連動昇降式平行棒 シンクロレール 送料 G連動昇降式平行棒 シンクロレール 送料 G
SP-725H（2.5m） ¥710,000SP-725S（2.5m） ¥578,000
SP-735H（3.5m） ¥730,000SP-735S（3.5m） ¥598,000
介護予防
［SP-725H］［SP-725S］
メディカル寸法外形／2500（L）×880〜1030（W）×1000（H）mm寸法外形／2500（L）×760（W）×1000（H）mm
フィットネス
質量95kg質量73kg
筋力［SP-735H］［SP-735S］
トレーニング
寸法外形／3500（L）×880〜1030（W）×1000（H）mm寸法外形／3500（L）×760（W）×1000（H）mm
ROM
エクササイズ質量106kg質量78kg
［共通］［共通］
バランス
訓練寸法手すりの直径／φ38mm、手すりの高さ／670〜1000mm寸法手すりの直径／φ38mm、手すりの高さ／670〜1000mm
手すり間の幅（内寸）／412〜562mm手すり間の幅（内寸）／0〜562mm
起立・
歩行訓練手すりの高さ調節ストローク／330mm手すりの高さ調節ストローク／330mm
材質台板／スチール・粉体塗装仕上、手すり／スチール・粉体塗装仕上、エンド材質台板／スチール・粉体塗装仕上、手すり／スチール・粉体塗装仕上、エンド
有酸素キャップ／合成ゴム製、支柱／アルミニウムアルマイト仕上、支柱カバー／プキャップ／合成ゴム製、支柱／アルミニウムアルマイト仕上、支柱カバー／プ
トレーニング
ラスチックラスチック
リハビリ
テーション適応体 重90kg以下適応体 重90kg以下
室備品ピッチ手すりの高さ調節／無段階ピッチ手すりの高さ調節／無段階
付属 品六角棒スパナ
バランス訓練をきめ細かにサポート。
ディジョックボード（セット）バランスビーム
外部環境の変化に即平均台のような細長
座に対応できる下肢 い 形状で、 歩行バラ
機能の回復・強化に。ンスを効果的に向上。
詳しくは詳しくは
P.124P.122
130"
132,MMTX9R2OL7WGJ,運動療法,起立・歩行訓練,"昇降式平行棒 （ループ＆ストレートタイプ） SP-335H （3.5m） 昇降式平行棒 （小児用） SP-360 （2.5m） 昇降式平行棒 （支持台） SP-380 （3.5m） SP-335送料 G/チャーター便外形寸法評価測定運動療法水治療法物理療法救急ＡＤＬ・作業療法言語療法自立支援機器衛生・防災 介護用入浴機器　　介護 予防メディカルフィットネス筋力トレーニングROMエクササイズバラ ンス訓練起立 ・歩行 訓練有酸素トレーニングリハビリテーション室備品ガススプリングによる高さ調節式の平行棒。手掌で体を支える歩行練習に。中枢神経障がいなどでバーを強く握りしめてしまう悪影響を防ぎます。131送料 G¥646,000送料 G¥415,000送料 チャーター便¥665,500昇降式平行棒 昇降式平行棒 （片マヒ用） SP-370 （3.5m） SP-315 ¥365,000 1.5m 1500（L）×760（W）×1015（H）mm 約60kgSP-335 ¥395,000 3.5m 3500（L）×760（W）×1015（H）mm 約71kgSP-350 ¥490,000 5m 5000（L）×760（W）×1015（H）mm 約79kg寸法寸法外形／3500（L）×880〜1030（W）×1045（H）mmバー高さ／695〜1015mm（50mmピッチ）バー直径／φ38mmバー間の幅（内寸）／412〜562mm昇降ストローク／320mm質量83kg材質バー／ステンレス、基台／スチール質量寸法外形／2500（L）×880（W）×990（H）mmバー高さ／400〜720mm（30mmピッチ）バー間の幅（内寸）／265〜425mm（10mmピッチ）バー直径／φ25.4mm昇降ストローク／320mm約66kgバー／ステンレス、基台／スチール質量材質送料 G¥450,000寸法外形／3500（L）×760（W）×1015（H）mm平行板高さ／695〜1015mm（50mmピッチ）平行板間の幅（内寸）／0〜460mm平行板幅／150mm（木製角形）昇降ストローク／320mm質量約79kg材質平行板／木製、基台／スチールロックロック解除型式価格 バー長バー高さ／695〜1015mm（50mmピッチ）バー間の幅（内寸）／0〜562mmバー直径／φ38mm昇降ストローク／320mmバー／ステンレス、基台／スチール材質外形／3500（L）×820（W）×1015（H）mmバー高さ／695〜1015mm（50mmピッチ）バー直径／φ38mmバー間の幅（内寸）／238mm昇降ストローク／320mm質量約65kg材質バー／ステンレス、基台／スチールスムーズな高さ調節。ガススプリング方式を採用し、楽に昇降させることができます。ワンタッチ操作で簡単ロック。高さ固定のピン差込とブレ止めの締めつけをノブのワンアクション操作で行えます。優れた視認性。バーの両端にゴム製のエンドキャップが付いていますので、安全性・視認性に優れています。片側のみの歩行練習に最適。寸法昇降式平行棒","ガススプリングによる高さ調節式の平行棒。
昇降式平行棒
スムーズな高さ調節。
ガススプリング方式を採用し、楽に昇降させることができます。
ワンタッチ操作で簡単ロック。評価測定
高さ固定のピン差込とブレ止めの締めつけをノブのワンアクション操作
で行えます。
運動療法
水治療法
昇降式平行棒 （ループ＆ストレートタイプ） 送料 G
SP-335H（ 3.5m） ¥646,000
物理療法
ロックロック解除寸法外形／3500（L）×880〜1030（W）×1045（H）mm
バー高さ／695〜1015mm（50mmピッチ）
優れた視認性。バー直径／φ38mm
バー間の幅（内寸）／412〜562mm救急
バーの両端にゴム製のエンドキャップが付いていますので、安全性・視昇降ストローク／320mm
認性に優れています。質量83kg
材質バー／ステンレス、基台／スチールＡＤＬ・
作業療法
言語療法
自立支援
機器
衛生・
防災 
介護用
入浴機器
SP-335
　
昇降式平行棒 送料 G/チャーター便昇降式平行棒 （小児用） 送料 G
型式価 格バー長外形寸法質量SP-360（ 2.5m） ¥415,000
SP-31 5¥365,00 01.5 m1500（L）×760（W）×1015（H）m m約60kg寸法外形／2500（L）×880（W）×990（H）mm
バー高さ／400〜720mm（30mmピッチ）介 護予防
SP-33 5¥395,00 03.5 m3500（L）×760（W）×1015（H）m m約71kg
バー間の幅（内寸）／265〜425mm（10mmピッチ）
SP-35 0¥490,00 05 m5000（L）×760（W）×1015（H）m m約79kgバー直径／φ25.4mmメディカル
フィットネス
寸法バー高さ／695〜1015mm（50mmピッチ）昇降ストローク／320mm
バー間の幅（内寸）／0〜562mm質量約66kg筋力
バー直径／φ38mm材質バー／ステンレス、基台／スチールトレーニング
昇降ストローク／320mmROM
材質バー／ステンレス、基台／スチールエクササイズ
バ ランス
訓練
起 立・
歩 行訓練
有酸素
トレーニング
リハビリ
テーション
室備品
　
昇降式平行棒 （片マヒ用） 送料 G昇降式平行棒 （支持台） 送料 チャーター便
SP-370（ 3.5m） ¥450,000SP-380（ 3.5m） ¥665,500
片側のみの歩行練習に最適。手掌で体を支える歩行練習に。
寸法外形／3500（L）×820（W）×1015（H）mm中枢神経障がいなどでバーを強く握りしめてしまう悪影響を防ぎます。
バー高さ／695〜1015mm（50mmピッチ）
寸法外形／3500（L）×760（W）×1015（H）mm
バー直径／φ38mm
平行板高さ／695〜1015mm（50mmピッチ）
バー間の幅（内寸）／238mm
平行板間の幅（内寸）／0〜460mm
昇降ストローク／320mm
平行板幅／150mm（木製角形）
質量約65kg昇降ストローク／320mm
材質バー／ステンレス、基台／スチール質量約79kg
材質平行板／木製、基台／スチール
131"
133,MMTX9R5BDCP74,運動療法,起立・歩行訓練,"カタログ可動式体重免荷装置 アンウェイシステム ネクステップ 送料 チャーター便 ¥3,500,000BDX-UWNX 起立から歩行におよぶ動作習得を幅広くサポートします。WEBはこちらバー高さ（ロープ長）設定スイッチ免荷量設定スイッチ自動免荷機能スイッチ送料 A¥350,000付属品組み合わせ例（推奨）オプション臀部ベルト、広めの大腿部ベルトに加え、ヒップエクステンションベルトも加えた圧力分散型タイプです。金属製バックルを採用。高い免荷量設定をしてもハーネスのズレが起こりにくく、安定した歩行訓練が行えます。体幹ベルトをバックルで留め、更に臀部をサポートするベルトを股下から鼠径部に通して固定します。「ゲイトトレーニングシステム3.1」 と組み合わせることで、使用者を免荷して転倒の危険性を抑制しながら、早期からのより安全な歩行トレーニングが可能になります。¥3,500,000¥6,300,000合計　¥9,800,000132質量約1.8kg適応範囲ウエスト／70〜120cm使用者体重135kgまで※T655MS・T661J（P.140）、DLFシリーズ（P.134）とも組み合わせ可能です。（適用身長がそれぞれ異なります）1360（L）×1210（W）×2390（H）mm手すり取付時／約670（W）×約975（H）mm、手すり取り外し可能1360（L）×830（W）×2010（H）mm約125kgAC100V 15A（24Vバッテリー内蔵）1270mm73kg135kg約185cm以下（トレッドミルベルト面高さ180mm以下の場合）約3.6kgウエスト／61〜137cm135kgまで骨盤の回旋重心の垂直変位寸法収納時寸法質量電源ロープ調節範囲最大免荷量最大利用者体重適用身長適合トレッドミル寸法 幅970mm以下、ベルト面の高さ340mm以下［付属品］セーフティハーネスBDXU-FW1式、スツール1台、骨盤安定用バンド2本、ACアダプター1個送料 A¥110,000質量適応範囲使用者体重評価測定運動療法水治療法物理療法救急ＡＤＬ・作業療法言語療法自立支援機器衛生・防災 介護用入浴機器介護予防メディカルフィットネス筋力トレーニングROMエクササイズバランス訓練起立・歩行訓練有酸素トレーニングリハビリテーション室備品片手で簡単設定。片 手 で 操 作 可 能 なコントローラーにより、ハーネスバーの位置調整や免荷量変更が簡単に行えます。コントローラー裏面のマグネットにより支柱のどこにでも取り付けできます。常に安定した免荷量を自動調整。歩行中にハーネスのスリップが起きた場合は、自動免荷機能によりハーネスバーを自動で巻き上げアジャストします。常に設定した免荷範囲での安定した自動制御が可能です。セーフティハーネス BDXU-SH2 BDX-UWNX中枢疾患等の早期の起立・歩行リハビリテーションのために、スムーズに安全に体重を免荷。機能的な歩行動作を制限しません。シングルポイントサスペンションにより、骨盤の回旋動作を制限することがありません。また、歩行中に生じる重心の上下動による免荷量変動も、ダイナミックサスペンション機能により、安定した免荷量を保つことができます。セーフティハーネス BDXU-FW 「ゲイトトレーニングシステム3.1」 との併用アンウェイシステム ネクステップゲイトトレーニングシステム3.1（標準タイプ） BDX-GTM3.1アンウェイシステム ネクステップ  単品","WEBはこちら
起立から歩行におよぶ動作習得を幅広くサポートします。
単品
アンウェイシステム ネクステップ  カタログ
中枢疾患等の早期の起立・歩行リハビリテーションのために、スムーズに安全に体重を免荷。
評価測定機能的な歩行動作を制限しません。片手で簡単設定。
シングルポイントサスペン 片 手 で 操 作 可 能なコント
ションにより、骨盤の回旋ローラーにより、ハーネスバー高さ（ロープ長）
運動療法動作を制限することがありバーの位置調整や免荷量変設定スイッチ
ません。また、歩行中に生更が簡単に行えます。コント
じる重心の上下動による免ローラー裏面のマグネット免荷量設定スイッチ
水治療法荷量変動も、ダイナミックにより支柱のどこにでも取
サスペンション機能により、り付けできます。
安定した免荷量を保つこと骨盤の回旋重心の垂直変位自動免荷機能スイッチ
物理療法ができます。
救急
常に安定した免荷量を自動調整。
ＡＤＬ・歩行中にハーネスのスリップが起きた場合は、自動免荷機能によりハー
作業療法ネスバーを自動で巻き上げアジャストします。常に設定した免荷範囲での
安定した自動制御が可能です。
言語療法
自立支援
機器可動式体重免荷装置 アンウェイシステム ネクステップ 送料 チャーター便
BDX-UWNX  ¥3,500,000
衛生・寸法1360（L）×1210（W）×2390（H）mm
防災 手すり取付時／約670（W）×約975（H）mm、手すり取り外し可能
収納時寸法1360（L）×830（W）×2010（H）mm
質量約125kg
介護用
入浴機器電源AC100V 15A（24Vバッテリー内蔵）
ロープ調節範囲1270mm
最大免荷量73kg
最大利用者体重135kg
適用身長約185cm以下（トレッドミルベルト面高さ180mm以下の場合）
適合トレッドミル寸 法幅970mm以下、ベルト面の高さ340mm以下
［付属品］セーフティハーネスBDXU-FW1式、スツール1台、骨盤安定用バンド2本、ACア
介護予防ダプター1個
メディカル
フィットネス
筋力
トレーニング
付属品オプション
ROM
エクササイズ
セーフティハーネス 送料 Aセーフティハーネス 送料 A
バランス
訓練BDXU-FW ¥110,000BDXU-SH2 ¥350,000
起立・高い免荷量設定をしてもハーネスのズレが臀部ベルト、広めの大腿部ベルトに加え、
歩行訓練
起こりにくく、安定した歩行訓練が行えます。ヒップエクステンションベルトも加えた圧力
有酸素
トレーニング体幹ベルトをバックルで留め、更に臀部をサ分散型タイプです。金属製バックルを採用。
リハビリポートするベルトを股下から鼠径部に通して質量約3.6kg
テーション
室備品固定します。適応範囲ウエスト／61〜137cm
使用者体重135kgまで
質量約1.8kg
適応範囲ウエスト／70〜120cm
使用者体重135kgまで
「ゲイトトレーニングシステム3.1」 との併用
「ゲイトトレーニングシステム3.1」 と組み合わせることで、使用者を免荷して転倒の危険性を抑制しながら、
早期からのより安全な歩行トレーニングが可能になります。
組み合わせ例（推奨）
アンウェイシステム ネクステップBDX-UWNX¥3,500,000
ゲイトトレーニングシステム3.1（標準タイプ ）BDX-GTM3.1¥6,300,000
合計　¥9,800,000
※T655MS・T661（JP.140）、DLFシリーズ（P.134）とも組み合わせ可能です。（適用身長がそれぞれ異なります）
132"
134,MMTX9R6SKC08X,運動療法,起立・歩行訓練,"※標準タイプにハンドレールの追加取り付けはできません。ゲイトトレーニングシステム３.1  送料 チャーター便¥6,300,000BDX-GTM3.1（標準タイプ） ¥6,500,000BDX-GTM3.1-SHR（ハンドレール付） ¥6,700,000BDX-GTM3.1-LHR（ロングハンドレール付）   BDX-GTM3.1（標準タイプ）寸法外形／2180（L）×800（W）×1450（H）mmベルト走行面／1600（L）×510（W）×150（H）mmハンドグリップ高／1020mm（ベルト面から手すり上部）質量約179kg速度正転／0.1〜16km/h、逆転／0.1〜4.8km/h（0.1km/h単位で変更可能）傾斜駆動方式0〜15%（1％単位で変更可能）DCモーター電源単相100V15A（単独回路）消費電力0.9kVA耐荷重約182kg脈拍ハンドグリップセンサー［構成］本体、カラープリンター、プリンタスタンドBDX-GTM3.1-SHR（ハンドレール付）BDX-GTM3.1-LHR（ロングハンドレール付）評価測定運動療法水治療法物理療法救急ＡＤＬ・作業療法言語療法自立支援機器衛生・防災 介護用入浴機器　  　介護 予防メディカルフィットネス筋力トレーニングROMエクササイズバラ ンス訓練起立 ・歩行 訓練有酸素トレーニングリハビリテーション室備品歩幅・歩行周期表示機能付 歩行トレーニングマシン。1332種類のフィードバック画面選択可能。【フットフォール表示】充実したトレーニング結果レポート。最終結果（サマリーレポート）、左右肢それぞれの歩幅推移を時間軸で評価したもの（ヒストグラムレポート）、回復過程（プログレス）を時系列で表したもの（プログレスレポート）の3種類を出力可能。歩幅・歩調の他、トレーニングの経過時間・速度・脈拍数などを、リアルタイムで表示します。【サマリーレポート】【ヒストグラムレポート】【プログレスレポート】【ヒストグラム表示】使用者の設定歩幅に対し、任意に上下幅を設定することでトレーニング目標を提示。経過を時間軸表示できます。（ゲイトトレーニング時は0.5km/h〜7.2km/h）【ダウンヒルウォーク（下り坂歩行）】逆回転制御機能により、エキセントリックな筋収縮を意識した下り坂歩行の練習にも応用できます。［傾斜］0〜15%　［逆回転速度］0〜4.8km/h【レトロウォーク（後ろ歩き）】レトロウォークは、普段あまり使用しない拮抗筋群のトレーニングをはじめ、人工関節利用者の歩行運動における、股・膝関節の屈曲運動や足関節の背屈運動にも促進効果が期待できます。さらにトレッドミルの前方を向いた状態で歩行が行えるので、利用者は安心して運動ができます。【カスタムプログラム作成機能】トレーニングの対象や目的にあわせて、標準のプロトコルが5種類あり、さらに2種類のカスタムプロトコルを作成できます。適正歩幅を視覚・聴覚のバイオフィードバックで アシスト。使用者に適した歩幅と歩行周期を自動的に設定して、画面上に目標となるゴールの幅を表示します。(任意設定可）実際の歩幅と適正歩幅を、画面上に「フット・マーク」で表示し適性歩幅を意識して習得します。またベルト速度とピッチ音とで歩調の感覚をフィードバックして、歩幅と同時に歩行リズムのトレーニングができます。極低速0.1km/hからの設定が可能。下肢の振出しがごくわずかな利用者に対応でき、0.1km/h単位の細かな設定が全速度域で可能です。効果的なトレーニングをサポートするワイド画面。15.6  インチのタッチパネル式高解像度カラーディスプレイ搭載。ワイドな画面サイズで、文字やグラフが見やすく、ソフトウェア、グラフィック、オーディオ機能が強化され、外部機器への接続が容易となります。トレッドミル付加機能。ゲイトトレーニングシステム３.1","歩幅・歩行周期表示機能付 歩行トレーニングマシン。
ゲイトトレーニングシステム３.1
適正歩幅を視覚・聴覚のバイオフィードバックで 
アシスト。
使用者に適した歩幅と歩行周期を自動的に設定して、画面上に
評価測定
目標となるゴールの幅を表示します。(任意設定可）
実際の歩幅と適正歩幅を、画面上に「フット・マーク」で表示し
適性歩幅を意識して習得します。またベルト速度とピッチ音とで
歩調の感覚をフィードバックして、歩幅と同時に歩行リズムのト運動療法
レーニングができます。
水治療法
極低速0.1km/hからの設定が可能。
下肢の振出しがごくわずかな利用者に対応でき、0.1km/h単位
の細かな設定が全速度域で可能です。物理療法
効果的なトレーニングをサポートするワイド画面。
救急
15.6  インチのタッチパネル式高解像度カラーディスプレイ搭
載。ワイドな画面サイズで、文字やグラフが見やすく、ソフトウェ
ア、グラフィック、オーディオ機能が強化され、外部機器への接ＡＤＬ・
続が容易となります。作業療法
（ゲイトトレーニング時は0.5km/h〜7.2km/h）
BDX-GTM3.1言語療法
トレッドミル付加機能。（標準タイプ）
【ダウンヒルウォーク（下り坂歩行）】自立支援
機器
逆回転制御機能により、エキセントリックな筋収縮を意識した下
り坂歩行の練習にも応用できます。2種類のフィードバック画面選択可能。
［傾斜］0〜15%　［逆回転速度］0〜4.8km/h衛生・
【フットフォール表示】【ヒストグラム表示】
防災 
【レトロウォーク（後ろ歩き）】
介護用
レトロウォークは、普段あまり使用しない拮抗筋群のトレーニン入浴機器
グをはじめ、人工関節利用者の歩行運動における、股・膝関節の
屈曲運動や足関節の背屈運動にも促進効果が期待できます。さ　
らにトレッドミルの前方を向いた状態で歩行が行えるので、利用
者は安心して運動ができます。歩幅・歩調の他、トレーニングの経使用者の設定歩幅に対し、任意に
過時間・速度・脈拍数などを、リア上下幅を設定することでトレーニ
【カスタムプログラム作成機能】ルタイムで表示します。ング目標を提示。経過を時間軸表介 護予防
示できます。
トレーニングの対象や目的にあわせて、標準のプロトコルが5種メディカル
類あり、さらに2種類のカスタムプロトコルを作成できます。充実したトレーニング結果レポート。フィットネス
最終結果（サマリーレポート）、左右肢それぞれの歩幅推移を時間軸で評筋力
トレーニング
価したもの（ヒストグラムレポート）、回復過程（プログレス）を時系列で表
したもの（プログレスレポート）の3種類を出力可能。ROM
エクササイズ
【サマリーレポート】【ヒストグラムレポート】【プログレスレポート】
バ ランス
訓練
起 立・
歩 行訓練
BDX-GTM3.1-SHR
（ハンドレール付）有酸素
トレーニング
リハビリ
テーション
室備品
　
ゲイトトレーニングシステム３.1  送料 チャーター便
BDX-GTM3.1（標準タイプ）  ¥6,300,000
BDX-GTM3.1-SHR（ハンドレール付）  ¥6,500,000
BDX-GTM3.1-LHR（ロングハンドレール付）   ¥6,700,000
寸法外形／2180（L）×800（W）×1450（H）mm
ベルト走行面／1600（L）×510（W）×150（H）mm
ハンドグリップ高／1020mm（ベルト面から手すり上部）
質量約179kg
速度正転／0.1〜16km/h、逆転／0.1〜4.8km/h（0.1km/h単位で変更
可能）
傾斜0〜15%（1％単位で変更可能）
駆動方式DCモーター
電源単相100V15A（単独回路）
BDX-GTM3.1-LHR消費電力0.9kVA
（ロングハンドレール付）耐荷重約182kg
脈拍ハンドグリップセンサー
※標準タイプにハンドレールの追加取り付けはできません。［構成］本体、カラープリンター、プリンタスタンド
133"
135,MMTX9R8DE24RS,運動療法,起立・歩行訓練,※傾斜時左右分離型低床トレッドミル DLF-35  送料 チャーター便DLF-35 御見積左右分離型低床トレッドミル DLF-45  送料 チャーター便DLF-45 御見積評価測定運動療法水治療法物理療法救急ＡＤＬ・作業療法言語療法自立支援機器衛生・防災 介護用入浴機器 介護予防メディカルフィットネス筋力トレーニングROMエクササイズバランス訓練起立・歩行訓練有酸素トレーニングリハビリテーション室備品DLF-35DLF-45走行面高さ35mm〜45mm。世界最薄低床トレッドミル。134外形寸法 2345（L）×822（W）×1078（H）mm走行面寸法 1840（L）×320（W）×2面質量［構成］トレッドミル本体、ノートPC（専用ソフトウェアインストール済）、パソコン台外形寸法 2385（L）×822（W）×1088（H）mm走行面寸法 1800（L）×320（W）×2面傾斜質量［構成］トレッドミル本体、ガードフェンス、ノートPC（専用ソフトウェアインストール済）、パソコン台［共通］駆動方式 ACサーボモーター方式入力電源 本体：単相200V 50/60Hz　2.5KVA、ＰＣ：単相100A 50/60Hz負荷荷重 100kg非常停止 押し釦式非常停止（取付方法：着脱式）速度計測同期非同期 左右のベルトは同期、非同期で速度調整が可能正転逆転 左右のベルトは正転・逆転運転が可能手摺幅手摺高操作※アンウェイシステムと組み合わせが可能です。（P.132）可変可能範囲700〜1000mm700mm※巻き込み防止スロープ含む　※補助手摺を除く手摺部最大高さ※床（接地面）からの高さ／35mm約140kg※巻き込み防止スロープ含む　※補助手摺を除く手摺部最大高さ※床（接地面）からの高さ／45mm0〜15%　※0.1％単位表示（0.5％単位表示切替可能）約175kg0.1〜6km/h、0.1km/h 単位表示（0.01km/h 表示切替可能）距離： km（5ケタ）、時間：分・秒（4ケタ）600〜767mm 可変式700〜1000mm 可変式　※20mmピッチ可動式PC制御（専用ソフトウェア）可変可能範囲世界初の薄型特許技術を採用。走行面の高さが床から35mm〜45mmの低床トレッドミルです。埋込と同等の環境を実現でき、一般臨床から精緻なリサーチまで可能とします。床を歩いているような感覚でのリハビリテーションを可能にしました。専用ソフトウェアによる制御。自動化やデータ採取、他の測定機器との連携も可能になります。左右分離型トレッドミル。左右に分離したダブルベルト方式で、それぞれ異なる速度設定が可能。（同期・非同期／正転・逆転）設定可能速度は0.1km単位で0.1〜6km/hまで細かく調整でき、片麻痺など歩幅の異なる患者に最適な歩行訓練を提供します。手すりの高さ、幅も簡単調整。手すりの高さは700〜1000mmまで一人でも簡単に調整可能。幅も広げられるため、車椅子からの乗り入れにも対応できます。左右分離型低床トレッドミル DLFシリーズ,"走行面高さ35mm〜45mm。世界最薄低床トレッドミル。
左右分離型低床トレッドミル DLFシリーズ
世界初の薄型特許技術を採用。
走行面の高さが床から35mm〜45mmの低床トレッドミルで
す。埋込と同等の環境を実現でき、一般臨床から精緻なリサーチ
評価測定まで可能とします。床を歩いているような感覚でのリハビリテー
ションを可能にしました。
運動療法専用ソフトウェアによる制御。
自動化やデータ採取、他の測定機器との連携も可能になります。
水治療法
左右分離型トレッドミル。
物理療法左右に分離したダブルベルト方式で、それぞれ異なる速度設定
が可能。（同期・非同期／正転・逆転）設定可能速度は0.1km単
位で0.1〜6km/hまで細かく調整でき、片麻痺など歩幅の異な
救急る患者に最適な歩行訓練を提供します。
ＡＤＬ・
作業療法
言語療法
手すりの高さ、幅も簡単調整。可変可能範囲
手すりの高さは700〜1000mmまで一人でも簡単に調整可能。700〜1000mm
自立支援幅も広げられるため、車椅子からの乗り入れにも対応できます。
機器
700mm
可変可能範囲
衛生・
防災 
介護用
入浴機器
左右分離型低床トレッドミル DLF-35  送料 チャーター便
DLF-35 御見積
介護予防外形寸 法2345（L）×822（W）×1078（H）mm
※巻き込み防止スロープ含む　※補助手摺を除く手摺部最大高さ
メディカル
フィットネス走行面寸 法1840（L）×320（W）×2面
※床（接地面）からの高さ／35mm
筋力
質量約140kg
トレーニング
［構成］トレッドミル本体、ノートPC（専用ソフトウェアインストール済）、パソコン台
ROM
エクササイズ
DLF-35
バランス
訓練
起立・左右分離型低床トレッドミル DLF-45  送料 チャーター便
歩行訓練
DLF-45  御見積
有酸素
トレーニング外形寸 法2385（L）×822（W）×1088（H）mm
リハビリ※巻き込み防止スロープ含む　※補助手摺を除く手摺部最大高さ
テ室ー備シ品ョン走行面寸 法1800（L）×320（W）×2面
※床（接地面）からの高さ／45mm
傾斜0〜15%　※0.1％単位表示（0.5％単位表示切替可能）
質量約175kg
［構成］トレッドミル本体、ガードフェンス、ノートPC（専用ソフトウェアインストール済）、パソ
コン台
［共通］
駆動方 式ACサーボモーター方式
入力電 源本体：単相200V 50/60Hz　2.5KVA、ＰＣ：単相100A 50/60Hz
負荷荷 重100kg
非常停 止押し釦式非常停止（取付方法：着脱式）
速度0.1〜6km/h、0.1km/h 単位表示（0.01km/h 表示切替可能）
計測距離： km（5ケタ）、時間：分・秒（4ケタ）
同期非同 期左右のベルトは同期、非同期で速度調整が可能
正転逆 転左右のベルトは正転・逆転運転が可能
手摺幅600〜767mm 可変式
DLF-45手摺高700〜1000mm 可変式　※20mmピッチ可動式
※傾斜時
操作PC制御（専用ソフトウェア）
※アンウェイシステムと組み合わせが可能です。（P.132）
134"
136,MMTX9R9LEIN6I,運動療法,起立・歩行訓練,"SMLSMLML安全懸架式リハビリテーションリフト SPシリーズTGウォーク  TG-1000 TG-800 免荷式リフトPOPO Li REH-100 REH-200（サイド手すり付） LIV-100 LIV-200  （サイド手すり付） 安全な立ち上がり、自然な歩行をサポート。寸法吊り上げ距離本体質量吊り上げ質量入力電源出力電源安全機能材質免荷量表示計 MHS-2600 ハイアーム A-02 LIV脚部のみ L-02 ハーネスライト ハーネスベスト（TSV）  送料 御見積SL-110SL-120SL-130HV-100HV-110HV-120HV-130HV-140評価測定運動療法水治療法物理療法救急ＡＤＬ・作業療法言語療法自立支援機器衛生・防災 介護用入浴機器　　介護 予防メディカルフィットネス筋力トレーニングROMエクササイズバラ ンス訓練起立 ・歩行 訓練有酸素トレーニングリハビリテーション室備品ハーネススーパーライト  送料 御見積ハーネスHV オプション（SPシリーズ／POPO Li用）オプション（SPシリーズ用）オプション（POPO Li用）型式 サイズ型式 サイズ※免荷式リフトPOPO Li1台につき、ハーネス1個までは非課税となります。※ハーネスベスト V-120、V-130は課税となります。車いすに座った状態で、着脱が容易にできます。専用ハーネスと組み合わせて使用することにより、体幹支持機能を補助し歩行時の動揺を軽減することが可能です。各¥36,750各¥60,900各¥48,300各¥60,900135送料 御見積¥1,628,000¥1,490,000送料 御見積¥180,000送料 御見積非課税品      ¥942,000非課税品  ¥1,047,000非課税品      ¥915,000非課税品  ¥1,020,000送料 御見積¥69,000送料 御見積¥75,000送料 御見積価格価格後輪キャスター（LIV）（自在キャスター・小回り可能）後輪キャスター（REH）3段切替式①フリー（前進・後進）②逆転防止（前進のみ）③前進負荷付（前進のみ）価格送料 御見積価格SSSMLLLアーム昇降方式4輪キャスターφ125、直進、自在回転、停止安全に長時間のリハビリテーションが可能。体重免荷により、楽に快適な歩行を実現します。本体高さ／1960〜2420ｍｍ寸法内寸／1000ｍｍ（TG-1000）、800ｍｍ（TG-800）フロントグリップ（標準品）可動範囲／990〜1300ｍｍサイドグリップ G-02 サイド手すり S-01 REH脚部のみ  送料 御見積¥102,000L-01 リチウムイオン電池搭載送料 御見積¥195,000外形／1030（L）×780（W）×1100〜1360（H）mm570〜1110mm35kg100kgAC100V（50／60Hz）DC24V緊急停止ボタン、非常下降スイッチ（EMERGENCY）鉄送料 御見積¥105,000型式 サイズL-110L-120L-130型式 サイズV-120V-130","安全懸架式リハビリテーションリフト 
SPシリーズTGウォーク  送料 御見積
TG-1000 ¥1,628,000
TG-800 ¥1,490,000
安全に長時間のリハビリテーションが可能。
体重免荷により、楽に快適な歩行を実現します。
寸法本体高さ／1960〜2420ｍｍ
内寸／1000ｍｍ（TG-1000）、800ｍｍ（TG-800）
フロントグリップ（標準品）可動範囲／990〜1300ｍｍ評価測定
アーム昇降方式リチウムイオン電池搭載
4輪キャスターφ125、直進、自在回転、停止
運動療法
オプション（SPシリーズ用）
サイドグリップ 送料 御見積免荷量表示計 送料 御見積水治療法
G-02 ¥195,000MHS-2600 ¥180,000
物理療法
救急
免荷式リフトPOPO Li 送料 御見積
ＡＤＬ・
REH-100 非課税 品     ¥942,000作業療法
REH-200（サイド手すり付） 非課税 品 ¥1,047,000
LIV-100 非課税 品     ¥915,000
言語療法
LIV-200 （ サイド手すり付） 非課税 品 ¥1,020,000
安全な立ち上がり、自然な歩行をサポート。
寸法外形／1030（L）×780（W）×1100〜1360（H）mm自立支援
機器
吊り上げ距離570〜1110mm
本体質量35kg
後輪キャスター（LIV）吊り上げ質量100kg衛生・
（自在キャスター・
入力電源AC100V（50／60Hz）防災 
小回り可能）
出力電源DC24V
安全機能緊急停止ボタン、非常下降スイッチ（EMERGENCY）
介護用
材質鉄入浴機器
オプション（POPO Li用）　
サイド手すり 送料 御見積ハイアーム 送料 御見積
S-01 ¥105,000A-02 ¥69,000
後輪キャスター（REH）
3段切替式介 護予防
①フリー（前進・後進）REH脚部のみ  送料 御見積LIV脚部のみ 送料 御見積
②逆転防止（前進のみ）メディカル
③前進負荷付（前進のみ）L-01 ¥102,000L-02 ¥75,000フィットネス
筋力
トレーニング
ROM
エクササイズ
オプション（SPシリーズ／POPO Li用）
バ ランス
訓練
ハーネススーパーライト  送料 御見積ハーネスライト 送料 御見積起 立・
歩 行訓練
型 式サイズ価格車いすに座った状態で、着脱が容易
有酸素
SL-110Sにできます。トレーニング
SL-120M各¥36,750型 式サイズ価格リハビリ
SL-130Lテーション
L-110S室備品
L-120M各¥48,300　
L-130L
ハーネスHV 送料 御見積ハーネスベスト（TSV）  送料 御見積
型 式サイズ価格専用ハーネスと組み合わせて使用す
HV-100SSることにより、体幹支持機能を補助し
HV-110S歩行時の動揺を軽減することが可能
HV-120M各¥60,900です。
HV-130L
型 式サイズ価格
HV-140LL
V-120M
各¥60,900
V-130L
※免荷式リフトPOPO Li1台につき、ハーネス1個までは非課税となります。
※ハーネスベスト V-120、V-130は課税となります。
135"
137,MMTX9RB4329W8,運動療法,起立・歩行訓練,"詳しくはP.345SK-308M （M） TT-200（L型） マスターベルト 立ち上がらせたり、座らせたりする際や、歩行時のサポートとして安全に介助を行えます。ベルトが幅広で、やわらかく腰部にフィットする形状。内側は滑りにくい素材を使用し、バックルはサイドロック式採用で、簡単に装着・取り外しが可能です。SK-308S （S） トランスファー手すり 車椅子からプラットホームへのトランスファーを安全にサポート。前方と側方の2方向を囲む手すりが、立ち上がり移乗動作を安全にサポートします。手すりは大きく、ご利用者がつかまりやすい形状に設計され、ご利用者の前方に必ず手すりがあります。キャスター付きなので移動が簡単です。手すりの左右どちらからでもアプローチでき、患側の左右を問わず使用できるT型と、ご利用者の症状にあわせて、手すりの左右をつけかえることのできるL型から選べます。TT-100（T型） 送料 御見積送料 C136¥28,000¥28,000¥120,000¥110,000材質ポリエステル、ポリウレタンコートナイロン適応範囲 ウエスト／62〜100cm材質ポリエステル、ポリウレタンコートナイロン適応範囲 ウエスト／72〜120cm寸法外形／650（L）×800（W）×815（H）mm手すり径／φ27.2mm有効手すり長さ／360mm（短部）/510mm（長部）約26kg50kg以下質量耐荷重寸法外形／650（L）×600（W）×815（H）mm手すり径／φ27.2mm有効手すり長さ／255mm（短部）/360mm（長部）約18kg50kg以下質量耐荷重キャスター付きなので移動が簡単です。立ち上がり移乗動作に。TT-100（T型）TT-200（L型）評価測定運動療法水治療法物理療法救急ＡＤＬ・作業療法言語療法自立支援機器衛生・防災 介護用入浴機器介護予防メディカルフィットネス筋力トレーニングROMエクササイズバランス訓練起立・歩行訓練有酸素トレーニングリハビリテーション室備品ライザーベース移乗介助やトイレ介助の負担を軽減する立位介助補助機器です。安全な立ち上がりと安定した立位をサポート。","マスターベルト 送料 御見積
立ち上がらせたり、座らせたりする際や、歩行時のサ
ポートとして安全に介助を行えます。
ベルトが幅広で、やわらかく腰部にフィットする形状。
内側は滑りにくい素材を使用し、バックルはサイドロック式採用
で、簡単に装着・取り外しが可能です。
SK-308S（ S） ¥28,000
材質ポリエステル、ポリウレタンコートナイロン
評価測定適応範 囲ウエスト／62〜100cm
SK-308M（ M） ¥28,000
材質ポリエステル、ポリウレタンコートナイロン
運動療法
適応範 囲ウエスト／72〜120cm
水治療法
物理療法
救急
トランスファー手すり 送料 C
ＡＤＬ・
作業療法車椅子からプラットホームへのトランスファーを安全に
サポート。
前方と側方の2方向を囲む手すりが、立ち上がり移乗動作を安全
言語療法
にサポートします。
手すりは大きく、ご利用者がつかまりやすい形状に設計され、ご
自立支援利用者の前方に必ず手すりがあります。
機器
キャスター付きなので移動が簡単です。
手すりの左右どちらからでもアプローチでき、患側の左右を問わ
衛生・ず使用できるT型と、ご利用者の症状にあわせて、手すりの左右
防災 
をつけかえることのできるL型から選べます。
TT-100（T型） ¥120,000
介護用
入浴機器寸法外形／650（L）×800（W）×815（H）mm
手すり径／φ27.2mm
有効手すり長さ／360mm（短部）/510mm（長部）
TT-200（L型）質量約26kg
耐荷重50kg以下
TT-200（L型） ¥110,000
寸法外形／650（L）×600（W）×815（H）mm
介護予防
手すり径／φ27.2mm
メディカルTT-100（T型）有効手すり長さ／255mm（短部）/360mm（長部）
フィットネス質量約18kg
耐荷重50kg以下
筋力
トレーニング
ROM
エクササイズ
バランス
訓練
起立・
歩行訓練
有酸素
トレーニング
リハビリ
テーション
室備品
立ち上がり移乗動作に。キャスター付きなので移動が簡単です。
安全な立ち上がりと安定した立位をサポート。
ライザーベース
移乗介助やトイレ介助の負担を軽減する立位介助補助
機器です。
詳しくは
P.345
136"
138,MMTX9RDPT876F,運動療法,有酸素トレーニング,評価測定運動療法水治療法物理療法救急ＡＤＬ・作業療法言語療法自立支援機器衛生・防災 介護用入浴機器　　介護 予防メディカルフィットネス筋力トレーニングROMエクササイズバラ ンス訓練起立 ・歩行 訓練有酸素トレーニングリハビリテーション室備品世界のトップリーグが認めたトレッドミルブランド「WOODWAY」WEBはこちらWWT-100137WOODWAYは、1975年ドイツにて創業。1990年からは米国を拠点に、欧米を中心にトレッドミルを供給しています。当社は1983年より国際パートナーとして、日本国内においてライセンス生産、輸入販売を長期にわたり行っています。米国のプロスポーツMLB、NBA、NHLをはじめ様々なスポーツ施設等へ導入されている、確かな品質と信頼のトレッドミルです。ウッドウェイ トレッドミル,"世界のトップリーグが認めたトレッドミルブランド「WOODWAY」
ウッドウェイ トレッドミル
WOODWAYは、1975年ドイツにて創業。1990年からは米国を
拠点に、欧米を中心にトレッドミルを供給しています。当社は1983年
より国際パートナーとして、日本国内においてライセンス生産、輸入評価測定
販売を長期にわたり行っています。
米国のプロスポーツMLB、NBA、NHLをはじめ様々なスポーツ施設
運動療法
等へ導入されている、確かな品質と信頼のトレッドミルです。
水治療法
WEBはこちら
物理療法
救急
ＡＤＬ・
作業療法
言語療法
自立支援
機器
衛生・
防災 
介護用
入浴機器
　
介 護予防
メディカル
フィットネス
筋力
トレーニング
ROM
エクササイズ
バ ランス
訓練
起 立・
歩 行訓練
有酸素
トレーニング
リハビリ
テーション
室備品
　
WWT-100
137"
139,MMTX9RGIGG7HZ,運動療法,有酸素トレーニング,"カーブ WWT-100（自走式） WWT-150（外部出力機能付）  スラットベルト式の特徴駆動構造比較さまざまな安全機構付き。電動タイプには非常停止機構として、引き紐式のマグネットスイッチと、緊急停止押しボタンスイッチを搭載。緊急停止後は速度がゼロに復帰し、再スタート時の高速発進を防止。通常の停止時にもベルトが固定状態になるので、乗り降りの際に空回りせず、安全です。自然な走行感覚が得られる自走式トレッドミル。使用者のペースで自由に加速や減速が行え、数歩の加速ですぐに全力での走行が可能。最高速度に制限はありません。スポーツパフォーマンスに特化したトレーニングやインターバルトレーニングが可能です。WWT-150 外部出力機能付。デジタル速度出力（USBインターフェイス）機能付き自走式トレッドミルと専用ソフトウェアの組み合わせにより、接続したPCから走行速度や走行距離、心拍数（ポラール使用時）の変化をグラフやレポートで確認することが可能です。また、経過時間ごとの速度目標を設定した運動メニューや、過去の走行データと比較しながら運動することで自走式トレッドミルでありながら定量的な運動評価が可能です。※PC別途要138評価測定運動療法水治療法物理療法救急ＡＤＬ・作業療法言語療法自立支援機器衛生・防災 介護用入浴機器     介護予防メディカルフィットネス筋力トレーニングROMエクササイズバランス訓練起立・歩行訓練有酸素トレーニングリハビリテーション室備品スラットベルト式限られた部分の接触で摩擦が少ないゴムベルト式メイン画面寸法質量161kｇ表示速度耐荷重 走行時180kg／歩行時360kgWWT-150用 PC動作環境プレートとベルトの接触が大きいので摩擦も大きい摩擦部分送料 チャーター便¥2,300,000¥2,900,000レポート外形／1700 （L）×840（W）×1690（H）mmベルト面／1420（L）×430（W）mm時間、走行距離、カロリー、走行速度、心拍数（ポラール使用時）使用者の走行速度による（無制限）OS：Windows10または11CPU：１GHz以上、デュアルコア以上、６４bit対応RAM：４GB以上記憶域：６４GB以上高い耐久性200個以上にも及ぶベアリングを施している スラットベルト式は、ベルトとの摩擦部分を最小限にとどめ、摩擦熱の影響をほとんど受けないため、約30万kmを走行してもベルト交換の必要が無い、高い耐久性を可能にしました。※ゴムベルト式は約6万〜10万kmでベルト交換が必要になると言われています。安定した速度スラットベルト式のギアは接地時の瞬間的な速度変動が少ないため速度を安定して維持。設定速度を正確に維持できるので、トレーニング時の運動量の目標設定も容易で、ベルトの寄り、張りの調整も必要ありません。衝撃を吸収厚さ8mmの衝撃吸収ベルトクッションを採用。足関節、膝、その他関節、筋、接合組織への衝撃を和らげることが可能です。世界のトップレベルのアスリートたちがウッドウェイ社のトレッドミルを愛用しています。","スラットベルト式の特徴
評価測定
運動療法衝撃を吸収高い耐久性安定した速度
厚さ8mmの衝撃吸収ベルトクッションを採用。200個以上にも及ぶベアリングを施している スラットベルト式のギアは接地時の瞬間的な速
足関節、膝、その他関節、筋、接合組織への衝撃スラットベルト式は、ベルトとの摩擦部分を最小度変動が少ないため速度を安定して維持。設定
水治療法を和らげることが可能です。世界のトップレベル限にとどめ、摩擦熱の影響をほとんど受けない速度を正確に維持できるので、トレーニング時
のアスリートたちがウッドウェイ社のトレッドミルため、約30万kmを走行してもベルト交換の必の運動量の目標設定も容易で、ベルトの寄り、張
を愛用しています。要が無い、高い耐久性を可能にしました。りの調整も必要ありません。
物理療法※ゴムベルト式は約6万〜10万kmでベルト交
換が必要になると言われています。
救急駆動構造比較
スラットベルト式ゴムベルト式
ＡＤＬ・
作業療法限られた部分の接触プレートとベルトの
接触が大きいので摩
で摩擦が少ない
擦も大きい摩擦部分
言語療法
さまざまな安全機構付き。
自立支援電動タイプには非常停止機構として、引き紐式のマグネットスイッチと、緊急停止押しボタンスイッチを搭載。緊急停止後は速度がゼロに復帰し、再ス
機器タート時の高速発進を防止。通常の停止時にもベルトが固定状態になるので、乗り降りの際に空回りせず、安全です。
衛生・
防災 
介護用
カーブ 送料 チャーター便
入浴機器
WWT-100（自走式） ¥2,300,000
WWT-150（外部出力機能付）   ¥2,900,000
自然な走行感覚が得られる自走式トレッドミル。
使用者のペースで自由に加速や減速が行え、数歩の加速ですぐに全力で
の走行が可能。
介護予防最高速度に制限はありません。
メディカルスポーツパフォーマンスに特化したトレーニングやインターバルトレーニ
フィットネスングが可能です。
筋力
トレーニングWWT-150 外部出力機能付。
ROMデジタル速度出力（USBインターフェイス）機能付き自走式トレッドミルと
エクササイズ
専用ソフトウェアの組み合わせにより、接続したPCから走行速度や走行距
バランス
訓練離、心拍数（ポラール使用時）の変化をグラフやレポートで確認することが
起立・可能です。
歩行訓練また、経過時間ごとの速度目標を設定した運動メニューや、過去の走行
有酸素データと比較しながら運動することで自走式トレッドミルでありながら定量
トレーニング
的な運動評価が可能です。※PC別途要
リハビリ
テーション
室備品
メイン画面
レポート
寸法外形／1700（ L）×840（W）×1690（H）mm
ベルト面／1420（L）×430（W）mm
質量161kｇ
表示時間、走行距離、カロリー、走行速度、心拍数（ポラール使用時）
速度使用者の走行速度による（無制限）
耐荷 重走行時180kg／歩行時360kg
WWT-150用 PC動作環境
 OS：Windows10または11
 CPU：１GHz以上、デュアルコア以上、６４bit対応
 RAM：４GB以上
 記憶域：６４GB以上
138"
140,MMTX9RITGN22N,運動療法,有酸素トレーニング,"ーー評価測定運動療法水治療法物理療法救急ＡＤＬ・作業療法言語療法自立支援機器衛生・防災 介護用入浴機器　      　Pro XL WWT-700（標準パネル） WWT-700P（パーソナルトレーニングパネル） Pro WWT-600（標準パネル） WWT-600P（パーソナルトレーニングパネル） 4 FRONT WWT-500（標準パネル） WWT-500P（パーソナルトレーニングパネル） 4 Front0〜201700×84016301420×430201Pro XLPro0〜241930×10301520×7000〜25%200V（20A）307Pro XL速度（km/h）0〜24寸法（mｍ）2390×1030高さ（mｍ）1780走行面（mｍ）2030×700傾斜0〜25%電源200V（20A）質量（kg）電動／自走可変式トレッドミルウッドウェイ	トレッドミル　機種比較表送料 チャーター便¥7,900,000¥8,400,000大型トレッドミルの上位モデル。ベルト長2030mmは高速走行中でも不安を感じさせません。送料 チャーター便¥6,900,000¥7,400,000外形／1930（L）×1030（W）×1730（H）mm、ベルト面／1520（L）×700（W）mm261kg送料 チャーター便¥5,600,000¥6,100,000ＷＯＯＤＷＡＹの優れた性能を備えた省スペース用トレッドミル。ベルト幅550mmの走行面を有しながら省スペースを実現しました。ディスプレイは施設の用途にあわせて2種類から選択できます。パーソナルトレーニングパネルは、あらかじめ８個のテストプログラムと10個のフィットネスプログラムが登録されています。また、ユーザーがプログラムを100個まで作成登録することも可能です。カーブ自走1690161139寸法外形／2390（L）×1030（W）×1780（H）mm、ベルト面／2030（L）×700（W）mm質量307kg寸法質量［共通］走行速度、傾斜、走行距離、時間、心拍数（ポラール使用時）0〜24km/h0〜25％表示速度傾斜耐荷重 走行時180kg／歩行時（6km/h以下）360kg電源単相200V/20A（50/60Hz）単独回路寸法外形／1830（L）×890（W）×1630(H)mm、ベルト面／1520（L）×550（W）mm質量201kg表示走行速度、傾斜、走行距離、時間、心拍数（ポラール使用時）速度0〜20km/h傾斜0〜15％耐荷重 走行時180kg／歩行時（6km/h以下）360kg電源単相100V/15A（50/60Hz） 単独回路Pro1830×89017301520×5500〜15%100V（15A）261介護 予防メディカルフィットネス筋力トレーニングROMエクササイズバラ ンス訓練起立 ・歩行 訓練有酸素トレーニングリハビリテーション室備品アスリート、スポーツリハ向けの大型トレッドミル。700mmのワイドな走行面のため、大きなアスリートでもストレスなく使用することができます。 最高速度24km/h、傾斜角度0〜25%の高機能タイプです。ディスプレイは施設の用途に合わせて2種類から選択できます。パーソナルトレーニングパネルは、あらかじめ８個のテストプログラムと10個のフィットネスプログラムが登録されています。また、ユーザーがプログラムを100個まで作成登録することも可能です。電動式から自走式にもワンタッチで変更可能。自走時の負荷は独自のシステムにより0〜20段階で調整できます。","電動／自走可変式トレッドミル
電動式から自走式にもワンタッチで変更可能。自走時の負荷は独自のシステムにより0〜20段階で調整できます。
アスリート、スポーツリハ向けの大型トレッドミル。
700mmのワイドな走行面のため、大きなアスリートでもストレスなく使用
することができます。 
最高速度24km/h、傾斜角度0〜25%の高機能タイプです。
評価測定
ディスプレイは施設の用途に合わせて2種類から選択できます。
パーソナルトレーニングパネルは、あらかじめ８個のテストプログラムと10
個のフィットネスプログラムが登録されています。また、ユーザーがプログ
運動療法
ラムを100個まで作成登録することも可能です。
Pro XL 送料 チャーター便水治療法
WWT-700（標準パネル）  ¥7,900,000
WWT-700P（パーソナルトレーニングパネル）  ¥8,400,000
物理療法
大型トレッドミルの上位モデル。ベルト長2030mmは高速走行中でも不安
を感じさせません。
Pro XL
寸法外形／2390（L）×1030（W）×1780（H）mm、ベルト面／2030（L）×700（W）mm
救急
質量307kg
ＡＤＬ・
Pro 送料 チャーター便
作業療法
WWT-600（標準パネル）  ¥6,900,000
WWT-600P（パーソナルトレーニングパネル）  ¥7,400,000
言語療法
寸法外形／1930（L）×1030（W）×1730（H）mm、ベルト面／1520（L）×700（W）mm
質量261kg
［共通］自立支援
表示走行速度、傾斜、走行距離、時間、心拍数（ポラール使用時）機器
速度0〜24km/h
傾斜0〜25％
衛生・
耐荷 重走行時180kg／歩行時（6km/h以下）360kg防災 
Pro電源単相200V/20A（50/60Hz）単独回路
介護用
入浴機器
　
4 FRONT 送料 チャーター便
WWT-500（標準パネル）  ¥5,600,000介 護予防
WWT-500P（パーソナルトレーニングパネル）  ¥6,100,000メディカル
フィットネス
ＷＯＯＤＷＡＹの優れた性能を備えた省スペース用トレッドミル。
筋力
ベルト幅550mmの走行面を有しながら省スペースを実現しました。トレーニング
ディスプレイは施設の用途にあわせて2種類から選択できます。
ROM
パーソナルトレーニングパネルは、あらかじめ８個のテストプログラムと10エクササイズ
個のフィットネスプログラムが登録されています。また、ユーザーがプログバ ランス
ラムを100個まで作成登録することも可能です。訓練
寸法外形／1830（L）×890（W）×1630(H)mm、ベルト面／1520（L）×550（W）mm起 立・
歩 行訓練
質量201kg
表示走行速度、傾斜、走行距離、時間、心拍数（ポラール使用時）有酸素
トレーニング
速度0〜20km/h
リハビリ
傾斜0〜15％テーション
耐荷 重走行時180kg／歩行時（6km/h以下）360kg室備品
電源単相100V/15A（50/60Hz） 単独回路　
ウッドウェイ トレッドミル　機種比較表
Pro XLPro4 Frontカーブ
速度（km/h）0〜240〜240〜20自走
寸法（mｍ）2390×10301930×10301830×8901700×840
高さ（mｍ）1780173016301690
走行面（mｍ）2030×7001520×7001520×5501420×430
傾斜0〜25%0〜25%0〜15%ー
電源200V（20A）200V（20A）100V（15A）ー
質量（kg）307261201161
139"
141,MMTX9RLGR1BK5,運動療法,有酸素トレーニング,"※アンウェイシステムとの組み合わせが可能です。（P.132）※ ロングハンドレール取付時は、アンウェイシステムとの組み合わせはできません。※アンウェイシステムとの組み合わせが可能です。（P.132）※ロングハンドレール取付時は、アンウェイシステムとの組み合わせはできません。取付時ACトレッドミル T655MS トレッドミル T661J オプションオプション業界初ACサーボモーターによる耐久性と静音性が魅力。ACサーボモーターにより大幅な省エネを実現。ランニングコストの軽減にも役立ちます。新開発のMyFlexクッションシステム。ユーザーの体重に合わせて自動的にクッションの調節を行います。大型表示パネルの搭載でエクササイズ中の情報が一目瞭然。多彩なプログラムやコースが内蔵されているので、様々なエクササイズを楽しめます。リハビリテーション用としてロングハンドレールが取り付け可能（オプション）。ロングハンドレール OP-009 低速時の安定性に優れた特殊技術のモーターを採用。MYFLEXデッキ（ランニングデッキの衝撃吸収材）により、エクササイズ中の足首、膝、腰などの関節への負担を軽減します。マシン設計における耐久基準は、ヨーロッパの安全規格の基準をクリアしています。自動注油システム標準装備のため、マシンのお手入れの負担を軽減できます。医療現場の様々な用途に対応できる最低速度0.2㎞/ｈからの低速走行が可能です。ロングハンドレール OP-026 140送料 御見積¥1,780,000送料 御見積¥65,000送料 御見積¥1,150,000送料 御見積¥98,000外形／2202（L）×956（W）×1457（H）mm走行面外形幅／856.9mm走行ベルト面／1570（L）×560（W）×222（H）mm正転／0.2〜20km/h、逆転／−5km/h（0.1km単位）ACサーボ（5HP）電動オート−3〜15％（0.5％単位）磁気式AC100V×15Aグリップ式ロングハンドレール取付時／956（W）mmAC4.0HP ACインダクションモーター電動式 0〜15%（0.5％刻）マグネット式安全キー／緊急停止ボタンAC100V15Aグリップ式ロングハンドレール取付時／939（W）mm寸法質量158kg速度モーター傾斜非常停止電源使用体重制限 150kg脈拍寸法寸法1990（L）×860（W）×1420（H）mm走行ベルト面／1473（L）×508（W）×155（H）mm質量140.5kg速度0.2〜12km/h（初期速度0.2km/h）モーター傾斜非常停止電源使用体重制限 180kg脈拍寸法評価測定運動療法水治療法物理療法救急ＡＤＬ・作業療法言語療法自立支援機器衛生・防災 介護用入浴機器介護予防メディカルフィットネス筋力トレーニングROMエクササイズバランス訓練起立・歩行訓練有酸素トレーニングリハビリテーション室備品","ACトレッドミル 送料 御見積
T655MS ¥1,780,000
業界初ACサーボモーターによる耐久性と静音性が魅力。
ACサーボモーターにより大幅な省エネを実現。ランニングコストの軽減にも
役立ちます。
新開発のMyFlexクッションシステム。ユーザーの体重に合わせて自動的に
クッションの調節を行います。
大型表示パネルの搭載でエクササイズ中の情報が一目瞭然。
評価測定多彩なプログラムやコースが内蔵されているので、様々なエクササイズを楽
しめます。
リハビリテーション用としてロングハンドレールが取り付け可能（オプション）。
運動療法寸法外形／2202（L）×956（W）×1457（H）mm
走行面外形幅／856.9mm
走行ベルト面／1570（L）×560（W）×222（H）mm
質量158kg
水治療法
速度正転／0.2〜20km/h、逆転／−5km/h（0.1km単位）
モーターACサーボ（5HP）
傾斜電動オート−3〜15％（0.5％単位）
物理療法非常停止磁気式
電源AC100V×15A
使用体重制 限150kg
救急脈拍グリップ式
※アンウェイシステムとの組み合わせが可能です。（P.132）
ＡＤＬ・オプション
作業療法
ロングハンドレール 送料 御見積
OP-009 ¥65,000
言語療法
寸法ロングハンドレール取付時／956（W）mm
※ ロングハンドレール取付時は、アンウェイシステムとの組み合わせはできません。
自立支援
機器
衛生・
防災 
介護用
入浴機器
トレッドミル 送料 御見積
T661J ¥1,150,000
介護予防
低速時の安定性に優れた特殊技術のモーターを採用。
メディカル
MYFLEXデッキ（ランニングデッキの衝撃吸収材）により、エクササイズ中の足
フィットネス
首、膝、腰などの関節への負担を軽減します。
筋力
トレーニングマシン設計における耐久基準は、ヨーロッパの安全規格の基準をクリアしてい
ROMます。
エクササイズ自動注油システム標準装備のため、マシンのお手入れの負担を軽減できます。
バランス医療現場の様々な用途に対応できる最低速度0.2㎞/ｈからの低速走行が可能
訓練
です。
起立・
歩行訓練寸法1990（L）×860（W）×1420（H）mm
走行ベルト面／1473（L）×508（W）×155（H）mm
有酸素
質量140.5kg
トレーニング
速度0.2〜12km/h（初期速度0.2km/h）
リハビリ
テーションモーターAC4.0HP ACインダクションモーター
室備品
傾斜電動式 0〜15%（0.5％刻）
非常停止マグネット式安全キー／緊急停止ボタン
電源AC100V15A
使用体重制 限180kg
脈拍グリップ式
※アンウェイシステムとの組み合わせが可能です。（P.132）
オプション
ロングハンドレール 送料 御見積
OP-026 ¥98,000
寸法ロングハンドレール取付時／939（W）mm
※ロングハンドレール取付時は、アンウェイシステムとの組み合わせはできません。
取付時
140"
142,MMTX9RO3VCK15,運動療法,有酸素トレーニング,"カタログ管理特管 G6キネヴィア デュオ KINVD01 〈認証番号306AIBZX00014000〉 評価測定運動療法水治療法物理療法救急ＡＤＬ・作業療法言語療法自立支援機器衛生・防災 介護用入浴機器　 　介護 予防メディカルフィットネス筋力トレーニングROMエクササイズバラ ンス訓練起立 ・歩行 訓練有酸素トレーニングリハビリテーション室備品パッシブ、アクティブ、ソフトの3つの運動モードを搭載した上肢と下肢のためのインテリジェントな運動療法システム。WEBはこちら送料 G¥2,400,000本体：680（W）×880〜1100（L）×1120〜1220（H）mmフットペダル（内寸）：115（W）×242（L）mm52kg135kg120cm〜正転・逆転パッシブ：5〜60rpm／アクティブ：5〜90rpm100（W）×215（L）mm上肢・下肢用エルゴメーター キネヴィア デュオ  単品オプション運動量増加機器加算保険適用の対象商品141135〜255mmフットペダル：50〜125mm／トレーナグリップ：100mmAC100V 50/60Hz24VDC 9.17Aプレート部寸法（内寸）寸法質量適応体重適応身長回転方向回転速度トルク（レジスタンス1〜20）アームトレーナー：1〜5Nm／レッグトレーナー：1〜14Nmフットペダル間距離回転半径電源電源入力下肢レッグトレーナー●算定区分：H003-2リハビリテーション総合計画評価料「注5」運動量増加機器加算●施設基準：脳血管疾患等リハビリテーション料（Ⅰ）または（Ⅱ）の届出保険医療機関●対象：脳卒中又は脊髄障害の急性発症に伴う上肢又は下肢の運動機能障害を有する患者●内容：運動量増加機器を用いたリハ計画を策定し、当該機器を用いてリハを行った場合に算定●算定点数：月1回に限り150点を加算（原則1回限り、継続すべき医学的必要性が認められる場合に限り、発症日起算で2月を限度として月1回まで）上肢・下肢の切り替えも簡単！小児用フットサポーター （左右一式） 送料 A¥160,000KINVD01-P 小型のフットサポーターにより、小児でも安全かつ快適にレッグトレーナーを使用することができます。キネヴィア デュオは、幅広い利用者に対応可能。キネヴィア デュオを用いた反復的回転運動は、上肢、下肢の筋力維持、増強、回復を促進します。３つの運動モード「パッシブモード」「アクティブモード」「ソフトモード」があり、幅広い身体能力の利用者に対応可能です。また自動スパズム検知機能（ASC）を搭載。パッシブモードやソフトモードでの運動中に筋スパズムによる急なトルク変動を検知すると速やかに回転を停止し、数秒後に回転が再開します。上肢アームトレーナー転倒防止フック  （左右一式） 送料 A¥170,000KINVD01-W フロント側のサポートスタンドに固定された転倒防止フックを車椅子に取り付けることで、後方へのずれを防ぎトレーニング中の転倒を防止します。H003-2リハビリテーション総合計画評価料の注5の注釈抜粋","パッシブ、アクティブ、ソフトの3つの運動モードを搭載した上肢と
WEBはこちら
下肢のためのインテリジェントな運動療法システム。
単品
上肢・下肢用エルゴメーター キネヴィア デュオ  カタログ
キネヴィア デュオは、幅広い利用者に対応可能。
キネヴィア デュオを用いた反復的回転運動は、上肢、下肢の筋力維持、増強、回復を促進します。
３つの運動モード「パッシブモード「」アクティブモード「」ソフトモード」があり、幅広い身体能力の利用者に対応可能です。
また自動スパズム検知機能（ASC）を搭載。パッシブモードやソフトモードでの運動中に筋スパズムによる急なトルク変動を検知すると評価測定
速やかに回転を停止し、数秒後に回転が再開します。
運動療法
水治療法
物理療法
上肢
アームトレーナー
上肢・下肢の
切り替えも簡単！救急
ＡＤＬ・
作業療法
下肢
言語療法
レッグトレーナー
自立支援
機器
衛生・
防災 
介護用
入浴機器
キネヴィア デュオ 送料 G　
KINVD01〈 認証番号306AIBZX00014000〉 管理特 管G6 ¥2,400,000
寸法本体：680（W）×880〜1100（L）×1120〜1220（H）mm
フットペダル（内寸）：115（W）×242（L）mm
質量52kg
介 護予防
適応体重135kg
適応身長120cm〜メディカル
回転方向正転・逆転フィットネス
回転速度パッシブ：5〜60rpm／アクティブ：5〜90rpm筋力
トルク（レジスタンス1〜20）アームトレーナー：1〜5Nm／レッグトレーナー：1〜14Nmトレーニング
フットペダル間距離135〜255mmROM
回転半径フットペダル：50〜125mm／トレーナグリップ：100mmエクササイズ
電源AC100V 50/60Hzバ ランス
電源入力24VDC 9.17A訓練
起 立・
歩 行訓練
オプション
有酸素
トレーニング
転倒防止フック  小児用フットサポーター リハビリ
テーション
（左右一式） 送料 A（左右一式） 送料 A室備品
　
KINVD01-W ¥170,000KINVD01-P ¥160,000
フロント側のサポートスタンドに小型のフットサポーターにより、
固定された転倒防止フックを車椅小児でも安全かつ快適にレッグ
子に取り付けることで、後方へのトレーナーを使用することがで
ずれを防ぎトレーニング中の転倒きます。
を防止します。
プレート部寸法
100（W）×215（L）mm
（内寸）
運動量増加機器加算保険適用の対象商品
H003-2リハビリテーション総合計画評価料の注5の注釈抜粋
●算定区分：H003-2リハビリテーション総合計画評価料「注5」運動量増加機器加算
●施設基準：脳血管疾患等リハビリテーション料（Ⅰ）または（Ⅱ）の届出保険医療機関
●対象：脳卒中又は脊髄障害の急性発症に伴う上肢又は下肢の運動機能障害を有する患者
●内容：運動量増加機器を用いたリハ計画を策定し、当該機器を用いてリハを行った場合に算定
●算定点数：月1回に限り150点を加算（原則1回限り、継続すべき医学的必要性が認められる場合に限り、発症日起算で2月を限度として月1回まで）
141"
143,MMTX9RRCJVRK1,運動療法,有酸素トレーニング,"アームレスト  FOP-601  最高のパフォーマンスと耐久性を実現。静かでスムーズな運動感覚を提供します。WEBはこちら3段階12度送料 御見積¥68,000高齢者や片麻痺の方が運動する際の快適さと安全性を提供します。乗り降りの際、アームレストは跳ね上げが可能です。オプション142デュアルアクショントレーナー  送料 御見積¥1,380,000GB7005MNⅡ ［本体］180度回転寸法質量耐荷重電源方式 Input：100-240VAC〜50/60Hz、1.5A Max 負荷レベル 32［ディスプレイ］画面プログラム ウォームアップ／インターバル／バレー／RAMP／マウンテン／表示13段階700（W）×1550（L）×1270（H）mm77㎏150㎏Output：DC30V-2.0A9インチローリング／クライム／ランダム／ヒル／ファットバーン／カーディオ／ストレングス／User１&２Time：時間、Level：レベル、Pulse：脈拍、Distance：距離、Calories：カロリ−、RPM/SPM：回転/分・ステップ/分、Watts：ワット、METs：メッツ、Speed：速度評価測定運動療法水治療法物理療法救急ＡＤＬ・作業療法言語療法自立支援機器衛生・防災 介護用入浴機器介護予防メディカルフィットネス筋力トレーニングROMエクササイズバランス訓練起立・歩行訓練有酸素トレーニングリハビリテーション室備品快適なポジショニングが可能。シートは13段階、リクライニングは3段階12度の調整ができ、楽な姿勢で運動できます。全身の効率的なトレーニングをサポート。摩耗部品のない磁気抵抗システムを採用し、静音性と耐久性に優れたマシンです。リカンベントシートとエリプティカルモーション（楕円軌道）の動きにより、関節への負担を軽減しながら、上下肢を連動させた快適な運動が可能です。エリプティカルモーション。長いペダルアームとオーバーラップペダルを備え、自然で安定したエリプティカルモーション（楕円軌道）による動作を実現します。これにより、下肢への衝撃を軽減しつつ、フットプレートを交互に踏むことで足関節の底屈・背屈運動を伴う効果的なトレーニングが可能です。簡単に乗り降り可能。シート高58cmで180度回転可能なシートを採用し、小柄な方でも乗り降りがしやすくなっています。デュアルアクショントレーナー  NEW","WEBはこちら
最高のパフォーマンスと耐久性を実現。静かでスムーズな運動感覚を提供します。
デュアルアクショントレーナー  NEW
全身の効率的なトレーニングをサポート。
摩耗部品のない磁気抵抗システムを採用し、静音性と耐久性に優れた
マシンです。リカンベントシートとエリプティカルモーション（楕円軌道）
評価測定の動きにより、関節への負担を軽減しながら、上下肢を連動させた快適
な運動が可能です。
運動療法
エリプティカルモーション。
長いペダルアームとオーバーラップペダルを備え、自然で安定したエリ
水治療法プティカルモーション（楕円軌道）による動作を実現します。これにより、
下肢への衝撃を軽減しつつ、フットプレートを交互に踏むことで足関節
の底屈・背屈運動を伴う効果的なトレーニングが可能です。
物理療法
救急
ＡＤＬ・
作業療法
言語療法
自立支援
機器
衛生・
防災 簡単に乗り降り可能。快適なポジショニングが可能。
シート高58cmで180度回転可能なシートは13段階、リクライニングは3段階12度の調整ができ、楽な姿
介護用シートを採用し、小柄な方でも乗り勢で運動できます。
入浴機器降りがしやすくなっています。3段階12度
13段階
180度
回転
介護予防
メディカル
フィットネス
筋力
トレーニング
ROM
エクササイズ
デュアルアクショントレーナー  送料 御見積
バランス
訓練
GB7005MNⅡ ¥1,380,000
起立・［本体］
歩行訓練
寸法700（W）×1550（L）×1270（H）mm
有酸素
質量77㎏
トレーニング
耐荷重150㎏
リハビリ
テーション電源方 式Input：100-240VAC〜50/60Hz、1.5A Max 
室備品Output：DC30V-2.0A
負荷レベ ル32
［ディスプレイ］
画面9インチ
プログラ ムウォームアップ／インターバル／バレー／RAMP／マウンテン／
ローリング／クライム／ランダム／ヒル／ファットバーン／カーディオ／
ストレングス／User１&２
表示Time：時間、Leve：lレベル、Pulse：脈拍、Distance：距離、
Calories：カロリ−、RPM/SPM：回転/分・ステップ/分、Watts：ワット、
METs：メッツ、Speed：速度
オプション
アームレスト  送料 御見積
FOP-601  ¥68,000
高齢者や片麻痺の方が運動する際の快適さと
安全性を提供します。乗り降りの際、アームレ
ストは跳ね上げが可能です。
142"
144,MMTX9RTJSR8UK,運動療法,有酸素トレーニング,"単品カタログパワーリハプレステップ COP-STEP 評価測定運動療法水治療法物理療法救急ＡＤＬ・作業療法言語療法自立支援機器衛生・防災 介護用入浴機器　 　介護 予防メディカルフィットネス筋力トレーニングROMエクササイズバラ ンス訓練起立 ・歩行 訓練有酸素トレーニングリハビリテーション室備品座ってできる安全＆効率的な全身エクササイズ。WEBはこちら送料 G¥1,980,000送料 A¥320,000オプション143寸法710（W）×1370（L）×1120（H）mm質量92kg液晶表示項目 時間、回転数、ワット数、消費カロリー、METs、脈拍数、距離、ステップ数負荷最大600W駆動方式自己発電適応身長137〜208cm適応体重227kg負荷設定ギアモード（コンスタントレジスタンス）1〜20段階フットスタビライザーカーフスタビライザーハンドリストスタビライザー運動中の麻痺側四肢の安定性アップに。［構成］1組1組1組麻痺側の手がハンドグリップから離れてしまうのを防ぐために使用します。ストラップを使わずに、足部の固定がワンアクションで行えます。麻痺側の下肢が外転してしまうのを防ぐために、下腿をストラップで固定します。身体にやさしい安全設計。シートに適度なクッション性をもたせているため、体幹が不安定な方もしっかりと座れます。また、立ち上がりをサポートする固定ハンドルやシートベルトなど、随所に安全設計が施されています。スタビライザーキット BDX-ST2SK 独特のエリプティカル（楕円）モーションにより､ 蹴り返し時に起こる関節への衝撃を少なくし、よりスムーズで連続的な運動が行えるように設計されています｡ ペダルを踏み込むだけで簡単にエクササイズが始められ､ 長時間のトレーニングも快適です。フットスタビライザーカーフスタビライザー ハンドリストスタビライザープレステップだからできる歩行動作に近い、効率的な全身エクササイズ。下肢関節の負担を軽減「エリプティカル（楕円）モーション」。独自の制御機構で、自然でスムーズに全身エクササイズ。アーム部分とフット部分が連動式になっており、上肢と下肢の動作比率を1：1にする独自の制御機構を採用。ダイナミックな下肢の動きに対しても、腕が無理に引かれることがなく、自然でスムーズな上下肢連動運動が行えます。プレステップ","WEBはこちら
座ってできる安全＆効率的な全身エクササイズ。
パワー単品
プレステップ リハカタログ
プレステップだからできる
歩行動作に近い、効率的な全身エクササイズ。
評価測定
下肢関節の負担を軽減
「エリプティカル（楕円）モーション」。
独特のエリプティカル（楕円）モーションにより ､蹴り返し時に起こる運動療法
関節への衝撃を少なくし、よりスムーズで連続的な運動が行えるよう
に設計されています ｡ペダルを踏み込むだけで簡単にエクササイズ
が始められ ､長時間のトレーニングも快適です。水治療法
物理療法
救急
ＡＤＬ・
作業療法
言語療法
自立支援
機器
独自の制御機構で、身体にやさしい安全設計。
衛生・
自然でスムーズに全身エクササイズ。シートに適度なクッション性を
防災 
アーム部分とフット部分が連動式になっておもたせているため、体幹が不安
り、上肢と下肢の動作比率を1：1にする独自定な方もしっかりと座れます。
の制御機構を採用。ダイナミックな下肢の動また、立ち上がりをサポートす介護用
入浴機器
きに対しても、腕が無理に引かれることがなる固定ハンドルやシートベルト
く、自然でスムーズな上下肢連動運動が行えなど、随所に安全設計が施され　
ます。ています。
介 護予防
メディカル
フィットネス
筋力
トレーニング
ROM
エクササイズ
プレステップ 送料 Gバ ランス
訓練
COP-STEP  ¥1,980,000
起 立・
寸法710（W）×1370（L）×1120（H）mm歩 行訓練
質量92kg有酸素
液晶表示項 目時間、回転数、ワット数、消費カロリー、METs、脈拍数、距離、ステップ数トレーニング
負荷最大600Wリハビリ
テーション
駆動方式自己発電室備品
適応身長137〜208cm　
適応体重227kg
負荷設定ギアモード（コンスタントレジスタンス）1〜20段階
オプション
スタビライザーキット 送料 A
BDX-ST2SK ¥320,000
運動中の麻痺側四肢の安定性アップに。
［構成］
フットスタビライザー1組
カーフスタビライザー1組
ハンドリストスタビライザー1組
フットスタビライザーカーフスタビライザ ーハンドリストスタビライザー
ストラップを使わずに、足部麻痺側の下肢が外転してし麻痺側の手がハンドグリップ
の固定がワンアクションで行まうのを防ぐために、下腿をから離れてしまうのを防ぐた
えます。ストラップで固定します。めに使用します。
143"
145,MMTX9RVUEW96C,運動療法,有酸素トレーニング,"カタログ  カタログ  プレラインU  単品PL-900 プレラインR  単品PL-300 評価測定運動療法水治療法物理療法救急ＡＤＬ・作業療法言語療法自立支援機器衛生・防災 介護用入浴機器  介護予防メディカルフィットネス筋力トレーニングROMエクササイズバランス訓練起立・歩行訓練有酸素トレーニングリハビリテーション室備品WEBはこちらオプション（PL-300用）リハビリ用ペダル  送料 御見積¥16,000FOP-401 脚力が弱い方用の足脱落防止用ペダル。144送料 御見積¥340,00011段階無段階送料 御見積¥390,000腰と背中をシートでしっかり支えられるリカンベントバイク。寸法質量電源負荷方式使用制限体重 120kg適応身長脈拍プログラム内容 マニュアルトレーニングプログラム×1プリセットトレーニングプログラム×12ユーザー設定×1脈拍制御 トレーニングプログラム（55%、75%、90%、マニュアル）ワットベーストレーニング（10 〜 350W） プログラム×1簡易フィットネステスト×１25段階15度1140（Ｌ）×580（Ｗ）×1340（Ｈ）mm約46.0kgAC100Vマグネット負荷方式（１６段階調整）145cm〜ハンドパルス式運動時間、速度、走行距離、ペダル回転数、消費カロリー、脈拍数、ワットサドルサポートバーはトランスファー時の手すりにも。サドル位置は前後・上下に調整可能。1260（Ｌ）×730（Ｗ）×1090（Ｈ）mm約57.5kgAC100Vマグネット負荷方式（１６段階調整）140cm〜ハンドパルス式運動時間、速度、走行距離、ペダル回転数、消費カロリー、脈拍数、ワット前後スライド調整可能。9段階リクライニング調整可能。質量電源負荷方式使用制限体重 110kg適応身長脈拍プログラム内容 マニュアルトレーニングプログラム×1プリセットトレーニングプログラム×12ユーザー設定×1脈拍制御 トレーニングプログラム（55%、75%、90%、マニュアル）ワットベーストレーニング（10 〜 350W） プログラム×1簡易フィットネステスト×１表示機能クッション性の高い大型サドル。ステップサポート台は取り外し可能。表示機能3点のレバーによりお好みのポジションに。シート角度調整可能。体幹のバランスをとりながら漕ぐアップライトバイク。寸法","WEBはこちら単品
プレラインU  カタログ  送料 御見積
PL-900  ¥340,000
体幹のバランスをとりながら漕ぐアップライトバイク。
寸法1140（Ｌ）×580（Ｗ）×1340（Ｈ）mm
質量約46.0kg
電源AC100V
負荷方式マグネット負荷方式（１６段階調整）
使用制限体 重110kg
適応身長145cm〜
評価測定脈拍ハンドパルス式
プログラム内 容マニュアルトレーニングプログラム×1
プリセットトレーニングプログラム×12
ユーザー設定×1
運動療法脈拍制御 トレーニングプログラム（55%、75%、90%、マニュアル）
ワットベーストレーニング（10 〜 350W） プログラム×1
簡易フィットネステスト×１
表示機能運動時間、速度、走行距離、ペダル回転数、消費カロリー、脈拍数、
水治療法
ワット
物理療法
救急
ＡＤＬ・クッション性の高い大型サドル。サドルサポートバーはトランスファー時
作業療法の手すりにも。
言語療法
11段階
自立支援無段階
機器
衛生・ステップサポート台は取り外し可能。サドル位置は前後・上下に調整可能。
防災 
介護用
入浴機器
単品
プレラインR  カタログ  送料 御見積
PL-300  ¥390,000
腰と背中をシートでしっかり支えられるリカンベントバイク。
介護予防寸法1260（Ｌ）×730（Ｗ）×1090（Ｈ）mm
質量約57.5kg
メディカル
電源AC100V
フィットネス
負荷方式マグネット負荷方式（１６段階調整）
筋力
使用制限体 重120kg
トレーニング
適応身長140cm〜
ROM
脈拍ハンドパルス式
エクササイズ
プログラム内 容マニュアルトレーニングプログラム×1
バランスプリセットトレーニングプログラム×12
訓練
ユーザー設定×1
起立・脈拍制御 トレーニングプログラム（55%、75%、90%、マニュアル）
歩行訓練ワットベーストレーニング（10 〜 350W） プログラム×1
簡易フィットネステスト×１
有酸素
トレーニング表示機能運動時間、速度、走行距離、ペダル回転数、消費カロリー、脈拍数、
ワット
リハビリ
テーション
室備品25段階
3点のレバーによりお好みの前後スライド調整可能。
ポジションに。
15度
オプション（PL-300用）
リハビリ用ペダル  送料 御見積9段階
FOP-401 ¥16,000
脚力が弱い方用の足脱落防止用ペ
ダル。
シート角度調整可能。リクライニング調整可能。
144"
146,MMTX9RYR2EIOO,運動療法,有酸素トレーニング,"アップライトバイク C573U リカンベントバイク C573R 風神雷神 OCL-FR 評価測定運動療法水治療法物理療法救急ＡＤＬ・作業療法言語療法自立支援機器衛生・防災 介護用入浴機器　  　介護 予防メディカルフィットネス筋力トレーニングROMエクササイズバラ ンス訓練起立 ・歩行 訓練有酸素トレーニングリハビリテーション室備品交換品・オプション交換品・オプションコンパクトで多機能な施設向きエクササイズバイク。40段階の負荷調整が可能。自家発電、バッテリー標準装備により、レイアウトの変更が自由にできます。バイク用充電器 OP-024 乗り降りしやすい足元フリー設計。40段階の負荷調整が可能。シートの前後距離を無段階に調整可能です。自家発電、バッテリー標準装備により、レイアウトの変更が自由にできます。バイク用充電器 OP-024 145送料 御見積¥650,000送料 御見積¥18,000送料 御見積¥720,000送料 御見積¥18,000送料 御見積¥880,000有酸素運動から無酸素パワー測定まで対応したトレーニングマシン。多彩なプログラムメニューで測定・トレーニングをサポート。カラー液晶、タッチパネル方式で見やすく容易に操作が可能。ハンドルの高さ調整が10段階可能。サドル前後、高さが無段階調整可能。寸法1220（L）×528（W）×1470（H）mm質量82.5ｋｇ電源内蔵バッテリー負荷電磁ブレーキ負荷制御範囲 40段階制限体重180ｋｇ以下プログラム内容 クイックスタート、マニュアル、インターバル3種類、減量・心肺強化トレーニング表示機能運動速度、運動時間、走行距離、消費カロリー、脈拍数、負荷レベル1765（L）×625（W）×1402（H）mm93ｋｇ内蔵バッテリー電磁ブレーキ寸法質量電源負荷負荷制御範囲 40段階制限体重プログラム内容 クイックスタート、マニュアル、インターバル3種類、180ｋｇ以下減量・心肺強化トレーニング運動速度、運動時間、走行距離、消費カロリー、脈拍数、負荷レベル表示機能寸法1294（L）×651（W）×1296（H）mm質量62.5ｋｇ電源AC100V（50/60Hz）負荷渦電流制御方式（電磁ブレーキ）負荷制御範囲 0.1〜13KP（最大1500W）制限体重140ｋｇ以下プログラム数11","アップライトバイク 送料 御見積
C573U  ¥650,000
コンパクトで多機能な施設向きエクササイズバイク。
40段階の負荷調整が可能。
自家発電、バッテリー標準装備により、レイアウトの変更が自由にでき
ます。
寸法1220（L）×528（W）×1470（H）mm
質量82.5ｋｇ
電源内蔵バッテリー
評価測定
負荷電磁ブレーキ
負荷制御範 囲40段階
制限体重180ｋｇ以下
プログラム内 容クイックスタート、マニュアル、インターバル3種類、運動療法
減量・心肺強化トレーニング
表示機能運動速度、運動時間、走行距離、消費カロリー、脈拍数、負荷レベル
水治療法
交換品・オプション
バイク用充電器 送料 御見積物理療法
OP-024 ¥18,000
救急
ＡＤＬ・
作業療法
リカンベントバイク 送料 御見積
C573R  ¥720,000言語療法
乗り降りしやすい足元フリー設計。
40段階の負荷調整が可能。自立支援
シートの前後距離を無段階に調整可能です。機器
自家発電、バッテリー標準装備により、レイアウトの変更が自由にでき
ます。衛生・
寸法1765（L）×625（W）×1402（H）mm防災 
質量93ｋｇ
電源内蔵バッテリー介護用
負荷電磁ブレーキ入浴機器
負荷制御範 囲40段階
制限体重180ｋｇ以下　
プログラム内 容クイックスタート、マニュアル、インターバル3種類、
減量・心肺強化トレーニング
表示機能運動速度、運動時間、走行距離、消費カロリー、脈拍数、負荷レベル
介 護予防
交換品・オプション
メディカル
バイク用充電器 送料 御見積フィットネス
筋力
OP-024 ¥18,000
トレーニング
ROM
エクササイズ
バ ランス
訓練
起 立・
歩 行訓練
有酸素
風神雷神 送料 御見積トレーニング
リハビリ
OCL-FR ¥880,000テーション
室備品
有酸素運動から無酸素パワー測定まで対応したトレーニン　
グマシン。
多彩なプログラムメニューで測定・トレーニングをサポート。
カラー液晶、タッチパネル方式で見やすく容易に操作が可能。ハンドル
の高さ調整が10段階可能。サドル前後、高さが無段階調整可能。
寸法1294（L）×651（W）×1296（H）mm
質量62.5ｋｇ
電源AC100V（50/60Hz）
負荷渦電流制御方式（電磁ブレーキ）
負荷制御範 囲0.1〜13KP（最大1500W）
制限体重140ｋｇ以下
プログラム数11
145"
147,MMTX9S10AF6UI,運動療法,有酸素トレーニング,"※上下肢ペダルの連動及び、逆転での運動はできません。ホームユースタイプ ：スポーツジムや学校など不特定多数の方が使用する場合、保証対象外となります。評価測定運動療法水治療法物理療法救急ＡＤＬ・作業療法言語療法自立支援機器衛生・防災 介護用入浴機器 介護予防メディカルフィットネス筋力トレーニングROMエクササイズバランス訓練起立・歩行訓練有酸素トレーニングリハビリテーション室備品交換品・オプション（コードレスバイクBFU／BFR用）ホームユースタイプコードレスバイクBFU 6CFT  送料 御見積¥715,000従来は最長17分かかっていた心肺体力測定が、最長6分で測定可能になり、利用者の負担軽減のみならず測定不可者の割合を低減。コードレスバイクBFU BG891000 ［共通仕様］コードレスバイクBFR BG892000 リカンベント　フルバイク SEG-6561S 146送料 御見積¥671,000送料 御見積¥748,000送料 御見積¥8,000送料 御見積¥158,0001270（L）×600（W）×1450（H）mm73.5ｋｇ12V内蔵バッテリー、内部発電方式発電ブレーキ110 ㎏以下充電器・イヤーセンサー・ペダルストラップ1540（L）×640（W）×1250（H）mm82.5ｋｇ12V内蔵バッテリー、内部発電方式発電ブレーキ1260（D）×600（W）×1230（H）mm53kg８段階設定110kg以下単3乾電池×2個寸法質量電源負荷負荷制御範囲 10 〜 250W（1W 単位）制限体重付属品［プログラム内容］体力測定、クイックスタート、ゴール設定（時間）、ゴール設定（カロリー）、定脈拍数寸法質量電源負荷負荷制御範囲 10 〜 250W（1W 単位）140 ㎏以下制限体重充電器・イヤーセンサー・ペダルストラップ付属品［プログラム内容］体力スコア、クイックスタート、ゴール設定（時間）、ゴール設定（カロリー）、定脈拍数寸法質量液晶表示項目 速度、時間、カロリー、心拍数負荷適応体重電源脈拍コントロール（定脈拍数）で効果的にトレーニング。オリジナルプログラムの「定脈拍数」では、トレーニング中の脈拍の変化をリアルタイムに表示し、設定した目標脈拍数に応じて、バイクの負荷を自動的にコントロールします。一定の強度でトレーニングが実施できるため、目的や体力に合わせた効果的なトレーニングが行えます。BG895000（心肺体力測定機能付） バイク用ゴムシート BD9041 上肢のみ、下肢のみ、上下肢での運動が可能です。乗り降りがしやすいウォークインタイプ。シートの高さ調節が可能です。","脈拍コントロール（定脈拍数）で効果的にトレーニング。
オリジナルプログラムの「定脈拍数」では、トレーニング中の脈拍の変
化をリアルタイムに表示し、設定した目標脈拍数に応じて、バイクの負
荷を自動的にコントロールします。一定の強度でトレーニングが実施で
きるため、目的や体力に合わせた効果的なトレーニングが行えます。
 
コードレスバイクBFU 6CFT 送料 御見積
BG895000（心肺体力測定機能付）  ¥715,000
従来は最長17分かかっていた心肺体力測定が、最長6分で測定可能に
評価測定
なり、利用者の負担軽減のみならず測定不可者の割合を低減。
運動療法コードレスバイクBFU 送料 御見積
BG891000 ¥671,000
［共通仕様］
水治療法
寸法1270（L）×600（W）×1450（H）mm
質量73.5ｋｇ
電源12V内蔵バッテリー、内部発電方式
物理療法負荷発電ブレーキ
負荷制御範 囲10 〜 250W（1W 単位）
制限体重110 ㎏以下
救急付属品充電器・イヤーセンサー・ペダルストラップ
［プログラム内容］
体力測定、クイックスタート、ゴール設定（時間）、ゴール設定（カロリー）、定脈拍数
ＡＤＬ・
作業療法
コードレスバイクBFR 送料 御見積
言語療法
BG892000 ¥748,000
寸法1540（L）×640（W）×1250（H）mm
自立支援
質量82.5ｋｇ
機器
電源12V内蔵バッテリー、内部発電方式
負荷発電ブレーキ
衛生・負荷制御範 囲10 〜 250W（1W 単位）
防災 制限体重140 ㎏以下
付属品充電器・イヤーセンサー・ペダルストラップ
介護用［プログラム内容］
入浴機器体力スコア、クイックスタート、ゴール設定（時間）、ゴール設定（カロリー）、定脈拍数
交換品・オプション（コードレスバイクBFU／BFR用）
バイク用ゴムシート 送料 御見積
介護予防
BD9041 ¥8,000
メディカル
フィットネス
筋力
トレーニング
ROM
エクササイズ
バランス
訓練
起立・
歩行訓練
有酸素ホームユースタイプ
トレーニング
リハビリ
テーションリカンベント　フルバイク 送料 御見積
室備品
SEG-6561S ¥158,000
上肢のみ、下肢のみ、上下肢での運動が可能です。
乗り降りがしやすいウォークインタイプ。
シートの高さ調節が可能です。
寸法1260（D）×600（W）×1230（H）mm
質量53kg
液晶表示項 目速度、時間、カロリー、心拍数
負荷８段階設定
適応体重110kg以下
電源単3乾電池×2個
※上下肢ペダルの連動及び、逆転での運動はできません。
ホームユースタイ プ：スポーツジムや学校など不特定多数の方が使用する場合、保証対象外となります。
146"
148,MMTX9S2MZOM4I,運動療法,リハビリテーション室備品,"移動式オーバーヘッドフレーム SB-200 プーリー SPR-411A（二連式壁面取付型）   SPR-412A（二連式天井吊下型）   SB-200SPR-411ASPR-412A 単品価格 送料SPR-412Aオーバーヘッドフレーム／プーリー関連付属品オーバーヘッドフレーム プーリー数量3個4個1個2個1個1個1個1個1個1個1個1個1個1個1個1個1個1個1個2個1個2個1個3個2個2個2個8ｍ10ｍ天井部に取り付けた滑車を利用して、左右上肢の上下運動。片麻痺などの患者が片手を押し下げると別の手が上がることにより自主的にトレーニングできます。可動域を介助者が広げることで有効な上肢トレーニングになります。送料 H¥980,000滑車やウェイトなどを使用しながら身体各部のROM、筋力増強運動や牽引・矯正運動に。天井や壁面などへの取り付け工事が不要な自立タイプ。本体はキャスター付きで設置場所が制限されず、リハビリテーション室のスペースが有効に活用できます。送料 F¥210,000¥250,000147寸法 外形／1415（L）×1110（W）×2127（H）mm金網（天井）／1020×1030mm金網（壁面）／1010×1010mmキャスター／φ50mm質量 約80kg材質 スチール（粉体塗装）その他 アジャスター／4個、キャスター／4個［構成］本体、付属品一式寸法 2010mm材質 パイプ･SUS304ブラケット･スチール［構成］本体、付属品一式付属品品名型式SPR-598①自在木付把手②足腕固定バンド （中） SPR-561B（小） SPR-561CSPR-564B③吊帯④カラー砂袋  0.5kg SPR-593A1kg SPR-593B2kg SPR-593D3kg SPR-593F4kg SPR-593H5kg SPR-593K10kg SPR-593VSPR-597SPR-599SPR-596SPR-590SPR-594SPR-566B⑤フック⑥自在木付ナス環⑦壁面用滑車⑧ロープ取外し滑車⑨スライド滑車⑩滑車取付金具ナイロンロープ※ベッドは商品には含まれません。①②③④⑤⑧⑥⑨⑦⑩———————ABA——評価測定運動療法水治療法物理療法救急ＡＤＬ・作業療法言語療法自立支援機器衛生・防災 介護用入浴機器　        　介護 予防メディカルフィットネス筋力トレーニングROMエクササイズバラ ンス訓練起立 ・歩行 訓練有酸素トレーニングリハビリテーション室備品¥18,000¥7,900¥7,200¥15,000¥3,400¥3,900¥4,600¥5,100¥5,900¥6,400¥7,600¥2,500¥3,900¥15,400¥5,600¥15,900¥13,000—","移動式オーバーヘッドフレーム 送料 H
SB-200  ¥980,000
滑車やウェイトなどを使用しながら身体各部のROM、筋力増強
運動や牽引・矯正運動に。
天井や壁面などへの取り付け工事が不要な自立タイプ。
本体はキャスター付きで設置場所が制限されず、リハビリテーション室のス
ペースが有効に活用できます。
寸 法外形／1415（L）×1110（W）×2127（H）mm
金網（天井）／1020×1030mm評価測定
金網（壁面）／1010×1010mm
キャスター／φ50mm
質 量約80kg
材 質スチール（粉体塗装）運動療法
その 他アジャスター／4個、キャスター／4個
［構成］本体、付属品一式
水治療法
物理療法
救急
※ベッドは商品には含まれません。
ＡＤＬ・
作業療法
プーリー 送料 F
SPR-411A（二連式壁面取付型）   ¥210,000
言語療法
SPR-412A（二連式天井吊下型）   ¥250,000
天井部に取り付けた滑車を利用して、左右上肢の上下運動。
自立支援
片麻痺などの患者が片手を押し下げると別の手が上がることにより自主的に
機器
トレーニングできます。
可動域を介助者が広げることで有効な上肢トレーニングになります。
衛生・
寸 法2010mm防災 
材 質パイプ･SUS304ブラケット･スチール
［構成］本体、付属品一式
介護用
入浴機器
　
介 護予防
メディカル
フィットネス
筋力
SPR-412Aトレーニング
ROM
エクササイズ
オーバーヘッドフレーム／プーリー関連付属品バ ランス
訓練
オーバーヘッドフレー ムプーリー起 立・
①②③付属品SPR-411A歩 行訓練
SB-200単品価 格送料
SPR-412 A有酸素
トレーニング
品名型式数量
リハビリ
①自在木付把手SPR-5983個4個¥18,000テーション
室備品
②足腕固定バンド （中 ）SPR-561B1個2個¥7,900
　
 （小 ）SPR-561C1個—¥7,200
④③吊帯SPR-564B1個—¥15,000
④カラー砂袋  0.5k gSPR-593A1個—¥3,400A
 1k gSPR-593B1個1個¥3,900
 2k gSPR-593D1個1個¥4,600
 3k gSPR-593F1個1個¥5,100
 4k gSPR-593H1個1個¥5,900
⑤⑥⑦
 5k gSPR-593K1個1個¥6,400
B
 10k gSPR-593V1個—¥7,600
⑤フックSPR-5971個2個¥2,500
⑥自在木付ナス環SPR-5991個2個¥3,900
⑧⑨⑩⑦壁面用滑車SPR-5961個—¥15,400
A
⑧ロープ取外し滑車SPR-5903個2個¥5,600
⑨スライド滑車SPR-5942個—¥15,900
⑩滑車取付金具SPR-566B—2個¥13,000
ナイロンロープ—10ｍ8ｍ——
147"
149,MMTX9S4I7RD2R,運動療法,リハビリテーション室備品,"中小評価測定運動療法水治療法物理療法救急ＡＤＬ・作業療法言語療法自立支援機器衛生・防災 介護用入浴機器 手首固定バンド SPR-555  足腕固定バンド（軽荷重用） 腕部や脚部に巻き、ロープによる牽引を行う時に。ナイロン製でフィット感に優れると同時に、ベルクロ式で着脱が簡単です。グリップサポート COP-GS1（5本1組） ホールディングミット SPR-557  送料 A¥11,000マシントレーニング中に把持力が持続しない方などのグリップをやさしく保持します。素材はソフトで伸縮性があり手に負担をかけません。手の小さい方から大きい方まで幅広く適用できます。マジックテープ式で簡単に付け外しが行えます。材質 皮革送料 A¥8,200型式SPR-578BSPR-578C握力が弱くて把手がつかみにくい際に。ベルクロ式で着脱も簡単。価格¥5,500¥5,200寸法（mm）500（L）×75（W） 12kg以下385（L）×75（W）   8kg以下148寸法質量材質800(L)×240（W）mm約79ｇ本体生地／ネオプレンゴム［構成］5本入使用例送料 A¥6,000不意に手を離したり、落としたりすることによる事故を予防。	把手やダンベルなどを手関節に固定するバンドです。送料 A耐荷重サイズ介護予防メディカルフィットネス筋力トレーニングROMエクササイズバランス訓練起立・歩行訓練有酸素トレーニングリハビリテーション室備品","評価測定
使用例
運動療法
水治療法
物理療法
救急
ＡＤＬ・グリップサポート 送料 A手首固定バンド 送料 A
作業療法
COP-GS1（5本1組）  ¥11,000SPR-555  ¥6,000
マシントレーニング中に把持力が持続しない方などのグ不意に手を離したり、落としたりすることによる事故を予防。
言語療法
リップをやさしく保持します。 把手やダンベルなどを手関節に固定するバンドです。
素材はソフトで伸縮性があり手に負担をかけません。材 質皮革
自立支援手の小さい方から大きい方まで幅広く適用できます。
機器
マジックテープ式で簡単に付け外しが行えます。
寸法800(L)×240（W）mm
衛生・質量約79ｇ
防災 
材質本体生地／ネオプレンゴム
［構成］5本入
介護用
入浴機器
介護予防
メディカル
フィットネス
筋力
トレーニング
ROM
エクササイズ
バランス
訓練
起立・
歩行訓練
有酸素
トレーニング
リハビリ
テーション
室備品
ホールディングミット 送料 A足腕固定バンド（軽荷重用） 送料 A
SPR-557  ¥8,200腕部や脚部に巻き、ロープによる牽引を行う時に。
握力が弱くて把手がつかみにくい際に。ナイロン製でフィット感に優れると同時に、ベルクロ式で着脱が簡単です。
ベルクロ式で着脱も簡単。型式価格寸法（mm）耐荷重サイズ
SPR-578B¥5,500500（L）×75（W ）12kg以下中
SPR-578C¥5,200385（L）×75（W ）  8kg以下小
148"
150,MMTX9S6B0X1V0,運動療法,リハビリテーション室備品,"CBDAACDB評価測定運動療法水治療法物理療法救急ＡＤＬ・作業療法言語療法自立支援機器衛生・防災 介護用入浴機器　　※エンボス加工面が表面です。※製造都合により色の濃淡があります。エクスマット SPR-5010 防水安全マット SPR-5090A（ピンク）、B（青）、C（黄）、D（緑） 149送料 A各¥14,000寸法900（L）×900（W）×20（H）mm質量1.5kg材質芯材／EVA樹脂発泡体、表面／ウレタンレザー送料 A¥13,500送料 御見積各¥20,000超防汚加工のレザーで汚れに強く、より高級感のあるマット。衝撃吸収性に優れ転倒時の衝撃を吸収します。1000（L）×1000（W）×15（H）mm1.2kgEVA樹脂発泡体920（L）×920（W）×15（H）mm質量1.7kg材質EVA樹脂発泡体リバーシブルジョイントマット 送料 ASPR-5036A（赤）、B（青）、C（黄）、D（緑）  各¥11,600特殊ジョイントを採用した表裏両方使えるマット。寸法質量材質ジョイントマット 送料 ASPR-5035A（赤）、B（青）、C（黄）、D（緑） 各¥9,000片面エンボス加工。へたりが少なく歩行安定性に優れ、リハビリテーション用マットにも最適。寸法質量材質消防庁認定 防炎マット SPR-5037A（オレンジ）、B（青）、C（茶）、D（緑） 920（L）×920（W）×15（H）mm0.9kgEVA樹脂発泡体衝撃吸収ラバーをブレンドした柔らかく弾力性に富んだマット。寸法質量材質940（L）×940（W）×15（H）mm0.95kgEVA樹脂発泡体介護 予防メディカルフィットネス筋力トレーニングROMエクササイズバラ ンス訓練起立 ・歩行 訓練有酸素トレーニングリハビリテーション室備品保温性・クッション性に優れた独立気泡構造。熱伝導率が低く断熱効果があるため、保温性に優れています。気泡の独立構造が、優れた弾力性と衝撃吸収性を発揮します。メンテナンスが簡単で、衛生的。撥水性があるため、汚れがしみ込まず、洗い流すことができます。耐薬品性に優れ、汚れがひどい場合にはアルコール消毒もできます。感染予防に適した抗菌・防ダニ加工。低臭タイプのEVA樹脂に配合した微粒子金属イオンによる高い抗菌性があります。無機物の抗菌剤の使用により安全性、耐久性、耐熱性に優れています。表面層は空気を通さずダニの侵入も防ぎます。燃焼時に有毒ガスを発生させない消防庁認定のマット。寸法ジョイントマット","ジョイントマット
感染予防に適した抗菌・防ダニ加工。保温性・クッション性に優れた独立気泡構造。
低臭タイプのEVA樹脂に配合した微粒子金属イオンによる高い抗菌性熱伝導率が低く断熱効果があるため、保温性に優れています。
があります。気泡の独立構造が、優れた弾力性と衝撃吸収性を発揮します。
無機物の抗菌剤の使用により安全性、耐久性、耐熱性に優れています。
表面層は空気を通さずダニの侵入も防ぎます。メンテナンスが簡単で、衛生的。
撥水性があるため、汚れがしみ込まず、洗い流すことができます。
評価測定
耐薬品性に優れ、汚れがひどい場合にはアルコール消毒もできます。
運動療法
水治療法
物理療法
救急
ＡＤＬ・
作業療法
言語療法
自立支援
ジョイントマット 送料 Aリバーシブルジョイントマット 送料 Aエクスマット 送料 A機器
SPR-5035A（赤）、B（青）、C（黄）、D（緑） 各¥9,000SPR-5036A（赤）、B（青）、C（黄）、D（緑）  各¥11,600SPR-5010 ¥13,500
衛生・
片面エンボス加工。へたりが少なく特殊ジョイントを採用した表裏両方
衝撃吸収ラバーをブレンドした柔ら防災 
歩行安定性に優れ、リハビリテーショ使えるマット。
かく弾力性に富んだマット。
ン用マットにも最適。寸法920（L）×920（W）×15（H）mm寸法940（L）×940（W）×15（H）mm介護用
寸法1000（L）×1000（W）×15（H）mm質量0.9kg質量0.95kg入浴機器
材質EVA樹脂発泡体
質量1.2kg材質EVA樹脂発泡体
材質EVA樹脂発泡体　
※エンボス加工面が表面です。
介 護予防
メディカル
フィットネス
筋力
トレーニング
A
ROM
C
Cエクササイズ
Dバ ランス
訓練
BD
起 立・
B歩 行訓練
有酸素
Aトレーニング
リハビリ
テーション
室備品
　
消防庁認定 防炎マット 送料 A防水安全マット 送料 御見積
SPR-5037A（オレンジ）、B（青）、C（茶）、D（緑） 各¥14,000SPR-5090A（ピンク）、B（青）、C（黄）、D（緑） 各¥20,000
燃焼時に有毒ガスを発生させない消防庁認定のマット。超防汚加工のレザーで汚れに強く、より高級感のあるマット。
寸法920（L）×920（W）×15（H）mm衝撃吸収性に優れ転倒時の衝撃を吸収します。
質量1.7kg寸法900（L）×900（W）×20（H）mm
材質EVA樹脂発泡体質量1.5kg
※製造都合により色の濃淡があります。材質芯材／EVA樹脂発泡体、表面／ウレタンレザー
149"
151,MMTX9S8C6LNYN,運動療法,リハビリテーション室備品,パワーリハエアレックスマット硬いマット柔らかいマットフィットネスはもちろん、介護予防の現場でも活躍。WEBはこちらコロナ・コロネラ・フィットネス・フィットライン・ヨガピラティス波形パターンワッフルパターン150凹凸の違和感がなく、肌にやさしいのでリハビリテーションや簡単なエクササイズに最適です。滑り止めのプラスチックラミネートを施しているので、やや激しいマット運動に向いています。アトラス・ヘラクレス（裏）（表）オリンピア・ダイアナ※エアレックスマットは、運動靴の使用で破損することがあります。評価測定運動療法水治療法物理療法救急ＡＤＬ・作業療法言語療法自立支援機器衛生・防災 介護用入浴機器介護予防メディカルフィットネス筋力トレーニングROMエクササイズバランス訓練起立・歩行訓練有酸素トレーニングリハビリテーション室備品菌をよせつけませんクローズドセル構造なので身体にやさしい弾力と保温性。細かい気泡（セル）を無数に含んだ構造なので、薄くても弾力があり、ショックをやわらげます。軽くて持ち運びやすく、耐久性に優れています。体温を保持し、床面の冷たさを伝えません。柔らかすぎず硬すぎず、理想的な弾性を実現。適度なクッション性を保ち、身体におよぶ衝撃を最小限に抑えます。抗菌マット運動の安全性を高める独自の表面加工。 スリップによる転倒の危険を防止する2種類の表面パターンをご用意。豊富なカラー&バリエーション。人気色のレッドをはじめ、グリーン、ブルーなど豊富なカラー色からお選び頂けます。広いマット運動スペースには、コーナーが直角タイプを数枚敷きつめて、パーソナルユースの場合は丸いタイプをと、用途に応じて使い分けられます。清潔なトレーニング環境を維持。防水加工がされており、汚れてしまってもまるごと洗いができます。マットは原料段階から抗菌処理を施しているため、菌の増殖を防ぎ、安心です。非抗菌エアレックスマット,"WEBはこちら
フィットネスはもちろん、介護予防の現場でも活躍。
パワー
エアレックスマット リハ
評価測定
運動療法
水治療法
物理療法
救急
ＡＤＬ・
作業療法
言語療法
自立支援
機器
衛生・
防災 
介護用
入浴機器
介護予防
メディカル
フィットネス
筋力
トレーニング
豊富なカラー&クローズドセル構造なので身体にやさしい弾力と保温性。
ROM
エクササイズバリエーション。細かい気泡（セル）を無数に含んだ構
バランス人気色のレッドをはじめ、グリーン、造なので、薄くても弾力があり、ショッ
訓練ブルーなど豊富なカラー色からおクをやわらげます。軽くて持ち運びや
起立・選び頂けます。すく、耐久性に優れています。体温を
歩行訓練広いマット運動スペースには、コー保持し、床面の冷たさを伝えません。
有酸素ナーが直角タイプを数枚敷きつめ柔らかすぎず硬すぎず、理想的な弾性
トレーニングて、パーソナルユースの場合は丸を実現。適度なクッション性を保ち、身
リハビリ
テーションいタイプをと、用途に応じて使い分体におよぶ衝撃を最小限に抑えます。
室備品
けられます。
エアレックスマット硬いマット柔らかいマット
清潔なトレーニング環境を維持。マット運動の安全性を高める独自の表面加工。
防水加工がされており、汚れてしまってもまるごと洗ス リップによる転倒の危険を防止する2種類の表面パターンをご用意。
いができます。マットは原料段階から抗菌処理を施
波形パターン
しているため、菌の増殖を防ぎ、安心です。
凹凸の違和感がなく、肌に
やさしいのでリハビリテー
コロナ・コロネラ・
ションや簡単なエクササイズ
フィットネス・フィットライン・
に最適です。
アトラス・ヘラクレスヨガピラティス
非抗菌抗菌
ワッフルパターン
（裏）
滑り止めのプラスチックラミ
ネートを施しているので、や
や激しいマット運動に向いて
（表）
います。
菌をよせつけませんオリンピア・ダイアナ
※エアレックスマットは、運動靴の使用で破損することがあります。
150"
152,MMTX9S9RIGP5O,運動療法,リハビリテーション室備品,○○○○○○○○○○○○○○○○○○○○○○○評価測定運動療法水治療法物理療法救急ＡＤＬ・作業療法言語療法自立支援機器衛生・防災 介護用入浴機器　　詳しくはP.123詳しくはP.123詳しくはP.123詳しくはP.123詳しくはP.122目的に合わせて選べるエアレックスマット一覧フィットネス ピラティスヨガ リハビリテーション151○ − −○ − −○ −○ −○ − ○○ − ○○ − ○コロナAMF-300R、B寸法 約1850×1000×15mm / 約3.8kgコロネラAMF-320R、B寸法 約1850×600×15mm / 約2.2kgフィットネス120AML-420B寸法 約1200×600×15mm / 約1.4kgフィットライン140AML-440B、K寸法 約1400×600×10mm / 約1.2kgAML-440Bのみ幅580mmフィットライン180AML-480B、K、P、C寸法 約1800×600×10mm / 約1.5kgヨガピラティス190AML-550C寸法 約1900×600×8mm / 約1.4kgアトラスAMF-310R、WB寸法 約2000×1250×15mm / 約5.5kgヘラクレスAMF-330WB、B寸法 約2000×1000×25mm / 約6.6kgオリンピアAMG-200WB寸法 約2000×1250×32mm / 約11kgダイアナAMG-210WB寸法 約2000×1250×15mm / 約7kgバランスパッド・エリートAMB-ELITE/S/P/K寸法 約480×400×60mm / 約0.7kgバランスパッド・クラウドAMB-CL2寸法 約480×400×60mm / 約0.7kgバランスパッド・ソリッドAMB-SLD寸法 約460×410×50mm / 約1kgバランスパッド・XLAMB-XL寸法 約980×410×60mm / 約1.4kgバランスビームAMB-BM寸法 約1600×240×60mm / 約0.9kg※エアレックスマットは、運動靴の使用で破損することがあります。※寸法は製造工程上、誤差が生じる場合があります。介護 予防メディカルフィットネス筋力トレーニングROMエクササイズバラ ンス訓練起立 ・歩行 訓練有酸素トレーニングリハビリテーション室備品 レッド ブルー レッド ブルー ブルー ウォーターブルー キウイ ウォーターブルー キウイ ピンク チャコール チャコール レッド ウォーターブルー ウォーターブルー ブルー ウォーターブルー ウォーターブルー ブルー  ピンク  ストーングレー キウイ クラウドレッド ロイヤルブルー ブルー ブルー− − ○,"目的に合わせて選べるエアレックスマット一覧フィットネ スピラティスヨ ガリハビリテーション
コロナ
 レッド
AMF-300R、B ブルー○○○
寸法 約1850×1000×15mm / 約3.8kg
評価測定
コロネラ
 レッド
AMF-320R、B ブルー○○○
寸法 約1850×600×15mm / 約2.2kg
運動療法
フィットネス120
AML-420B ブルー ○ −−水治療法
寸法 約1200×600×15mm / 約1.4kg
物理療法
フィットライン140
 ウォーターブルー
A寸M法L 約-414400B0×、6K00×10mm / 約1.2kg キウイ ○ −−
救急
AML-440Bのみ幅580mm
 ウォーターブルー
フィットライン180ＡＤＬ・
 キウイ作業療法
AML-480B、K、P、C ピンク○ ○−
寸法 約1800×600×10mm / 約1.5kg チャコール
言語療法
ヨガピラティス190
AML-550C チャコール○ ○−自立支援
寸法 約1900×600×8mm / 約1.4kg機器
衛生・
アトラス レッド防災 
AMF-310R、WB ウォーターブルー − −○
寸法 約2000×1250×15mm / 約5.5kg
介護用
入浴機器
ヘラクレス ウォーターブルー　
AMF-330WB、B ブルー ○ −○
寸法 約2000×1000×25mm / 約6.6kg
オリンピア介 護予防
AMG-200WB ウォーターブルー ○ −○メディカル
寸法 約2000×1250×32mm / 約11kgフィットネス
筋力
トレーニング
ダイアナROM
AMG-210WB ウォーターブルー ○ −○エクササイズ
寸法 約2000×1250×15mm / 約7kgバ ランス
訓練
 ブルー  ストーングレー起 立・
歩 行訓練
バランスパッド・エリート ピンク  キウイ
AMB-ELITE/S/P/K詳しくは○○○トレーニ有ン酸グ素
寸法 約480×400×60mm / 約0.7kgP.123
リハビリ
テーション
室備品
 クラウドレッド
バランスパッド・クラウド　
AMB-CL2詳しくは○○○
寸法 約480×400×60mm / 約0.7kgP.123
 ロイヤルブルー
バランスパッド・ソリッド
AMB-SLD詳しくは○○○
寸法 約460×410×50mm / 約1kgP.123
 ブルー
バランスパッド・XL
AMB-XL詳しくは○○○
寸法 約980×410×60mm / 約1.4kgP.123
 ブルー
バランスビーム
AMB-BM詳しくは○○○
寸法 約1600×240×60mm / 約0.9kgP.122
※エアレックスマットは、運動靴の使用で破損することがあります。
※寸法は製造工程上、誤差が生じる場合があります。
151"
153,MMTX9SBEZTOVM,運動療法,リハビリテーション室備品,"0060060060060060001コロネラ AMF-320R（レッド）、B（ブルー） フィットライン 180 送料 AAML-480B（ウォーターブルー）、K（キウイ）、P（ピンク）、C（チャコール）  各¥18,000トップアスリートに支持される高性能マット。ジムでも広く使用され、信頼性と快適性を両立。ヨガピラティス 190 AML-550C（チャコール） コロナ AMF-300R（レッド）、B（ブルー） フィットライン 140 AML-440B（ウォーターブルー）、K（キウイ） フィットネス120 AML-420B（ブルー） ピラティスヨガ リハビリテーションピラティスヨガピラティスヨガフィットネスピラティスヨガ リハビリテーションフィットネス※AML-440Bのみ幅580mmフィットネスフィットネスフィットネスフィットネス1850寸法質量約1850（L）×1000（W）×15（H）mm約3.8kg材質PVCパターン 両面波形パターン1400約1400（L）×600（W）×10（H）mm寸法約1.2kg質量材質PVCパターン 両面波形パターン1200寸法約1200（L）×600（W）×15（H）mm質量約1.4kg材質PVCパターン 両面波形パターン1850送料 A各¥41,000寸法質量材質パターン 両面波形パターン1800送料 A各¥13,2001900送料 A¥19,000寸法質量材質パターン 両面波形パターン人気の高いエクササイズマット。快適性と汎用性に優れ、医療現場からジム、屋外まで幅広く対応。トップアスリートに支持される高性能マット。ジムでも広く使用され、信頼性と快適性を両立。長さ120cmのコンパクト設計。限られたスペースに最適。軽量で扱いやすい小型マット。丸めて収納でき、持ち運びに便利。ピラティスインストラクターと共同で開発。厚さ8mmの高密度マットが高い安定性を提供。トレーニングマット（波形パターン）フィットネスマット（波形パターン）152送料 A各¥25,000送料 A¥18,000約1850（L）×600（W）×15（H）mm約2.2kgPVC約1800（L）×600（W）×10（H）mm寸法約1.5kg質量材質PVCパターン 両面波形パターン約1900（L）×600（W）×8（H）mm約1.4kgPVC評価測定運動療法水治療法物理療法救急ＡＤＬ・作業療法言語療法自立支援機器衛生・防災 介護用入浴機器介護予防メディカルフィットネス筋力トレーニングROMエクササイズバランス訓練起立・歩行訓練有酸素トレーニングリハビリテーション室備品","トレーニングマット（波形パターン）
フィットネスピラティスヨ ガリハビリテーションフィットネスピラティスヨ ガリハビリテーション
評価測定
運動療法1850
01850
001006
水治療法
コロナ 送料 Aコロネラ 送料 A
AMF-300R（レッド）、B（ブルー） 各¥41,000AMF-320R（レッド）、B（ブルー） 各¥25,000
物理療法
人気の高いエクササイズマット。軽量で扱いやすい小型マット。
快適性と汎用性に優れ、医療現場からジム、屋外まで幅広く対応。丸めて収納でき、持ち運びに便利。
救急寸法約1850（L）×1000（W）×15（H）mm寸法約1850（L）×600（W）×15（H）mm
質量約3.8kg質量約2.2kg
材質PVC材質PVC
ＡＤＬ・パター ン両面波形パターンパター ン両面波形パターン
作業療法
言語療法
フィットネスマット（波形パターン）
自立支援
機器フィットネスフィットネスピラティスヨガ
衛生・
防災 
介護用
入浴機器
14001800
00
00
66
介護予防
メディカルフィットライン 140 送料 Aフィットライン 180 送料 A
フィットネス
AML-440B（ウォーターブルー）、K（キウイ） 各¥13,200AML-480B（ウォーターブルー）、K（キウイ）、P（ピンク）、C（チャコール）  各¥18,000
筋力
トレーニングトップアスリートに支持される高性能マット。トップアスリートに支持される高性能マット。
ROMジムでも広く使用され、信頼性と快適性を両立。ジムでも広く使用され、信頼性と快適性を両立。
エクササイズ
寸法約1400（L）×600（W）×10（H）mm寸法約1800（L）×600（W）×10（H）mm
バランス質量約1.2kg質量約1.5kg
訓練
材質PVC材質PVC
起立・パター ン両面波形パターンパター ン両面波形パターン
歩行訓練
※AML-440Bのみ幅580mm
有酸素
トレーニング
リハビリ
テーションフィットネスフィットネスピラティスヨガ
室備品
12001900
00
00
66
フィットネス120 送料 Aヨガピラティス 190 送料 A
AML-420B（ブルー） ¥19,000AML-550C（チャコール） ¥18,000
長さ120cmのコンパクト設計。ピラティスインストラクターと共同で開発。
限られたスペースに最適。厚さ8mmの高密度マットが高い安定性を提供。
寸法約1200（L）×600（W）×15（H）mm寸法約1900（L）×600（W）×8（H）mm
質量約1.4kg質量約1.4kg
材質PVC材質PVC
パター ン両面波形パターンパター ン両面波形パターン
152"
154,MMTX9SD2E77XG,運動療法,リハビリテーション室備品,"0521052100010521ヘラクレス AMF-330WB（ウォーターブルー）、B（ブルー） ダイアナ AMG-210WB（ウォーターブルー） アトラス AMF-310R（レッド）、WB（ウォーターブルー） オリンピア AMG-200WB（ウォーターブルー） 評価測定運動療法水治療法物理療法救急ＡＤＬ・作業療法言語療法自立支援機器衛生・防災 介護用入浴機器　　介護 予防メディカルフィットネス筋力トレーニングROMエクササイズバラ ンス訓練起立 ・歩行 訓練有酸素トレーニングリハビリテーション室備品リハビリテーションリハビリテーションフィットネスフィットネスリハビリテーションリハビリテーションフィットネス200020002000送料 B各¥62,0002000送料 B¥99,000エアレックスマットの中でサイズが最も大きいマット。厚さ1.5cmで安定性が高く、水中でのリハビリや運動療法にも最適。学校やクラブ向けに設計された高耐久マット。特殊コーティングで長持ちし、衝撃吸収性に優れています。厚さ2.5cmの高密度素材で快適な使い心地を実現。水中使用にも適した耐久性の高いハイドロセラピーマット。学校やクラブ向けに設計された高耐久マット。特殊コーティングで長持ちし、衝撃吸収性に優れています。リハビリテーション・トレーニングマット（波形パターン）リハビリテーション・トレーニングマット（ワッフルパターン）153送料 B各¥69,000寸法質量約2000（L）×1000（W）×25（H）mm約6.6kg材質PVCパターン 両面波形パターン送料 D¥140,000寸法質量材質パターン 両面ワッフルパターン約2000（L）×1250（W）×15（H）mm約7kgPVC、表面加工／上面プラスチックラミネート加工※エアレックスマットは、運動靴の使用で破損することがあります。※長さ・幅寸法は製造工程上、±5％の誤差が生じる場合があります。※厚さ寸法は製造工程上、±25%の誤差が生じる場合があります。寸法質量約2000（L）×1250（W）×15（H）mm約5.5kg材質PVCパターン 両面波形パターン寸法質量材質パターン 両面ワッフルパターン約2000（L）×1250（W）×32（H）mm約11kgPVC、表面加工／上面プラスチックラミネート加工","リハビリテーション・トレーニングマット（波形パターン）
リハビリテーションフィットネスリハビリテーション
評価測定
運動療法
20002000
00
50
20
11
水治療法
アトラス 送料 Bヘラクレス 送料 B
AMF-310R（レッド）、WB（ウォーターブルー） 各¥69,000AMF-330WB（ウォーターブルー）、B（ブルー） 各¥62,000
物理療法
エアレックスマットの中でサイズが最も大きいマット。厚さ2.5cmの高密度素材で快適な使い心地を実現。
厚さ1.5cmで安定性が高く、水中でのリハビリや運動療法にも最適。水中使用にも適した耐久性の高いハイドロセラピーマット。
寸法約2000（L）×1250（W）×15（H）mm寸法約2000（L）×1000（W）×25（H）mm救急
質量約5.5kg質量約6.6kg
材質PVC材質PVC
パター ン両面波形パターンパター ン両面波形パターンＡＤＬ・
作業療法
言語療法
リハビリテーション・トレーニングマット（ワッフルパターン）
自立支援
機器
リハビリテーションフィットネスリハビリテーションフィットネス
衛生・
防災 
介護用
入浴機器
　
20002000
00
55
22
11
介 護予防
オリンピア 送料 Dダイアナ 送料 Bメディカル
フィットネス
AMG-200WB（ウォーターブルー） ¥140,000AMG-210WB（ウォーターブルー） ¥99,000
筋力
学校やクラブ向けに設計された高耐久マット。学校やクラブ向けに設計された高耐久マット。トレーニング
特殊コーティングで長持ちし、衝撃吸収性に優れています。特殊コーティングで長持ちし、衝撃吸収性に優れています。ROM
エクササイズ
寸法約2000（L）×1250（W）×32（H）mm寸法約2000（L）×1250（W）×15（H）mm
質量約11kg質量約7kgバ ランス
訓練
材質PVC、表面加工／上面プラスチックラミネート加工材質PVC、表面加工／上面プラスチックラミネート加工
パター ン両面ワッフルパターンパター ン両面ワッフルパターン起 立・
歩 行訓練
有酸素
トレーニング
リハビリ
テーション
室備品
　
※エアレックスマットは、運動靴の使用で破損することがあります。
※長さ・幅寸法は製造工程上、±5％の誤差が生じる場合があります。
※厚さ寸法は製造工程上、±25%の誤差が生じる場合があります。
153"
155,MMTX9SFC8FH1V,運動療法,リハビリテーション室備品,腰評価測定運動療法水治療法物理療法救急ＡＤＬ・作業療法言語療法自立支援機器衛生・防災 介護用入浴機器マッサージが中心股関節膝関節・肩・上肢対象部位は？運動器マニュアルセラピー実施時の肢位は出来るだけ適切な設定にしたいトリートメントテーブルの使用目的は？呼吸器主な対象疾患は？リハビリテーションが中心リクライニング機能が欲しい寝返り等、起居動作〜立ち上がり歩行練習までを1台のマットで行いたい脳血管2セクションPM-212W（電動・ワイド）3セクションPM-313PM-313HPM-213W5セクションPM-315PM-315H6セクションPM-216PM-216H9セクションPM-219（電動）ボバースPM-153PM-153Hボバース 2セクションPM-1532（電動）PM-1532H（足踏油圧）（電動）（足踏油圧）（電動・ワイド）（電動）（足踏油圧）（電動）（足踏油圧）（電動）（足踏油圧）使いやすさと安全性を追求した、アプローチがしやすく頑丈なデザイン。154あなたにぴったりのトリートメントテーブルは？NoYesNoNoYesYes介護予防メディカルフィットネス筋力トレーニングROMエクササイズバランス訓練起立・歩行訓練有酸素トレーニングリハビリテーション室備品トリートメントテーブル,"使いやすさと安全性を追求した、アプローチがしやすく頑丈なデザイン。
トリートメントテーブル
あなたにぴったりのトリートメントテーブルは？
評価測定
マ2セクション
ッ
サPM-212W（電動・ワイド）
運動療法
ー
ジ
が
水治療法中
心
物理療法
腰3セクション
救急PM-313（電動）
PM-313H（足踏油圧）
PM-213W（電動・ワイド）
ＡＤＬ・
作業療法
対股
象関
運
部節
言語療法動
位
器
は
？5セクション
自立支援膝
機器関PM-315（電動）
節PM-315H（足踏油圧）
・
衛生・肩
防災 ・
上
ト
肢
リ
介護用ー
入浴機器ト
メ
ン出マ6セクション
テト来ニュPM-216（電動）
ーるアPM-216H（足踏油圧）
だ
ブリル
ルハけセ
介護予防のビ主適ラ
メディカル使リな切ピNo
フィットネス用テ対呼なー
Rト筋Oレ力Mーニングは的目？ションーは患疾象吸器しに定設実施時Yes9セクション
エクササイズが中？たの肢PM-219（電動）
バランスい
心位
訓練
は
起立・
歩行訓練
有酸素
トレーニング
リハビリ
テーション
室備品
で寝
を返ボバース
1りPM-153（電動）
台等
の、リNoPM-153H（足踏油圧）
マ起ク
ッ居ラ
ト動イ
で作Noニ
脳行〜ン
血い立グ
管た機
いち上Yes能ボバース 2セクション
が
が
欲PM-1532（電動）
り
しPM-1532H（足踏油圧）
歩Yes
い
行
練
習
ま
154"
156,MMTX9SHIWU9QY,運動療法,リハビリテーション室備品,"009054008054009056051054056009003141080°20°141080°20°141030°30°30°30°30°30°※トリートメントテーブルオプションは、取付できません。195014355001950800600500※PM-213Wはベッド幅800mm195080060050030370トリートメントテーブル PM-212W （電動・ワイドサイズ） トリートメントテーブル PM-313  （電動） PM-313H （足踏油圧） PM-213W （電動・ワイドサイズ） トリートメントテーブル PM-315（電動） PM-315H（足踏油圧） 評価測定運動療法水治療法物理療法救急ＡＤＬ・作業療法言語療法自立支援機器衛生・防災 介護用入浴機器　　介護 予防メディカルフィットネス筋力トレーニングROMエクササイズバラ ンス訓練起立 ・歩行 訓練有酸素トレーニングリハビリテーション室備品2ポジション 2セクション3ポジション 3セクション3ポジション 5セクション快適な治療姿勢。ミドルセクションが調整可能。腹臥位姿勢の安定性を高めるため、ミドルセクションは脊柱部分が20度まで屈曲可能です。（3セクション以上）スリムラインシリーズ155送料 G¥1,300,000送料 G¥1,350,000¥1,400,000¥1,450,000送料 G¥1,450,000¥1,500,000外形／約1950（L）×約800（ワイド）（W）mm昇降ストローク／約450〜900mm質量約87kg昇降能力 約150kg電源AC100V（50/60Hz）15A消費電力 0.12kW電源消費電力 0.12kWAC100V（50/60Hz）15A［共通］寸法外形／約1950（L）×約650（W）mm、PM-213Wのみ約800（W）mm昇降ストローク／約450〜900mm約92kg質量昇降能力 約150kg電源AC100V（50/60Hz）15A消費電力 0.12kW［共通］寸法外形／約1950（L）×約650（W）mm昇降ストローク／約450〜900mm質量約92kg昇降能力 約150kg頭部独立の角度調整ができ、各種マッサージに有効。寸法頭部と下肢部マットの角度調整ができるシンプルタイプ。［PM-313、PM-213W］腹臥位時に肩の負担が軽減できるスタンダードタイプ。［PM-315］","スリムラインシリーズ
快適な治療姿勢。ミドルセクションが調整可能。
腹臥位姿勢の安定性を高めるため、ミドルセクションは脊柱部分が20度まで屈曲可能です。（3セクション以上）
2ポジション 2セクション
トリートメントテーブル 送料 G
PM-212W（ 電動・ワイドサイズ） ¥1,300,000
頭部独立の角度調整ができ、各種マッサージに有効。
寸法外形／約1950（L）×約800（ワイド（）W）mm評価測定
昇降ストローク／約450〜900mm
質量約87kg
昇降能 力約150kg
運動療法
電源AC100V（50/60Hz）15A
消費電 力0.12kW
※トリートメントテーブルオプションは、取付できません。
水治療法
195030°
1435500
30°
008009物理療法
0
5
4
1410救急
ＡＤＬ・
作業療法
3ポジション 3セクション
トリートメントテーブル 送料 G
PM-313  （電動） ¥1,350,000
言語療法
PM-313H（ 足踏油圧） ¥1,400,000
PM-213W（ 電動・ワイドサイズ） ¥1,450,000
頭部と下肢部マットの角度調整ができるシンプルタイプ。自立支援
機器
［PM-313、PM-213W］
電源AC100V（50/60Hz）15A
消費電 力0.12kW衛生・
防災 
［共通］
寸法外形／約1950（L）×約650（W）mm、PM-213Wのみ約800（W）mm
昇降ストローク／約450〜900mm介護用
質量約92kg入浴機器
昇降能 力約150kg
　
80°
195020°30°
800600500介 護予防
30°
メディカル
0500フィットネス
69
05筋力
4トレーニング
※PM-213Wはベッド幅800mm1410ROM
エクササイズ
バ ランス
訓練
3ポジション 5セクション起 立・
トリートメントテーブル 送料 G
歩 行訓練
PM-315（電動） ¥1,450,000有酸素
PM-315H（足踏油圧） ¥1,500,000トレーニング
リハビリ
腹臥位時に肩の負担が軽減できるスタンダードタイプ。テーション
室備品
［PM-315］
　
電源AC100V（50/60Hz）15A
消費電 力0.12kW
［共通］
寸法外形／約1950（L）×約650（W）mm
昇降ストローク／約450〜900mm
質量約92kg
昇降能 力約150kg
80°
195030°
80060050020°
30°
0030560090015
5
4
30
3701410
155"
157,MMTX9SJ6G1LS0,運動療法,リハビリテーション室備品,"↓評価測定運動療法水治療法物理療法救急ＡＤＬ・作業療法言語療法自立支援機器衛生・防災 介護用入浴機器     5130510090540560035135710030810078001950※トリートメントテーブルオプションは、取付できません。6001975450本体とサイドソケットが必要となります。80°6005003037090°42042025°25°58027060°90°とそれぞれの取付金具が必要です。20°30°30°141070°20°90°15°30°※ 固定ベルトのご使用には、ガイドレールを装着したテーブル本体と取付金具が必要となります。※ 脇固定パッドのご使用には、ガイドレールを装着したテーブルトリートメントテーブル PM-216 （電動） PM-216H （足踏油圧） トリートメントテーブル PM-219（電動） 脇固定パッド（1本） PM871000 固定ベルト取付金具（2個）  送料 A¥78,000PM873001 ※固定ベルト専用の取付金具です。固定ベルト（1本） PM874000 3ポジション 6セクション3ポジション 9セクションスリムラインシリーズトリートメントテーブルオプション（PM-213、216、313、315用）　※すべてのオプションにはガイドレールセットが必要です。156脇固定パッド用サイドソケット（2個）  送料 A¥42,000PM871002 ※脇固定パッド専用の取付金具です。ガイドレールセット（2本）  送料 本体に組込¥125,000PM875001 ※ 固定ベルトと脇固定パッドを使用するには、ガイドレールセット電源AC100V（50/60Hz）15A消費電力 0.12kW［共通］寸法外形／約1950（L）×約650（W）mm昇降ストローク／約450〜900mm質量約97kg昇降能力 約150kg寸法外形／約1975（L）×約700（W）mm昇降ストローク／約450〜900mm約115kg質量昇降能力 約150kg電源消費電力 0.12kWAC100V（50/60Hz）15A装着使用例0.5kg送料 G¥1,650,000¥1,700,000下肢の角度調整が左右独立して行え、複雑なモビライゼーションにも対応。［PM-216］送料 G¥1,950,000さまざまなモビライゼーションや筋力増強トレーニング時に、最適なポジショニングが得られるシリーズ最上位機種。テーブルの高さ調節はもちろんのこと、傾斜角の調節までフットスイッチによる電動操作が行えます。装着使用例送料 A¥82,000介護予防メディカルフィットネス筋力トレーニングROMエクササイズバランス訓練起立・歩行訓練有酸素トレーニングリハビリテーション室備品脇固定パッド→寸法1600（Ｌ）×75（Ｗ）mm固定ベルト送料 A¥52,000寸法 パッド部φ70×250（H）mm質量","スリムラインシリーズ
3ポジション 6セクション
トリートメントテーブル 送料 G
PM-216 （電動） ¥1,650,000
PM-216H（ 足踏油圧） ¥1,700,000
下肢の角度調整が左右独立して行え、複雑なモビライゼーションにも対応。
［PM-216］
電源AC100V（50/60Hz）15A
評価測定消費電 力0.12kW
［共通］
寸法外形／約1950（L）×約650（W）mm
運動療法昇降ストローク／約450〜900mm
質量約97kg
昇降能 力約150kg
水治療法
80°
物理療法195030°
80060050020°
530°
1
3
救急0005000
13536904515
30
ＡＤＬ・3701410
作業療法3ポジション 9セクション
トリートメントテーブル 送料 G
言語療法
PM-219（電動） ¥1,950,000
さまざまなモビライゼーションや筋力増強トレーニング時に、最適な
自立支援
機器ポジショニングが得られるシリーズ最上位機種。
テーブルの高さ調節はもちろんのこと、傾斜角の調節までフットスイッチによる電動
衛生・操作が行えます。
防災 
寸法外形／約1975（L）×約700（W）mm
昇降ストローク／約450〜900mm
質量約115kg
介護用
入浴機器昇降能 力約150kg
電源AC100V（50/60Hz）15A
消費電 力0.12kW
※トリートメントテーブルオプションは、取付できません。
90°
600415907542042025°70°
介護予防
25°
メディカル0020°
00
フィットネス37
筋力01890°
トレーニング58027060°
ROM
エクササイズ90°15°
5
7
バランス1
訓練
起立・30°
歩行訓練トリートメントテーブルオプション（PM-213、216、313、315用）　※すべてのオプションにはガイドレールセットが必要です。
有酸素
トレーニング
脇固定パッド→固定ベルト
リハビリ
テーション↓
室備品
装着使用例装着使用例
固定ベルト（1本） 送料 A脇固定パッド（1本） 送料 A脇固定パッド用サイドソケット（2個）  送料 A
PM874000  ¥52,000PM871000  ¥82,000PM871002  ¥42,000
寸法1600（Ｌ）×75（Ｗ）mm寸 法パッド部φ70×250（H）mm※脇固定パッド専用の取付金具です。
※ 固定ベルトのご使用には、ガイドレールを装着したテーブル本質量0.5kg
体と取付金具が必要となります。※ 脇固定パッドのご使用には、ガイドレールを装着したテーブルガイドレールセット（2本）  送料 本体に組込
本体とサイドソケットが必要となります。
PM875001  ¥125,000
※ 固定ベルトと脇固定パッドを使用するには、ガイドレールセット
固定ベルト取付金具（2個）  送料 Aとそれぞれの取付金具が必要です。
PM873001  ¥78,000
※固定ベルト専用の取付金具です。
156"
158,MMTX9SLJR6MQ7,運動療法,リハビリテーション室備品,"50455800215045580021単品カタログ143580°143519501950700ボバーステーブル PM-153 （電動） PM-153H （足踏油圧） ボバーステーブル PM-1532 （電動） PM-1532H （足踏油圧） 評価測定運動療法水治療法物理療法救急ＡＤＬ・作業療法言語療法自立支援機器衛生・防災 介護用入浴機器　　介護 予防メディカルフィットネス筋力トレーニングROMエクササイズバラ ンス訓練起立 ・歩行 訓練有酸素トレーニングリハビリテーション室備品製品にボールは含まれません。マニュアルセラピーに最適な幅の広いデザイン。157送料 H¥1,350,000¥1,400,000送料 H¥1,450,000¥1,500,000電源単相100V（50/60Hz）15A電源入力 100VA［共通］寸法外形／1950（L）×1200（W）×405〜855（H）mm昇降ストローク／450mm質量約110kg昇降能力 150kg電源電源入力 120VA単相100V（50/60Hz）15A［共通］寸法外形／1950（L）×1200（W）×405〜855（H）mm昇降ストローク／450mm約130kg質量傾斜角度 ヘッド／0°〜80°昇降能力 150kg安定性の高い昇降機能。座面高の低い車椅子からも移乗がスムーズに行えます。マット面の端部に乗ってもバランスがくずれません。［PM-153］頭部側がリクライニングする2セクションタイプ。テーブルの端側で荷重がかかっても、抜群の安定性を保持します。［PM-1532］ボバーステーブル","マニュアルセラピーに最適な幅の広いデザイン。
単品
ボバーステーブル カタログ
ボバーステーブル 送料 H
PM-153 （電動） ¥1,350,000
PM-153H（ 足踏油圧） ¥1,400,000評価測定
安定性の高い昇降機能。
座面高の低い車椅子からも移乗がスムーズに行えます。
運動療法
マット面の端部に乗ってもバランスがくずれません。
［PM-153］
電源単相100V（50/60Hz）15A
電源入 力100VA水治療法
［共通］
寸法外形／1950（L）×1200（W）×405〜855（H）mm
昇降ストローク／450mm物理療法
質量約110kg
昇降能 力150kg
1950救急
ＡＤＬ・
製品にボールは含まれません。00作業療法
1255
8
5
04言語療法
1435
自立支援
機器
衛生・
防災 
ボバーステーブル 送料 H介護用
入浴機器
PM-1532 （電動） ¥1,450,000
PM-1532H（ 足踏油圧） ¥1,500,000　
頭部側がリクライニングする2セクションタイプ。
テーブルの端側で荷重がかかっても、抜群の安定性を保持します。
［PM-1532］
電源単相100V（50/60Hz）15A介 護予防
電源入 力120VA
メディカル
［共通］フィットネス
寸法外形／1950（L）×1200（W）×405〜855（H）mm筋力
昇降ストローク／450mmトレーニング
質量約130kg
ROM
傾斜角 度ヘッド／0°〜80°エクササイズ
昇降能 力150kg
バ ランス
訓練
1950
80°起 立・
歩 行訓練
有酸素
トレーニング
0
02リハビリ
1558テーシ室ョ備ン品
5
0
4　
7001435
157"
159,MMTX9SNCT2RT1,運動療法,リハビリテーション室備品,"HG評価測定運動療法水治療法物理療法救急ＡＤＬ・作業療法言語療法自立支援機器衛生・防災 介護用入浴機器※ オプションカラーについては、受注後2カ月ほどの納期がかかります。あらかじめご了承ください。　納期については最寄の営業所へご確認ください。SPR-545キャスター付SPR-546SPR-548G：グリーンキャスターその他― アジャスター／4個φ50mmアジャスター／4個キャスター／4個― アジャスター／4個φ50mmアジャスター／4個キャスター／4個送料 G内容ＳＰＲ-545〜548用長手方向バーＳＰＲ-545、546用ワイド短手方向バーＳＰＲ-547、548用コンパクト短手方向バーＳＰＲ-545〜548用立位での股関節外転訓練時の安全性をより重視した、新しいプラットホームマットです。オプション組み合わせ例型式SPR-545プラットホームマット SPR-545プラットホームマット SPR-547プラットホームマット SPR-548エクササイズバー A SPR-549A 1本エクササイズバー C SPR-549C 1本エクササイズバー取付金具 SPR-549D 3個価格送料 寸法（mm） 質量（kg）SPR-547ゴムバンド等を使用しての筋力訓練や、ベルトを使用して体幹を固定する等、様々な訓練に使用することができます。SPR-549A（エクササイズバーA）SPR-549B（エクササイズバーB）SPR-549C（エクササイズバーC）SPR-549D（エクササイズバー取付金具）¥270,000¥290,000¥250,000¥30,000¥26,000¥24,000¥26,000158エクササイズバー/取付金具 プラットホームマット 介護予防メディカルフィットネス筋力トレーニングROMエクササイズバランス訓練起立・歩行訓練有酸素トレーニングリハビリテーション室備品Y：イエロー構成材質フレーム／スチール、マット／ビニールレザー（抗菌・防汚加工）型式価格バーにゴム製の筋力トレーニング用バンドを取り付けての運動例端座位での膝関節伸展オプションカラーB：ブルー2000（L）×1200（W）×450（H）マット   ＳＰＲ-521C固定脚 ＳＰＲ-522C65マット   ＳＰＲ-521C移動脚 ＳＰＲ-522D２０００（L）×８００（W）×４５０（H）マット   ＳＰＲ-521D固定脚 ＳＰＲ-522C４５マット   ＳＰＲ-521D移動脚 ＳＰＲ-522D1台 ¥270,0001台 ¥250,000合計　¥520,000エクササイズバー使用例1台 ¥270,000¥30,000¥24,000¥78,000合計　¥402,000SPR-545（ワイド）SPR-546（ワイドキャスター付）SPR-547（コンパクト）SPR-548（コンパクトキャスター付） ¥270,000①正方形（2m×2m）②エクササイズバー安全設計でより安全な運動が可能。車椅子の座面と同じ高さ（450mm）になっていて、移乗がしやすい設計です。マット下のフレームを内側に一回り小さくしました（オフセット＝15mm内側へ）。使用者が膝を曲げたときに膝裏側などがフレームに当たりませんので、より安全な運動ができるようになっています。マット表面には縫い目がありません。ポジションや向きが自由に変えられます。清潔に保てるマット。マットはビニールレザー製。抗菌処理、防汚用表面フッ素処理で清潔さが保てます。ワイドタイプとコンパクトタイプを組み合わせることで2000×2000mmの正方形になります。プラットホームマット","訓練時の安全性をより重視した、新しいプラットホームマットです。
プラットホームマット
安全設計でより安全な運動が可能。
車椅子の座面と同じ高さ（450mm）になっていて、移乗がしやすい設計
です。
評価測定マット下のフレームを内側に一回り小さくしました（オフセット＝15mm内
側へ）。使用者が膝を曲げたときに膝裏側などがフレームに当たりません
ので、より安全な運動ができるようになっています。
運動療法マット表面には縫い目がありません。ポジションや向きが自由に変えられ
ます。
SPR-545
清潔に保てるマット。
水治療法
マットはビニールレザー製。抗菌処理、防汚用表面フッ素処理で清潔さが
保てます。キャスター付
物理療法ワイドタイプとコンパクトタイプを組み合わせることで2000×2000mmSPR-546
の正方形になります。SPR-548
※ オプションカラーについては、受注後2カ月ほどの納期がかかります。あらかじめご了承ください。
救急　納期については最寄の営業所へご確認ください。オプションカラー
ＡＤＬ・
作業療法
言語療法
自立支援
機器B：ブルーY：イエローG：グリーン
衛生・プラットホームマット 
防災 
型式価格送 料寸法（mm ）質量（kg）構成材質キャスターその他
マット   ＳＰＲ-521C
介護用SPR-545（ワイド）¥270,0002000（L）×固定脚 ＳＰＲ-522C ―アジャスター／4個
入浴機器H1200（W）×65
SPR-546（ワイドキャスター付）¥290,000450（H）マ移ッ動ト脚    ＳＳＰＰＲＲ--552221DCフレーム／スチール、φ50mmアキジャャススタターー／／44個個
マット／ビニールレザー
SPR-547（コンパクト）¥250,000２０００（L）×マ固ッ定ト脚    ＳＳＰＰＲＲ--552221CD（抗菌・防汚加工） ―アジャスター／4個
G８００（W）×４５
SPR-548（コンパクトキャスター付 ）¥270,000４５０（H）マット   ＳＰＲ-521Dφ50mmアジャスター／4個
移動脚 ＳＰＲ-522Dキャスター／4個
介護予防
メディカル
フィットネス組み合わせ例オプション
筋力
エクササイズバー/取付金具 送料 G
トレーニング①正方形（2m×2m）
ROMゴムバンド等を使用しての筋力訓練や、ベルトを使用して体幹を固定す
エクササイズ
る等、様々な訓練に使用することができます。
バランス
型式価格内容
訓練
SPR-549AＳＰＲ-545〜548用
歩起立行・訓練SPR-545（エクササイズバーA）¥30,000長手方向バー
有酸素SPR-549BＳＰＲ-545、546用
¥26,000
トレーニング（エクササイズバーB）ワイド短手方向バー
SPR-547
テリハーシビョリンSPR-549C¥24,000ＳＰＲ-547、548用
室備品（エクササイズバーC）コンパクト短手方向バー
プラットホームマッ トSPR-5451 台¥270,000
プラットホームマッ トSPR-5471 台¥250,000SPR-549D¥26,000ＳＰＲ-545〜548用
（エクササイズバー取付金具）
合計　¥520,000
エクササイズバー使用例
②エクササイズバー
バーにゴム製の筋力トレーニング用バンドを
取り付けての運動例
プラットホームマッ トSPR-5481 台¥270,000
エクササイズバ ー ASPR-549 A1本¥30,000
エクササイズバ ー CSPR-549 C1本¥24,000
エクササイズバー取付金 具SPR-549 D3個¥78,000
合計　¥402,000
端座位での膝関節伸展立位での股関節外転
158"
160,MMTX9SP4YOUO9,運動療法,リハビリテーション室備品,"※オプションカラーについては、受注後2カ月ほどの納期がかかります。あらかじめご了承ください。　納期については最寄の営業所へご確認ください。高さ調節式 キャスターチェア SPR-500 ［寸法表］※寸法表からサイズをご指定ください。	TP-9050 ¥290,000 1740（W）×  900（D）TP-9060 ¥532,000 1740（W）×1740（D）エクササイズベッド SPR-1068LG（ライトグレー） SPR-1068（その他18色） 畳プラットホーム（スチール脚付） 車椅子からの移乗がスムーズな高さ45cm。	耐水畳のため汚れに強く、耐久性にも優れています。評価測定運動療法水治療法物理療法救急ＡＤＬ・作業療法言語療法自立支援機器衛生・防災 介護用入浴機器　　介護 予防メディカルフィットネス筋力トレーニングROMエクササイズバラ ンス訓練起立 ・歩行 訓練有酸素トレーニングリハビリテーション室備品超低床310 〜 390mmSPR-500YライトグレーSPR-1068LGTP-9030送料 御見積240一畳 45kg 200kg二畳 82kg 400kg幅（W）50･55･60･65･70寸法（mm） 高さ（mm）スペース 質量 耐荷重450耐水畳（プラットホーム側面はEVA）（単位：cm）ガススプリングによるスムーズな高さ調節が可能。超低床（310mm）になるため、長身のセラピストが患者の膝や足部にアプローチしやすくなっています。優れた安定性を誇るH型脚部。ベッド面の四方にまるみを設けており、空間の圧迫感を軽減しています。畳プラットホーム（キャスター付） キャスター付スタンダードタイプ。耐水畳のため汚れに強く、耐久性にも優れています。159送料 B¥48,000送料 D¥77,500¥77,500高さ（H）40･45･50･55･60TP-9060送料 御見積一畳 48kg 200kg二畳 88kg 400kgTP-9020 ¥289,500 1740（W）×  900（D）TP-9030 ¥484,000 1740（W）×1740（D）寸法質量座面φ360×310〜390（Ｈ）mm4.8kg材質フレーム／スチール、シート／ビニールレザー張りSPR-500G長さ（L）170･180･190質量 約26kg材質 フレーム／スチール、マット／ビニールレザー（抗菌・防汚加工）型式価格材質脚部（アジャスター付） TP-9050/4個、TP-9060/6個オプションカラーSPR-500B［その他18色］型式価格寸法（mm） 高さ（mm）スペース 質量 耐荷重材質耐水畳（プラットホーム側面はEVA）その他 キャスター（ストッパー付）／TP-9020/4個、TP-9030/8個","高さ調節式 キャスターチェア 送料 B
SPR-500 ¥48,000
ガススプリングによるスムーズな高さ調節が可能。
超低床（310mm）になるため、長身のセラピストが患者の膝や足部に
アプローチしやすくなっています。
超低床寸法座面φ360×310〜390（Ｈ）mm
31 0 〜390質量4.8kg
mm
材質フレーム／スチール、シート／ビニールレザー張り
※オプションカラーについては、受注後2カ月ほどの納期がかかります。あらかじめご了承ください。評価測定
　納期については最寄の営業所へご確認ください。
運動療法
水治療法
オプションカラー
物理療法
救急
ＡＤＬ・
作業療法
SPR-500BSPR-500YSPR-500G
言語療法
自立支援
エクササイズベッド 送料 D機器
SPR-1068LG（ライトグレー） ¥77,500
SPR-1068（その他18色） ¥77,500衛生・
防災 
優れた安定性を誇るH型脚部。ベッド面の四方に
まるみを設けており、空間の圧迫感を軽減しています。
介護用
入浴機器
ライトグレー［寸法表］※寸法表からサイズをご指定ください。 （単位：cm）　
SPR-1068LG長さ（L）幅（W）高さ（H）
170･180･19050･55･60･65･7040･45･50･55･60
質 量約26kg
［その他18色］
材 質フレーム／スチール、マット／ビニールレザー（抗菌・防汚加工）
介 護予防
メディカル
フィットネス
筋力
トレーニング
ROM
エクササイズ
バ ランス
訓練
起 立・
歩 行訓練
有酸素
トレーニング
リハビリ
テーション
室備品
　
TP-9030TP-9060
畳プラットホーム（キャスター付） 送料 御見積畳プラットホーム（スチール脚付） 送料 御見積
キャスター付スタンダードタイプ。車椅子からの移乗がスムーズな高さ45cm。
耐水畳のため汚れに強く、耐久性にも優れています。 耐水畳のため汚れに強く、耐久性にも優れています。
型式価格寸法（mm ）高さ（mm）スペー ス質 量耐荷重型式価格寸法（mm ）高さ（mm）スペー ス質 量耐荷重
TP-902 0¥289,50 01740（W）×  900（D）一 畳45k g200kgTP-905 0¥290,00 01740（W）×  900（D）一 畳48k g200kg
240450
TP-903 0¥484,00 01740（W）×1740（D）二 畳82k g400kgTP-906 0¥532,00 01740（W）×1740（D）二 畳88k g400kg
材質耐水畳（プラットホーム側面はEVA）材質耐水畳（プラットホーム側面はEVA）
その 他キャスター（ストッパー付）／TP-9020/4個、TP-9030/8個脚部（アジャスター付 ）TP-9050/4個、TP-9060/6個
159"
161,MMTX9SR1ZBXOM,運動療法,リハビリテーション室備品,"※ ユリアス・スプリントを単体でお求めの場合はユリアス・マウスピース（75-000）とユリアス・フィルター（75-011）を別途ご購入ください。SPR-453A001002SPR-451ASPR-454A005003004SPR-452ASPR-311L、SPR-311M、SPR-311S（各1組）75-000011ユリアス・ロングアームユリアス・ショートアームユリアス・ハーフアームユリアス・エルボユリアス・ハンドユリアス・マウスピースWEBはこちらユリアス・フィルター材質 プラスチック（PVC）送料 A寸法（mm）質量（kg）送料 C¥88,000エクササイズマットやベッドなどの上で、起き上がり、立ち上がり練習時に使用。［構成］送料 A質量送料 A価格¥25,000¥25,000¥25,000 ¥22,000 ¥11,000 ¥9,000 ¥12,000寸法800mm700mm530mm400mm200mm（100個入）（5本入）型式価格型式価格寸法（mm）品名型式70-00170-00270-00370-00470-00575-00075-011脳卒中の三大障がい（知覚鈍麻・弛緩・痙性）に大きく作用して、治療効果を飛躍的に高めるエアー・スプリント。上肢の姿勢・肢位保持による痙性抑制やリラクゼーション効果をはじめ、圧迫刺激から得られる各部固有受容器への作用など、中枢性障がいの運動機能回復に対して高い効力を発揮します。息を吹き込むことでシートが温められると同時に、理想的な圧力が各部に均一にかかり肌に心地よく密着します。160SPR-311L（大） ¥30,800 150（L）×250（W）×217（H） 2.2kg×2SPR-311M（中） ¥29,700 150（L）×250（W）×167（H） 2.0kg×2SPR-311S（小） ¥27,500 150（L）×250（W）×117（H） 1.8kg×2 ¥8,500 400（W）×200（D）×  75（H） 約0.5SPR-451A（枕）¥12,500 500（W）×417（D）×128（H） 約2.4SPR-452A（三角形）SPR-453A（直角三角形） ¥11,000 500（W）×200（D）×115（H） 約1.0¥11,000 500（W）×300（D）×  75（H） 約1.5SPR-454A（四角形）材質 スポンジ、ビニールレザー張り評価測定運動療法水治療法物理療法救急ＡＤＬ・作業療法言語療法自立支援機器衛生・防災 介護用入浴機器介護予防メディカルフィットネス筋力トレーニングROMエクササイズバランス訓練起立・歩行訓練有酸素トレーニングリハビリテーション室備品スポンジマット エクササイズ中の姿勢保持を補助。プッシュアップ台セット SPR-311  プッシュアップ台 （2個1組） ユリアス・スプリント","スポンジマット 送料 A
エクササイズ中の姿勢保持を補助。
SPR-451ASPR-452A型式価格寸法（mm）質量（kg）
SPR-451A（枕） ¥8,50 0400（W）×200（D）×  75（H ）約0.5
SPR-452A（三角形）¥12,50 0500（W）×417（D）×128（H ）約2.4
SPR-453A（直角三角形 ）¥11,00 0500（W）×200（D）×115（H ）約1.0
SPR-454A（四角形）¥11,00 0500（W）×300（D）×  75（H ）約1.5
材 質スポンジ、ビニールレザー張り
評価測定
運動療法
SPR-453ASPR-454A
水治療法
物理療法
救急
ＡＤＬ・プッシュアップ台セット 送料 C
作業療法
SPR-311  ¥88,000
エクササイズマットやベッドなどの上で、起き上がり、立ち
言語療法
上がり練習時に使用。
［構成］
SPR-311L、SPR-311M、SPR-311S（各1組）
自立支援
機器
プッシュアップ台 （2個1組） 送料 A
衛生・
防災 
型式価格寸法（mm）質量
SPR-311L（大 ）¥30,80 0150（L）×250（W）×217（H ）2.2kg×2
介護用
SPR-311M（中 ）¥29,70 0150（L）×250（W）×167（H ）2.0kg×2
入浴機器
SPR-311S（小 ）¥27,50 0150（L）×250（W）×117（H ）1.8kg×2
介護予防
メディカル
フィットネス
筋力
トレーニング
ROM005
エクササイズ
ユリアス・スプリント 送料 A
バランス
訓練
起立・75-000脳卒中の三大障がい（知覚鈍麻・弛緩・痙性）に大きく作用
歩行訓練して、治療効果を飛躍的に高めるエアー・スプリント。
有酸素上肢の姿勢・肢位保持による痙性抑制やリラクゼーション効果をはじ
トレーニング
め、圧迫刺激から得られる各部固有受容器への作用など、中枢性障が
リハビリ
テーション011いの運動機能回復に対して高い効力を発揮します。
室備品
息を吹き込むことでシートが温められると同時に、理想的な圧力が各
部に均一にかかり肌に心地よく密着します。
001
品名型式価格寸法
002
ユリアス・ロングアーム70-001¥25,000800mm
003ユリアス・ショートアーム70-002¥25,000700mm
ユリアス・ハーフアーム70-003¥25,000530mm
004
ユリアス・エルボ70-004 ¥22,000400mm
ユリアス・ハンド70-005 ¥11,000200mm
WEBはこちらユリアス・マウスピース75-000 ¥9,000（100個入）
ユリアス・フィルター75-011 ¥12,000（5本入）
※ ユリアス・スプリントを単体でお求めの場合はユリアス・マウスピース（75-000）とユリアス・フィル
ター（75-011）を別途ご購入ください。
材 質プラスチック（PVC）
160"
162,MMTXESJENEUES,運動療法,リハビリテーション室備品,"詳しくはP.343バスクッション ピロー BCP-1（シングルカバー付） BCP-2（ダブルカバー付） ポジショニング ピロー PC-920983 ウェッジ 身体の大きさ、用途に合わせて選べる8タイプ。	寝返り、転がり、腕の伸展、上体保持、読書時の快適な姿勢保持などに使用します。レイズドロール ポジショニングやバランストレーニングに。底面が平らで、小さいものはポジショニング、大きいものはバランストレーニングに使用できます。カーブした形状が膝関節の屈曲や足関節の底屈、頸部の伸展や座ったときのポジションの安定を助けます。底面のマジックテープで、カーペットの床に固定できます。評価測定運動療法水治療法物理療法救急ＡＤＬ・作業療法言語療法自立支援機器衛生・防災 介護用入浴機器　　介護 予防メディカルフィットネス筋力トレーニングROMエクササイズバラ ンス訓練起立 ・歩行 訓練有酸素トレーニングリハビリテーション室備品エクササイズ中のポジショニング用枕として。簡単に水洗い、乾燥ができます。腹臥位での呼吸を楽に。	汚れにくいシームレス加工品です。価格型式¥79,000PC-2795A¥86,000PC-2795BPC-2795C ¥105,000¥120,000PC-2795JPC-2795D ¥120,000PC-2795E ¥126,000PC-2795F ¥160,000PC-2795L ¥168,000寸法（mm）560（L）×510（W）×100（H）560（L）×510（W）×150（H） 560（L）×510（W）×200（H）560（L）×510（W）×250（H）710（L）×610（W）×150（H）710（L）×610（W）×200（H） 710（L）×610（W）×250（H）710（L）×610（W）×300（H）送料寸法（mm）460（L）×100（W）×  50（H） 0.25460（L）×100（W）×  75（H） 0.75610（L）×150（W）×110（H） 1.35760（L）×200（W）×150（H） 5.40161送料 B¥16,000¥30,000送料 A¥78,000送料 B質量（kg）約1.7約2.3約2.5約3.0約3.0約4.0約4.5約5.5質量（kg）「制菌加工」の試験対象菌種（黄色ぶどう球菌、肺炎桿菌、緑膿菌、大腸菌、MRSA）（社）繊維評価技術協議会　認証番号　クッション：007SH007制菌加工（繊維上の細菌の増殖を抑制します。）　剤名：有機系（フェノール）［BCP-1］寸法62（L）×42（W）×7（H）cm質量約0.9kg［BCP-2］寸法62（L）×42（W）×14（H）cm質量約1.8kg［共通］材質クッション／指定外繊維（ポリエーテルエステル系繊維）100%、カバー／ポリエステル100%（セラミックス複合機能材料earth plus加工）寸法質量450（L）×430（W）×160（H）mm約1kg型式価格PC-2789A ¥35,000 APC-2789B ¥42,000 APC-2789C ¥62,000 APC-2789D ¥82,000Bダブルシングル","バスクッション ピロー 送料 B
BCP-1（シングルカバー付） ¥16,000
BCP-2（ダブルカバー付） ¥30,000
エクササイズ中のポジショニング用枕として。
簡単に水洗い、乾燥ができます。
「制菌加工」の試験対象菌種
（黄色ぶどう球菌、肺炎桿菌、緑膿菌、大腸菌、MRSA）
（社）繊維評価技術協議会　認証番号　クッション：007SH007
制菌加工（繊維上の細菌の増殖を抑制します。）　
剤名：有機系（フェノール）評価測定
［BCP-1］
寸法62（L）×42（W）×7（H）cm
質量約0.9kg運動療法
シングルダブル［BCP-2］
寸法62（L）×42（W）×14（H）cm
質量約1.8kg水治療法
［共通］
材質クッション／指定外繊維（ポリエーテルエステル系繊維）100%、カバー／ポリ
エステル100%（セラミックス複合機能材料earth plus加工）物理療法
詳しくは
P.343
救急
ＡＤＬ・
作業療法
ポジショニング ピロー 送料 A
PC-920983 ¥78,000
言語療法
腹臥位での呼吸を楽に。
 汚れにくいシームレス加工品です。
寸法450（L）×430（W）×160（H）mm自立支援
機器
質量約1kg
衛生・
防災 
介護用
入浴機器
ウェッジ 送料 B　
身体の大きさ、用途に合わせて選べる8タイプ。
 寝返り、転がり、腕の伸展、上体保持、読書時の快適な姿勢保持などに
使用します。
介 護予防
型式価格寸法（mm）質量（kg）
PC-2795A¥79,000560（L）×510（W）×100（H）約1.7メディカル
フィットネス
PC-2795B¥86,000560（L）×510（W）×150（H） 約2.3
筋力
PC-2795 C¥105,000560（L）×510（W）×200（H）約2.5トレーニング
PC-2795J¥120,000560（L）×510（W）×250（H）約3.0
ROM
PC-2795 D¥120,000710（L）×610（W）×150（H）約3.0エクササイズ
PC-2795 E¥126,000710（L）×610（W）×200（H） 約4.0バ ランス
訓練
PC-2795 F¥160,000710（L）×610（W）×250（H）約4.5
起 立・
PC-2795 L¥168,000710（L）×610（W）×300（H）約5.5
歩 行訓練
有酸素
トレーニング
リハビリ
テーション
室備品
レイズドロール 　
ポジショニングやバランストレーニングに。
底面が平らで、小さいものはポジショニング、大きいものはバランスト
レーニングに使用できます。
カーブした形状が膝関節の屈曲や足関節の底屈、頸部の伸展や座った
ときのポジションの安定を助けます。
底面のマジックテープで、カーペットの床に固定できます。
型式価格送料寸法（mm）質量（kg）
PC-2789 A¥35,00 0A460（L）×100（W）×  50（H ）0.25
PC-2789 B¥42,00 0A460（L）×100（W）×  75（H ）0.75
PC-2789 C¥62,00 0A610（L）×150（W）×110（H ）1.35
PC-2789 D¥82,000B760（L）×200（W）×150（H ）5.40
161"
163,MMTXESLZBCS07,運動療法,リハビリテーション室備品,"※ 通常は、25cmごとにプレカットされています。アンカットタイプは、150枚分がつながっています。KTPR5/SBE KTPR5/HPKTPR150/SBE KTPR150/HPKTPRUC/SBE¥980 KTPR5/JB¥2,700 KTPR20/JB KTPR20/SY KTPR20/EP KTPR20/LB KTPR20/BO KTPR20/SBE KTPR20/HP KTPR20/WG KTPR20/RR KTPR20/SB¥15,800 KTPR150/JB¥15,800 KTPRUC/JBKTPR5/LBKTPR150/EP KTPR150/LBKTPR5/SBKTPR150/RR KTPR150/SBトレーニングをより長く、より強く。スポーツを楽しむすべての人に。世界のトップアスリートが使用する、ボディサポートの概念を変える革新的キネシオロジーテープ。WEBはこちら送料 A送料 A¥3,600¥17,200価格 ジェットブラック ソーラーイエロー エピックパープルレーザーブルー ブレイズオレンジ ステルスベージュ ヒーローピンク ウィナーグリーン レイジレッドソニックブルーより強力な粘着力で持続性も大幅UP。旧タイプ（コットン）と比べて粘着性が強化され、撥水性が高い合成繊維のため、過酷な環境下で頻回に行うトレーニングや湿気のあるスポーツ環境、入浴などでもはがれにくくなっています。世界初！ 合成繊維100％マイクロファイバーによる サポート力。最高のパフォーマンスに欠かせないのは伸縮力です。合成繊維と強力なゴムが3日間、約26000回の伸縮テストでも、ほぼ変わらない伸縮力を保ちます。水の中でも剥がれにくい、強力粘着タイプ。水泳や激しいスポーツでの使用に適しています。162KT TAPE PRO KT TAPE PRO エクストリーム KTPREX20（ロールタイプ）20枚入  KTPREX150（ジャンボロールタイプ）150枚入  寸法 テープ1枚あたり／約250（L）×50（W）mm素材 合成繊維100%−−−−−−−−−−−−−−−−評価測定運動療法水治療法物理療法救急ＡＤＬ・作業療法言語療法自立支援機器衛生・防災 介護用入浴機器寸法 50mm×250mm素材 合成繊維色 ブラックロールタイプ（20枚入）ジャンボロールタイプ（150枚入）パウチタイプ（5枚入）パウチタイプ（5枚入）ロールタイプ（20枚入）ジャンボロールタイプ（150枚入）ジャンボロールタイプ（アンカット、150枚分）介護予防メディカルフィットネス筋力トレーニングROMエクササイズバランス訓練起立・歩行訓練有酸素トレーニングリハビリテーション室備品※商品デザインに変更がある場合がございます。KT TAPE","WEBはこちら
トレーニングをより長く、より強く。スポーツを楽しむすべての人に。
KT TAPE 
世界のトップアスリートが使用する、ボディサポートの概念を変える革新的キネシオロジーテープ。
評価測定KT TAPE PRO 送料 A
より強力な粘着力で持続性も大幅UP。
運動療法旧タイプ（コットン）と比べて粘着性が強化され、撥水性が高い合成
繊維のため、過酷な環境下で頻回に行うトレーニングや湿気のあるス
ポーツ環境、入浴などでもはがれにくくなっています。
水治療法
世界初！ 合成繊維100％マイクロファイバーによる 
サポート力。
物理療法最高のパフォーマンスに欠かせないのは伸縮力です。合成繊維と強力
なゴムが3日間、約26000回の伸縮テストでも、ほぼ変わらない伸縮
力を保ちます。
救急
ロールタイプ寸 法テープ1枚あたり／約250（L）×50（W）mm
（20枚入）素 材合成繊維100%
※ 通常は、25cmごとにプレカットされています。アンカットタイプは、150枚分がつながっています。
ＡＤＬ・
作業療法
言語療法
自立支援
機器パウチタイプ
（5枚入）ジャンボロールタイプ
（150枚入）
衛生・
防災 
介護用
入浴機器
価 格ジェットブラッ クソーラーイエロ ーエピックパープルレーザーブル ーブレイズオレン ジステルスベージ ュヒーローピン クウィナーグリー ンレイジレッドソニックブルー
パウチタイプ
介護予防（5枚入）¥98 0KTPR5/JB−−KTPR5/LB−KTPR5/SB EKTPR5/HP−−KTPR5/SB
メディカルロールタイプ¥2,70 0KTPR20/J BKTPR20/S YKTPR20/E PKTPR20/L BKTPR20/B OKTPR20/SB EKTPR20/H PKTPR20/W GKTPR20/R RKTPR20/SB
フィットネス（20枚入）
筋力ジャンボロールタイプ¥15,80 0KTPR150/JB−KTPR150/E PKTPR150/LB−KTPR150/SB EKTPR150/HP−KTPR150/R RKTPR150/SB
トレーニング（150枚入）
ROMジャンボロールタイプ¥15,80 0KTPRUC/JB−−−−KTPRUC/SBE−−−−
エクササイズ（アンカット、150枚分）
バランス
訓練
起立・
歩行訓練
有酸素
トレーニング
リハビリ
テーション
室備品
KT TAPE PRO エクストリーム 送料 A
KTPREX20（ロールタイプ）20枚 入 ¥3,600
KTPREX150（ジャンボロールタイプ）150枚 入 ¥17,200
水の中でも剥がれにくい、強力粘着タイプ。
水泳や激しいスポーツでの使用に適しています。
寸 法50mm×250mm
素 材合成繊維
 色ブラック
162※商品デザインに変更がある場合がございます。"
164,MMTXESOJG0M22,水治療法,,P. 164渦流浴水 治 療 法," 水 治 療法
渦流浴P .164"
165,MMTXESPYE23VL,水治療法,渦流浴,カタログ温度差を利用した交代浴も可能な２槽構造です。WEBはこちら164評価測定運動療法水治療法物理療法救急ＡＤＬ・作業療法言語療法自立支援機器衛生・防災 介護用入浴機器渦流浴上肢用 渦流浴装置ワールプール 単品水中徒手訓練や複数人数同時治療が行えるワイドな設計。,"上肢用 渦流浴装置
単品
ワールプー ルカタログ
評価測定
水中徒手訓練や複数人数同時治療が行えるワイドな設計。
運動療法
温度差を利用した交代浴も可能な２槽構造です。
水治療法
WEBはこちら
物理療法
救急
ＡＤＬ・
作業療法
言語療法
自立支援
機器
衛生・
防災 
介護用
入浴機器
渦流浴
164"
166,MMTXESR9SBK8W,水治療法,渦流浴,"特管 G6管理評価測定運動療法水治療法物理療法救急ＡＤＬ・作業療法言語療法自立支援機器衛生・防災 介護用入浴機器  渦流 浴オプション送料 H¥1,554,000腕・手関節の可動域訓練が可能なワイド設計の浴槽。交代浴のしやすい2槽構造。アイスパックホルダー  送料 B¥35,000WP-71 サブ槽のアイスパックが浮いてしまうのを抑えるホルダー。温度を低く保つ際に便利です。165治療方法を拡げる２槽式。充実の噴流ノズル。任せて安心 音声ガイド。治療時間と回数を自由に設定可能。寄り添える浴槽フォルム。設備工事不要。上肢用 渦流浴装置  ワールプール WP-700 〈認証番号228AIBZX00023000〉 寸法容量外形／1080（L）×630（Ｗ）×800（Ｈ）mmメイン槽／約72Ｌ（適量レベル）内形／525（L）×470（W）×500（H）mmサブ槽／約9Ｌ（適量レベル）／寸法：225（L）×580（W）×165（H）mm材質浴槽／FRP、カバー／プラスチック（ABS）、フレーム／ステンレス質量約63kg最大使用者体重 100ｋｇ電源単相100V（50Hz/60Hz）15Aアース付噴流ポンプ出力400W、吐出量：110Ｌ/min（50Hz）、130L/min（60Hz）保温ヒーター560Ｗ電源入力1.5kVAノズル5個エアー調整ノブ 1ヶ所最大40分（デジタル表示）治療時間最大45℃（デジタル表示）温度調節ボタン操作排水漏電遮断器、空焚防止（水位センサー）安全装置保温マット、ノズルターナー、ノズルターナー掛付属品給湯の完了や治療の開始・終了などを音声でお知らせ。セラピストは他の治療に専念できます。交代浴時には、メイン槽とサブ槽の治療時間と回数をそれぞれ設定可能。治療中は、交代のタイミングを音声ガイドでお知らせします。浴槽は治療中に無理な体勢をとることのないようにデザインされています。槽内が深く、側面アプローチなので、肘にあたった噴流が顔に降りかかるなどの心配もありません。室内にある給湯設備からホースで直接給湯するため、設備工事の必要がありません。交代浴など症状に合わせた治療が行える２槽式の構造です。槽内のどこにでも噴流が届くよう5ヶ所にノズルが配置されています。肘と手関節に噴流を同時にあてるなど治療の幅が大幅にアップしました。","任せて安心 音声ガイド。
給湯の完了や治療の開始・終了などを音声でお知らせ。セラピストは
他の治療に専念できます。
治療時間と回数を自由に設定可能。
交代浴時には、メイン槽とサブ槽の治療時間と回数をそれぞれ設定可
能。治療中は、交代のタイミングを音声ガイドでお知らせします。
評価測定
治療方法を拡げる２槽式。寄り添える浴槽フォルム。
運動療法
交代浴など症状に合わせ浴槽は治療中に無理な
た治療が行える２槽式の体勢をとることのない
水治療法
構造です。ようにデザインされて
います。槽内が深く、側
面アプローチなので、肘物理療法
にあたった噴流が顔に
降りかかるなどの心配
救急
もありません。
ＡＤＬ・
作業療法
言語療法
自立支援
機器
充実の噴流ノズル。設備工事不要。
衛生・
槽内のどこにでも噴流が室内にある給湯設備か防災 
届くよう5ヶ所にノズルらホースで直接給湯す
が配置されています。肘るため、設備工事の必要介護用
入浴機器
と手関節に噴流を同時にがありません。
あてるなど治療の幅が大
幅にアップしました。
渦 流浴
上肢用 渦流浴装置  ワールプール 送料 H
WP-700〈 認証番号228AIBZX00023000〉 管理特 管G6 ¥1,554,000
腕・手関節の可動域訓練が可能なワイド設計の浴槽。交代浴のしやすい
2槽構造。
寸法外形／1080（L）×630（Ｗ）×800（Ｈ）mm
容量メイン槽／約72Ｌ（適量レベル）
内形／525（L）×470（W）×500（H）mm
サブ槽／約9Ｌ（適量レベル）／寸法：225（L）×580（W）×165（H）mm
材質浴槽／FRP、カバー／プラスチック（ABS）、フレーム／ステンレス
質量約63kg
最大使用者体 重100ｋｇ
電源単相100V（50Hz/60Hz）15Aアース付
噴流ポンプ出力400W、吐出量：110Ｌ/min（50Hz）、130L/min（60Hz）
保温ヒーター560Ｗ
電源入力1.5kVA
ノズル5個
エアー調整ノ ブ1ヶ所
治療時間最大40分（デジタル表示）
温度調節最大45℃（デジタル表示）
排水ボタン操作
安全装置漏電遮断器、空焚防止（水位センサー）
付属品保温マット、ノズルターナー、ノズルターナー掛
オプション
アイスパックホルダー  送料 B
WP-71  ¥35,000
サブ槽のアイスパックが浮いてしま
うのを抑えるホルダー。温度を低く
保つ際に便利です。
165"
167,MMTXESSN3X48W,水治療法,渦流浴,カタログ目指したのは水ならではの治療効果を最大限「活かしきる」こと。効果的なリハビリテーションを追い求めた新しいデザインです。WEBはこちら166評価測定運動療法水治療法物理療法救急ＡＤＬ・作業療法言語療法自立支援機器衛生・防災 介護用入浴機器渦流浴下肢用 渦流浴装置   ワールプール 単品膝に、足関節に、ハムストリングスに確実に噴流があたる。,"下肢用 渦流浴装置   
単品
ワールプー ルカタログ
評価測定
膝に、足関節に、ハムストリングスに確実に噴流があたる。
運動療法目指したのは水ならではの治療効果を最大限「活かしきる」こと。
効果的なリハビリテーションを追い求めた新しいデザインです。
水治療法
WEBはこちら
物理療法
救急
ＡＤＬ・
作業療法
言語療法
自立支援
機器
衛生・
防災 
介護用
入浴機器
渦流浴
166"
168,MMTXESU1LEUQ2,水治療法,渦流浴,"特管 G6管理詳しくはP.104評価測定運動療法水治療法物理療法救急ＡＤＬ・作業療法言語療法自立支援機器衛生・防災 介護用入浴機器   渦流 浴リハステップ台 RSS-6 リハステップ台 固定板 WP-81 オプション167送料 C¥59,000送料 B¥80,000移乗しやすいよう高さを変えることができます。リハステップ台固定板を使えば、リハステップ台をしっかり固定でき安心です。送料 J¥2,040,000確実な膝治療。着衣を濡らしにくいデザイン。負担の少ないトランスファー。スリムだから衛生的。下肢用 渦流浴装置  ワールプール WP-800 〈認証番号228AIBZX00024000〉 寸法外形／1285（L）×570（Ｗ）×1040（Ｈ）mm内形／650（L）×300（W）×620（H）mm浴槽／約78L（適量レベル）浴槽／FRP、カバー／プラスチック（ABS）、フレーム／ステンレス座面／FRP、手すり／ステンレス質量約79kg最大使用者体重 100kg電源容量材質単相100V（50Hz/60Hz）15Aアース付噴流ポンプ出力400W、吐出量：110L/min（50Hz）、130L/min（60Hz）保温ヒーター560W電源入力1.5kVAノズル5個エアー調整ノブ 1ヶ所治療時間最大40分（デジタル表示）温度調節最大45℃（デジタル表示）排水ボタン操作安全装置漏電遮断器、空焚防止（水位センサー）付属品保温マット、ノズルターナー、ノズルターナー掛［構成］レッド3枚、グリーン3枚無理な姿勢をとることなく、確実に膝に噴流をあてることができます。また、水深も深く、ペダリング訓練や立位での下肢荷重訓練などもあわせて行うことができます。治療中の腰位置が高いので、噴流で衣服が濡れにくくなりました。患側だけを水中に入れる場合でも、座面がサドル形状なので、治療中も姿勢が安定し、トランスファーも楽に行えます。浴槽をスリムにすることで水の入替時間を減らしました。また、治療中の浮遊物を取り除くパワフルダストキャッチも標準装備。衛生的に使用できます。身長180cmの方でも膝まで治療できる深い槽内。","確実な膝治療。負担の少ないトランスファー。
無理な姿勢をとることな患側だけを水中に入れる場合でも、座面
く、確実に膝に噴流をあてがサドル形状なので、治療中も姿勢が安
ることができます。また、定し、トランスファーも楽に行えます。
水深も深く、ペダリング訓
練や立位での下肢荷重訓
練などもあわせて行うこ
とができます。
評価測定
運動療法
水治療法
物理療法
着衣を濡らしにくいデザイン。スリムだから衛生的。救急
治療中の腰位置が高いの浴槽をスリムにすることで水の入替時間を減らしました。また、治療
で、噴流で衣服が濡れにく中の浮遊物を取り除くパワフルダストキャッチも標準装備。衛生的にＡＤＬ・
作業療法
くなりました。使用できます。
言語療法
自立支援
機器
衛生・
防災 
介護用
入浴機器
下肢用 渦流浴装置  ワールプール 送料 J
渦 流浴
WP-800〈 認証番号228AIBZX00024000〉 管理特 管G6 ¥2,040,000
身長180cmの方でも膝まで治療できる深い槽内。
寸法外形／1285（L）×570（Ｗ）×1040（Ｈ）mm
内形／650（L）×300（W）×620（H）mm
容量浴槽／約78（L適量レベル）
材質浴槽／FRP、カバー／プラスチック（ABS）、フレーム／ステンレス
座面／FRP、手すり／ステンレス
質量約79kg
最大使用者体 重100kg
電源単相100V（50Hz/60Hz）15Aアース付
噴流ポンプ出力400W、吐出量：110L/min（50Hz）、130L/min（60Hz）
保温ヒーター560W
電源入力1.5kVA
ノズル5個
エアー調整ノ ブ1ヶ所
治療時間最大40分（デジタル表示）
温度調節最大45℃（デジタル表示）
排水ボタン操作
安全装置漏電遮断器、空焚防止（水位センサー）
付属品保温マット、ノズルターナー、ノズルターナー掛
オプション
リハステップ台 送料 C
RSS-6  ¥59,000
［構成］レッド3枚、グリーン3枚
リハステップ台 固定板 送料 B
WP-81  ¥80,000
移乗しやすいよう高さを変えることができ
ます。リハステップ台固定板を使えば、リハ詳しくは
P.104
ステップ台をしっかり固定でき安心です。
167"
169,MMTXESVD8Y4C4,水治療法,渦流浴,168MEMO,"MEMO
168"
170,MMTXESWO9KSMJ,物理療法,,P.170P.1 78P. 189電気療法その他の物理療法機器 P.189温冷療法牽引療法物 理 療 法," 物 理 療法
電気療法P.170温冷療法P. 178牽引療法P .189
その他の物理療法機 器P.189"
171,MMTXESY6ATQX4,物理療法,電気療法,"3Dシフト干渉波™が生み出す深奥の“うねり”WEBはこちら４極干渉干渉波治療とは、周波数1,000Hz以上の2つの異なる中周波電流を身体に流して交差させ、その周波数の差から生まれる干渉低周波刺激を利用して痛みの緩和などを行う治療法です。従来の干渉波治療器は、単一電極の導子を用いて4極で電流を干渉させるタイプが一般的でしたが「フィジオ5D」は、6つの電極を使って干渉波を発生させます。これまでの干渉波とフィジオ5Dの違い170Electrode11つのカップに電極が 1つ4つのカップ貼り付けが必要RangeElectrode31つのカップに電極が 3 つ貼り付けるカップは 2 つDepthUndulation6 極干渉（3D シフト干渉波）干渉電流型低周波治療器  評価測定運動療法水治療法物理療法救急ＡＤＬ・作業療法言語療法自立支援機器衛生・防災 介護用入浴機器電気療法温冷療法牽引療法その他の物理療法機器6 極干渉波は干渉ポイントが立体的になり、より多くの干渉波が発生。フィジオ5D干渉 波は中周波同士がぶつかる各所で発生しています。従来の干渉波治療器うねり深さ広範囲フィジオ5D","3Dシフト干渉波™が生み出す深奥の“うねり”
干渉電流型低周波治療器  
フィジオ5D 
Depth
評価測定
深さ
運動療法WEBはこちら
水治療法
物理療法
救急
ＡＤＬ・
作業療法
言語療法
自立支援
機器
UndulationRange
衛生・
防災 うねり広範囲
介護用
入浴機器
これまでの干渉波とフィジオ5Dの違い
電気療法干渉波治療とは、周波数1,000Hz以上の2つの異なる中周波電流を身体に流して交差させ、その周波数の差から生まれる干渉低周波刺
激を利用して痛みの緩和などを行う治療法です。従来の干渉波治療器は、単一電極の導子を用いて4極で電流を干渉させるタイプが一般
温冷療法
的でしたが「フィジオ5D」は、6つの電極を使って干渉波を発生させます。
牽引療法
その他の従来の干渉波治療器フィジオ5D
物理療法機器
13
ElectrodeElectrode
1つのカップに電極 が1つ1つのカップに電極 が 3つ
4つのカップ貼り付けが必要貼り付けるカップ は 2つ
干 渉波は中周波同士がぶつ 6極干渉波は干渉ポイントが
かる各所で発生しています。立体的になり、より多くの干
渉波が発生。
４極干渉 6極干渉（3 Dシフト干渉波）
170"
172,MMTXESZD6R7DP,物理療法,電気療法,"管理特管 G6①②③④⑪⑫⑬⑤⑥⑦⑩⑭⑯⑲⑧⑨⑮⑰⑳⑱㉓㉑㉒BBBBBBBABBBBAAABBAAAAAD㉔㉕㉖㉗評価測定運動療法水治療法物理療法救急ＡＤＬ・作業療法言語療法自立支援機器衛生・防災 介護用入浴機器 品名① ACアダプタ（本体）⑥ デルタスティック導子電極（1個）⑦ リモコン⑧ 粘着パッド50×50mm（銀糸製・４枚）⑨ ジェル260ml⑩ フィジオカートP-5D-B009P-5D-B014本体　標準付属品オプション吸引装置　標準付属品吸引装置カートフィジオ5Dセット P-5DS 〈認証番号304AFBZX00031000〉 本体171送料 E¥2,380,000価格¥4,000¥300¥3,900⑬ 本体・吸引装置接続コード⑭ 3D吸引導子コード（吸引装置・赤・＋極・M） P-5D-B005 ¥17,200⑮ 3D吸引導子コード（吸引装置・赤・－極・M） P-5D-B006 ¥17,200⑯ 3D吸引導子コード（吸引装置・黒・＋極・M） P-5D-B007 ¥17,200⑰ 3D吸引導子コード（吸引装置・黒・－極・M） P-5D-B008 ¥17,200¥3,520⑱ スポンジ（吸引装置・M・４個）⑲ 3D吸引導子コード（吸引装置・赤・＋極・L） P-5D-B010 ¥17,200⑳ 3D吸引導子コード（吸引装置・赤・－極・L） P-5D-B011 ¥17,200㉑ 3D吸引導子コード（吸引装置・黒・＋極・L） P-5D-B012 ¥17,200㉒ 3D吸引導子コード（吸引装置・黒・－極・L） P-5D-B013 ¥17,200¥6,000㉓ スポンジ（吸引装置・L・4個）送料送料価格¥8,640 御見積¥2,640 御見積¥8,640 御見積¥2,640 御見積AC100V 50/60Hz110VA最大70mArws最大100V (p-p)5KHz/10KHz/15KHz最大60分412（W）×297（D）×78（H）mm5kgAC100V 50/60Hz35VA412（W）×300（D）×110（H）mm7.3kg590（W）×520（D）×800（H）mm品名型式P-5D-B002P-5D-B003P-5D-B004品名型式P-5D-B016P-5D-B017P-5D-B018P-5D-B019定格電源消費電力出力電流出力電圧出力周波数タイマー電撃に対する保護の形式と程度 クラスⅡ／BF形寸法質量定格電源消費電力寸法質量寸法⑪ 電源コード（吸引装置・L型）⑫ アースコード（吸引装置）送料㉔ フィジオ5D 電極M（φ85）㉕ フィジオ5D カップM（φ85）㉖ フィジオ5D 電極L（φ100）㉗ フィジオ5D カップL（φ100）電気 療法温冷 療法牽引 療法その他の物理療法機器型式P-5D-A001P-5D-A002② 電源コード（本体・ストレート型）③ 3D導子コード（本体・粘着パッド用・赤） P-5D-A003④ 3D導子コード（本体・粘着パッド用・グレー） P-5D-A004⑤ デルタスティック導子価格¥8,000¥2,200¥3,900¥3,900P-5D-A005 ¥37,200¥7,00022Q02188¥8,800P-5D-A006¥2,200ST5050¥1,100601999085¥80,000P-CART","フィジオ5Dセット 送料 E
P-5DS〈 認証番号304AFBZX00031000〉 管理特 管G6 ¥2,380,000
本体
定格電源AC100V 50/60Hz
消費電力110VA
出力電流最大70mArws
出力電圧最大100V (p-p)
出力周波数5KHz/10KHz/15KHz
タイマー最大60分
電撃に対する保護の形式と程 度クラスⅡ／BF形評価測定
寸法412（W）×297（D）×78（H）mm
質量5kg
吸引装置運動療法
定格電源AC100V 50/60Hz
消費電力35VA
寸法412（W）×300（D）×110（H）mm
水治療法
質量7.3kg
カート
寸法590（W）×520（D）×800（H）mm物理療法
救急
ＡＤＬ・
作業療法
言語療法
自立支援
本体　標準付属品吸引装置　標準付属品機器
①②③④⑪⑫⑬⑱
衛生・
防災 
㉓
介護用
入浴機器
⑭⑯⑲㉑
⑤⑥⑦⑩
⑮⑰⑳㉒電 気療法
温 冷療法
⑧⑨
牽 引療法
その他の
品名型式価格送料物理療法機器
⑪ 電源コード（吸引装置・L型）P-5D-B002¥4,000B
⑫ アースコード（吸引装置）P-5D-B003¥300B
品名型式価格送料⑬ 本体・吸引装置接続コードP-5D-B004¥3,900B
① ACアダプタ（本体）P-5D-A001¥8,000A⑭ 3D吸引導子コード（吸引装置・赤・＋極・M ）P-5D-B00 5¥17,200B
② 電源コード（本体・ストレート型）P-5D-A002¥2,200A⑮ 3D吸引導子コード（吸引装置・赤・－極・M ）P-5D-B00 6¥17,200B
③ 3D導子コード（本体・粘着パッド用・赤 ）P-5D-A003¥3,900B⑯ 3D吸引導子コード（吸引装置・黒・＋極・M ）P-5D-B00 7¥17,200B
④ 3D導子コード（本体・粘着パッド用・グレー ）P-5D-A004¥3,900B⑰ 3D吸引導子コード（吸引装置・黒・－極・M ）P-5D-B00 8¥17,200B
⑤ デルタスティック導子P-5D-A00 5¥37,200A⑱ スポンジ（吸引装置・M・４個）P-5D-B009¥3,520A
⑥ デルタスティック導子電極（1個）22Q02188¥7,000A⑲ 3D吸引導子コード（吸引装置・赤・＋極・L ）P-5D-B01 0¥17,200B
⑦ リモコンP-5D-A006¥8,800A⑳ 3D吸引導子コード（吸引装置・赤・－極・L ）P-5D-B01 1¥17,200B
⑧ 粘着パッド50×50mm（銀糸製・４枚）ST5050¥2,200A㉑ 3D吸引導子コード（吸引装置・黒・＋極・L ）P-5D-B01 2¥17,200B
⑨ ジェル260ml601999085¥1,100A㉒ 3D吸引導子コード（吸引装置・黒・－極・L ）P-5D-B01 3¥17,200B
⑩ フィジオカートP-CART¥80,000D㉓ スポンジ（吸引装置・L・4個）P-5D-B014¥6,000A
オプション
㉔㉖
㉗品名型式価格送料
㉕
㉔ フィジオ5D 電極M（φ85）P-5D-B016¥8,64 0御見積
㉕ フィジオ5D カップM（φ85）P-5D-B017¥2,64 0御見積
㉖ フィジオ5D 電極（Lφ100）P-5D-B018¥8,64 0御見積
㉗ フィジオ5D カップ（Lφ100）P-5D-B019¥2,64 0御見積
171"
173,MMTXET0QHJJTP,物理療法,電気療法,損傷電流パルス電荷量平均電流量パルス幅パルス間隔※Peak to Peak 300V : +極150V、－極150V単品カタログON（筋収縮）3秒OFF（休止）3秒※波形はイメージ図です機能改善ハイボルテージHVハイボルテージ波形を用いたEMSモードは、ON（筋収縮）とOFF（休止）を設定できるため、筋ポンプによる血流増大によってリハビリテーションでの筋萎縮改善や、筋力トレーニングに使用できます。マイクロカレントMCRHV EMS微弱電流を使って細胞レベルで治癒を促進するMCR（マイクロカレント）を搭載。筋肉や神経の再生、痛みの軽減、炎症の抑制などに用いられ、特に自然治癒力を高めることが期待されています。治癒促進でON（筋収縮）3秒※波形はイメージ図です「HV + MCR」2つの機能をコンパクトに搭載。ハイボ ルテージ電流WEBはこちら鎮痛と治癒促進。2つの機能を持ち運びやすいサイズで実現。鎮痛効果が期待されるハイボルテージ電流と、筋損傷などの治癒促進を促すMCR（微弱電流）を搭載。様々なシーンに合わせて鎮痛から機能改善、治癒促進まで1台でカバーします。痛みを止めて、治癒を促進。場所を選ばず、いつでも治療できる。マイクロカレントハイボ ルテージEMS172150V150V深部に届く機能改善 筋力トレーニング治癒促進鎮 痛低周波治療器  評価測定運動療法水治療法物理療法救急ＡＤＬ・作業療法言語療法自立支援機器衛生・防災 介護用入浴機器電気療法温冷療法牽引療法その他の物理療法機器瞬間的に高電圧の電流を流すことで、皮膚抵抗を最小限に抑え、刺激感の少ない深部到達を可能にしたHi-Voltage（ハイボルテージ）電流刺激療法。国内最小クラスのコンパクトサイズでありながらハイパワー※を実現。疼痛の軽減に使用できます。治す鎮痛フィジオ アクティブ HV2  NEW,"「HV + MCR」2つの機能をコンパクトに搭載。
低周波治療器  
単品
フィジオ アクティブ HV2  NE W   カタログ
WEBはこちら
評価測定
運動療法
水治療法治癒促進で
鎮痛
治す
ハイボルテージ
物理療法マイクロカレント
HV
MCR
救急
ＡＤＬ・
作業療法
言語療法
機能改善
自立支援
機器HV EMS
衛生・
防災 
介護用
入浴機器
痛みを止めて、治癒を促進。場所を選ばず、いつでも治療できる。
電気療法
鎮痛と治癒促進。2つの機能を持ち運びやすいサイズで実現。鎮痛効果が期待されるハイボルテージ電流と、筋損傷などの治癒促進を促
温冷療法すMCR（微弱電流）を搭載。様々なシーンに合わせて鎮痛から機能改善、治癒促進まで1台でカバーします。
牽引療法
その他のハイ ボルテージ電流ハイ ボルテージEMSマイクロカレント
物理療法機器
 鎮痛機能改 善筋力トレーニング治癒促進
ON（筋収縮）ON（筋収縮）
3秒3秒
深部
に届く
パルス電荷量150V
損
OFF（休止）
平均電流量3秒傷
電
パルス幅パルス間隔150V流
※波形はイメージ図です※波形はイメージ図です
瞬間的に高電圧の電流を流すことで、皮膚抵ハイボルテージ波形を用いたEMSモードは、微弱電流を使って細胞レベルで治癒を促進す
抗を最小限に抑え、刺激感の少ない深部到達ON（筋収縮）とOFF（休止）を設定できるため、るMCR（マイクロカレント）を搭載。筋肉や神
を可能にしたHi-Voltage（ハイボルテージ）電筋ポンプによる血流増大によってリハビリテー経の再生、痛みの軽減、炎症の抑制などに用い
流刺激療法。ションでの筋萎縮改善や、筋力トレーニングにられ、特に自然治癒力を高めることが期待され
国内最小クラスのコンパクトサイズでありなが使用できます。ています。
※
らハイパワーを実現。疼痛の軽減に使用でき
ます。
※Peak to Peak 300V : +極150V、－極150V
172"
174,MMTXET1WO7L00,物理療法,電気療法,"＋①②③⑤⑥④⑦⑧⑨⑩⑪⑫⑬⑭⑮評価測定運動療法水治療法物理療法救急ＡＤＬ・作業療法言語療法自立支援機器衛生・防災 介護用入浴機器 ーPHV2-A10PHV2-A15ST5050801999226PHV2-A01444999044⑫ 電源コード⑬ デルタスティック導子コード（留め具：黒色） PHV2-A02444999052⑭ 導子コード（留め具：白色）444999043ー¥20,000¥12,000¥2,200¥8,200¥4,800¥1,500¥4,200¥2,400¥2,400③ 電極 円板 90度タイプ（1個）② 電極 円板 カーブタイプ（1個）⑮ 導子コード（留め具：赤色）特管 G6管理※ 本体にセット されています。※ 別売は9個入フィジオ アクティブ HV2 PHV-2 〈認証番号307AFBZX00023000〉 送料 A価格¥36,000¥7,000¥7,000¥2,000¥6,000ピン電極3本を取り付けられるデルタスティック導子を標準装備。ハイボルテージ電流療法でよく使用される1点通電の治療に加えて、 より広範囲の3点通電での治療が可能です。従来のピン電極1本の使用方法：対極に粘着パッドを貼って使用します。モーターポイントの素早い探索と患部への的確なアプローチ、集中治療が可能。オプション新しいピン電極3本の使用方法：3点で通電することで、より広範囲なアプローチが可能です。電極2本で使用すればY字スティックとしても使用可能。標準付属品デルタスティック導子による1点集中＋3点広範囲の治療集 中様々な部位の治療に。品名型式PHV2-A03PHV2-A04PHV2-A05444999046④ 電極用スポンジφ30板用（2個）⑤ デルタスティック導子電極 球・小φ10（1個） PHV2-A06⑥ 球電極カバー（3個）173送料 A¥628,000① デルタスティック導子（電極無し）送料 A価格¥1,800¥8,400¥8,400¥2,700¥7,000¥1,100¥2,900¥14,400¥5,600⑦ ローラー導子⑧ セミハードケース⑨ 粘着パッド 50×50mm（銀糸製･4枚）⑩ リチウムイオン電池 PHV2用⑪ ACアダプタ3点広範囲1 点8.3cm本体寸法質量８3（W）×１85（D）×53（H）mm355g ※バッテリー含む電源本体：AC100V※バッテリー：リチウムイオン電池： DC7.4Ｖ 1,250mAhACアダプタ：AC100-240V（50/60Hz）消費電力30W（電源入力30VA）出力周波数HV：0.5〜200Hz　MCR：0.1〜500Hz最大出力HV：300V（p-p）　MCR：800μA ※500Ω負荷時出力チャンネル数 2チャンネル治療タイマHV：1〜60分　MCR：1〜480分（8時間）品名粘着パッド50×90mm（銀糸製･4枚）デルタスティック導子電極 球・大φ14（1個）ジェル 260mlジェル 1000mlジェル 5000ml球電極カバー（9個）※絶縁ゴム手袋 単品の販売はしておりません。市販品をお求めください。5.3cm18.5cm型式PHV2-A11スナップコード（2個）グローブ型導子Ｍ・21cm（絶縁ゴム手袋入） PHV2-A12PHV2-A13グローブ型導子Ｌ・23cm（絶縁ゴム手袋入）ST509022Q02188601999085601999084601999083PHV2-A09電気 療法温冷 療法牽引 療法その他の物理療法機器","デルタスティック導子による1点集中＋3点広範囲の治療
ピン電極3本を取り付けられるデルタスティック導子を標準装備。ハイボルテージ電流療法でよく使用される1点通電の治療に加えて、 よ
り広範囲の3点通電での治療が可能です。
 1点
＋3点評価測定
広範囲
 集中運動療法
従来のピン電極1本の使用方法：対極に粘着パッドを貼って新しいピン電極3本の使用方法：3点で通電することで、より広範水治療法
使用します。モーターポイントの素早い探索と患部への的確囲なアプローチが可能です。電極2本で使用すればY字スティッ
なアプローチ、集中治療が可能。クとしても使用可能。
物理療法
様々な部位の治療に。
救急
ＡＤＬ・
作業療法
言語療法
自立支援
機器
標準付属品
衛生・
①②③④防災 
5.3
cm
介護用
入浴機器
⑤⑥⑦
18.5
cm※ 別売は9個入電 気療法
温 冷療法
⑧⑨⑩
8.3
cm牽 引療法
※ 本体にセット その他の
フィジオ アクティブ HV2 送料 Aされています。物理療法機器
PHV-2〈 認証番号307AFBZX00023000〉 管理特 管G6 ¥628,000
⑪⑫⑬⑭⑮
本体寸法８3（W）×１85（D）×53（H）mm
質量355g ※バッテリー含む
電源本体：AC100V※バッテリー：リチウムイオン電池： DC7.4Ｖ 1,250mAh
ACアダプタ：AC100-240V（50/60Hz）
消費電力30W（電源入力30VA）
出力周波数HV：0.5〜200Hz　MCR：0.1〜500Hz
最大出力HV：300V（p-p）　MCR：800μA ※500Ω負荷時送料 A
出力チャンネル 数2チャンネル品名型式価格
治療タイマHV：1〜60分　MCR：1〜480分（8時間）① デルタスティック導子（電極無し）PHV2-A03¥36,000
② 電極 円板 カーブタイプ（1個）PHV2-A04¥7,000
③ 電極 円板 90度タイプ（1個）PHV2-A05¥7,000
オプション④ 電極用スポンジφ30板用（2個）444999046¥2,000
送料 A⑤ デルタスティック導子電極 球・小φ10（1個 ）PHV2-A06¥6,000
品名型式価格⑥ 球電極カバー（3個）ーー
スナップコード（2個）PHV2-A11¥1,800⑦ ローラー導子PHV2-A10¥20,000
グローブ型導子Ｍ・21cm（絶縁ゴム手袋入 ）PHV2-A12¥8,400⑧ セミハードケースPHV2-A15¥12,000
グローブ型導子Ｌ・23cm（絶縁ゴム手袋入）PHV2-A13¥8,400⑨ 粘着パッド 50×50mm（銀糸製･4枚）ST5050¥2,200
粘着パッド50×90mm（銀糸製･4枚）ST5090¥2,700⑩ リチウムイオン電池 PHV2用801999226¥8,200
デルタスティック導子電極 球・大φ14（1個）22Q02188¥7,000⑪ ACアダプタPHV2-A01¥4,800
ジェル 260ml601999085¥1,100⑫ 電源コード444999044¥1,500
ジェル 1000ml601999084¥2,900⑬ デルタスティック導子コード（留め具：黒色 ）PHV2-A02¥4,200
ジェル 5000ml601999083¥14,400⑭ 導子コード（留め具：白色）444999052¥2,400
球電極カバー（9個）PHV2-A09¥5,600⑮ 導子コード（留め具：赤色）444999043¥2,400
※絶縁ゴム手袋 単品の販売はしておりません。市販品をお求めください。
173"
175,MMTXET393287F,物理療法,電気療法,"①③④②⑤⑥⑦評価測定運動療法水治療法物理療法救急ＡＤＬ・作業療法言語療法自立支援機器衛生・防災 介護用入浴機器 特管 G6管理カタログ装着式随意運動介助電気刺激装置 WILMO WI-1.0 〈認証番号230AFBZX00063000〉 もっと身近に、もっと笑顔に。リハビリテーションと向き合えるウェアラブル医療機器。WEBはこちら価格¥9,000¥14,400¥4,800¥3,000¥3,000¥8,400¥12,000送料御見積オプション装着式随意運動介助電気刺激装置 WILMO（ウィルモ）  単品品名型式WI-03WI-02WI-05WI-04WI-07MPU12A-102WI-08174送料 御見積 ¥450,000①粘着パッド20枚入り②電極パッド③電極パッドカバー④リストベルト（ショート）⑤リストベルト（ロング）⑥充電用ACアダプター⑦延長ケーブル電気療法温冷療法牽引療法その他の物理療法機器電気刺激筋電電極パッドカバー使用例本体寸法49(W)×98(L)×14.5(H)mm質量約55g（電極パッドを除く）出力周波数 20Hz±10％治療時間 最大8時間駆動時間 最大8時間充電時間3時間以内［構成］本体、電極パッド、粘着パッド（20枚入）、リストベルト、電極パッドカバー、充電用ＡＣアダプター神経促通刺激+バイオフィードバックを1台で！脳卒中片麻痺上肢の機能回復を促すリハビリテーション等に用いる医療機器です。もっとスリムに。袖口に収まる小型化を実現。長時間装着にも対応できる仕様です。もっと身近に。腕時計感覚で日常に寄り添うデザイン。日常生活における長時間装着を考慮し、本体質量約55ｇ。新技術によりスリムダウンしました。筋電に比例した電気刺激をリアルタイムに出力。筋電検出と電気刺激を同時に同じ電極から入出力することで、より正確な運動学習が期待できます。もっとシンプルに。操作ボタンを3個にしぼり、シンプルな設定操作。マグネット選択式専用電極シート採用。「誰でも」「簡単に」「素早く」最適位置を探索し、使用可能です。機能的肢位が作りやすく、手指や手関節の伸展運動を補助することでADL（日常生活動作）の改善にも繋がります。","WEBはこちら
もっと身近に、もっと笑顔に。リハビリテーションと向き合えるウェアラブル医療機器。
単品
装着式随意運動介助電気刺激装置 WILMO（ウィルモ）  カタログ
神経促通刺激+バイオフィードバックを1台で！機能的肢位が作りやすく、手指や手関節の伸展運動を補助
脳卒中片麻痺上肢の機能回復を促すリハビリテーション等に用いるすることでAD（L日常生活動作）の改善にも繋がります。
医療機器です。
評価測定
運動療法
水治療法
物理療法もっとスリムに。
袖口に収まる小型化を実現。長時間装着にも対応
できる仕様です。
救急
もっと身近に。
ＡＤＬ・腕時計感覚で日常に寄り添うデザイン。
作業療法日常生活における長時間装着を考慮し、本体質量
約55ｇ。新技術によりスリムダウンしました。
言語療法
筋電に比例した電気刺激をリアルタイムに出力。
自立支援筋電検出と電気刺激を同時に同じ電極から入出力することで、より正確
機器な運動学習が期待できます。
衛生・
防災 
電気刺激
介護用
入浴機器
筋電
もっとシンプルに。
電気療法
操作ボタンを3個にしぼり、シンプルな設定操作。マグネット選択式専
用電極シート採用。「誰でも「」簡単に「」素早く」最適位置を探索し、使用
温冷療法
可能です。
オプション
牽引療法
その他の①
物理療法機器電極パッドカバー使用例
②
③④
⑤
⑥⑦
装着式随意運動介助電気刺激装置 WILMO 送料 御見積
品名型式価格送料
WI-1.0〈 認証番号230AFBZX00063000〉 管理特 管G6  ¥450,000①粘着パッド20枚入りWI-03¥9,000
本体寸法49(W)×98(L)×14.5(H)mm②電極パッドWI-02¥14,400
質量約55g（電極パッドを除く）③電極パッドカバーWI-05¥4,800
出力周波 数20Hz±10％
④リストベルト（ショート）WI-04¥3,000御見積
治療時 間最大8時間
⑤リストベルト（ロング）WI-07¥3,000
駆動時 間最大8時間
充電時間3時間以内⑥充電用ACアダプターMPU12A-102¥8,400
［構成］本体、電極パッド、粘着パッド（20枚入）、リストベルト、電極パッドカバー、充電用Ａ⑦延長ケーブルWI-08¥12,000
Ｃアダプター
174"
176,MMTXET4ILFS5L,物理療法,電気療法,"管理特管 G6管理特管 G6管理特管 G6管理特管 G6カイネタイザー  KT-108+HA 〈認証番号231AABZX00011000〉 KT-108+  〈認証番号231AABZX00011000〉 KT-104+HA 〈認証番号231AABZX00012000〉 KT-104+  〈認証番号231AABZX00012000〉 マイクロリカバリーパッチ  MCRP 〈届出番号 11B1X10028MR0001〉  一般  KT-108+KT-104+175送料 サ  ¥4,400,000  ¥4,250,000  ¥3,600,000  ¥3,450,000送料 A¥4,000低周波治療器・干渉電流型低周波治療器組合せ理学療法機器  低周波出力：75±10Vrmsパルス出力：300Vp±15%(KT-108+HAのみ)高電圧出力：500Vp以下（KT-108+HAのみ）低周波出力：1,000〜11,000Hz（確度：設定値の±10%）パルス出力： 1〜1,000Hz（確度：設定値の±10%） （KT-108+HAのみ)パルス幅：50、100μs （確度：設定値の±20%）（KT-108+HAのみ)高電圧出力： 0.5〜200Hz（確度：設定値の±10%） （KT-108+HAのみ）（KT-104+HAのみ）パルス幅： 50、100μs （確度：設定値の±20%）（KT-104+HAのみ）高電圧出力： 0.5〜200Hz（確度：設定値の±10%） （KT-104+HAのみ）直径30mm ±5%最大500μA低周波による多彩な治療モードを1台に搭載。低周波治療モード（スーパータイダルモード）に加え、パルス、干渉低周波治療、微弱電流治療、高電圧治療※、バースト（NMES）など多彩な治療モードに対応。※高電圧治療はKT-108+HA、KT-104+HAに搭載水を数滴垂らすと微弱電流を発生させるパッチ。痛みのある局所のケアに。水に溶けると電気を発生させる2種類以上の金属の特性を利用して独自の技術でパッチに。最大500μAの微弱電流が流れます。［共通］定格電源電圧および周波数ＡＣ100V　50/60Ｈｚ治療波形（出力波形） 正弦波、方形波、シフト正弦波、単方向双対波治療時間1〜99分（1分ステップ）、　精度：設定時間の±5%最大吸引圧力30±10kPa周囲温度10〜40℃相対湿度30〜75%気圧700〜1,060hPa最大出力電流75mArms以下（500Ω負荷）［KT-108+HA、KT-108+］外形寸法550（W）×475（D）×1380（H）mm質量50kg最大出力電圧出力周波数電源入力450VA［KT-104+HA、KT-104+］外形寸法質量450（W）×475（D）×1090（H）mm30kg低周波出力：75±10Vrmsパルス出力：300Vp±15%（KT-104+HAのみ）高電圧出力：500Vp以下（KT-104+HAのみ）低周波出力：1,000〜11,000Hz（確度：設定値の±10%）パルス出力： 1〜1,000Hz（確度：設定値の±10%） 最大出力電圧出力周波数電源入力210VA寸法放出電流量使用時間72時間（3日間）［構成］パッチ20枚、ミニボトル1個※放出電流を安定させるために、定期的にパッチの表面を水で濡らしてください。評価測定運動療法水治療法物理療法救急ＡＤＬ・作業療法言語療法自立支援機器衛生・防災 介護用入浴機器電気 療法温冷 療法牽引 療法その他の物理療法機器","低周波治療器・干渉電流型低周波治療器組合せ理学療法機器  
カイネタイザー  送料 サ
KT-108+HA〈 認証番号231AABZX00011000〉 管理特 管G6  ¥4,400,000
KT-108+  〈認証番号231AABZX00011000〉 管理特 管G6  ¥4,250,000
KT-104+HA〈 認証番号231AABZX00012000〉 管理特 管G6  ¥3,600,000
KT-104+  〈認証番号231AABZX00012000〉 管理特 管G6  ¥3,450,000
低周波による多彩な治療モードを1台に搭載。
低周波治療モード（スーパータイダルモード）に加え、パルス、干渉低
※
周波治療、微弱電流治療、高電圧治療、バースト（NMES）など多彩な
評価測定
治療モードに対応。
※高電圧治療はKT-108+HA、KT-104+HAに搭載
［共通］
運動療法
定格電源電圧
ＡＣ100V　50/60Ｈｚ
および周波数
治療波形（出力波形 ）正弦波、方形波、シフト正弦波、単方向双対波
治療時間1〜99分（1分ステップ）、　精度：設定時間の±5%水治療法
最大吸引圧力30±10kPa
周囲温度10〜40℃
相対湿度30〜75%
物理療法
気圧700〜1,060hPa
最大出力電流75mArms以下（500Ω負荷）
［KT-108+HA、KT-108+］
救急
外形寸法550（W）×475（D）×1380（H）mm
質量50kg
最大出力電圧低周波出力：75±10Vrms
ＡＤＬ・
パルス出力：300Vp±15%(KT-108+HAのみ)
作業療法
高電圧出力：500Vp以下（KT-108+HAのみ）
KT-108+出力周波数低周波出力：1,000〜11,000H（z確度：設定値の±10%）
パルス出力： 1〜1,000H（z確度：設定値の±10%） 
（KT-108+HAのみ)言語療法
パルス幅：50、100μs（ 確度：設定値の±20%（）KT-108+HAのみ)
高電圧出力： 0.5〜200H（z確度：設定値の±10%） 
（KT-108+HAのみ）自立支援
電源入力450VA機器
［KT-104+HA、KT-104+］
外形寸法450（W）×475（D）×1090（H）mm衛生・
質量30kg防災 
低周波出力：75±10Vrms
最大出力電圧
パルス出力：300Vp±15%（KT-104+HAのみ）
高電圧出力：500Vp以下（KT-104+HAのみ）介護用
入浴機器
低周波出力：1,000〜11,000H（z確度：設定値の±10%）
パルス出力： 1〜1,000H（z確度：設定値の±10%） 
出力周波数（KT-104+HAのみ）
パルス幅： 50、100μs（ 確度：設定値の±20%（）KT-104+HAのみ）
高電圧出力： 0.5〜200H（z確度：設定値の±10%） 
（KT-104+HAのみ）
KT-104+電源入力210VA
電 気療法
温 冷療法
牽 引療法
マイクロリカバリーパッチ  送料 Aその他の
物理療法機器
MCRP〈 届出番号 11B1X10028MR0001〉  一 般 ¥4,000
水を数滴垂らすと微弱電流を発生させるパッチ。
痛みのある局所のケアに。
水に溶けると電気を発生させる2種類以上の金属の特性を利用して独
自の技術でパッチに。最大500μAの微弱電流が流れます。
寸法直径30mm ±5%
放出電流量最大500μA
使用時間72時間（3日間）
［構成］パッチ20枚、ミニボトル1個
※放出電流を安定させるために、定期的にパッチの表面を水で濡らしてください。
175"
177,MMTXET5SEKC7A,物理療法,電気療法,ゴーストリンクモードを搭載したEMSトレーニングマシン。WEBはこちらシングルモードフィジオEMS8は4CH、最大16パッドを鍛えたい部位に貼付することで、効率的にトレーニングを行えます。※分極コード（別売）使用時独自のアルゴリズムにより、チャンネルごとに出力が追従。コース設定とプログラムにより、体内でうねるような感覚が生まれます。基本となる4CHのシングルモードを2CHに分割して使用できるデュアルモードを搭載しています。4チャンネル、最大16パッド※に よる多機能EMSトレーニングマシン。うねるような体感“ゴーストリンク”。2人同時に使える デュアルモードを搭載。176デュアルモード評価測定運動療法水治療法物理療法救急ＡＤＬ・作業療法言語療法自立支援機器衛生・防災 介護用入浴機器電気療法温冷療法牽引療法その他の物理療法機器追従連鎖する刺激プログラムがうねるような体感と残存感を生む。フィジオ EMS8,"ゴーストリンクモードを搭載したEMSトレーニングマシン。
フィジオ EMS8 
追従連鎖する刺激プログラムが
評価測定
うねるような体感と残存感を生む。
運動療法
WEBはこちら
水治療法
物理療法
救急
ＡＤＬ・
作業療法
言語療法
自立支援
機器
衛生・
防災 
介護用
入浴機器
電気療法
温冷療法
牽引療法
※
4チャンネル、最大16パッドに 
その他の
物理療法機器よる多機能EMSトレーニングマシン。
フィジオEMS8は4CH、最大16パッドを鍛えたい
部位に貼付することで、効率的にトレーニングを
行えます。
※分極コード（別売）使用時
うねるような体感“ゴーストリンク”。
独自のアルゴリズムにより、チャンネルごとに出力
が追従。コース設定とプログラムにより、体内でう
ねるような感覚が生まれます。
2人同時に使える 
デュアルモードを搭載。
基本となる4CHのシングルモードを2CHに分割
して使用できるデュアルモードを搭載しています。
シングルモードデュアルモード
176"
178,MMTXET6WQZ7MP,物理療法,電気療法,"フィジオ EMS8 P-EMS8 ACCM18Bあらかじめ設定された4つのコースを選択すると、4つのモードがサイクル方式で出力。チャンネルごとの設定により、豊富なバリエーションで飽きさせないEMSを実現します。両サイドに付いたリモコンによりユーザーはトレーニング中でも任意に出力の上下、停止を行えます。標準付属品リンクされたC Hの出力を同時に上げることができます。リスタート機能により準備モードから筋トレモードへのタイマーリセットがボタン1つで行えます。オプションリンクボリューム、 リスタート機能。慣れさせない。飽きさせない。リモコンによる操作。本製品は医療機器ではありません。品名品名① 粘着パッド φ７cm（４枚入り・カーボン・不織布タイプ） TRS7000② フィジオEMS8 接続コード（オレンジ）③ フィジオEMS8 接続コード（緑）④ フィジオEMS8 接続コード（青）⑤ フィジオEMS8 接続コード（グレー）⑥ フィジオEMS8 リモコン（1個）⑦ フィジオEMS8 ACアダプタ⑧ フィジオEMS8 電源コード177送料 B¥1,280,000送料 A/C 型式PG370/NST5050ST5090価格¥1,800 ¥2,200 ¥2,700 P-EMS8W ¥30,000寸法 質量 定格電源消費電力最大電圧最大電流波形出力周波数出力CH数385（W）×50（H）×255（D）mm1.8kg　AC100V 50/60Hz・DC24V 1.9A30W120V (p-p)70mArms　※実効値PDM波（パルス密度変調波）1.7kHz・2.7kHz　※パルス幅換算：125,000Hz4CH（8パッド）　※分極時16パッド送料 A 価格¥2,200 P-EMS8-A001 ¥3,600 P-EMS8-A002 ¥3,600 P-EMS8-A003 ¥3,600 P-EMS8-A004 ¥3,600 P-EMS8-REM ¥6,000 UIA345-2419 ¥4,800 ¥1,000 ⑨ フィジオEMS8 分極コード⑩ 粘着パッド5×5cm（4枚・銀糸・不織布タイプ）⑪ 粘着パッド5×9cm（4枚・銀糸・不織布タイプ）⑫ ハンガー付きワゴン［ハンガー付きワゴン］寸法550（W）×1090（H）×360（D）mm電気 療法温冷 療法牽引 療法その他の物理療法機器②③④⑤⑨⑫⑦⑧⑩⑪①⑥評価測定運動療法水治療法物理療法救急ＡＤＬ・作業療法言語療法自立支援機器衛生・防災 介護用入浴機器型式","慣れさせない。飽きさせない。
あらかじめ設定された4つのコースを選択すると、4つのモードがサイクル方式で出力。チャンネルごとの設定により、豊富なバリエーショ
ンで飽きさせないEMSを実現します。
評価測定
運動療法
水治療法
物理療法
救急
リモコンによる操作。リンクボリューム、 
リスタート機能。
両サイドに付いたリモコンによＡＤＬ・
りユーザーはトレーニング中でリンクされた CHの出力を同時作業療法
も任意に出力の上下、停止を行に上げることができます。リス
えます。タート機能により準備モードか言語療法
ら筋トレモードへのタイマーリ
セットがボタン1つで行えます。
自立支援
機器
衛生・
防災 
フィジオ EMS8 送料 B介護用
入浴機器
P-EMS8 ¥1,280,000
本製品は医療機器ではありません。
寸法 385（W）×50（H）×255（D）mm
質量 1.8kg　
定格電源AC100V 50/60Hz・DC24V 1.9A
消費電力30W
電 気療法
最大電圧120V (p-p)
最大電流70mArms　※実効値
温 冷療法
波形PDM波（パルス密度変調波）
出力周波数1.7kHz・2.7kHz　※パルス幅換算：125,000Hz
牽 引療法
出力CH数4CH（8パッド）　※分極時16パッド
その他の
物理療法機器
標準付属品オプション
①②③④⑤⑨⑫
⑥⑦⑧
⑩⑪
送料 A 送料 A/C 
品名型式価格品名型式価格
① 粘着パッド φ７cm（４枚入り・カーボン・不織布タイプ ）TRS7000¥2,200 ⑨ フィジオEMS8 分極コードPG370/N¥1,800 
② フィジオEMS8 接続コード（オレンジ）P-EMS8-A00 1¥3,600 ⑩ 粘着パッド5×5cm（4枚・銀糸・不織布タイプ）ST5050¥2,200 
③ フィジオEMS8 接続コード（緑）P-EMS8-A00 2¥3,600 ⑪ 粘着パッド5×9cm（4枚・銀糸・不織布タイプ）ST5090¥2,700 
④ フィジオEMS8 接続コード（青）P-EMS8-A00 3¥3,600 ⑫ ハンガー付きワゴンP-EMS8 W¥30,000
⑤ フィジオEMS8 接続コード（グレー）P-EMS8-A00 4¥3,600 ［ハンガー付きワゴン］
⑥ フィジオEMS8 リモコン（1個）P-EMS8-RE M¥6,000 寸法550（W）×1090（H）×360（D）mm
⑦ フィジオEMS8 ACアダプタUIA345-241 9¥4,800 
⑧ フィジオEMS8 電源コードACCM18B¥1,000 
177"
179,MMTXET8CZWCTE,物理療法,温冷療法,カタログWEBはこちらコーティングあり電極とアースで体をはさみ、＋極と－極を１秒あたり数十万回変化させて体内の分子を振動、分子同士の摩擦熱（ジュール熱）を発生させることで体を温めます。体外から熱を与えるのではなく、体内で熱を発生させる深部加温が可能です。電極がコーティング（絶縁）処理されているため、皮膚接触面の浅部付近で素早く温熱を発生させることが可能です。R E T（レジスティブ）モードはプレート間でエネルギーが入り、広範囲の加温が可能です。ラジオ波温熱の原理。温熱動作が異なる2つの温熱方式。178電　極アース温熱ポイントを自在に操り、運動療法と組み合わせる。ラジオ波温熱治療器（超短波治療器）  コーティング無し評価測定運動療法水治療法物理療法救急ＡＤＬ・作業療法言語療法自立支援機器衛生・防災 介護用入浴機器電気療法温冷療法牽引療法その他の物理療法機器フィジオ ラジオスティム プロ  単品,"温熱ポイントを自在に操り、運動療法と組み合わせる。
ラジオ波温熱治療器（超短波治療器）  
単品
フィジオ ラジオスティム プロ  カタログ
WEBはこちら
評価測定
運動療法
水治療法
物理療法
救急
ＡＤＬ・
作業療法
言語療法
自立支援
機器
衛生・
防災 
介護用
入浴機器
電気療法
温冷療法
牽引療法
その他の
物理療法機器
ラジオ波温熱の原理。
電極とアースで体をはさみ、＋極と－極を１秒あたり数十万回変化させて体内の分子を振動、
分子同士の摩擦熱（ジュール熱）を発生させることで体を温めます。体外から熱を与えるので
はなく、体内で熱を発生させる深部加温が可能です。
温熱動作が異なる2つの温熱方式。
電　極
コーティングありコーティング無し
電極がコーティング（絶縁）処理 R ET（レジスティブ）モードはプ
されているため、皮膚接触面の浅レート間でエネルギーが入り、広アース
部付近で素早く温熱を発生させる範囲の加温が可能です。
ことが可能です。
178"
180,MMTXET9DWGK29,物理療法,温冷療法,腱骨＋評価測定運動療法水治療法物理療法救急ＡＤＬ・作業療法言語療法自立支援機器衛生・防災 介護用入浴機器有効適用部位有効適用部位他の照射型加温機器と大きく異なるのは「抵抗の高い部位に温熱が集まる」というラジオ波の特性にあります。電極 + 皮膚表面ラジオ波温熱はその2つの温熱方式を使い分けることで、表層から関節包や靭帯・腱・筋膜などの深部のコラーゲン線維に効果的に温熱を加えられるため、温熱が実感しやすく、効果が分かりやすいことが特徴です。特に疼痛抑制、筋の柔軟性向上・関節の可動域改善において効果が高いため、結果的に治療時間の短縮にも繋がります。通常のRETプローブの使用。体感者側に電極が当たっています。抵抗の高い部位に自然と熱エネルギーが加わるため、関節モビライゼーションやストレッチを同時に行うことができ、筋・腱・関節包の広範囲にわたって素早く軟部組織の粘弾性が亢進します。衣服を着たままでも、筋や腱をストレッチさせることで選択的加温を可能にします。セラピストの手の甲にRET電極を当てることで、ラジオ波温熱を加えながら、同時に手技（マッサージ）が行えます。また、「徒手療法と温熱物理療法の融合」として、セラピストの手を通して通電可能なヒートハンドは、疼痛や患部の触察、徒手療法と同時にラジオ波温熱が照射できるため、リハビリテーション領域において高い注目を集めています。抵抗の高い部位に「温熱が集まる」特性。徒手療法の融合。疼痛や患部の触察や徒手療法と同時にラジオ波温熱を照射する「徒手療法と温熱物理療法の融合」を実現。運動療法を高める。手技を活かす。179軟組織筋肉ラジオ波温 熱筋膜腱膜血管 リンパ骨膜温熱部位温熱部位抵抗の高い部位＝抵抗の高い部位＝屈曲させた関節部位靭帯関節硬 組織深 部浅 部通常のRET電気 療法温冷 療法牽引 療法その他の物理療法機器ヒートハンド軟部組織の伸張性・粘弾性亢進血流増加・新陳代謝促進筋スパズムの軽減手 技（マッサージ）,"抵抗の高い部位に「温熱が集まる」特性。
他の照射型加温機器と大きく異なるのは「抵抗の高い部位に温熱が集まる」というラジオ波の特性にあります。
抵抗の高＝い部位温熱
部位
電 極 +皮膚表面
 浅部温部位熱抵抗の高＝い部位評価測定
有効適用部位屈曲させた有効適用部位
運動療法
関節部位
軟組織 硬組織
筋肉筋膜 深部靭帯腱
水治療法
腱膜血 管リンパ関節骨膜骨
物理療法
徒手療法の融合。手技を活かす。
ラジオ波温熱はその2つの温熱方式を使い分けることで、表層かまた「、徒手療法と温熱物理療法の融合」として、セラピストの手
救急
ら関節包や靭帯・腱・筋膜などの深部のコラーゲン線維に効果を通して通電可能なヒートハンドは、疼痛や患部の触察、徒手療
的に温熱を加えられるため、温熱が実感しやすく、効果が分かり法と同時にラジオ波温熱が照射できるため、リハビリテーション
やすいことが特徴です。特に疼痛抑制、筋の柔軟性向上・関節の領域において高い注目を集めています。ＡＤＬ・
作業療法
可動域改善において効果が高いため、結果的に治療時間の短縮
にも繋がります。
言語療法
自立支援
ラジオ波機器
手 技
＋
（マッサージ）温 熱衛生・
防災 
介護用
入浴機器
疼痛や患部の触察や徒手療法と同時にラジオ波温
熱を照射する「徒手療法と温熱物理療法の融合」
を実現。
通常のRETヒートハンド軟部組織の電 気療法
伸張性・
温 冷療法
粘弾性亢進
牽 引療法
その他の
血流増加・筋スパズムの物理療法機器
新陳代謝促進軽減
通常のRETプローブの使セラピストの手の甲にRET電
用。体感者側に電極が当極を当てることで、ラジオ波
たっています。温熱を加えながら、同時に手
技（マッサージ）が行えます。
運動療法を高める。
抵抗の高い部位に自然と熱エネ
ルギーが加わるため、関節モビラ
イゼーションやストレッチを同時
に行うことができ、筋・腱・関節包
の広範囲にわたって素早く軟部組
織の粘弾性が亢進します。
衣服を着たままでも、筋や腱をス
トレッチさせることで選択的加温
を可能にします。
179"
181,MMTXETB6Q6C95,物理療法,温冷療法,"粘着パッド※ 引用文献：▼ DUTY：50%、出力：20％▼ DUTY：100%、出力：80％※一般的名称：超短波出力強度出力休止出力休止時間時間PAIN RELIEF急性期慢性期離した時DUTY：50％（間欠）DUTY：100％（連続）5〜10cmの深部加温体内温度3〜5℃上昇3〜4時間の持続性低周波電流プローブを用いることで、経皮的電流（TENS）、微弱電流（マイクロカレント）を出力可能。浮腫の軽減や鎮痛、血流の促進が可能です。電極が肌から離れた場合、自動的に出力を停止することでスパークを未然に防ぐ「ゼロスタート機能」を搭載。皮膚15分の施術で、温熱の届く深さは5～10cm、体内温度を3～5℃高めます。施術後も体内温度はすぐに下がることがなく、3～4時間維持される特長を持っています。腰痛を含めた様々な疾患に苦しんでいる患者※の81％に対して痛みの軽減に高い効果が認められています。フィジオ  ラジオスティム  プロは、機器が電磁妨害を与えず、かつ受けたとしても影響を受けないことを認証するEMC規格に適合しており、日本国内においてその周波数帯により超短波領域（RF波帯域：13MHz～27.12MHz）の医療機器として、厚生労働省所管の独立行政法人※による承認を得ています。また、あらゆるラジオ波温熱機器を使用する際に、総務省に提出が必要である高周波利用設備に必要な電波法規格の基準もクリアしています。※PMDA（独立行政法人 医薬品医療機器総合機構）高周波温熱（ラジオ波温熱）※ 体組織内に深部熱を発生させ、その温熱効果により、特定の症状低周波経皮的に鎮痛及び筋萎縮改善などに用いられる神経及び筋刺激を行う。打撲や捻挫といった急性期の浮腫の軽減にもラジオ波は有効です。出力を20％程度、DUTY（間欠モード）を50％にすることで、温熱を感じない非熱モードで組織治癒を促進することができます。7インチのカラータッチディスプレイと、使いやすさを重視したシンプルなインターフェイス。自動的に出力が停止（疼痛、筋痙縮、関節性拘縮など）の改善を行う。低周波電流による鎮痛、筋萎縮改善。MCR安全機能（スパーク防止）。高い疼痛緩和効果と温熱持続性の実証。日本の医療機器規格をクリア。急性期に非熱モード。カラータッチディスプレイ。効能・効果180※このプローブからラジオ波温熱は出力されません。ラジオ波温熱（CET/RET）と同時に使用はできません。ＥＭＣ規格について：Electromagnetic Compatibilityの略で電磁両立性のこと。機器が電磁妨害を与えず、かつ受けたとしても影響を受けないことをクリアした機器が受けられる認証。本製品はIEC60601-1-2:2007に適合しています。高周波温熱機器（10kHz以上かつ50W以上）は、電波法第100条に規定される、総務大臣の許可を受けなければならない高周波利用設備に該当し、本製品はその基準をクリアしています。ご使用にあたっては、必要書類を各地域の通信局にご提出ください。ＥＭＣ規格ＥＭＣ規格適合品適合品電波法電波法適合品適合品orTENS※37名の腰痛患者、1日1回、20分、合計10回治療腰痛に対する静電容量の電気転送温熱療法の臨床効果Clinical Effect of Capacitive Electric Transfer Hyperthermia Therapy for LumbagoKuniyasu Takahashi1), Tetsuo Suyama1), Makiko Onodera1), Shigeru Hirabayashi2), Nobuyuki Tsuzuki2), Li Zhong-Shi2)1)  Department  of  Rehabilitation,  Saitama  Medical  Center,  Saitama  Medical  School,  Kamoda-Tsujidoumachi  1981,  Kawagoe City, Saitama 350-8550, Japan 2) Department of Orthopaedic Surgery, Saitama Medical Center, Saitama Medical SchoolJ.Phys.Ther.Sci.11:45-51,1999© The Society of Physical Therapy Science評価測定運動療法水治療法物理療法救急ＡＤＬ・作業療法言語療法自立支援機器衛生・防災 介護用入浴機器電気療法温冷療法牽引療法その他の物理療法機器81％","低周波電流による鎮痛、筋萎縮改善。急性期に非熱モード。
低周波電流プローブを用いることで、経皮的電流（TENS）、微弱打撲や捻挫といった急性期の浮腫の軽減にもラジオ波は有効
電流（マイクロカレント）を出力可能。浮腫の軽減や鎮痛、血流のです。出力を20％程度、DUTY（間欠モード）を50％にすること
促進が可能です。で、温熱を感じない非熱モードで組織治癒を促進することがで
きます。
急性期慢性期
▼ DUTY：50%、出力：20％▼ DUTY：100%、出力：80％
評価測定MCRorTENS
DUTY：50％
出力DUTY：100％
強度（間欠）
運動療法（連続）
粘着パッド
出力休止出力休止
※このプローブからラジオ波温熱は出力されません。
ラジオ波温熱（CET/RET）と同時に使用はできません。時間時間
水治療法
物理療法
安全機能（スパーク防止）。カラータッチディスプレイ。
電極が肌から離れた場合、自動的に出力を停止することでス7インチのカラータッチディスプレイと、使いやすさを重視したシ
救急
パークを未然に防ぐ「ゼロスタート機能」を搭載。ンプルなインターフェイス。
ＡＤＬ・
作業療法
離した時
自動的に
出力が停止
言語療法
自立支援
機器
皮膚
衛生・
防災 
介護用
入浴機器高い疼痛緩和効果と温熱持続性の実証。
15分の施術で、温熱の届く深さは5～10cm、体内温度を3～5℃高めます。施術後も体内温度はす
ぐに下がることがなく、3～4時間維持される特長を持っています。腰痛を含めた様々な疾患に苦し
んでいる患者※の81％に対して痛みの軽減に高い効果が認められています。
81％
電気療法※37名の腰痛患者、1日1回、20分、合計10回治療
PAIN RELIEF
温冷療法
※ 引用文献：
腰痛に対する静電容量の電気転送温熱療法の臨床効果
牽引療法
Clinical Effect of Capacitive Electric Transfer Hyperthermia Therapy for Lumbago
Kuniyasu Takahashi1), Tetsuo Suyama1), Makiko Onodera1), Shigeru Hirabayashi2), Nobuyuki Tsuzuki2), Li Zhong-Shi2)
その他の1)  Department  of  Rehabilitation,  Saitama  Medical  Center,  Saitama  Medical  School,  Kamoda-Tsujidoumachi  1981,  Kawagoe 
物理療法機器City, Saitama 350-8550, Japan 5〜10cmの深部加温
2) Department of Orthopaedic Surgery, Saitama Medical Center, Saitama Medical School
J.Phys.Ther.Sci.11:45-51,1999体内温度3〜5℃上昇
© The Society of Physical Therapy Science
3〜4時間の持続性
日本の医療機器規格をクリア。効能・効果
※
フィジオ  ラジオスティム  プロは、機器が電磁妨害を与えず、かつ高周波温熱（ラジオ波温熱） ※一般的名称：超短波
受けたとしても影響を受けないことを認証するEMC規格に適合し体組織内に深部熱を発生させ、その温熱効果により、特定の症状
ており、日本国内においてその周波数帯により超短波領域（RF波（疼痛、筋痙縮、関節性拘縮など）の改善を行う。
帯域：13MHz～27.12MHz）の医療機器として、厚生労働省所管
の独立行政法人※による承認を得ています。また、あらゆるラジオ低周波
経皮的に鎮痛及び筋萎縮改善などに用いられる神経及び筋刺激
波温熱機器を使用する際に、総務省に提出が必要である高周波利
を行う。
用設備に必要な電波法規格の基準もクリアしています。
※PMDA（独立行政法人 医薬品医療機器総合機構）
ＥＭＣ規格について：Electromagnetic Compatibilityの略で電
ＥＥＭＭＣＣ規規格格磁両立性のこと。機器が電磁妨害を与えず、かつ受けたとしても
影響を受けないことをクリアした機器が受けられる認証。本製品
適適合合品品
はIEC60601-1-2:2007に適合しています。
高周波温熱機器（10kHz以上かつ50W以上）は、電波法第100
電電波波法法条に規定される、総務大臣の許可を受けなければならない高周波
適適合合品品利用設備に該当し、本製品はその基準をクリアしています。ご使
用にあたっては、必要書類を各地域の通信局にご提出ください。
180"
182,MMTXETDQV4QBM,物理療法,温冷療法,"特管 G6管理②③④⑥⑦⑧⑭⑪⑫⑬①⑤⑨⑩①②③④⑤⑥評価測定運動療法水治療法物理療法救急ＡＤＬ・作業療法言語療法自立支援機器衛生・防災 介護用入浴機器 フィジオ ラジオスティム プロセット  温 送料 D¥3,000,000P-RF-PROS 〈承認番号23100BZX00107000〉 型式P-RF-PRO-B101P-RF-PRO-B102P-RF-PRO-B012P-RF-C014P-RF-C013-2P-RF-B015B-2型式P-RF-PRO-B103P-RF-B106P-RF-B107P-RF-PRO-B018P-RF-C005P-RF-C006送料 A/B/D価格¥30,000¥30,000¥20,000¥12,000¥4,800¥6,800P-RF-B005/-B006/-B007 各¥14,000P-RF-B008/-B009/-B010 各¥14,000各¥1,400P-RF-B113/-B114/-B115¥46,000P-RF-PRO-B111¥2,700ST5090¥2,500P-RF-C011¥14,000P-RF-PRO-B013¥190,000P-RF-PROW送料 A価格¥29,000¥17,000¥17,000¥19,000¥3,000¥2,400ディスプレイは譜面台のように、立っても座っても画面が最も見やすく、タッチしやすいように設計され、2段の棚板は高さを変えることも可能です。短くても長くても使いにくいコードは状況に合わせて必要な長さに取り回しやすくするために本体横のコの字フックに掛けられます。足回りのホイールは大きく、静音性が高い4輪キャスター。本体手前につかみやすい取手。高精度に作られた美しい曲線の支柱部分は堅牢なスチール製で、マグネット付き電源タップなどを吸着させることができます。標準付属品オプション使いやすさとデザインを追求した専用ワゴン。181寸法本体／287（W）×99（H）×302（D）mmワゴン／472（W）×1028（H）×560（D）mm本体／3.5kg、ワゴン／14kg質量定格電圧 AC100-240V消費電力 160W定格周波数 50-60Hz最大出力 CET：350VA　　RET：100W品名① プロ用CETプローブ（電極無し）② プロ用RETプローブ（電極無し）③ プロ用プレートアース④ 特大ベルト⑤  ラジオスティムPro LCDカバー⑥ フィジオRFクリーム⑦ CET電極Φ40/60/70mm⑧ RET電極Φ40/60/70mm⑨ 電極カバーΦ40/60/70mm⑩ 低周波プローブ（粘着パッド無し）⑪ 粘着パッド5×9cm ⑫ 電源コード2.5m⑬ プロ用停止スイッチ⑭ プロ用専用ワゴン※専用ワゴンは本体セットとは別梱包です。※製品構成は予告なく変更になる場合があります。品名① プロ用CETスティック型プローブ（電極無し）② CET電極Φ90mm③ RET電極Φ90mm④ プロ用グリップアース⑤ ベルト（大）⑥ ベルト（小）電気 療法温冷 療法牽引 療法その他の物理療法機器","使いやすさとデザインを追求した専用ワゴン。
ディスプレイは譜面台のように、立っても座っても画面が最も見
やすく、タッチしやすいように設計され、2段の棚板は高さを変
えることも可能です。短くても長くても使いにくいコードは状況
に合わせて必要な長さに取り回しやすくするために本体横のコ
の字フックに掛けられます。
足回りのホイールは大きく、静音性が高い4輪キャスター。本
体手前につかみやすい取手。高精度に作られた美しい曲線の支
評価測定
柱部分は堅牢なスチール製で、マグネット付き電源タップなど
を吸着させることができます。
運動療法
水治療法
物理療法
救急
ＡＤＬ・
作業療法
フィジオ ラジオスティム プロセット   温送料 D
言語療法
P-RF-PROS〈 承認番号23100BZX00107000〉 管理特 管G6 ¥3,000,000
寸法本体／287（W）×99（H）×302（D）mm
ワゴン／472（W）×1028（H）×560（D）mm
自立支援
質量本体／3.5kg、ワゴン／14kg機器
定格電 圧AC100-240V
消費電 力160W
定格周波 数50-60Hz衛生・
防災 
最大出 力CET：350VA　　RET：100W
介護用
入浴機器
標準付属品
送料 A/B/D
①②③④
品名型式価格
① プロ用CETプローブ（電極無し）P-RF-PRO-B101¥30,000電 気療法
② プロ用RETプローブ（電極無し）P-RF-PRO-B102¥30,000
温 冷療法
③ プロ用プレートアースP-RF-PRO-B012¥20,000
④ 特大ベルトP-RF-C014¥12,000牽 引療法
⑤⑥⑦⑧
⑤  ラジオスティムPro LCDカバーP-RF-C013-2¥4,800
その他の
⑥ フィジオRFクリームP-RF-B015B-2¥6,800物理療法機器
⑦ CET電極Φ40/60/70mmP-RF-B005/-B006/-B00 7各¥14,000
⑧ RET電極Φ40/60/70mmP-RF-B008/-B009/-B01 0各¥14,000
⑨⑭⑨ 電極カバーΦ40/60/70mmP-RF-B113/-B114/-B115各¥1,400
⑩ 低周波プローブ（粘着パッド無し）P-RF-PRO-B111¥46,000
⑪ 粘着パッド5×9cm ST5090¥2,700
⑩⑪⑫⑬⑫ 電源コード2.5mP-RF-C011¥2,500
⑬ プロ用停止スイッチP-RF-PRO-B013¥14,000
⑭ プロ用専用ワゴンP-RF-PROW¥190,000
※専用ワゴンは本体セットとは別梱包です。
※製品構成は予告なく変更になる場合があります。
オプション
送料 A
①②③
品名型式価格
① プロ用CETスティック型プローブ（電極無し）P-RF-PRO-B103¥29,000
② CET電極Φ90mmP-RF-B106¥17,000
③ RET電極Φ90mmP-RF-B107¥17,000
④ プロ用グリップアースP-RF-PRO-B018¥19,000
④⑤⑥
⑤ ベルト（大）P-RF-C005¥3,000
⑥ ベルト（小）P-RF-C006¥2,400
181"
183,MMTXETFDSRUFI,物理療法,温冷療法,単品カタログ超音波治療器  フィジオ ソノ     1ＭＨｚ、3ＭＨｚ、オルタネートモード、さらに0.1Ｗ/ｃｍ²低出力超音波も搭載。WEBはこちら※  3ＭＨz出力、Duty100%、2.0W/cm²で約50分  1ＭＨz出力、Duty100%、2.0W/cm²で約1時間　平型固定プローブ（別売付属品）を使えば、急性期の疾患に対して、固定式低出力超音波治療も可能です。※ DUTY設定あり1つの超音波プローブで、浅部、深部、さらに全体を広範囲でカバーできるオルタネートモードを搭載。周波や部位に応じて付け替える手間がありません。また0.1Ｗ/cm²の低出力超音波も出力可能です。コンパクトサイズで電源要らず（充電式バッテリー標準装備）。どこにでも持ち運ぶことが可能なため、病棟や訪問先、スポーツサポートなど、移動の多い現場に最適です。　　超音波プローブは本体側面の他、スチール面であればお使いのワゴンなど、どの場所にも吸着します。※ 平型固定プローブは吸着しません固定治療も可能。2周波交互発信、0.1W/cm²の低出力超音波も 発信可能。30分駆動バッテリーを搭載。 持ち運び簡単な充電式ポータブルタイプ。マグネット吸着する 超音波プローブ。182浅部広範囲深部3MHz1&3MHz1MHz評価測定運動療法水治療法物理療法救急ＡＤＬ・作業療法言語療法自立支援機器衛生・防災 介護用入浴機器電気療法温冷療法牽引療法その他の物理療法機器浅部・深部・広範囲に、幅広く使える超音波治療器,"1ＭＨｚ、3ＭＨｚ、オルタネートモード、さらに0.1Ｗ/ｃｍ²低出力超音波も搭載。
超音波治療器  
単品
フィジオ ソノ     カタログ
WEBはこちら
評価測定
運動療法
水治療法
物理療法
救急
ＡＤＬ・
作業療法
言語療法
自立支援
機器
衛生・
防災 
介護用
入浴機器
浅部・深部・広範囲に、
電気療法
温冷療法幅広く使える超音波治療器
牽引療法
2周波交互発信、0.1W/cm²の低出力超音波も 
その他の
物理療法機器発信可能。
1つの超音波プローブで、浅部、深部、さらに全体を広範囲でカ
バーできるオルタネートモードを搭載。周波や部位に応じて付け
替える手間がありません。また0.1Ｗ/cm²の低出力超音波も出
力可能です。
浅部3MHz
30分駆動バッテリーを搭載。 
持ち運び簡単な充電式ポータブルタイプ。広範囲1&3MHz
コンパクトサイズで電源要らず（充電式バッテリー標準装備）。どこ
にでも持ち運ぶことが可能なため、病棟や訪問先、スポーツサポー
深部1MHz
トなど、移動の多い現場に最適です。　　
※  3ＭＨz出力、Duty100%、2.0W/cm²で約50分  
1ＭＨz出力、Duty100%、2.0W/cm²で約1時間　
マグネット吸着する 固定治療も可能。
超音波プローブ。
平型固定プローブ（別売
超音波プローブは本体側面の付属品）を使えば、急性期
他、スチール面であればお使いの疾患に対して、固定式
のワゴンなど、どの場所にも吸低出力超音波治療も可能
着します。です。
※ 平型固定プローブは吸着しません※ DUTY設定あり
182"
184,MMTXETGTVP555,物理療法,温冷療法,"管理特管 G6フィジオ ソノ  P-SONO 〈認証番号230ALBZX00001000〉 フィジオ ソノ 平型固定プローブセット  送料 A¥747,800P-SONO-S-B001 ［構成］本体、ACアダプタ、電源コード、超音波プローブ、超音波プローブ（平型固定タイプ）、P-SONO-B002送料 A/C型式価格標準付属品オプション品名①フィジオ ソノ 超音波プローブ②フィジオ ソノ ACアダプタ③フィジオ ソノ 電源コードＮＦ型④ジェル260ml※ 超音波プローブの交換時や追加購入時には、本体との同期調整が必要なため、 本体を一度お預かりする必要があります。183温 送料 A¥698,000寸法質量電源250（W）×170（D）×88（H）mm約2.1kgリチウムイオン電池［超音波］1ｃｈ1出力1MHz、3MHz、1＆3MHzチャンネル数周波数パルスデューティー 5％、10％、20％、30％、40％、50％、100％出力タイマー設定最大1MHz・3MHz：連続2.0/cm²±20％/パルス3.0W/cm²±20％1〜30分固定ベルト、ジェル260ml送料 A価格¥79,000 ¥6,500 ¥3,500 ¥1,100①フィジオ ソノ 超音波プローブ（平型固定タイプ） P-SONO-B001 ¥57,600 ¥2,200 ②フィジオ ソノ 固定ベルト（1.2m標準幅）P-SONO-W ¥20,000¥1,100601999085¥2,900601999084¥14,400601999083③フィジオ ソノ ワゴン④ジェル260ml　ジェル1,000ml　ジェル5,000ml［ワゴン］寸法直径7.5cm大キャスター（ストッパー2個付）550（W）×360（D）×700（H）mm超音波導子から低周波刺激が発生③④①②③①②④評価測定運動療法水治療法物理療法救急ＡＤＬ・作業療法言語療法自立支援機器衛生・防災 介護用入浴機器 型式P-SONO-A003P-SONO-A001P-SONO-A002-2601999085超音波導子を動かして患部を確定し、集中的に刺激を与えられる品名電気 療法温冷 療法牽引 療法その他の物理療法機器低周波治療器 フィジオ アクティブHV／HV2の出力コードをフィジオ ソノに接続するだけで、超音波プローブから超音波と同時に、フィジオアクティブHV／HV2のハイボルテージ電流出力が可能です。超音波療法と低・中周波の電気治療を組み合わせて行う治療方法です。通常、超音波治療法は治療感覚のないことが多いですが、電気治療を組み合わせることにより、患者の治療部位での反応をみることができ、確実に治療を施すことができます。また、超音波のマイクロマッサージ効果と電流の鎮痛作用により、血行を促進し、疼痛を鎮めることで短時間での治療が可能です。コンビネーション治療とは・・・接続するだけでコンビネーション治療","接続するだけでコンビネーション治療
低周波治療器 フィジオ アクティブHV／HV2の出力コードをフィジオ ソノに接続するだけで、超音波プローブから超音波と同時に、フィジオアクティブ
HV／HV2のハイボルテージ電流出力が可能です。
評価測定
運動療法
水治療法
物理療法
救急
ＡＤＬ・
コンビネーション治療とは・・・作業療法
超音波療法と低・中周波の電気治療を組み合わ
せて行う治療方法です。通常、超音波治療法は治
言語療法
療感覚のないことが多いですが、電気治療を組
み合わせることにより、患者の治療部位での反応
をみることができ、確実に治療を施すことができ自立支援
ます。機器
また、超音波のマイクロマッサージ効果と電流の
鎮痛作用により、血行を促進し、疼痛を鎮めること超音波導子から低周波刺激が発生超音波導子を動かして患部を確定し、集中的に衛生・
で短時間での治療が可能です。刺激を与えられる防災 
介護用
入浴機器
フィジオ ソノ   温送料 A
P-SONO〈 認証番号230ALBZX00001000〉 管理特 管G6 ¥698,000
寸法250（W）×170（D）×88（H）mm
質量約2.1kg
電源リチウムイオン電池
［超音波］電 気療法
チャンネル数1ｃｈ1出力
温 冷療法
周波数1MHz、3MHz、1＆3MHz
パルスデューティ ー5％、10％、20％、30％、40％、50％、100％
牽 引療法
出力最大1MHz・3MHz：連続2.0/cm²±20％/パルス3.0W/cm²±20％
タイマー設定1〜30分その他の
物理療法機器
フィジオ ソノ 平型固定プローブセット  送料 A
P-SONO-S-B001 ¥747,800
［構成］本体、ACアダプタ、電源コード、超音波プローブ、超音波プローブ（平型固定タイプ）、
固定ベルト、ジェル260ml
標準付属品オプション
①②③④①②③④
送料 A送料 A/C
品名型式価格品名型式価格
①フィジオ ソノ 超音波プローブP-SONO-A003¥79,000 ①フィジオ ソノ 超音波プローブ（平型固定タイプ ）P-SONO-B00 1¥57,600 
②フィジオ ソノ ACアダプタP-SONO-A001¥6,500 ②フィジオ ソノ 固定ベルト（1.2m標準幅）P-SONO-B002¥2,200 
③フィジオ ソノ 電源コードＮＦ型P-SONO-A002-2¥3,500 ③フィジオ ソノ ワゴンP-SONO- W¥20,000
④ジェル260ml601999085¥1,100④ジェル260ml601999085¥1,100
※ 超音波プローブの交換時や追加購入時には、本体との同期調整が必要なため、 　ジェル1,000ml601999084¥2,900
本体を一度お預かりする必要があります。　ジェル5,000ml601999083¥14,400
［ワゴン］
寸法550（W）×360（D）×700（H）mm
直径7.5cm大キャスター（ストッパー2個付）
183"
185,MMTXETIAVWNN2,物理療法,温冷療法,6℃5評価測定運動療法水治療法物理療法救急ＡＤＬ・作業療法言語療法自立支援機器衛生・防災 介護用入浴機器カタログ2025フィジオパックM1種類の鉱石のみ（実験用）心地良い温感。簡単で手間がなく効率的な、乾式タイプのホットパック。WEBはこちら色違いのタグでどのサイズかわかりやすい3.6℃方式ウォーマー種類乾式フィジオパックウォーマーフィジオパックウォーマー（ミニ）湿式一般的なウォーマー消費電力440W440W1000〜1400W温度の上昇が早く、より高温を維持し続ける1840（分）101570℃60℃50℃40℃30℃ゼオライト鉱石ゲルマニウム鉱石テラ鉱石磁器セラミックボールウォーマーから取り出して計測トルマリン低ランニングコスト電気療法温冷療法牽引療法その他の物理療法機器ブラックシリカウォーマー内常温から約 3 時間※フィジオパックMと1種類の鉱石のみのパック（実験用）を計測したデータ。　2回計測した平均値を表示。温熱治療をもっと手軽に、もっと効率的に。 ホットパックにかかる手間を最大限省きました。施術者は使いやすく。温熱の心地良さはそのままに。理想のホットパックを追求した形です。厳選した素材を詰め込んだ、鉱石ホットパック。 遠赤外線放射率、温度保持時間、重さはもちろん触り心地にまでこだわって内容量と割合を調整しました。複数の鉱石が生み出す温度持続力。 パックの温度をより高温で長時間持続させるために様々な素材や配合量を検証しました。その結果たどり着いた、5種類の鉱石と磁器セラミックボールの配合。1種類の鉱石のみを使用したパックよりも長時間高い温度を持続することを可能にしました。使いやすく低ランニングコストのパックウォーマー。 一 般 的 な 湿 式 のパックウォーマーに比 べて消 費 電 力は約 3 分 の 1 。 最大80℃の高温設定ながら低ランニングコストを実現しました。パックのメンテナンス、使い勝手にもこだわりました。 内袋を専用カバーから取り外して洗濯することができるので、いつでも清潔に保つことができます。また、S〜LLまで色違いの大きなタグをカバーに採用。ウォーマーから取り出すときも、ひと目で分かるようになっています。用途に合わせて選べる２種類のパックウォーマー。 収納力に優れたフィジオパックウォーマーと、コンパクトなフィジオパックウォーマー  ミニ。ご利用の頻度や、設置場所に合わせて選択が可能です。パックの出し入れがしやすい高さに設置できる、専用のワゴンもご用意しています。フィジオパック  単品,"WEBはこちら
心地良い温感。簡単で手間がなく効率的な、乾式タイプのホットパック。
単品
フィジオパック  カタログ
温熱治療をもっと手軽に、もっと効率的に。
ホ ットパックにかかる手間を最大限省きました。施術者は使いやすく。温
熱の心地良さはそのままに。理想のホットパックを追求した形です。
評価測定
厳選した素材を詰め込んだ、鉱石ホットパック。
 遠赤外線放射率、温度保持時間、重さはもちろん触り心地にまでこだ
運動療法わって内容量と割合を調整しました。
水治療法
物理療法ブラックシリカゼオライト鉱石ゲルマニウムトルマリン
鉱石
救急
パックのメンテナンス、使い勝手にもこだわりました。
ＡＤＬ・テラ鉱石磁器セラミック
作業療法ボール 内袋を専用カバーから取り外して洗濯することができるので、いつでも清
潔に保つことができます。また、S〜LLまで色違いの大きなタグをカバー
に採用。ウォーマーから取り出すときも、ひと目で分かるようになってい
言語療法ます。
複数の鉱石が生み出す温度持続力。
自立支援パ ックの温度をより高温で長時間持続させるために様々な素材や配合量
機器を検証しました。その結果たどり着いた、5種類の鉱石と磁器セラミック
色違いのタグで
ボールの配合。1種類の鉱石のみを使用したパックよりも長時間高い温
どのサイズか
衛生・度を持続することを可能にしました。わかりやすい
防災 
フィジオパックM
70℃3.6℃1種類の鉱石のみ（実験用）
介護用
入浴機器
60℃
6℃
50℃温度の上昇が早く、
より高温を維持し続ける
40℃
電気療法ウォーマー内
常温から 約 3時間ウォーマーから取り出して計測
30℃
温冷療法0（分）510152025用途に合わせて選べる２種類のパックウォーマー。
牽引療法※フィジオパックMと1種類の鉱石のみのパック（実験用）を計測したデータ。 収納力に優れたフィジオパックウォーマーと、コンパクトなフィジオパック
　2回計測した平均値を表示。
ウォーマー  ミニ。ご利用の頻度や、設置場所に合わせて選択が可能で
その他のす。パックの出し入れがしやすい高さに設置できる、専用のワゴンもご用
物理療法機器
使いやすく低ランニングコストのパックウォーマー。意しています。
  一 般 的 な 湿 式のパックウォーマーに 比べて 消 費 電力は 約 3 分 の 1。 
最大80℃の高温設定ながら低ランニングコストを実現しました。
方式ウォーマー種類消費電力
低ランニング
コスト
フィジオパックウォーマー440W
乾式
フィジオパックウォーマー（ミニ）440W
湿式一般的なウォーマー1000〜1400W
184"
186,MMTXETJMN7AR8,物理療法,温冷療法,"●付属品：フィジオパックカバー※本製品は医療機器ではありません。※本製品は医療機器ではありません。温 送料 B温 送料 G¥688,000スリムなウォーマーながら、フィジオパック（M）が21枚入る75Lの大容量庫内を実現。 曜日ごとに設定できるタイマー、連休OFFタイマー機能を搭載。型式PPS01（Sサイズ）〈届出番号11B1X10028PP0001〉一般PPM01（Mサイズ）〈届出番号11B1X10028PP0002〉一般PPL01（Lサイズ）〈届出番号11B1X10028PP0003〉一般PPLL01（LLサイズ）〈届出番号11B1X10028PP0004〉一般品名フィジオパックカバー Sフィジオパックカバー Mフィジオパックカバー Lフィジオパックカバー LL寸法外形／505（W）×430（D）×765（H）mm庫内／410（W）×325（D）×560（H）mm43kg質量庫内容量 75L温度調節幅 40〜80℃（過温防止装置付）電源消費電力 440W付属品AC100Vトレー7枚、電源ケーブル1本寸法外形／365（W）×420（D）×478(H）mm庫内／300（W）×320（D）×352（H）mm16.9kg質量庫内容量 33.7L温度調節幅 40〜80℃（過温防止装置付）電源消費電力 440W付属品AC100Vトレー4枚、電源ケーブル1本寸法590（W）×480（D）×600（H）mm質量約11Kg寸法410（W）×480（D）×700（H）mm質量約11kgフィジオパックウォーマー（ミニ）パックセットPPW-M01-A¥566,800F－1台－－2枚4枚2枚オプションフィジオパックとパックウォーマー、ワゴンを人気の組み合わせでセットにしました。価格型式PPS-01-CPPM-01-CPPL-01-CPPLL-01-Cフィジオパックウォーマー（ミニ）パックワゴンセットPPW-M01-B¥588,800F－1台－1台2枚4枚2枚寸法質量送料 B価格¥1,100¥2,600¥3,400¥6,200送料 C¥22,000体にフィットするサイズバリエーション。185フィジオパック フィジオパックウォーマー PPW-02 フィジオパックウォーマー（ミニ）  温 送料 D¥388,000PPW-M01 小さく、軽いながらもフィジオパック（L）が8枚入る約34Lの小型ウォーマー。連休OFFタイマー、個別パックタイマーの機能付き。フィジオワゴン PW-PP1 フィジオパックウォーマー（ミニ）ワゴン  送料 C¥22,000PW-PP2 ¥6,600 165（W）×105（H）mm 260g¥14,600 270（W）×150（H）mm 940g¥22,700 585（W）×150（H）mm 1300g¥29,400 350（W）×310（H）mm 1500gPPS01（Sサイズ）PPL01（Lサイズ）SサイズMサイズPPW-02PW-PP1セット名型式価格送料フィジオパックウォーマーフィジオパックウォーマー（ミニ）フィジオワゴンフィジオパックウォーマー（ミニ）ワゴンフィジオパック Mフィジオパック Lフィジオパック LLPPM01（Mサイズ）PPLL01（LLサイズ）LサイズLLサイズPPW-M01（ミニ）PW-PP2フィジオパックウォーマーワゴンセットPPW01-S2¥710,000G1台－1台－－－－評価測定運動療法水治療法物理療法救急ＡＤＬ・作業療法言語療法自立支援機器衛生・防災 介護用入浴機器電気 療法温冷 療法牽引 療法その他の物理療法機器","フィジオパック  温送料 B
体にフィットするサイズバリエーション。
型式価格寸法質量
PPS01（Sサイズ）
¥6,60 0165（W）×105（H）m m260g
〈届出番号11B1X10028PP0001〉一般
PPM01（Mサイズ）
¥14,60 0270（W）×150（H）m m940g
PPS01（Sサイズ）PPM01（Mサイズ）〈届出番号11B1X10028PP0002〉一般
PPL01（Lサイズ）
¥22,70 0585（W）×150（H）m m1300g
〈届出番号11B1X10028PP0003〉一般
評価測定
PPLL01（LLサイズ）
¥29,40 0350（W）×310（H）m m1500g
〈届出番号11B1X10028PP0004〉一般
●付属品：フィジオパックカバー運動療法
オプション
送料 B水治療法
PPL01（Lサイズ）PPLL01（LLサイズ）
品名型式価格
フィジオパックカバー SPPS-01-C¥1,100
物理療法
フィジオパックカバー MPPM-01-C¥2,600
フィジオパックカバー LPPL-01-C¥3,400
フィジオパックカバー LLPPLL-01-C¥6,200
SサイズMサイズLサイズLLサイズ救急
フィジオパックウォーマー  温送料 G
ＡＤＬ・
PPW-02 ¥688,000作業療法
スリムなウォーマーながら、フィジオパック（M）が21枚入る75Lの大容量庫
内を実現。曜 日ごとに設定できるタイマー、連休OFFタイマー機能を搭載。
言語療法
寸法外形／505（W）×430（D）×765（H）mm
庫内／410（W）×325（D）×560（H）mm
質量43kg自立支援
庫内容 量75L機器
温度調節 幅40〜80℃（過温防止装置付）
電源AC100V
衛生・
消費電 力440W
防災 
付属品トレー7枚、電源ケーブル1本
介護用
フィジオパックウォーマー（ミニ）   温送料 D入浴機器
PPW-M01 ¥388,000
PPW-02小さく、軽いながらもフィジオパック（L）が8枚入る約34Lの小型ウォー
※本製品は医療機器ではありません。マー。連休OFFタイマー、個別パックタイマーの機能付き。
寸法外形／365（W）×420（D）×478(H）mm
庫内／300（W）×320（D）×352（H）mm
質量16.9kg電 気療法
PPW-M01（ミニ）
庫内容 量33.7L
※本製品は医療機器ではありません。
温度調節 幅40〜80℃（過温防止装置付）温 冷療法
電源AC100V
消費電 力440W牽 引療法
付属品トレー4枚、電源ケーブル1本
その他の
物理療法機器
フィジオワゴン 送料 C
PW-PP1 ¥22,000
寸法590（W）×480（D）×600（H）mm
質量約11Kg
フィジオパックウォーマー（ミニ）ワゴン  送料 C
PW-PP2 ¥22,000
寸法410（W）×480（D）×700（H）mm
PW-PP1PW-PP2
質量約11kg
フィジオパックとパックウォーマー、ワゴンを人気の組み合わせでセットにしました。
フィジオパックウォーマーフィジオパックウォーマー（ミニ）フィジオパックウォーマー（ミニ）
セット名
ワゴンセットパックセットパックワゴンセット
型式PPW01-S2PPW-M01-APPW-M01-B
価格¥710,000¥566,800¥588,800
送料GFF
フィジオパックウォーマー1台－－
フィジオパックウォーマー（ミニ）－1台1台
フィジオワゴン1台－－
フィジオパックウォーマー（ミニ）ワゴン－－1台
フィジオパック M－2枚2枚
フィジオパック L－4枚4枚
フィジオパック LL－2枚2枚
185"
187,MMTXETKXJXWDW,物理療法,温冷療法,"B評価測定運動療法水治療法物理療法救急ＡＤＬ・作業療法言語療法自立支援機器衛生・防災 介護用入浴機器※ホットパック-mieは適用しません。一般CLS-11CLS-21型式CLS-11（大）CLS-12（中）CLS-13（小）CLS-21（首用）CLS-22（肩用）H-2型式CLS-12CLS-22価格¥13,600¥11,800¥9,900¥12,400¥17,300570×370mm320×280mm320×135mm575×180mm530×400mmH-1H-3価格寸法400×180mm430×225mm450×280mmCLS-13CLV-11寸法寸法質量450g質量材質750g1300g型式CLV-12CLV-13、CLS-13型式CLV-11（大・CLS-11用）CLV-12（中・CLS-12用）CLV-13（小・CLS-13用）価格¥27,000¥17,000¥8,800外形／900（W）×400（D）×800（H）mm棚高／400mm11kgSUS304価格 送料CLV-13送料 A寸法690×435×32mm410×345×32mm370×180×32mm送料 C¥170,000加熱したエスパックをタオルで包む作業、包んだパックをベッドサイドに運ぶ作業に用いるワゴン。 棚に準備されたタオルなどが格納できます。質量 容量PLB-28 ¥48,000 C 500（L）×310（D）×260（H）mm 28kg 約30LPLB-14 ¥25,000500（L）×310（D）×140（H）mm 14kg 約15L寸法温 送料 A温 送料 AH-1（頸部・腕脚用）〈届出番号24B3X00004000001〉H-2（腰部・肩首用）〈届出番号24B3X00004000002〉H-3（腰部・背中用）〈届出番号24B3X00004000003〉エスパックカバー タオルだけでくるむより温熱が長持ち。   蒸気を通し水滴は通さない、エスパック用カバー。パックワゴン CLW-1 固形パラフィン パラフィン浴に使用する固形パラフィン。 融点は46℃（115°F）、流動パラフィンを混ぜずにそのまま治療に利用できます。ダンボールケース入。エスパック 吸湿性と熱保有性に優れた温湿布用のパック。 パックウォーマーで加温すると、湯を吸収してふくらみ、温かさを20〜30分程度保ちます。ホットパック-mie 防カビ加工を施した柔軟性耐熱フィルムを使用したホットパック。   パックウォーマーで加温するタイプのホットパックです。   保温性に優れ、柔らかく体にぴったりフィットします。 ¥2,550¥3,200¥4,850186電気療法温冷療法牽引療法その他の物理療法機器","CLV-13
CLS-12CLS-13
CLV-12
CLS-11
CLV-13、CLS-13
評価測定
CLV-11
運動療法CLS-21CLS-22
水治療法エスパック  温送料 Aエスパックカバー 送料 A
吸湿性と熱保有性に優れた温湿布用のパック。タオルだけでくるむより温熱が長持ち。
パ ックウォーマーで加温すると、湯を吸収してふくらみ、温かさを20〜   蒸気を通し水滴は通さない、エスパック用カバー。
物理療法
30分程度保ちます。
型式価格寸法
型式価格寸法CLV-11（大・CLS-11用）¥27,000690×435×32mm
救急
CLS-11（大）¥13,600570×370mmCLV-12（中・CLS-12用）¥17,000410×345×32mm
CLS-12（中）¥11,800320×280mmCLV-13（小・CLS-13用）¥8,800370×180×32mm
ＡＤＬ・CLS-13（小）¥9,900320×135mm※ホットパック-mieは適用しません。
作業療法CLS-21（首用）¥12,400575×180mm
CLS-22（肩用）¥17,300530×400mm
言語療法
自立支援
機器
衛生・
防災 
介護用
H-1
入浴機器
H-2
電気療法
H-3
温冷療法
牽引療法ホットパック-mie  温送料 Aパックワゴン 送料 C
その他の防カビ加工を施した柔軟性耐熱フィルムを使用したホットCLW-1 ¥170,000
物理療法機器
パック。加熱したエスパックをタオルで包む作業、包んだパックを
パ   ックウォーマーで加温するタイプのホットパックです。ベッドサイドに運ぶ作業に用いるワゴン。
   保温性に優れ、柔らかく体にぴったりフィットします。 一般 棚に準備されたタオルなどが格納できます。
寸法外形／900（W）×400（D）×800（H）mm
型式価格寸法質量棚高／400mm
H-1（頸部・腕脚用）質量11kg
¥2,550400×180mm450g
〈届出番号24B3X00004000001〉材質SUS304
H-2（腰部・肩首用）
¥3,200430×225mm750g
〈届出番号24B3X00004000002〉
H-3（腰部・背中用）
¥4,850450×280mm1300g
〈届出番号24B3X00004000003〉
固形パラフィン 
パラフィン浴に使用する固形パラフィン。
 融点は46℃（115°F）、流動パラフィンを混ぜずにそのまま治療に利用
できます。ダンボールケース入。
型式価 格送料寸法質 量容量
PLB-2 8¥48,00 0 C500（L）×310（D）×260（H）m m28k g約30L
PLB-1 4¥25,000B500（L）×310（D）×140（H）m m14k g約15L
186"
188,MMTXETMEIAEJY,物理療法,温冷療法,"ポーラーケア ウェーブAC電源アダプター A87-100584-000 ポーラーケア ウェーブ  冷  A87-100577-000（本体） 〈届出番号27B1X00125000006〉 ポーラーケア ウェーブパッド 冷 送料 御見積〈届出番号27B1X00125000007〉 コンパクトな電動式アイシング＋加圧システム。WEBはこちら送料 御見積¥86,500送料 御見積¥6,000アンクル寸法標準付属品足首187ニー（ラージ）ショルダー型式価格¥24,000¥24,000¥24,000¥24,000410（W）×300（L）mm410（W）×440（L）mmA87-C00004380（W）×330（L）mmA87-C00005430（W）×300（L）mm※ニーパッドは大腿部にも使用できます。電気 療法温冷 療法牽引 療法その他の物理療法機器膝肩評価測定運動療法水治療法物理療法救急ＡＤＬ・作業療法言語療法自立支援機器衛生・防災 介護用入浴機器大腿部220（W）×220（D）×275（H）mm2.3kgAC100-240V 0.35A12W寸法質量電源消費電力アイシング温度 5〜10℃氷保持時間約6〜8時間［構成］本体、ポーラーケア ウェーブAC電源アダプターニー（スタンダード）品名ニー（スタンダード） A87-C00017A87-C00003ニー（ラージ）ショルダーアンクル場所をとらず、簡単な準備ですぐに起動可能。電動式のアイシングにエアポンプによる加圧機能が追加されたモデルです。コンパクトで持ち運びに優れ、水と氷を入れるだけで使用できます。術後やスポーツ現場など幅広い場面で使用できます。長時間使用できる優れた保冷機能。氷の保持時間は約6〜8時間。モーターで冷却水をパッド内に循環させて患部を持続的に冷却します。エアポンプによる加圧機能。パッド内に内蔵されたエアポンプで空気を膨張・収縮させることにより、患部をやさしく圧迫します。圧力レベルは0〜25mmhgと0〜50mmhgの2段階に設定が可能です。患部にフィットする専用パッド。ポーラーケアウェーブは別売の専用パッドと組み合わせて使用します。部位に合わせて形状の異なる複数の種類があります。ポーラーケア ウェーブ","WEBはこちら
コンパクトな電動式アイシング＋加圧システム。
ポーラーケア ウェーブ
場所をとらず、簡単な準備ですぐに起動可能。
電動式のアイシングにエアポンプによる加圧機能が追加されたモデル
です。コンパクトで持ち運びに優れ、水と氷を入れるだけで使用できま
す。術後やスポーツ現場など幅広い場面で使用できます。評価測定
長時間使用できる優れた保冷機能。
運動療法
氷の保持時間は約6〜8時間。モーターで冷却水をパッド内に循環させ
て患部を持続的に冷却します。
水治療法
エアポンプによる加圧機能。
パッド内に内蔵されたエアポンプで空気を膨張・収縮させることに
物理療法
より、患部をやさしく圧迫します。圧力レベルは0〜25mmhgと0〜
50mmhgの2段階に設定が可能です。
救急
患部にフィットする専用パッド。
ポーラーケアウェーブは別売の専用パッドと組み合わせて使用します。
ＡＤＬ・
部位に合わせて形状の異なる複数の種類があります。作業療法
言語療法
自立支援
ポーラーケア ウェーブ   冷 送料 御見積機器
A87-100577-000（本体） ¥86,500
〈届出番号27B1X00125000006〉 衛生・
寸法220（W）×220（D）×275（H）mm防災 
質量2.3kg
電源AC100-240V 0.35A
介護用
消費電力12W入浴機器
アイシング温 度5〜10℃
氷保持時間約6〜8時間
［構成］本体、ポーラーケア ウェーブAC電源アダプター
標準付属品
電 気療法
ポーラーケア ウェーブAC電源アダプター 送料 御見積
温 冷療法
A87-100584-000 ¥6,000
牽 引療法
その他の
物理療法機器
膝肩
ニーニーショルダーアンクル
（スタンダード）（ラージ）
ポーラーケア ウェーブパッド  冷送料 御見積
足首大腿部〈届出番号27B1X00125000007〉 
品名型式価格寸法
ニー（スタンダード ）A87-C00017¥24,000410（W）×300（L）mm
ニー（ラージ）A87-C00003¥24,000410（W）×440（L）mm
ショルダーA87-C00004¥24,000380（W）×330（L）mm
アンクルA87-C00005¥24,000430（W）×300（L）mm
※ニーパッドは大腿部にも使用できます。
187"
189,MMTXETOYWML82,物理療法,温冷療法,"評価測定運動療法水治療法物理療法救急ＡＤＬ・作業療法言語療法自立支援機器衛生・防災 介護用入浴機器 電気療法温冷療法牽引療法その他の物理療法機器ドクターアクティブ コールドパッド  冷 送料 A〈届出番号13B2X00081000046〉 空気圧式固定サポーター付き冷却パック。オプション部位肩用膝用足首用手首用［共通］材質［構成］サポーター、ゲルパック、ストラップ、チューブ付ポンプ肩用ゲルパック膝用ゲルパック足首用ゲルパック手首用手首用ゲルパック型式価格サポーター／ポリエステル・ナイロン、ゲルパック／超吸収ポリマー部位型式DA-030103GPDA-030101GPDA-030102GPDA-030105GP寸法（mm）質量(g)740（L）×430（W） 約890600（L）×310（W） 約680600（L）×310（W） 約810570（L）×250（W） 約510400（L）×250（W） 約480送料 A 価格¥8,500¥6,500¥6,500¥6,500質量(g)約585約495約345約330DA-030103 ¥17,800DA-030101 ¥13,800膝用ヒンジ付 DA-030106 ¥19,800DA-030102 ¥13,800DA-030105 ¥13,800188膝用足首用肩用ゲルパックと空気圧固定サポーターの組み合わせにより、負傷した関節に冷却と加圧の両方を与えることができます。術後やスポーツ外傷での痛み、炎症などの軽減に役立ちます。①事前にゲルパックを最低2時間冷却する。②冷却されたゲルパックをサポーターに取り付け、患部に装着す　る。③ポンプにて空気をサポーターへ注入し、患部を加圧し、安静に　する。④約10分間使用後、サポーターを取り外し、約10分間皮膚を休　めてから最大2、3回繰り返す。⑤使用後、空気を抜き、次の使用のためゲルパックを冷やす。「冷却」「固定」「加圧」します。着脱可能なゲルパック。ゲルパックを2時間ほど冷やせば、30〜40分間冷たさが保持されます。※ゲルパックはホットパック（温熱療法）としては使用できません。着脱可能なチューブ付ポンプ。簡単に圧縮のレベルを調整可能です。高品質なネオプレン製。サポーターは柔らかさを持ちながら丈夫で、かつ手洗い可能なネオプレンで作られています。※洗う際は中性洗剤と温水のみを使用し強い洗剤の使用はお控えください。　洗濯機や乾燥機は損傷の原因になりますので、使用しないでください。左右両側使用可能なサポーター。サポーターは左右両側使用可能なフリーサイズです。幅の広いストラップで簡単に調整でき、患部にフィットさせることが可能です。【使用方法】ドクターアクティブ コールドパッド","空気圧式固定サポーター付き冷却パック。
ドクターアクティブ コールドパッド
「冷却「」固定「」加圧」します。
ゲルパックと空気圧固定サポーターの組み合わせにより、負傷した関節
に冷却と加圧の両方を与えることができます。術後やスポーツ外傷で
評価測定の痛み、炎症などの軽減に役立ちます。
運動療法
着脱可能なゲルパック。
ゲルパックを2時間ほど冷やせば、30〜40分間冷たさが保持されます。
※ゲルパックはホットパック（温熱療法）としては使用できません。
水治療法
着脱可能なチューブ付ポンプ。
物理療法
簡単に圧縮のレベルを調整可能です。
救急
高品質なネオプレン製。
サポーターは柔らかさを持ちながら丈夫で、かつ手洗い可能なネオプ
ＡＤＬ・
作業療法レンで作られています。
※洗う際は中性洗剤と温水のみを使用し強い洗剤の使用はお控えください。
　洗濯機や乾燥機は損傷の原因になりますので、使用しないでください。
言語療法
自立支援左右両側使用可能なサポーター。
機器サポーターは左右両側使用可能なフリーサイズです。幅の広いスト
ラップで簡単に調整でき、患部にフィットさせることが可能です。
衛生・
防災 
介護用
入浴機器
【使用方法】
①事前にゲルパックを最低2時間冷却する。
②冷却されたゲルパックをサポーターに取り付け、患部に装着す
　る。
電気療法③ポンプにて空気をサポーターへ注入し、患部を加圧し、安静に
　する。
温冷療法④約10分間使用後、サポーターを取り外し、約10分間皮膚を休
　めてから最大2、3回繰り返す。
牽引療法
⑤使用後、空気を抜き、次の使用のためゲルパックを冷やす。
その他の
物理療法機器
ドクターアクティブ コールドパッド   冷送料 A
〈届出番号13B2X00081000046〉  
部位型式価格寸法（mm）質量(g)
肩用DA-03010 3¥17,800740（L）×430（W ）約890
膝用DA-03010 1¥13,800600（L）×310（W ）約680
膝用ヒンジ 付DA-03010 6¥19,800600（L）×310（W ）約810
足首用DA-03010 2¥13,800570（L）×250（W ）約510
手首用DA-03010 5¥13,800400（L）×250（W ）約480
［共通］
材質サポーター／ポリエステル・ナイロン、ゲルパック／超吸収ポリマー
［構成］サポーター、ゲルパック、ストラップ、チューブ付ポンプ
オプション
送料 A 
部位型式価格質量(g)
肩用ゲルパックDA-030103GP¥8,500約585
膝用ゲルパックDA-030101GP¥6,500約495
肩用膝用足首用手首用足首用ゲルパックDA-030102GP¥6,500約345
手首用ゲルパックDA-030105GP¥6,500約330
188"
190,MMTXETSAJVS4G,物理療法,その他の物理療法機器,"特管 G6管理特管 G6管理特管 G6管理特管 G6管理評価測定運動療法水治療法物理療法救急ＡＤＬ・作業療法言語療法自立支援機器衛生・防災 介護用入浴機器  電気 療法温冷 療法牽引 療法その他の物理療法機器送料 御見積 型式DU-0226DU-0249CB-0094DN-0904DN-0907価格オプション（V-3600用） 2人用腰椎・頸椎能動型自動間欠牽引装置 トラックタイザー  送料 サ¥5,150,000ST-5LT 〈認証番号305AABZX00066000〉 〈認証番号226AABZX00076000〉 200V仕様ベッド型マッサージ器 アクアタイザー QZ-280 〈認証番号305AABZX00048000〉 1人用腰　椎能動型自動間欠牽引装置 トラックタイザー  送料 サ¥3,000,000ST-5L 〈認証番号305AABZX00066000〉 100V仕様ウォーターベッド型リラクゼーション器 アクアヴィーナス 送料 チャーター便¥5,400,000V-3600 ラウンドチルト方式の採用により、仰臥姿勢への移行がより安全に。リラックスした姿勢での牽引治療を可能にしました。患者にはシートに座っていただくだけ。理想的な牽引ポジションへ稼働し、効率的に腰椎の治療を行います。（対応身長：約１４５ｃｍ〜約１８５ｃｍ）100Vならではの最小ランニングコストの実現。 患者1人に10分間、最大パワーで使用しても電気代は約3.8円。また、節電モードに設定すれば同一条件でも電気代は約2.8円です。※電気料金単価：新電力料金目安単価27円／kWh（税込）¥240,000¥72,000¥5,000¥18,000¥20,000189送料 サ¥5,950,000外形／820（W）×2290（L）×1200（H）mmベッドの高さ／500mm230kg（注水時450kg）4500VA設定時間 1 〜 99分 精度 設定時間の±5％以内1960（L）×660(W)mm脚保持機能、予熱機能、マッサージ力設定機能マッサージパターン設定機能、ノズル切替え機能身長自動設定機能、治療メロディ設定機能、自動エア抜き機能高温時作動制限機能、空冷機能、水冷機能（オプション）寸法質量電源消費電力安全装置牽引力（操作部除く）1500（L）×750（W）×1550（H）mm170kgAC100V（50/60Hz）240VA挟み込み検出機能、異常作動検出機能50〜700N（10N単位）本製品は医療機器ではありません。外形／740（D）×2110（W）×520（H）mm、座面高／520（H）mm寸法約142kg（注水時／約252kg）質量電源AC100V（50/60HZ）単相100V  20A以上の専用ブレーカーと専用コンセント（推奨の形状あり）が必要です。消費電力 1100W付属品 砂袋、コンディショナー部位頭部フードサイドレールコンディショナー専用シーツ専用マクラ寸法質量電源消費電力安全装置牽引力1400（L）×640（W）×1790（H）mm100kgAC100V（50/60Hz）200VA挟み込み検出機能、異常作動検出機能10〜250N（10N単位）寸法質量電源電圧及び周波数 単相200V 50Hz/60Hz電源入力治療タイマーマッサージ力の制限 水ポンプ吐出部の最大圧力 530kPa以下マット部機能［構成］本体、枕、タオルケット、専用シーツ、ラジエーターフィルター腰椎1人、頸椎1人同時に使用できるセットです。【腰椎牽引】トラックタイザーST-5L※仕様は左記と同じ【頸椎牽引】トラックタイザーTC-C1仕様3つのモードが織りなす多彩な治療メニュー。Hi-TURBOモードを搭載。柔軟性改善のための手技を再現したメディカルモード、多彩な刺激で気持ちよさを追求したリラックスモード、さまざまな要望に応える自在性を備えたマニュアルモードの3つのモードを内蔵。さらに「TURBOよりも強い刺激を」という要望にお応えし、パワーアップした「Hi-TURBO」を搭載しました。","1人用2人用
腰　椎腰椎・頸椎
評価測定
運動療法
水治療法
能動型自動間欠牽引装置ト ラックタイザー  送料 サ能動型自動間欠牽引装置ト ラックタイザー  送料 サ
物理療法
ST-5L ¥3,000,000ST-5LT ¥5,150,000
〈認証番号305AABZX00066000〉 管理特 管G6〈認証番号305AABZX00066000〉 管理特 管G6
〈認証番号226AABZX00076000〉 管理特 管G6
ラウンドチルト方式の採用により、仰臥姿勢への移行がより救急
腰椎1人、頸椎1人同時に使用できるセットです。
安全に。
【腰椎牽引】トラックタイザーST-5L※仕様は左記と同じ
リラックスした姿勢での牽引治療を可能にしました。患者にはシートに
【頸椎牽引】トラックタイザーTC-C1仕様ＡＤＬ・
座っていただくだけ。理想的な牽引ポジションへ稼働し、効率的に腰椎作業療法
寸法1400（L）×640（W）×1790（H）mm
の治療を行います。（対応身長：約１４５ｃｍ〜約１８５ｃｍ）質量100kg
寸法（操作部除く）1500（L）×750（W）×1550（H）mm電源AC100V（50/60Hz）
言語療法
質量170kg消費電力200VA
電源AC100V（50/60Hz）安全装置挟み込み検出機能、異常作動検出機能
消費電力240VA牽引力10〜250N（10N単位）
自立支援
安全装置挟み込み検出機能、異常作動検出機能機器
牽引力50〜700N（10N単位）
衛生・
防災 
100V仕様200V仕様
介護用
入浴機器
電 気療法
温 冷療法
牽 引療法
その他の
物理療法機器
ウォーターベッド型リラクゼーション器 アクアヴィーナス 送料 チャーター便ベッド型マッサージ器 アクアタイザー 送料 サ
V-3600 ¥5,400,000QZ-280〈 認証番号305AABZX00048000〉 管理特 管G6  ¥5,950,000
本製品は医療機器ではありません。3つのモードが織りなす多彩な治療メニュー。
100Vならではの最小ランニングコストの実現。Hi-TURBOモードを搭載。
 患者1人に10分間、最大パワーで使用しても電気代は約3.8円。また、柔軟性改善のための手技を再現したメディカルモード、多彩な刺激で
節電モードに設定すれば同一条件でも電気代は約2.8円です。気持ちよさを追求したリラックスモード、さまざまな要望に応える自在
※電気料金単価：新電力料金目安単価27円／kWh（税込）性を備えたマニュアルモードの3つのモードを内蔵。さらに「TURBO
寸法外形／740（D）×2110（W）×520（H）mm、座面高／520（H）mmよりも強い刺激を」という要望にお応えし、パワーアップした「Hi-
質量約142kg（注水時／約252kg）TURBO」を搭載しました。
電源AC100V（50/60HZ）寸法外形／820（W）×2290（L）×1200（H）mm
単相100V  20A以上の専用ブレーカーと専用コンセント（推奨の形状あり）ベッドの高さ／500mm
が必要です。質量230kg（注水時450kg）
消費電 力1100W電源電圧及び周波 数単相200V 50Hz/60Hz
付属 品砂袋、コンディショナー電源入力4500VA
治療タイマー設定時間 1 〜 99分 精度 設定時間の±5％以内
オプション（V-3600用） マッサージ力の制 限水ポンプ吐出部の最大圧力 530kPa以下
マット部1960（L）×660(W)mm
送料 御見積 
機能脚保持機能、予熱機能、マッサージ力設定機能
部位型式価格マッサージパターン設定機能、ノズル切替え機能
頭部フードDU-0226¥240,000身長自動設定機能、治療メロディ設定機能、自動エア抜き機能
高温時作動制限機能、空冷機能、水冷機能（オプション）
サイドレールDU-0249¥72,000
［構成］本体、枕、タオルケット、専用シーツ、ラジエーターフィルター
コンディショナーCB-0094¥5,000
専用シーツDN-0904¥18,000
専用マクラDN-0907¥20,000
189"
191,MMTXETV5DGKPR,物理療法,その他の物理療法機器,"非特管 G9管理管理非特管 G9評価測定運動療法水治療法物理療法救急ＡＤＬ・作業療法言語療法自立支援機器衛生・防災 介護用入浴機器 電気療法温冷療法牽引療法その他の物理療法機器ブーツ（ホース付き） B-120 Lサイズベルト脚用  送料 B¥6,050Y-120 PM-8000-0002（パンツセット） ［構成］本体、電源コード、6連ホース（ブーツM・パンツ用）、パンツ〈認証番号221AHBZX00013000〉 ウォッシャブルな生地でメンテナンス性が向上。製品ラインナップにブーツMセットとパンツセットを用意。オプションとしてブーツSも選択可能。（別途、6連ホースブーツS用が必要です）カフ内は6気室に分かれオーバーラップ構造となっているため、もみ残し部位のない効果的なマッサージが行えます。ブーツM（エアバッグ付）  送料 B¥54,500BM-100 寸法 310（W）×310（D）×750（H）mmパンツ（エアバッグ付）  送料 B¥109,000P-100 ファスナー交換ベルト 送料 B¥6,050Z-120 6連ホース 送料 BHM-100（ブーツM・パンツ用）  ¥12,100ホース全長 2.5mHS-100（ブーツS用）  ¥12,100ホース全長 2.3mオプションオプションもみ上げ方式／絞り上げ方式／同時加圧方式もみ上げ方式／絞り上げ方式／同時加圧方式空気圧式マッサージ器  エクセレントメドマー  送料 B  ¥482,000EXM-12000A 〈認証番号222AHBZX00025000〉 1本のチューブで、ブーツ内8気室すべての加圧・除圧を可能にした、「ソレノイドバルブ方式」を採用。気室を重ね合わせたオーバーラップ構造。 ブーツ内は8気圧のカフがバランス良く重なり合っており、脚全体をもみムラなくマッサージができます。 カフの中で重なり合う気室の圧を、手足の末端から心臓方向に向かって絞り上げ、血行促進を図ります。体調・症状に合わせて、4種類のモードからマッサージスタイルを選択できます。家庭用エアマッサージ器  フィジカルメドマー PM-8000  送料 B¥324,500PM-8000-0001（ブーツMセット）   ［構成］本体、電源コード、6連ホース（ブーツM・パンツ用）、ブーツM190¥324,500ブーツS（エアバッグ付）  送料 B¥48,400BS-100 寸法 310（W）×290（D）×630（H）mm323（W）×168（D）×345（H）mm本体／7.3kg、ブーツ／2.3（2本）kgAC100V（50/60Hz）65/61W（PSE）、50/48W（JIS）〈6/5.5W〉30分1〜30分／約43/49秒、ハイパーモード／約25/28秒家庭用エアマッサージ器送料 B¥145,200354（Ｗ）×225（Ｄ）×153（Ｈ）mm5.7kgAC100V（50/60Hz）48/46W（PSE）、38/35W（JIS）3/2.9W30分2.0〜12.0kPa（15〜90mmHg）6段階加圧サイクルエアー室数／6室質量 1本0.6kg寸法質量電源消費電力定格時間タイマー設定空気圧力設定範囲 3〜11kPa（23〜83mmHg）もみ上げサイクル （圧力設定「6」の時）ウェーブモード／約55/59秒、スクィーズモード一般的名称寸法質量電源消費電力もみ上げサイクル ブーツM・ブーツS／ウェーブモード60秒・スクィーズモード50秒・ハイパーモード30秒、パンツ／ウェーブモード100秒・スクィーズモード75秒・ハイパーモード50秒ブーツMセット待機電力時間運転時間設定範囲 1〜30分圧力調整範囲その他質量 1本0.8kgパンツセット寸法 1400（W）×600（D）mm質量 2.3kg","もみ上げ方式／絞り上げ方式／同時加圧方式
空気圧式マッサージ器  エクセレントメドマー  送料 B
EXM-12000A〈 認証番号222AHBZX00025000〉 管理非特 管G9  ¥482,000
1本のチューブで、ブーツ内8気室すべての加圧・除圧を可
能にした「、ソレノイドバルブ方式」を採用。
気室を重ね合わせたオーバーラップ構造。
ブ ーツ内は8気圧のカフがバランス良く重なり合っており、脚全体をもみ
ムラなくマッサージができます。
カ フの中で重なり合う気室の圧を、手足の末端から心臓方向に向かって
評価測定絞り上げ、血行促進を図ります。
体調・症状に合わせて、4種類のモードからマッサージスタイルを選択で
きます。
運動療法
寸法323（W）×168（D）×345（H）mm
質量本体／7.3kg、ブーツ／2.3（2本）kg
電源AC100V（50/60Hz）
水治療法消費電力65/61W（PSE）、50/48W（JIS〈）6/5.5W〉
定格時間30分
タイマー設定1〜30分
物理療法空気圧力設定範 囲3〜11kPa（23〜83mmHg）
もみ上げサイク ル（圧力設定「6」の時）ウェーブモード／約55/59秒、スクィーズモード
／約43/49秒、ハイパーモード／約25/28秒
一般的名称家庭用エアマッサージ器
救急
オプション
ＡＤＬ・
作業療法ブーツ（ホース付き） 送料 Bファスナー交換ベルト 送料 B
B-120 ¥145,200Z-120 ¥6,050
言語療法
Lサイズベルト脚用  送料 B
Y-120 ¥6,050
自立支援
機器
衛生・
防災 
もみ上げ方式／絞り上げ方式／同時加圧方式
介護用家庭用エアマッサージ器  フィジカルメドマー PM-8000  送料 B
入浴機器
PM-8000-0001（ブーツMセット）   ¥324,500
［構成］本体、電源コード、6連ホース（ブーツM・パンツ用）、ブーツM
PM-8000-0002（パンツセット）  ¥324,500
［構成］本体、電源コード、6連ホース（ブーツM・パンツ用）、パンツ
〈認証番号221AHBZX00013000〉 管理非特 管G9
電気療法ウォッシャブルな生地でメンテナンス性が向上。
製品ラインナップにブーツMセットとパンツセットを用意。オプションとし
温冷療法
てブーツSも選択可能。（別途、6連ホースブーツS用が必要です）
牽引療法カフ内は6気室に分かれオーバーラップ構造となっているため、もみ残し
部位のない効果的なマッサージが行えます。
その他の
物理療法機器寸法354（Ｗ）×225（Ｄ）×153（Ｈ）mm
ブーツMセット質量5.7kg
電源AC100V（50/60Hz）
消費電力48/46W（PSE）、38/35W（JIS）
もみ上げサイク ルブーツM・ブーツS／ウェーブモード60秒・スクィーズモード50秒・ハ
イパーモード30秒、パンツ／ウェーブモード100秒・スクィーズモード
75秒・ハイパーモード50秒
待機電力3/2.9W
時間30分
運転時間設定範 囲1〜30分
圧力調整範囲2.0〜12.0kPa（15〜90mmHg）6段階加圧サイクル
その他エアー室数／6室
オプション
ブーツM（エアバッグ付）  送料 BブーツS（エアバッグ付）  送料 B
BM-100 ¥54,500BS-100 ¥48,400
寸 法310（W）×310（D）×750（H）mm寸 法310（W）×290（D）×630（H）mm
質 量1本0.8kg質 量1本0.6kg
パンツ（エアバッグ付）  送料 B6連ホース 送料 B
P-100 ¥109,000HM-100（ブーツM・パンツ用）  ¥12,100
パンツセット寸 法1400（W）×600（D）mmホース全 長2.5m
質 量2.3kg
HS-100（ブーツS用）  ¥12,100
ホース全 長2.3m
190"
192,MMTXETXTY38NL,物理療法,その他の物理療法機器,"非特管 G9管理空気圧式マッサージ器  ドクターメドマー DM-4S  送料 B〈認証番号302AHBZX00007000〉 ワゴン車 C-1M DM-4S(P)ス1本、電源コード1本本、電源コード1本もみ上げ方式／絞り上げ方式／同時加圧方式／より強く・長い加圧方式お好みで選べる4種類のマッサージモード。マッサージモードは、もみ上げ方式、絞り上げ方式、同時加圧方式、より強く・長い加圧方式の4種類から選べます。治療器の置き台等として多機能に使えます。寸法191送料 A¥23,400トホース左右各1本、ショートパンツ用ホース1本、電源コード1本ブーツセット 送料 B¥196,000 DM-4S(P) ¥196,000 DM-4S(B) ［構成］本体、ブーツ2本、ブーツ用ホース1本、電源コード1本ショートパンツセット 送料 B¥192,500 DM-4S(P)-SP ¥192,500 DM-4S(B)-SP ［構成］本体、ショートパンツ1本、ショートパンツ用ショーショートブーツセット 送料 B¥160,000 DM-4S(P)-SB ¥160,000  DM-4S(B)-SB ［構成］本体、ショートブーツ2本、ショートブーツ用ホーアームバンドセット 送料 B¥141,000 DM-4S(P)-U ¥141,000 DM-4S(B)-U ［構成］本体、アームバンド1本、アームバンド用ホース1寸法170（W）×240（D）×185（H）mm質量4.2kg電源AC100V（50/60Hz）消費電力34/29W　4/4W（待機中）タイマー設定10、20、30分空気圧力設定範囲 4.0〜18.0kPa（30〜135mmHg）マッサージ方法もみ上げ＆絞り上げ＆同時加圧＆より強く・長い加圧方式加圧サイクルもみ上げ約55秒、絞り上げ約39秒、同時加圧約24秒、より強く・長い加圧約60秒エアー室数一般的名称4室（オーバーラップ）家庭用エアマッサージ器ピンク（P）外形／600（L）×450（W）×750（H）mm、キャスター／φ50mm材質ステンレスその他組み立て式ブーツシングルセット 送料 B¥149,000 DM-4S(P)-BS ¥149,000 DM-4S(B)-BS ［構成］本体、ブーツ1本、ブーツシングル用ホース1本、ブルー（B）電源コード1本評価測定運動療法水治療法物理療法救急ＡＤＬ・作業療法言語療法自立支援機器衛生・防災 介護用入浴機器電気 療法温冷 療法牽引 療法その他の物理療法機器","もみ上げ方式／絞り上げ方式／同時加圧方式／より強く・長い加圧方式
空気圧式マッサージ器 ド クターメドマー DM-4S  送料 B
〈認証番号302AHBZX00007000〉 管理非特 管G9
お好みで選べる4種類のマッサージモード。
マッサージモードは、もみ上げ方式、絞り上げ方式、同時加圧方式、より
強く・長い加圧方式の4種類から選べます。
寸法170（W）×240（D）×185（H）mm
質量4.2kg
電源AC100V（50/60Hz）
消費電力34/29W　4/4W（待機中）
評価測定
タイマー設定10、20、30分
空気圧力設定範 囲4.0〜18.0kPa（30〜135mmHg）
マッサージ方法もみ上げ＆絞り上げ＆同時加圧＆より強く・長い加圧方式
加圧サイクルもみ上げ約55秒、絞り上げ約39秒、同時加圧約24秒、より強く・長い運動療法
加圧約60秒
エアー室数4室（オーバーラップ）
一般的名称家庭用エアマッサージ器
水治療法
DM-4S(P)物理療法
救急
ＡＤＬ・
作業療法
ピンク（P）ブルー（B）
言語療法
自立支援
機器
衛生・
防災 
ブーツセット 送料 Bショートブーツセット 送料 Bブーツシングルセット 送料 B介護用
入浴機器
DM-4S(P) ¥196,000 DM-4S(P)-SB ¥160,000 DM-4S(P)-BS ¥149,000 
DM-4S(B) ¥196,000 DM-4S(B)-SB ¥160,000  DM-4S(B)-BS ¥149,000 
［構成］本体、ブーツ2本、ブーツ用ホース1本、電源コー［構成］本体、ショートブーツ2本、ショートブーツ用ホー［構成］本体、ブーツ1本、ブーツシングル用ホース1本、
ド1本ス1本、電源コード1本電源コード1本
電 気療法
温 冷療法
牽 引療法
その他の
物理療法機器
ショートパンツセット 送料 Bアームバンドセット 送料 B
DM-4S(P)-SP ¥192,500 DM-4S(P)-U ¥141,000 
DM-4S(B)-SP ¥192,500 DM-4S(B)-U ¥141,000 
［構成］本体、ショートパンツ1本、ショートパンツ用ショー［構成］本体、アームバンド1本、アームバンド用ホース1
トホース左右各1本、ショートパンツ用ホース1本、電源本、電源コード1本
コード1本
ワゴン車 送料 A
C-1M ¥23,400
治療器の置き台等として多機能に使えます。
寸法外形／600（L）×450（W）×750（H）mm、キャスター／φ50mm
材質ステンレス
その他組み立て式
191"
193,MMTXETZL8HONU,物理療法,その他の物理療法機器,"管理カタログ  特管 G6評価測定運動療法水治療法物理療法救急ＡＤＬ・作業療法言語療法自立支援機器衛生・防災 介護用入浴機器 電気療法温冷療法牽引療法その他の物理療法機器ショックマスター本体セット SHM_H-2 〈承認番号22700BZX00105000〉 ビームアプリケータ15mm 送料 御見積¥130,000P-SW-C011 フォーカスアプリケータ15mm 送料 御見積¥86,000P-SW-C006 ショートハンドピース交換用再生キット  送料 御見積¥195,000SHM_RK 日本で最初の圧力波治療器。動画はこちら送料 D¥5,600,0001台1式1個1個1個1式SHM_SHPP-SW-C011P-SW-C009P-SW-C010SHM_RSオプションおよび交換品圧力波（拡散型ショックウェーブ） ショックマスター  単品192寸法質量定格電圧 AC100V［セット構成］ショックマスター本体ショートハンドピースビームアプリケータ15mmディープアプリケータ15mmD-Actorアプリケータ20mmリビジョンキット（ショートハンドピース用）SHM_H-2※ 原材料不足により、部品の色が予告なく変更になる場合があります。　製品の品質、有効性および安全性に問題はございません。25mm、Vアクターアプリケータ40mm※ 本体セットSHM_H-2には付属しません。寸法 590（W）×520（D）×800（H）mm360（W）×380（D）×180（H）mm12㎏［構成］ハンドル、ガイドチューブ、ピストン送料 D¥80,000症状に応じたトリートメントガイドを搭載。医学的に実証されたデータに基づく43項目151例のトリートメントガイドを搭載しています。症例を選択するだけで、照射部位・肢位の説明を表示して、さらにパラメータも自動で設定します。Vアクターハンドピースセット  送料 A¥484,000SHM_V ［構成］Vアクターハンドピース、Vアクターアプリケータディープアプリケータ15mm  送料 御見積¥143,000P-SW-C009 ポイントアプリケータ6mm  送料 御見積¥98,000P-SW-C007 フィジオカート P-CART 2015年に日本で初めて承認された圧力波治療器。世界65カ国で使用されていた圧力波（拡散型ショックウェーブ）が2015年に日本で初めて承認され、「ショックマスター」は、臨床・スポーツフィールドに新たな治療の選択肢をもたらしました。その間にも臨床データを世界中から収集し、独自の治療プロトコル「トリートメントガイド」のアップデートやハンドピースの軽量化を行ってきました。ショックマスターは進化を続けるユーザーフレンドリーな治療器です。圧力波の原理。コンプレッサーにより発生させた圧縮空気をパルス状に開放させ、ピストンが衝撃体にぶつかることで圧力波を生み出しています。リビジョンキット（ショートハンドピース用） 送料 A¥165,000SHM_RS ［構成］Oリング（2セット）、ピストン（2個）、ガイドチューブ（2本）D-Actorアプリケータ35mm  送料 御見積¥143,000P-SW-C005 D-Actorアプリケータ20mm  送料 御見積¥143,000P-SW-C010 ショックマスター専用キャリーバッグ  送料 御見積¥105,000P-SW-C012 エアチューブ振動ヘッド圧縮空気ピストン衝撃体","動画はこちら
日本で最初の圧力波治療器。
単品
圧力波（拡散型ショックウェーブ） ショックマスター  カタロ グ 
2015年に日本で初めて承認された圧力波治療器。
世界65カ国で使用されていた圧力波（拡散型ショックウェーブ）が2015
年に日本で初めて承認され、「ショックマスター」は、臨床・スポーツ
評価測定フィールドに新たな治療の選択肢をもたらしました。
その間にも臨床データを世界中から収集し、独自の治療プロトコル「ト
リートメントガイド」のアップデートやハンドピースの軽量化を行ってき
運動療法ました。ショックマスターは進化を続けるユーザーフレンドリーな治療器
です。
水治療法圧力波の原理。
コンプレッサーにより発生させた圧縮空気をパルス状に開放させ、ピス
トンが衝撃体にぶつかることで圧力波を生み出しています。
物理療法
振動ヘッド
救急
症状に応じたトリートメントガイドを搭載。
ＡＤＬ・医学的に実証されたデータに基づく43項目151例のトリートメントガイ
作業療法
ドを搭載しています。
症例を選択するだけで、照射部位・肢位の説明を表示して、さらにパラ
言語療法圧縮空気ピストン衝撃体メータも自動で設定します。
自立支援
機器
エアチューブ
衛生・
防災 
介護用
入浴機器
ショックマスター本体セット 送料 D
SHM_H-2〈 承認番号22700BZX00105000〉 管理特 管G6 ¥5,600,000
寸法360（W）×380（D）×180（H）mm
質量12㎏
定格電 圧AC100V
電気療法
［セット構成］
温冷療法ショックマスター本体1台
ショートハンドピースSHM_SHP1式
牽引療法ビームアプリケータ15mmP-SW-C0111個
ディープアプリケータ15mmP-SW-C0091個
その他のD-Actorアプリケータ20mmP-SW-C0101個
物理療法機器リビジョンキット（ショートハンドピース用）SHM_RS1式
※ 原材料不足により、部品の色が予告なく変更になる場合があります。
SHM_H-2　製品の品質、有効性および安全性に問題はございません。
オプションおよび交換品
リビジョンキット（ショートハンドピース用） 送料 AVアクターハンドピースセット  送料 Aビームアプリケータ15mm 送料 御見積
SHM_RS ¥165,000SHM_V ¥484,000P-SW-C011 ¥130,000
［構成］Oリング（2セット）、ピストン（2個）、ガイドチューブ［構成］Vアクターハンドピース、Vアクターアプリケータ
（2本）25mm、Vアクターアプリケータ40mm
※ 本体セットSHM_H-2には付属しません。
D-Actorアプリケータ35mm  送料 御見積ディープアプリケータ15mm  送料 御見積フォーカスアプリケータ15mm 送料 御見積
P-SW-C005 ¥143,000P-SW-C009 ¥143,000P-SW-C006 ¥86,000
D-Actorアプリケータ20mm  送料 御見積ポイントアプリケータ6mm  送料 御見積ショートハンドピース交換用再生キット  送料 御見積
P-SW-C010 ¥143,000P-SW-C007 ¥98,000SHM_RK ¥195,000
［構成］ハンドル、ガイドチューブ、ピストン
ショックマスター専用キャリーバッグ  送料 御見積フィジオカート 送料 D
P-SW-C012 ¥105,000P-CART ¥80,000
寸 法590（W）×520（D）×800（H）mm
192"
194,MMTXEU2P1EQ24,物理療法,その他の物理療法機器,管理特管 G6カタログ  ※サージカルテープ、バンドは付属品ではありません。御見積「交番磁界治療器」として医療機器の新たな一般名称を創設。WEBはこちら送料 A交番磁界治療器 エイト  単品腹部交番磁界治療器  エイト AT-04〈承認番号30400BZX00015000〉 193寸法本体／148（W）×100（D）×35（H）mm質量本体／310g電源単3形電池4本（ニッケル水素またはアルカリを推奨）付属品パッド4個電気 療法温冷 療法牽引 療法その他の物理療法機器パッドを痛みのある部位にサージカルテープやバンドで固定します。肩膝評価測定運動療法水治療法物理療法救急ＡＤＬ・作業療法言語療法自立支援機器衛生・防災 介護用入浴機器 STARTボタンを押すと治療が開始されます。30分経つと自動で停止します。腰部本体の電源を入れて使用するパッドを接続します。（4個すべて接続しなくても使用できます）2種類の磁界を経皮的に照射し、神経細胞等を刺激することで疼痛を緩和。エイトの作用機序。磁気刺激によるセロトニンやノルアドレナリンを介した下行性疼痛抑制系の賦活化や、NGFの発現調整およびBDNFの発現亢進が明らかになっています。これらによって鎮痛効果を実現している可能性が示唆されています。NGFの神経保護作用。痛みの原因である神経障害の制御にNGF、BDNFなどの神経栄養因子などが関与することも知られています。これらの神経栄養因子は神経障害修復に働くことが報告されており、エイトの交番磁界でNGF、BDNFの発現が調節されることが明らかになっています。セルフケアでも使いやすい、簡単な操作方法。様々な部位の疼痛に。,"WEBはこちら
「交番磁界治療器」として医療機器の新たな一般名称を創設。
単品
交番磁界治療器 エイト  カタロ グ 
2種類の磁界を経皮的に照射し、神経細胞等を刺激することで疼痛を緩和。
評価測定
エイトの作用機序。
磁気刺激によるセロトニンやノルアドレナリンを介した下行性疼痛抑制
系の賦活化や、NGFの発現調整およびBDNFの発現亢進が明らかに
運動療法
なっています。
これらによって鎮痛効果を実現している可能性が示唆されています。
水治療法
NGFの神経保護作用。
痛みの原因である神経障害の制御にNGF、BDNFなどの神経栄養因子物理療法
などが関与することも知られています。
これらの神経栄養因子は神経障害修復に働くことが報告されており、エ
イトの交番磁界でNGF、BDNFの発現が調節されることが明らかになっ救急
ています。
ＡＤＬ・
作業療法
言語療法
自立支援
機器
衛生・
セルフケアでも使いやすい、簡単な操作方法。
防災 
本体の電源を入れて使用するパッドを接続しまパッドを痛みのある部位にサージカルテープSTARTボタンを押すと治療が開始されます。
す（。4個すべて接続しなくても使用できます）やバンドで固定します。30分経つと自動で停止します。介護用
入浴機器
電 気療法
温 冷療法
牽 引療法
その他の
物理療法機器
様々な部位の疼痛に。
肩膝腹部腰部
交番磁界治療器  エイト 送料 A
AT-04〈承認番号30400BZX00015000〉 管理特 管G6 御見積
寸法本体／148（W）×100（D）×35（H）mm
質量本体／310g
電源単3形電池4本（ニッケル水素またはアルカリを推奨）
付属品パッド4個
※サージカルテープ、バンドは付属品ではありません。
193"
195,MMTXEU4BYY8WY,物理療法,その他の物理療法機器,"特管 G2特管 G2特管 G2管理特管 G2カタログ  管理管理管理※ 本製品は、生体の誘発反応測定のために、末梢神経に磁気刺激を加えることを目的とした検査用機器です。評価測定運動療法水治療法物理療法救急ＡＤＬ・作業療法言語療法自立支援機器衛生・防災 介護用入浴機器   電気療法温冷療法牽引療法その他の物理療法機器PMSコイル TC-1 PL-TC-1 コイルスタンド PL-CSD-1 ※PMSコイルUC-1用のスタンドです。PMSコイル UC-1 PL-UC-1 電気刺激とは異なる新たなアプローチ。WEBはこちらPMSコイル TC-1送料 サ¥1,000,000オプションおよび交換品磁気刺激装置 パスリーダー  単品194パスリーダーアーム付カートセット 送料 サ¥4,300,000 PL-CTA 〈認証番号227AFBZX00021000〉 [構成]パスリーダー本体、PMSコイル  UC-1、フットスイッチ、アーム付カート、電源ケーブルパスリーダーコイルスタンドセット  送料 サ¥4,100,000 PL-UC 〈認証番号227AFBZX00021000〉 [構成]パスリーダー本体、PMSコイル  UC-1、コイルスタンド、フットスイッチ、専用カート、電源ケーブルパスリーダー（専用カート付） 送料 サ¥3,800,000 IF-PL 〈認証番号227AFBZX00021000〉 ［構成］パスリーダー本体、PMSコイル TC-1、フットスイッチ、専用カート、電源ケーブル［共通］340（W）×265（D）×175（H）mm400（W）×350（D）×760（H）mm15kgAC100V（50/60Hz）10A1kVA10〜50Hz（2.5Hz可変）10〜100%（60〜600V 1%可変）連続刺激時間 最大2秒250〜450μs（刺激コイルによる）バイフェージック送料 サ¥800,000送料 サ¥100,000骨格筋本体寸法カート寸法質量電源消費電力周波数出力設定刺激時間パルス幅最大磁束密度 0.85〜0.94T（TC-1）／0.59〜0.68T（UC-1）最大磁束変化率 11〜20kT/sec（刺激コイルによる）磁場波形コンデンサ寿命 約2500万回電撃保護形式 クラスⅠ電撃保護程度 BF形装着部電流皮膚磁場電流PMSコイル UC-1PL-UCIF-PL送料 サ¥2,800,000送料 サ¥500,000磁気刺激のイメージ刺激コイルPL-CTAカート寸法 500（W）×360（D）×760（H）mm（支柱、アーム除く）痛みや不快感を伴わない磁気刺激。磁気刺激は経皮的電気刺激とは異なるアプローチで神経線維への刺激を行います。プローブ内コイルのパルス電流により磁束を作り出し、筋内で「渦電流」を発生させることがその特徴です。この方法では、皮膚表層の痛覚神経への刺激を抑えたまま、深部にある2つの神経線維、α線維と、Ia線維を同時に刺激することが可能となります。粘着パッドなどは使用しないので着衣のまま刺激が可能なうえ、電気的な痛みを感じにくい状態で深部の神経線維にアプローチすることができます。舌骨上筋群などの小さな筋群への刺激を可能に。PMSコイルUC-1は、狭い範囲に集中した磁気刺激を行えます。不要な部位を刺激せずに、局所的に強力な渦電流を誘発して「強縮」を起こすことも可能です。パスリーダー本体 PL-PW-1001 〈認証番号227AFBZX00021000〉 アーム付カート PL-CTA-1","WEBはこちら
電気刺激とは異なる新たなアプローチ。
単品
磁気刺激装置 パスリーダー  カタロ グ 
痛みや不快感を伴わない磁気刺激。
磁気刺激は経皮的電気刺激とは異なるアプローチで神経線維への刺激
を行います。プローブ内コイルのパルス電流により磁束を作り出し、筋内
評価測定で「渦電流」を発生させることがその特徴です。
この方法では、皮膚表層の痛覚神経への刺激を抑えたまま、深部にある
2つの神経線維、α線維と、Ia線維を同時に刺激することが可能となりま
運動療法す。粘着パッドなどは使用しないので着衣のまま刺激が可能なうえ、電気
的な痛みを感じにくい状態で深部の神経線維にアプローチすることがで
きます。
水治療法
磁気刺激のイメージ
電流
物理療法皮膚
刺激コイル
磁場
救急
骨格筋
電流
ＡＤＬ・
作業療法
PMSコイル TC-1
言語療法舌骨上筋群などの小さな筋群への刺激を可能に。
PMSコイルUC-1は、狭い範囲に集中した磁気刺激を行えます。不要な
自立支援部位を刺激せずに、局所的に強力な渦電流を誘発して「強縮」を起こすこパスリーダーアーム付カートセット 送料 サ
機器とも可能です。
PL-CTA〈 認証番号227AFBZX00021000〉 管理特 管G2 ¥4,300,000 
[構成]パスリーダー本体、PMSコイル  UC-1、フットスイッチ、アーム付カート、電源ケー
衛生・
ブル
防災 
介護用PMSコイル UC-1パスリーダーコイルスタンドセット  送料 サ
入浴機器
PL-UC〈 認証番号227AFBZX00021000〉 管理特 管G2 ¥4,100,000 
[構成]パスリーダー本体、PMSコイル  UC-1、コイルスタンド、フットスイッチ、専用カー
ト、電源ケーブル
パスリーダー（専用カート付） 送料 サ
電気療法IF-PL〈 認証番号227AFBZX00021000〉 管理特 管G2 ¥3,800,000 
［構成］パスリーダー本体、PMSコイル TC-1、フットスイッチ、専用カート、電源ケーブル
温冷療法［共通］
本体寸法340（W）×265（D）×175（H）mm
牽引療法カート寸法400（W）×350（D）×760（H）mm
その他の質量15kg
物理療法機器電源AC100V（50/60Hz）10A
消費電力1kVA
周波数10〜50H（z2.5Hz可変）
出力設定10〜100%（60〜600V 1%可変）
刺激時間連続刺激時間 最大2秒
パルス幅250〜450μ（s刺激コイルによる）
最大磁束密 度0.85〜0.94T（TC-1）／0.59〜0.68T（UC-1）
最大磁束変化 率11〜20kT/sec（刺激コイルによる）
磁場波形バイフェージック
コンデンサ寿 命約2500万回
電撃保護形 式クラスⅠ
電撃保護程 度BF形装着部
PL-CTAPL-UCIF-PL※ 本製品は、生体の誘発反応測定のために、末梢神経に磁気刺激を加えることを目的とした検査用
機器です。
オプションおよび交換品
パスリーダー本体 送料 サPMSコイル TC-1 送料 サPMSコイル UC-1 送料 サ
PL-PW-1001 ¥2,800,000PL-TC-1 ¥800,000PL-UC-1 ¥1,000,000
〈認証番号227AFBZX00021000〉 管理特 管G2
アーム付カート 送料 サコイルスタンド 送料 サ
PL-CTA-1 ¥500,000PL-CSD-1 ¥100,000
※PMSコイルUC-1用のスタンドです。
カート寸 法500（W）×360（D）×760（H）mm
（支柱、アーム除く）
194"
196,MMTXEU5PQMW76,救急,,P. 196救急救 急," 救急
救急P .196"
197,MMTXEU7DA7A3Z,救急,救急,"バスケットストレッチャーS021711004 選手、観客など傷病者のスムーズな搬送に。選手、観客など傷病者のスムーズな搬送に。送料 サ ¥294,000スクープストレッチャーやバックボードに固定してから、バスケットストレッチャーに乗せて運搬することで落下のリスクを軽減させることができます。1962170（L）×610（W）×200（H）mm13kg272kg寸法折りたたみ時 1100mm質量耐荷重評価測定運動療法水治療法物理療法救急ＡＤＬ・作業療法言語療法自立支援機器衛生・防災 介護用入浴機器救急スクープストレッチャーなどの搬送用品は、選手や観客などの命を守る救命具として各種スポーツ協会などのガイドラインで設置が推奨されています。搬送用品搬送用品","選選手手、、観観客客ななどど傷傷病病者者ののススムムーーズズなな搬搬送送にに。。
搬搬送送用用品品
スクープストレッチャーなどの搬送用品は、選手や観客などの命を守る救命具
として各種スポーツ協会などのガイドラインで設置が推奨されています。
評価測定
運動療法
水治療法
物理療法
救急
ＡＤＬ・
作業療法
言語療法
自立支援
機器
衛生・
防災 
介護用
入浴機器
救急
バスケットストレッチャー送料 サ
S021711004  ¥294,000
スクープストレッチャーやバックボードに固定してから、バスケットスト
レッチャーに乗せて運搬することで落下のリスクを軽減させることがで
きます。
寸法2170（L）×610（W）×200（H）mm
折りたたみ 時1100mm
質量13kg
耐荷重272kg
196"
198,MMTXEUACRIGD9,救急,救急,"※組立前（収納状態/1枚）スクープエクセルピン付きS021615010 スクープエクセルS021615008 ハイテクバックボードS021210004 ヘッドイモビライザーS021414009〈届出番号13B1X00226000033〉  一般  ヘッドイモビライザーS021414004〈届出番号13B1X00226000010〉  一般  バックボードストラップS021413020 ファーノ・ウィズロックS021414005〈届出番号13B1X00226000007〉  一般  オプション（スクープエクセル用）オプション（ハイテクバックボード用）共通オプション（スクープエクセル・ハイテクバックボード用）送料 サ ¥298,000ベルト接続用のピンが付いているタイプ。傷病者をすくい上げる構造なので、脊椎・頚椎損傷の可能性がある傷病者の動きを最小限に抑えることができ、二次障害の危険性を減少させます。送料 サ ¥280,000傷病者をすくい上げる構造なので、脊椎・頚椎損傷の可能性がある傷病者の動きを最小限に抑えることができ、二次障害の危険性を減少させます。送料 サ ¥45,000スクープエクセル用のベースプレート分割式。傷病者の頭部や頚椎等を固定することができます。送料 サ ¥112,000ABS樹脂製で、血液や体液等が内部へ浸透することを防ぎ、清掃も容易に行えます。適度な浮力があるので、水難救助にも使用することができます。送料 サ ¥50,000バックボードと併用して使用します。傷病者の頭部や頚椎等を固定することができます。送料 御見積 ¥14,000真鍮製のスピードクリップ付きなので、バックボードへの脱着が素早く容易に行えます。送料 サ ¥25,000傷病者の頚椎を固定することができます。体型に合わせて顎部は約12〜16cmの間で無段階、後頭部は3段階に高さを調節することができ、小児から使用することができます。197寸法 最大2020（L）×440（W）×71（H）mm使用時長さ調節4段階（1650／1710／1900／2020）質量 8.9kg耐荷重 227kg付属品 固定用ベルト3本寸法 最大2020（L）×440（W）×70（H）mm使用時長さ調節4段階（1650／1710 ／1900／2020）質量 8.9kg耐荷重 227kg付属品 固定用ベルト3本寸法 210（L）×340（W）×150（H）mm質量 0.6kg寸法質量耐荷重1830（L）×410（W）×45（H）mm5.9kg159kg寸法250（L）×390（W）×150（H）mm質量1.0kg寸法200（L）×570（W）×70（H）※mm160g質量入数3枚最大伸張時（2020mm）S021413020ピン付き収納時（1200mm）S021414004評価測定運動療法水治療法物理療法救急ＡＤＬ・作業療法言語療法自立支援機器衛生・防災 介護用入浴機器救急","スクープエクセルピン付き送料 サ
S021615010  ¥298,000
ベルト接続用のピンが付いているタイプ。傷病者をすくい上げる構造な
ので、脊椎・頚椎損傷の可能性がある傷病者の動きを最小限に抑えるこ
ピン付きとができ、二次障害の危険性を減少させます。
寸 法最大2020（L）×440（W）×71（H）mm
使用時長さ調節4段階（1650／1710／1900／2020）
質 量8.9kg
耐荷 重227kg
付属 品固定用ベルト3本評価測定
スクープエクセル送料 サ
運動療法
S021615008  ¥280,000
傷病者をすくい上げる構造なので、脊椎・頚椎損傷の可能性がある傷
病者の動きを最小限に抑えることができ、二次障害の危険性を減少さ水治療法
せます。
寸 法最大2020（L）×440（W）×70（H）mm
使用時長さ調節4段階（1650／1710 ／1900／2020）物理療法
質 量8.9kg
耐荷 重227kg
収納時（1200mm）最大伸張時（2020mm）付属 品固定用ベルト3本
救急
オプション（スクープエクセル用）
ＡＤＬ・
作業療法
ヘッドイモビライザー送料 サ
S021414009〈届出番号13B1X00226000033〉  一 般  ¥45,000
言語療法
スクープエクセル用のベースプレート分割式。傷病者の頭部や頚椎等を
固定することができます。
寸 法210（L）×340（W）×150（H）mm自立支援
機器
質 量0.6kg
衛生・
防災 
ハイテクバックボード送料 サ介護用
入浴機器
S021210004  ¥112,000
ABS樹脂製で、血液や体液等が内部へ浸透することを防ぎ、清掃も容
易に行えます。適度な浮力があるので、水難救助にも使用することが
できます。
寸法1830（L）×410（W）×45（H）mm
質量5.9kg救急
耐荷重159kg
オプション（ハイテクバックボード用）
ヘッドイモビライザー送料 サ
S021414004〈届出番号13B1X00226000010〉  一 般  ¥50,000
バックボードと併用して使用します。傷病者の頭部や頚椎等を固定するこ
とができます。
寸法250（L）×390（W）×150（H）mm
質量1.0kg
バックボードストラップ送料 御見積
S021413020  ¥14,000
真鍮製のスピードクリップ付きなので、バックボードへの脱着が素早く容
S021414004S021413020
易に行えます。
共通オプション（スクープエクセル・ハイテクバックボード用）
ファーノ・ウィズロック送料 サ
S021414005〈届出番号13B1X00226000007〉  一 般  ¥25,000
傷病者の頚椎を固定することができます。体型に合わせて顎部は約12
〜16cmの間で無段階、後頭部は3段階に高さを調節することができ、小
児から使用することができます。
寸法200（L）×570（W）×70（H）※mm
質量160g
入数3枚
※組立前（収納状態/1枚）
197"
199,MMTXEUBWOAX3E,救急,救急,"大中小大中小評価測定運動療法水治療法物理療法救急ＡＤＬ・作業療法言語療法自立支援機器衛生・防災 介護用入浴機器救急※クッション込54・56・58cm。GSストレッチャー100TB-624 車椅子 ビッグサイズ松葉杖ワールドSPR-356L  大（2本1組） SPR-356M 中（2本1組） SPR-356S  小（2本1組） 長さ（L）幅（W）60cm使用時／幅66・68・70×奥行115.5×高さ96〜100cm折りたたみ時／幅34cm車輪／24インチキャスター／8インチ21kg質量アルミフレーム材質ブレーキ前後ブレーキバックレスト 折りたたみ式色シートカラー／写真の色のみです。48・50・52※48・50・5296・98・100長さ（cm）（9段階調整）グリップから脇当（cm）（6〜7段階調整）123〜14336〜51（7段階）109〜12930〜42（6段階）  99〜11919〜32（6段階）パイプ径／φ19mm、脚部径／φ22.5mmアルミニウムSPR-386 ¥500（1個）313kg198 送料 E ¥224,000高さ（H）70・75・80・85・90cm送料 御見積非課税品  ¥205,000身体の大きい方や体重の重い方にご使用いただける「耐荷重130kg」のビッグサイズ。寸法送料 A非課税品  ¥13,000非課税品  ¥13,000非課税品  ¥13,000プッシュボタン操作で、握りの高さ調整と杖全体の長さを簡単調節。質量（g）10701010  860選手や観客の搬送用ストレッチャーです。ガスシリンダー式の角度調節機能、落下防止用に安全性の高いワンタッチストッパー式スイングガードを装備。仕様は下記寸法表とレザー色18色からお好きな組み合わせが可能です。詳しくは最寄りの営業所にお問い合わせください。［寸法表］KJP-5 200（座シート180）cm※長さと幅の変更には追加費用が発生します。［サイズ調整］前座高（cm）座幅（cm）ハンドル高（cm）適応身長（参考） 大／165〜185cm、中／150〜170cm、小／135〜155cm［共通］寸法材質ゴム足耐静荷重耐静荷重：〜313kg","GSストレッチャー100 送料 E
TB-624  ¥224,000
選手や観客の搬送用ストレッチャーです。
ガスシリンダー式の角度調節機能、落下防止用に安全性の高いワン
タッチストッパー式スイングガードを装備。
仕様は下記寸法表とレザー色18色からお好きな組み合わせが可能で
す。詳しくは最寄りの営業所にお問い合わせください。
［寸法表］
評価測定長さ（L）幅（W）高さ（H）
200（座シート180）cm60cm70・75・80・85・90cm
※長さと幅の変更には追加費用が発生します。
運動療法
水治療法
物理療法
救急
ＡＤＬ・
作業療法車椅子 ビッグサイズ送料 御見積
KJP-5 非課税 品 ¥205,000
言語療法身体の大きい方や体重の重い方にご使用いただける「耐荷
重130kg」のビッグサイズ。
自立支援寸法使用時／幅66・68・70×奥行115.5×高さ96〜100cm
機器折りたたみ時／幅34cm
車輪／24インチ
キャスター／8インチ
衛生・質量21kg
防災 材質アルミフレーム
ブレーキ前後ブレーキ
介護用バックレス ト折りたたみ式
入浴機器色シートカラー／写真の色のみです。
［サイズ調整］
前座高（cm）48・50・52※
座幅（cm）48・50・52
ハンドル高（cm）96・98・100
※クッション込54・56・58cm。
救急
松葉杖ワールド送料 A
SPR-356L  大（2本1組） 非課税 品 ¥13,000
SPR-356M 中（2本1組） 非課税 品 ¥13,000
SPR-356S  小（2本1組） 非課税 品 ¥13,000
プッシュボタン操作で、握りの高さ調整と杖全体の長さを
簡単調節。
長さ（cm）グリップから脇当（cm）
質量（g）
（9段階調整）（6〜7段階調整）
大123〜14336〜51（7段階）1070
中109〜12930〜42（6段階）1010
小  99〜11919〜32（6段階）  860
適応身長（参考 ）大／165〜185cm、中／150〜170cm、小／135〜155cm
［共通］
寸法パイプ径／φ19mm、脚部径／φ22.5mm
材質アルミニウム
ゴム足SPR-386 ¥500（1個）
耐静荷重313kg
大中小耐静荷重：〜313kg
198"
200,MMTXEUD9OFROD,救急,救急,"損傷部位の応急処置に。X線撮影が可能なスプリント。ショートアームロングアームレッグ［構成］ショートアーム、ロングアーム、レッグ、専用収納袋、バキュームポンプ、リペアーキット寸法 110（W）×910（L）×4（H）mm質量 140g寸法（mm）340（W）×510（D）600（W）×720（D）1050（W）×680（D）質量（g）3207651200バキュームスプリントモデルAS190 送料 サ ¥150,000S022038013 〈届出番号13B1X00226000030〉  一般  （副木） スプリント内の空気を減圧して内部のビーズを固めて損傷部位の固定ができます。表面はビニールコーティングされているので水洗いができ、装着したままX線撮影も可能です。クイックスプリントモデル150送料 御見積¥4,100S021115001〈届出番号13B1X00226000017〉  一般  （副木） アルミ板をウレタンフォームでコーティングした固定具です。固定部位に合わせて成形することができます。装着したままX線撮影が可能です。199評価測定運動療法水治療法物理療法救急ＡＤＬ・作業療法言語療法自立支援機器衛生・防災 介護用入浴機器救急スポーツフィールドでも骨折などの応急処置として 素早く固定ができるスプリント（固定具）です。 装着したままX線撮影も可能です。スプリント（固定具）","損傷部位の応急処置に。X線撮影が可能なスプリント。
スプリント（固定具）
スポーツフィールドでも骨折などの応急処置として 
素早く固定ができるスプリント（固定具）です。 
装着したままX線撮影も可能です。
評価測定
運動療法
水治療法
物理療法
救急
ＡＤＬ・
作業療法
言語療法
自立支援
機器
衛生・
防災 
介護用
バキュームスプリントモデルAS190 送料 サ入浴機器
S022038013〈 届出番号13B1X00226000030〉  一 般（ 副木）  ¥150,000
スプリント内の空気を減圧して内部のビーズを固めて損傷
部位の固定ができます。
表面はビニールコーティングされているので水洗いができ、装着した
ままX線撮影も可能です。救急
寸法（mm）質量（g）
ショートアーム340（W）×510（D）320
ロングアーム600（W）×720（D）765
レッグ1050（W）×680（D）1200
［構成］ショートアーム、ロングアーム、レッグ、専用収納袋、バキュームポンプ、リペアー
キット
クイックスプリントモデル150送料 御見積
S021115001〈届出番号13B1X00226000017〉  一 般（ 副木） ¥4,100
アルミ板をウレタンフォームでコーティングした固定具
です。
固定部位に合わせて成形することができます。装着したままX線撮影が
可能です。
寸 法110（W）×910（L）×4（H）mm
質 量140g
199"
201,MMTXEUEU8AQU2,救急,救急,"肺評価測定運動療法水治療法物理療法救急ＡＤＬ・作業療法言語療法自立支援機器衛生・防災 介護用入浴機器救急 特管 G2管理詳しくはP.88タブレットは別売りです。Wi-Fiwireless2画面機能。左右にエコー画像を並べて計測機能。距離（長さ）、角度、面積・外周囲、容積の計測が可能。テキスト入力WEBはこちら甲状腺頸動脈200送料 御見積 ¥1,680,000コンベックスタイプ深層部用もあります56×178×39mm280g（バッテリー含む）6〜12MHz6cm4cm乳房筋骨格血管表層  保険点数適用  D215超音波検査外形寸法質量周波数Max深度イメージングモード Bモード・カラードプラモード・PWモード・Mモード視野幅［構成］電源コード1本、バッテリー2個、バッテリーチャージャー1個簡単な設定＆操作。目的に合わせた検査モードを選択するだけでスピーディーに検査を始められます。へ持ち出しての検査を強力にサポート。SONON500Lは従来製品（300L）と比べ、体積47%減、重さ25%減と、さらなる小型・軽量化を実現。さらに、次世代超音波エンジンを搭載。有効チャンネル数も大幅増により、ソフト・ハード両面から画質向上を実現しました。2018年の発売当初は搭載していなかった機能をアップデートにより追加。2画面機能、日本語表記、PWモード、Mモードなど、使用者目線で機能を追加し、進化を続けます。ト、スマートフォン）とワイヤレス接続。ネットワーク環境に依存しないため、フィールドや訪問先など、どこでも使用が可能です。Bモードに加え、カラードプラモードを搭載し、血流の評価が可能。さらに、アプリケーションのアップデートにより、PWモード、Mモードを追加搭載。血流速度の計測や、コロナ禍において活用できる肺エコーにも対応しました。高画質＆モバイル。プローブとモバイル端末のみで使用できるため携帯性に優れ、院外進化するアプリケーション。SONONはWindows、iOS、iPadOSのアプリケーションで動作。Wi-Fi無線接続。プローブに内蔵したWi-Fiを使用して、モバイル端末（PC、タブレッSURFACE Pro（Windows）、iOS、iPadOSに対応。対応機器を選ばず、それぞれのOSで最適に動作します。4つの表示モードを搭載。（Bモード、カラードプラモード、PWモード、Mモード）表示することが可能。健側・患側のリアルタイムな比較はもちろん、過去のエコー画像を表示して現在の画像と比較することによる治療の評価も可能です。も可能で、エコー画像内にメモ書きすることで、情報の引継ぎも簡単です。超音波画像診断装置SONON500LASS-805〈認証番号304AGBZX00070000〉 世界中でますます広がるPOCUS（Point of Care Ultrasound）の 重要性から、高画質・携帯性・操作性を追求したのが、 超音波画像診断装置SONON。使いやすさを極限まで追求することで、熟練者はもちろん、 初めてのエコーも強力にサポートします。主な検査モードをプリセット。超音波 画像診断装置SONON500L","超音 波画像診断装置
SONON500L
世界中でますます広がるPOCUS（Point of Care Ultrasound）の 
評価測定
重要性から、高画質・携帯性・操作性を追求したのが、 
超音波画像診断装置SONON。
運動療法
使いやすさを極限まで追求することで、熟練者はもちろん、 
初めてのエコーも強力にサポートします。
水治療法
WEBはこちら
物理療法
wireless
救急
ＡＤＬ・
作業療法
Wi-Fi
言語療法
タブレットは別売りです。
自立支援
機器
主な検査モードをプリセット。簡単な設定＆操作。
目的に合わせた検査モードを選択するだけでスピー
衛生・
防災 ディーに検査を始められます。
介護用
入浴機器甲状腺頸動脈乳房筋骨格血管表層肺
高画質＆モバイル。2画面機能。
救急プローブとモバイル端末のみで使用できるため携帯性に優れ、院外左右にエコー画像を並べて
へ持ち出しての検査を強力にサポート。SONON500Lは従来製品表示することが可能。健側・
（300L）と比べ、体積47%減、重さ25%減と、さらなる小型・軽量化を患側のリアルタイムな比較
実現。さらに、次世代超音波エンジンを搭載。有効チャンネル数も大幅はもちろん、過去のエコー画
増により、ソフト・ハード両面から画質向上を実現しました。像を表示して現在の画像と
比較することによる治療の
進化するアプリケーション。評価も可能です。
SONONはWindows、iOS、iPadOSのアプリケーションで動作。
2018年の発売当初は搭載していなかった機能をアップデートにより
計測機能。
追加。2画面機能、日本語表記、PWモード、Mモードなど、使用者目線
距離（長さ）、角度、面積・外周囲、容積の計測が可能。テキスト入力
で機能を追加し、進化を続けます。
も可能で、エコー画像内にメモ書きすることで、情報の引継ぎも簡
Wi-Fi無線接続。単です。
プローブに内蔵したWi-Fiを使用して、モバイル端末（PC、タブレッ
  保険点数適 用 D215超音波検査
ト、スマートフォン）とワイヤレス接続。ネットワーク環境に依存しな
いため、フィールドや訪問先など、どこでも使用が可能です。
超音波画像診断装置SONON500L送料 御見積
ASS-805〈認証番号304AGBZX00070000〉 管理特 管G2  ¥1,680,000
SURFACE Pro（Windows）、iOS、iPadOSに対応。
外形寸法56×178×39mm
対応機器を選ばず、それぞれのOSで最適に動作します。質量280g（バッテリー含む）
周波数6〜12MHz
Max深度6cm
4つの表示モードを搭載。
イメージングモー ドBモード・カラードプラモード・PWモード・Mモード
（Bモード、カラードプラモード、PWモード、Mモード）視野幅4cm
Bモードに加え、カラードプラモードを搭載し、血流の評価が可能。さ［構成］電源コード1本、バッテリー2個、バッテリーチャージャー1個
らに、アプリケーションのアップデートにより、PWモード、Mモー
詳しくは
ドを追加搭載。血流速度の計測や、コロナ禍において活用できる肺エコンベックスタイプ深層部用もありますP.88
コーにも対応しました。
200"
202,MMTXV4910POJ1,救急,救急,"特管 G2管理詳しくはP.187 送料 C  御見積寸法TC-301 黒球式暑さ指数計は、普通の温湿度計では測定できない直射日光が当たる場所でもWBGT値※を正確に測定する ことができます。4段階の熱中症警戒レベルをアラームで知らせてくれます。※ 熱中症予防の指数。湿度、日射、照り返しを取り入れて計算されます。あらゆるシーンで使用できる電動式アイシング+加圧システム。寸法評価測定運動療法水治療法物理療法救急ＡＤＬ・作業療法言語療法自立支援機器衛生・防災 介護用入浴機器救急   ポーラーケアウェーブA87-100577-000（本体） 〈届出番号27B1X00125000006〉 ポーラーケアウェーブパッド冷 送料 御見積〈届出番号27B1X00125000007〉 パルスオキシメータサーフィンPO 〈認証番号221AKBZX00060000〉 IM-25P 201冷 送料 御見積¥86,500キューブアイスメーカー NEW 黒球式暑さ指数計熱中アラーム NEW 32（W）×34（Ｈ）×58（Ｄ）mm質量電源測定範囲測定精度32g（電池含まず）単4アルカリ乾電池2本SpO2:70〜99%、脈拍:30〜235bpmSpO2:±2%（80〜99%）・±3%（70〜79%）脈拍:±2bpm（30〜100bpm）・±2%（101〜235bpm）［構成］本体、保護カバー、ストラップ、テスト用単4乾電池2本寸法395（W）×450（D）×770（H）mm質量33kg電源100V（50/60Hz）消費電力145/165W製氷能力約24/26kg/日（室温20℃ 水温15℃）約19/22kg/日（室温30℃ 水温25℃）貯氷量約14kg（最大ストック量）、約8.5kg（自然落下時）※設置には専門業者による据付工事が必要です。工事費用は別途見積りとなります。※漏電遮断器の取付が必要な場合があります。詳細についてはお問合せください。送料 A¥28,800測定しやすい6モード表示切替機能を備えたカラーディスプレイを採用。寸法寸法質量電源電池寿命防じん防水保護等級 IP65［構成］本体、カラビナ、つり下げ用アタッチメント、三脚用電池フタ 送料 L  ¥491,000熱中症対策のアイスバスやアイシングに必要な業務用製氷機です。12時間で約20kgの氷が使用できます。220（W）×220（D）×275（H）mm質量2.3kg電源AC100-240V 0.35A消費電力12Wアイシング温度 5〜10℃氷保持時間約6〜8時間［構成］本体、ポーラーケア ウェーブAC電源アダプター品名ニー（スタンダード） A87-C00017A87-C00003ニー（ラージ）ショルダーアンクル約60（W）×33（D）×112（H）mm約79gDC3V（CR2032コイン形リチウムイオン電池1個）約8カ月（1日4時間使用した場合）型式価格¥24,000¥24,000¥24,000¥24,000410（W）×300（L）mm410（W）×440（L）mmA87-C00004380（W）×330（L）mmA87-C00005430（W）×300（L）mm","評価測定
運動療法
水治療法
 NE W
パルスオキシメータサーフィンPO送料 A黒球式暑さ指数計熱中アラーム 送料 C 物理療法
〈 認証番号221AKBZX00060000〉 管理特 管G2  ¥28,800TC-301  御見積
測定しやすい6モード表示切替機能を備えたカラーディス黒球式暑さ指数計は、普通の温湿度計では測定できない
救急
※
プレイを採用。直射日光が当たる場所でもWBGT値を正確に測定する 
寸法32（W）×34（Ｈ）×58（Ｄ）mmことができます。
質量32g（電池含まず）4段階の熱中症警戒レベルをアラームで知らせてくれます。ＡＤＬ・
電源単4アルカリ乾電池2本※ 熱中症予防の指数。湿度、日射、照り返しを取り入れて計算されます。作業療法
測定範囲SpO2:70〜99%、脈拍:30〜235bpm
寸法約60（W）×33（D）×112（H）mm
測定精度SpO2:±2%（80〜99%）・±3%（70〜79%）
脈拍:±2bpm（30〜100bpm）・±2%（101〜235bpm）質量約79g言語療法
電源DC3V（CR2032コイン形リチウムイオン電池1個）
［構成］本体、保護カバー、ストラップ、テスト用単4乾電池2本
電池寿命約8カ月（1日4時間使用した場合）
防じん防水保護等 級IP65自立支援
［構成］本体、カラビナ、つり下げ用アタッチメント、三脚用電池フタ機器
衛生・
防災 
介護用
入浴機器
救急
詳しくは
P.187
キューブアイスメーカー NE W 送料 L ポーラーケアウェーブ 冷送料 御見積
IM-25P  ¥491,000A87-100577-000（本体） ¥86,500
〈届出番号27B1X00125000006〉 
熱中症対策のアイスバスやアイシングに必要な業務用製
氷機です。あらゆるシーンで使用できる電動式アイシング+加圧シス
12時間で約20kgの氷が使用できます。テム。
寸法395（W）×450（D）×770（H）mm寸法220（W）×220（D）×275（H）mm
質量33kg質量2.3kg
電源100V（50/60Hz）電源AC100-240V 0.35A
消費電力145/165W消費電力12W
製氷能力約24/26kg/日（室温20℃ 水温15℃）アイシング温 度5〜10℃
約19/22kg/日（室温30℃ 水温25℃）氷保持時間約6〜8時間
貯氷量約14kg（最大ストック量）、約8.5kg（自然落下時）［構成］本体、ポーラーケア ウェーブAC電源アダプター
※設置には専門業者による据付工事が必要です。工事費用は別途見積りとなります。
※漏電遮断器の取付が必要な場合があります。詳細についてはお問合せください。
ポーラーケアウェーブパッド 冷送料 御見積
〈届出番号27B1X00125000007〉  
品名型式価格寸法
ニー（スタンダード ）A87-C00017¥24,000410（W）×300（L）mm
ニー（ラージ）A87-C00003¥24,000410（W）×440（L）mm
ショルダーA87-C00004¥24,000380（W）×330（L）mm
アンクルA87-C00005¥24,000430（W）×300（L）mm
201"
203,MMTXV4BTEPVP2,救急,救急,"評価測定運動療法水治療法物理療法救急ＡＤＬ・作業療法言語療法自立支援機器衛生・防災 介護用入浴機器救急 ドクターアクティブコールドパッド 送料 A〈届出番号13B2X00081000046〉 空気圧式固定サポーター付き冷却パック。オプション部位肩用膝用足首用手首用［共通］材質［構成］サポーター、ゲルパック、ストラップ、チューブ付ポンプ肩用ゲルパック膝用ゲルパック足首用ゲルパック手首用手首用ゲルパック型式価格サポーター／ポリエステル・ナイロン、ゲルパック／超吸収ポリマー部位型式DA-030103GPDA-030101GPDA-030102GPDA-030105GP寸法（mm）質量(g)740（L）×430（W） 約890600（L）×310（W） 約680600（L）×310（W） 約810570（L）×250（W） 約510400（L）×250（W） 約480送料 A 価格¥8,500¥6,500¥6,500¥6,500質量(g)約585約495約345約330DA-030103 ¥17,800DA-030101 ¥13,800膝用ヒンジ付 DA-030106 ¥19,800DA-030102 ¥13,800DA-030105 ¥13,800202膝用足首用肩用ゲルパックと空気圧固定サポーターの組み合わせにより、負傷した関節に冷却と加圧の両方を与えることができます。術後やスポーツ外傷での痛み、炎症などの軽減に役立ちます。①事前にゲルパックを最低2時間冷却する。②冷却されたゲルパックをサポーターに取り付け、患部に装着す　る。③ポンプにて空気をサポーターへ注入し、患部を加圧し、安静に　する。④約10分間使用後、サポーターを取り外し、約10分間皮膚を休　めてから最大2、3回繰り返す。⑤使用後、空気を抜き、次の使用のためゲルパックを冷やす。「冷却」「固定」「加圧」します。着脱可能なゲルパック。ゲルパックを2時間ほど冷やせば、30〜40分間冷たさが保持されます。※ゲルパックはホットパック（温熱療法）としては使用できません。着脱可能なチューブ付ポンプ。簡単に圧縮のレベルを調整可能です。高品質なネオプレン製。サポーターは柔らかさを持ちながら丈夫で、かつ手洗い可能なネオプレンで作られています。※洗う際は中性洗剤と温水のみを使用し強い洗剤の使用はお控えください。　洗濯機や乾燥機は損傷の原因になりますので、使用しないでください。左右両側使用可能なサポーター。サポーターは左右両側使用可能なフリーサイズです。幅の広いストラップで簡単に調整でき、患部にフィットさせることが可能です。【使用方法】ドクターアクティブコールドパッド","空気圧式固定サポーター付き冷却パック。
ドクターアクティブコールドパッド
「冷却「」固定「」加圧」します。
ゲルパックと空気圧固定サポーターの組み合わせにより、負傷した関節
に冷却と加圧の両方を与えることができます。術後やスポーツ外傷で
評価測定の痛み、炎症などの軽減に役立ちます。
運動療法
着脱可能なゲルパック。
ゲルパックを2時間ほど冷やせば、30〜40分間冷たさが保持されます。
※ゲルパックはホットパック（温熱療法）としては使用できません。
水治療法
着脱可能なチューブ付ポンプ。
物理療法
簡単に圧縮のレベルを調整可能です。
救急
高品質なネオプレン製。
サポーターは柔らかさを持ちながら丈夫で、かつ手洗い可能なネオプ
ＡＤＬ・
作業療法レンで作られています。
※洗う際は中性洗剤と温水のみを使用し強い洗剤の使用はお控えください。
　洗濯機や乾燥機は損傷の原因になりますので、使用しないでください。
言語療法
自立支援左右両側使用可能なサポーター。
機器サポーターは左右両側使用可能なフリーサイズです。幅の広いスト
ラップで簡単に調整でき、患部にフィットさせることが可能です。
衛生・
防災 
介護用
入浴機器
【使用方法】
①事前にゲルパックを最低2時間冷却する。
②冷却されたゲルパックをサポーターに取り付け、患部に装着す
　る。
救急③ポンプにて空気をサポーターへ注入し、患部を加圧し、安静に
　する。
④約10分間使用後、サポーターを取り外し、約10分間皮膚を休
　めてから最大2、3回繰り返す。
⑤使用後、空気を抜き、次の使用のためゲルパックを冷やす。
ドクターアクティブコールドパッド 送料 A
〈届出番号13B2X00081000046〉  
部位型式価格寸法（mm）質量(g)
肩用DA-03010 3¥17,800740（L）×430（W ）約890
膝用DA-03010 1¥13,800600（L）×310（W ）約680
膝用ヒンジ 付DA-03010 6¥19,800600（L）×310（W ）約810
足首用DA-03010 2¥13,800570（L）×250（W ）約510
手首用DA-03010 5¥13,800400（L）×250（W ）約480
［共通］
材質サポーター／ポリエステル・ナイロン、ゲルパック／超吸収ポリマー
［構成］サポーター、ゲルパック、ストラップ、チューブ付ポンプ
オプション
送料 A 
部位型式価格質量(g)
肩用ゲルパックDA-030103GP¥8,500約585
膝用ゲルパックDA-030101GP¥6,500約495
肩用膝用足首用手首用足首用ゲルパックDA-030102GP¥6,500約345
手首用ゲルパックDA-030105GP¥6,500約330
202"
204,MMTXV4D70NBAS,ADL・作業療法,,P.204P.226P.2 10P.2 36P. 223P. 240ADLトレーニング上肢運動スプリントプレイセラピィ手芸・工作テーブル関連A D L・作 業 療 法," A DL・ 作 業 療法
ADLトレーニングP.204スプリントP. 210手芸・工作P .223
上肢運動P.226プレイセラピィP. 236テーブル関連P .240"
205,MMTXV4EBZJWGF,ADL・作業療法,ADLトレーニング,"434143414341434103743414341434143414341037434103743410374341※車椅子は別売り208013037001800350208013037001800350昇降ユニット900¥530,000900130390013033509001303350壁面ユニット¥700,000900550550洗面ユニット¥120,000居宅復帰のためのシミュレーションや日常生活動作での評価に。システム組み合わせ例　用途に応じて多様な組み合わせが可能です。昇降ユニット¥530,000昇降ユニット¥530,000トイレユニット¥105,000壁面ユニット¥700,000 × 2350350立上り椅子ユニット¥205,000壁面ユニット¥700,000204合計　¥2,035,000合計　¥1,435,000合計　¥1,335,000合計　¥650,000ADLトレーニングスプリント手芸・工作上肢運動プレイセラピィテーブル関連＋＋＋＋＋＋＋評価測定運動療法水治療法物理療法救急ＡＤＬ・作業療法言語療法自立支援機器衛生・防災 介護用入浴機器自宅のトイレ・洗面などの居住環境を再現。整容動作やトイレ動作、立ち上がり動作などの日常生活動作のトレーニング・シミュレーションが行えます。本体に各ユニットを取り付けるだけの簡単操作。1台の昇降ユニットをベースに、各ユニットの取り付けが可能。交換も簡単です。設置工事は不要。必要設備は家庭用コンセントだけ。給排水工事の必要はありません。本体に各ユニットを取り付けるだけで、さまざまなトレーニングが可能です。洗面ユニット（独立タイプ）2080トイレユニット（片壁タイプ）70018009001303208013037001800トイレユニット¥105,0003509005501303550350900昇降ユニット¥530,000トイレユニット（両壁タイプ）立ち上がり椅子ユニット（片壁タイプ）ADLシミュレーションシステム","居宅復帰のためのシミュレーションや日常生活動作での評価に。
ADLシミュレーションシステム
自宅のトイレ・洗面などの居住環境を再現。
整容動作やトイレ動作、立ち上がり動作などの日常生活動作のトレーニング・シミュレーションが行えます。
評価測定本体に各ユニットを取り付けるだけの簡単操作。
1台の昇降ユニットをベースに、各ユニットの取り付けが可能。交換も簡単です。
設置工事は不要。
運動療法
必要設備は家庭用コンセントだけ。給排水工事の必要はありません。
水治療法
物理療法システム組み合わせ例　用途に応じて多様な組み合わせが可能です。
本体に各ユニットを取り付けるだけで、さまざまなトレーニングが可能です。
救急
トイレユニット（両壁タイプ）トイレユニット（片壁タイ2プ08）01303
ＡＤＬ・20801303
作業療法
4
言語療法13441343441344
1
自立支援700
機器1800
700350
1800900
350
衛生・900
防災 
2080130320801303
介護用
入浴機器1303
＋＋＋＋
1303
44
134134344344
11
0
43
37
ADL70040370014
トレーニング18003471800
昇降ユニットトイレユニット壁面ユニット1昇降3ユ5ニ0ットトイレユニット壁面3ユ50ニット
¥530,000¥105,000¥700,000 × 2¥530,000900¥105,000¥700,009000
スプリント
合計　¥2,035,000350合計　5¥510,335,000
手芸・工作900
350550
900
上肢運動
13031303
立ち上がり椅子ユニット（片壁タイプ）洗面ユニット（独立タイプ）
プレイ
セラピィ
テーブル
関連
00
4343
347347
11
350550350550
900900
※車椅子は別売り
＋＋＋
昇降ユニット立上り椅子ユニット壁面ユニット昇降ユニット洗面ユニット
¥530,000¥205,000¥700,000¥530,000¥120,000
合計　¥1,435,000合計　¥650,000
204"
206,MMTXV4FPLPD8F,ADL・作業療法,ADLトレーニング,"壁面ユニットAD-110L （左用） AD-110R （右用） AD-110U （左右両用） 立上り椅子ユニット 送料 C¥205,000AD-140 昇降ユニットAD-100 洗面ユニットAD-120 評価測定運動療法水治療法物理療法救急ＡＤＬ・作業療法言語療法自立支援機器衛生・防災 介護用入浴機器  ADLトレーニングスプリント手芸・工作上肢 運動プレ イセラ ピィテー ブル関連トイレユニットAD-130 AD-110R寸法質量1420（Ｌ）×780（Ｄ）×1510（Ｈ）mmAD-110L・110R／66kg、AD-110U／77kg送料 A¥50,000取付例送料 C¥105,000オプション  AD-100用座面高370〜570mm外形／550（Ｌ）×500（Ｄ）×475（H）ｍｍ座面高／370～570ｍｍ質量9kgトイレでの動作確認・評価に。背もたれに寄りかかることもできます。205送料 チャーター便¥530,000取付例便座高370〜570mm送料 C¥120,000適応洗面高のテストや手洗い・整容動作の練習に。寸法寸法外形／550（Ｌ）×370（Ｄ）×440（H）ｍｍ便座高／370～570ｍｍ質量7kg送料 チャーター便¥700,000¥700,000¥988,000取付例壁面までの距離や手すり位置を自在に設定。※壁面ユニット単体での設置はできません。昇降ユニットへの設置が必要です。※左右両用タイプは昇降ユニットの左右どちら側にも取り付けられます。60W（50Hz）55W（60Hz）洗面高650〜850mm外形／500（Ｌ）×550（Ｄ）×270（H）ｍｍ洗面高／650～850ｍｍ質量4kgシミュレーションシステムの基本ベース。580（Ｌ）×525（Ｄ）×1190（H）ｍｍ寸法50kg質量電源単相100V（50/60Hz）15A電源入力 65VA電力自立用金具AD-105 昇降ユニットを固定できないときの設置用オプション。※昇降ユニットは壁面アンカー固定を推奨します。座面の角度も調節可能。寸法","評価測定
運動療法
水治療法
物理療法
AD-110R
救急
ＡＤＬ・
昇降ユニット送料 チャーター便壁面ユニット送料 チャーター便作業療法
AD-100  ¥530,000AD-110L（ 左用） ¥700,000
AD-110R（ 右用） ¥700,000
シミュレーションシステムの基本ベース。言語療法
AD-110U（ 左右両用） ¥988,000
寸法580（Ｌ）×525（Ｄ）×1190（H）ｍｍ
質量50kg壁面までの距離や手すり位置を自在に設定。
電源単相100V（50/60Hz）15A※壁面ユニット単体での設置はできません。昇降ユニットへの設置が必要です。自立支援
※左右両用タイプは昇降ユニットの左右どちら側にも取り付けられます。機器
電源入 力65VA
電力60W（50Hz）55W（60Hz）寸法1420（Ｌ）×780（Ｄ）×1510（Ｈ）mm
質量AD-110L・110R／66kg、AD-110U／77kg衛生・
オプション  AD-100用防災 
自立用金具送料 A
介護用
AD-105  ¥50,000入浴機器
昇降ユニットを固定できないときの設置用オプション。
※昇降ユニットは壁面アンカー固定を推奨します。
ADL
トレーニング
スプリント
手芸・工作
上 肢運動
プ レイ
セ ラピィ
テ ーブル
関連
取付例取付例取付例
便座高座面高
370〜570370〜570
mmmm
洗面高
650〜850
mm
洗面ユニット送料 Cトイレユニット送料 C立上り椅子ユニット 送料 C
AD-120 ¥120,000AD-130 ¥105,000AD-140 ¥205,000
適応洗面高のテストや手洗い・整容トイレでの動作確認・評価に。座面の角度も調節可能。
動作の練習に。背もたれに寄りかかることもできます。寸法外形／550（Ｌ）×500（Ｄ）×475（H）ｍｍ
座面高／370～570ｍｍ
寸法外形／500（Ｌ）×550（Ｄ）×270（H）ｍｍ寸法外形／550（Ｌ）×370（Ｄ）×440（H）ｍｍ
洗面高／650～850ｍｍ便座高／370～570ｍｍ質量9kg
質量4kg質量7kg
205"
207,MMTXV4GX6FI42,ADL・作業療法,ADLトレーニング,"80239411280ADLトレーニングユニットSAS-410   移動壁ユニットAD-220 固定壁ユニットAD-200 便座ユニットAD-210 評価測定運動療法水治療法物理療法救急ＡＤＬ・作業療法言語療法自立支援機器衛生・防災 介護用入浴機器 ADLトレーニングスプリント手芸・工作上肢運動プレイセラピィテーブル関連AD-200※エクササイズブロックは別売です。AD-200AD-220壁面を左右どちら側にも移動可能。（特許番号 5723683号）一連のADL動作をリハビリテーション室でシミュレーション！エクササイズブロックとの組み合わせ例移動壁ユニットを左右にスライドさせることで、壁を左右どちらかに移動・設置することができます。手すりのシミュレーションに。移動壁面ユニットの両面に手すりがついているので、反対側でのトレーニングも可能です。AD-200AD-220206送料 K¥1,500,000¥380,000¥1,120,000送料 G¥1,120,000移動壁ユニットの横移動はキャスターで移動し、固定時はキャスターブレーキ及び移動壁ユニット上部の固定ノブにて固定します。移動壁ユニットを１式追加することで、両壁の環境設定も可能です。送料 G¥380,000送料 F¥120,000300（W）×1375（D）×1350～1610（H）mm縦手すりストローク／840mm横手すりストローク／260（床面から590～850）mm約80kg移動壁ユニット部／スチール製粉体塗装、手すり／ステンレス製粉体塗装1280（W）×740（D）×1245（H）mm約47kgフレーム／スチール製粉体塗装、アルミニウムアルマイト370（W）×540（D）×235（H）mm便座高／370・410・450mm（着脱調整式）約7kg便座ユニット部／スチール製粉体塗装¥380,000¥1,120,000¥200,000合計　¥1,700,000［セット構成］［セット構成］固定壁ユニット移動壁ユニットAD-220寸法質量材質昇降方式 縦手すり／スライド式、横手すり／フリーロック式ガススプリング付属品 トイレットペーパーホルダー（マグネット式）寸法質量材質寸法質量材質その他 便座／ＴＯＴＯ（株）社製固定壁ユニット移動壁ユニットエクササイズブロック EXB-100※電源、給排水工事、アンカー固定などの工事は一切必要ありません。※移動式ではありませんので移設の際には各ユニットを外す作業が発生し、調整が必要となります。多様な組み合わせで、トレーニングの幅が広がります。ＡＤLトレーニングユニット","一連のADL動作をリハビリテーション室でシミュレーション！
ＡＤLトレーニングユニット
多様な組み合わせで、トレーニングの幅が広がります。
評価測定AD-200ADLトレーニングユニット送料 K
SAS-410   ¥1,500,000
壁面を左右どちら側にも移動可能。（特許番号 5723683号）
運動療法
移動壁ユニットを左右にスライドさせることで、壁を左右どちらかに移
動・設置することができます。
水治療法手すりのシミュレーションに。
移動壁面ユニットの両面に手すりがついているので、反対側でのトレー
ニングも可能です。
物理療法
1280
救急［セット構成］08
固定壁ユニットAD-200¥380,0002
移動壁ユニットAD-220¥1,120,0003
9
4
ＡＤＬ・1
作業療法
AD-220
言語療法
移動壁ユニット送料 G
自立支援AD-220 ¥1,120,000
機器
移動壁ユニットの横移動はキャスターで移動し、固定時はキャスターブ
レーキ及び移動壁ユニット上部の固定ノブにて固定します。移動壁ユ
衛生・
防災 ニットを１式追加することで、両壁の環境設定も可能です。
寸法300（W）×1375（D）×1350～1610（H）mm
縦手すりストローク／840mm
介護用横手すりストローク／260（床面から590～850）mm
入浴機器質量約80kg
材質移動壁ユニット部／スチール製粉体塗装、手すり／ステンレス製粉体塗装
昇降方 式縦手すり／スライド式、横手すり／フリーロック式ガススプリング
付属 品トイレットペーパーホルダー（マグネット式）
ADL
トレーニング※エクササイズブロックは別売です。固定壁ユニット送料 G
スプリントAD-200  ¥380,000
寸法1280（W）×740（D）×1245（H）mm
手芸・工作質量約47kg
材質フレーム／スチール製粉体塗装、アルミニウムアルマイト
上肢運動
プレイ
セラピィ
便座ユニット送料 F
テーブル
関連AD-210 ¥120,000
寸法370（W）×540（D）×235（H）mm
便座高／370・410・450mm（着脱調整式）
質量約7kg
材質便座ユニット部／スチール製粉体塗装
その 他便座／ＴＯＴＯ（株）社製
エクササイズブロックとの組み合わせ例
［セット構成］
固定壁ユニットAD-200¥380,000
移動壁ユニットAD-220¥1,120,000
エクササイズブロッ クEXB-100¥200,000
合計　¥1,700,000
※電源、給排水工事、アンカー固定などの工事は一切
必要ありません。
※移動式ではありませんので移設の際には各ユニット
を外す作業が発生し、調整が必要となります。
206"
208,MMTXV4IA126LX,ADL・作業療法,ADLトレーニング,"詳しくはP.263詳しくはP.263詳しくはP.262ADLキッチンストレートタイプSAD-100L （棚付、シンク左側） SAD-100R （棚付、シンク右側） ADLキッチンセパレートタイプSAD-110L （棚なし、シンク左側） SAD-110R （棚なし、シンク右側） SAD-100L寸法外形／1904（W）×774（D）×2303（H）mmシンク／600（W）×400（D）×120（H）mm流し台上面高／650～900（H）mm棚下面高／1000～1395（H）mm約260kg質量安全装置 流し台平面センサー、棚下降安全機構排水水栓40Aシャワーホース付シングルレバー混合水栓給湯水 各15A昇降方式 電動アクチュエーター方式電源単相100V15A、単相200V20A電源入力 300VA、4000VAその他 IHヒーター1口、ラジエントヒーター1口福祉施設や病院での作業療法・調理実習に。居宅復帰を応援する、各種自助具をそろえています。食事動作の自立をサポート207送料 チャーター便¥2,222,000¥2,222,000送料 チャーター便¥3,480,000¥3,480,000回す動作が楽にできる万能ハンドル“ピゲ”大きくて握りやすいグリップキッチンナイフ座ったままで操作が可能な抗菌性スイッチパネル挟み込み防止用平面センサー昇降しますSAD-110L外形／1904（W）×774（D）×1001（H）mmシンク／600（W）×400（D）×120（H）mm流し台上面高／650～900（H）mm質量約170kg安全装置 流し台平面センサー排水水栓給湯水40Aシャワーホース付シングルレバー混合水栓各15A昇降方式 電動アクチュエーター方式電源単相100V15A、単相200V20A電源入力 110VA、4000VAその他IHヒーター1口、ラジエントヒーター1口評価測定運動療法水治療法物理療法救急ＡＤＬ・作業療法言語療法自立支援機器衛生・防災 介護用入浴機器ADLトレーニングスプリント手芸・工作上肢 運動プレ イセラ ピィテー ブル関連暖かみのある木目調デザイン。家庭的な雰囲気を演出します。安全性を配慮。下降時の挟み込み事故を防ぐため、流し台 底 面に平 面センサー、流し台と棚の距離を制限する安全下降機構を備えています。衛生面にも配慮。スイッチには抗菌シートを採用しています。流し台と棚がそれぞれ昇降するストレートタイプ。※実際にご使用される場合には、レンジフード用ダクトが必要です。調理から摂食に必要な諸動作のトレーニングに。実際の調理や食器類の洗浄・収納動作など、上肢を中心とする多様なトレーニングが行えます。使用目的や設置環境に応じて2タイプからお選びいただけます。車椅子の方でも作業できる昇降タイプ。流し台の下がオープンスペースで、車椅子でのアプローチもできます。流し台の上面、下面の高さは表示窓で、棚の高さもスケールで簡単に確認できます。スイッチ類も1カ所で操作が簡単です。昇降棚のない流し台だけのタイプ。寸法スプーンホルダー調節式電動昇降式 ADLキッチン","福祉施設や病院での作業療法・調理実習に。
電動昇降式 ADLキッチン
調理から摂食に必要な諸動作のトレーニングに。暖かみのある木目調デザイン。
実際の調理や食器類の洗浄・収納動作など、上肢を中心とする多様な家庭的な雰囲気を演出します。
トレーニングが行えます。
使用目的や設置環境に応じて2タイプからお選びいただけます。安全性を配慮。評価測定
下降時の挟み込み
車椅子の方でも作業できる昇降タイプ。事故を防ぐため、流
流し台の下がオープンスペースで、車椅子でのアプローチもできます。し 台 底面に 平面セ運動療法
流し台の上面、下面の高さは表示窓で、棚の高さもスケールで簡単にンサー、流し台と棚
確認できます。スイッチ類も1カ所で操作が簡単です。の距離を制限する
安全下降機構を備水治療法
えています。
座ったままで操作が可能な挟み込み防止用平面セン
昇降します抗菌性スイッチパネルサー
物理療法
衛生面にも配慮。
スイッチには抗菌シートを採用しています。
救急
ＡＤＬ・
作業療法
言語療法
自立支援
機器
衛生・
防災 
介護用
入浴機器
SAD-110LSAD-100L
ADLキッチンセパレートタイプ送料 チャーター便ADLキッチンストレートタイプ送料 チャーター便
SAD-110L（ 棚なし、シンク左側） ¥2,222,000SAD-100L（ 棚付、シンク左側） ¥3,480,000ADL
SAD-110R（ 棚なし、シンク右側） ¥2,222,000SAD-100R（ 棚付、シンク右側） ¥3,480,000トレーニング
昇降棚のない流し台だけのタイプ。流し台と棚がそれぞれ昇降するストレートタイプ。スプリント
寸法外形／1904（W）×774（D）×1001（H）mm※実際にご使用される場合には、レンジフード用ダクトが必要です。
シンク／600（W）×400（D）×120（H）mm寸法外形／1904（W）×774（D）×2303（H）mm手芸・工作
流し台上面高／650～900（H）mmシンク／600（W）×400（D）×120（H）mm
質量約170kg流し台上面高／650～900（H）mm上 肢運動
安全装 置流し台平面センサー棚下面高／1000～1395（H）mm
排水40A質量約260kgプ レイ
水栓シャワーホース付シングルレバー混合水栓安全装 置流し台平面センサー、棚下降安全機構セ ラピィ
給湯水各15A排水40Aテ ーブル
昇降方 式電動アクチュエーター方式水栓シャワーホース付シングルレバー混合水栓関連
電源単相100V15A、単相200V20A給湯 水各15A
電源入 力110VA、4000VA昇降方 式電動アクチュエーター方式
その他IHヒーター1口、ラジエントヒーター1口電源単相100V15A、単相200V20A
電源入 力300VA、4000VA
その 他IHヒーター1口、ラジエントヒーター1口
居宅復帰を応援する、各種自助具をそろえています。
詳しくは詳しくは詳しくは
P.262P.263P.263
食事動作の自立をサポート回す動作が楽にできる大きくて握りやすいグリップ
スプーンホルダー調節式万能ハンドル“ピゲ”キッチンナイフ
207"
209,MMTXV4JNLQ6D6,ADL・作業療法,ADLトレーニング,"開放型浴室セットSAS-900   開放型浴槽SAD-901  洗い場SAD-902  昇降式洗面ユニットSAD-220  洗い場用ガードSAD-904 槽内台SAD-903 SAD-901［セット構成］開放型浴槽洗い場SAD-902寸法質量寸法質量送料 B¥136,000水深を430mmに設定可能。寸法 1140（L）×550（W）×130（H）mm質量 9kg質量駆動方式 電動アクチュエーター式排水給湯水昇降操作部 リモコンスイッチ電源電源入力 30VA（50Hz）25VA（60Hz）電力SAD-901SAD-902浴槽縁の一面を開放し、浴槽内の入浴動作の観察、介助、指導がスムーズに。 オプション  洗面高585〜785mm208送料 チャーター便¥1,502,0001式1式¥780,000¥722,000送料 チャーター便¥780,000送料 チャーター便¥722,000送料 B¥70,000洗い場からの転落事故を防止。寸法 820（W）×200（H）×φ22mm質量 1kg送料 H¥624,000上下昇降式の洗面ユニットで、それぞれの人に適した高さの調節が可能です。寸法外形／1890（L）×1150（W）×1075（H）mm浴槽内／1230（L）×600（W）×560（H）mm85kg1300（L）×900（W）×210～310（H）mm55kg外形／620（Ｗ）×650（Ｄ）×750（Ｈ）ｍｍ洗面高／585～785ｍｍ４０ｋｇ塩ビ排水ホース内径３０mm（排水管ＶＰ４０に接続）各15A単相100V（50/60Hz）15A30W（50Hz）25W（60Hz）評価測定運動療法水治療法物理療法救急ＡＤＬ・作業療法言語療法自立支援機器衛生・防災 介護用入浴機器ADLトレーニングスプリント手芸・工作上肢運動プレイセラピィテーブル関連指導・介助が簡単。浴槽への出入りが容易なので、最適な位置からの指導・介助ができます。移動用キャスター付。手軽に設置や移動が可能です。開放型浴槽と洗い場（昇降式）の基本セット。浴槽の長さや手すりの位置を調整可能。仕切りで浴槽底面長さを7段階に設定可能、手すりは上下10cm、前後2段階まで変更可能です。上下10cmで昇降でき、浴槽縁の高さ調整が可能。（特許番号4679742号）着衣のままトレーニング状況をしっかり観察。開放側から一連の入浴動作の状況が容易に観察でき、適切な指導に役立ちます。また動作の撮影がしやすく、画像を利用したフィードバックにも応用できます。開 放型浴室セット","浴槽縁の一面を開放し、浴槽内の入浴動作の観察、介助、指導がスムーズに。
 開放型浴室セット
着衣のままトレーニング状況をしっかり観察。指導・介助が簡単。
開放側から一連の入浴動作の状況が容易に観察でき、適切な指導に役浴槽への出入りが容易なので、最適な位置からの指導・介助ができます。
立ちます。また動作の撮影がしやすく、画像を利用したフィードバックに
評価測定も応用できます。移動用キャスター付。
手軽に設置や移動が可能です。
運動療法開放型浴室セット送料 チャーター便
SAS-900   ¥1,502,000
水治療法開放型浴槽と洗い場（昇降式）の基本セット。
SAD-901［セット構成］
開放型浴槽SAD-9011式¥780,000
物理療法洗い場SAD-9021式¥722,000
救急
開放型浴槽送料 チャーター便
ＡＤＬ・
作業療法SAD-901  ¥780,000
浴槽の長さや手すりの位置を調整可能。
SAD-902
仕切りで浴槽底面長さを7段階に設定可能、手すりは上下10cm、前後
言語療法
2段階まで変更可能です。
寸法外形／1890（L）×1150（W）×1075（H）mm
自立支援浴槽内／1230（L）×600（W）×560（H）mm
機器質量85kg
衛生・
防災 
洗い場送料 チャーター便
介護用SAD-902  ¥722,000
入浴機器
上下10cmで昇降でき、浴槽縁の高さ調整が可能。
（特許番号4679742号）
寸法1300（L）×900（W）×210～310（H）mm
質量55kg
ADL
トレーニング
スプリント
 オプション  
手芸・工作
槽内台送料 B洗い場用ガード送料 B
上肢運動SAD-903 ¥136,000SAD-904 ¥70,000
プレイ水深を430mmに設定可能。洗い場からの転落事故を防止。
セラピィ寸 法1140（L）×550（W）×130（H）mm寸 法820（W）×200（H）×φ22mm
テーブル質 量9kg質 量1kg
関連
昇降式洗面ユニット送料 H
SAD-220  ¥624,000
上下昇降式の洗面ユニットで、それぞれの人に適した高さ
洗面高
585〜785の調節が可能です。
mm
寸法外形／620（Ｗ）×650（Ｄ）×750（Ｈ）ｍｍ
洗面高／585～785ｍｍ
質量４０ｋｇ
駆動方 式電動アクチュエーター式
排水塩ビ排水ホース内径３０mm（排水管ＶＰ４０に接続）
給湯水各15A
昇降操作 部リモコンスイッチ
電源単相100V（50/60Hz）15A
電源入 力30VA（50Hz）25VA（60Hz）
電力30W（50Hz）25W（60Hz）
208"
210,MMTXV4LU60MA4,ADL・作業療法,ADLトレーニング,"詳しくはP.136送料 C座位から立位でのトレーニングにも対応。ポール（支柱）は、大・小の２種類を標準装備。座位から立位にまで、幅広いトレーニングに対応します。輪の扱いやすさにも考慮。柔らかいプラスチックチューブ素材を輪状にしています。表面もすべりにくくなっていて、扱いやすくしています。専用記録シートによる結果のスコアリングを実現。専用の記録シートでトレーニング結果をスコア化することができます。これにより、経時的な改善状況が把握しやすいとともに、患者や院内スタッフへのフィードバックが行いやすくなります。TT-200（L型） リーチング・エクササイザー 　送料 B¥150,000SOT-700   脳血管疾患におけるプッシャー症候群の早期改善と、身体の姿勢支持機能向上トレーニングに。輪の取り入れ作業は、脳卒中片麻痺患者に対して輪を目標（ポール）に向かって十分にリーチさせて渡し、取り出していく作業動作を通じて、非麻痺側での支持性を高めながら動的バランス能力を確実に高めていく運動プログラムです。トランスファー手すり車椅子からプラットホームへのトランスファーを安全にサポート。TT-100（T型） 209¥120,000¥110,000寸法 ①支柱・大／φ500×700～1800（Ｈ）ｍｍ支柱直径／ベース部/48ｍｍ、中間部/38ｍｍ、先端部/26ｍｍ②支柱・小／φ400×400～700（Ｈ）ｍｍ支柱直径／ベース部/38ｍｍ、先端部/26ｍｍ③サイドバー／φ21（φ16）×310（Ｌ）ｍｍ④輪／φ175ｍｍ質量 ①支柱・大／5.0ｋｇ②支柱・小／3.0ｋｇ③サイドバー／100ｇ④輪／各約130ｇ材質 ①支柱／プラスチック、スチール②サイドバー、輪／プラスチックその他 ①支柱・大／サイドバー取り付け穴/17箇所（100ｍｍピッチ）②支柱・小／サイドバー取り付け穴/6箇所（100ｍｍピッチ）［構成］支柱・大、支柱・小、サイドバー（２本）、輪（１０個）、簡易設置状態シート専用記録シート寸法 外形／650（L）×800（W）×815（H）mm手すり径／φ27.2mm有効手すり長さ／360mm（短部）/510mm（長部）質量 約26kg耐荷重 50kg以下材質 手すり部／スチール製、粉体塗装ベース／ステンレス製、粉体塗装キャスター部／樹脂製寸法 外形／650（L）×600（W）×815（H）mm手すり径／φ27.2mm有効手すり長さ／255mm（短部）/360mm（長部）質量 約18kg耐荷重 50kg以下材質 手すり部／スチール製、粉体塗装ベース／ステンレス製、粉体塗装キャスター部／樹脂製立位使用例動的バランス能力のトレーニングTT-200（L型）TT-100（T型）座位使用例立ち上がり動作のトレーニング評価測定運動療法水治療法物理療法救急ＡＤＬ・作業療法言語療法自立支援機器衛生・防災 介護用入浴機器ADLトレーニングスプリント手芸・工作上肢 運動プレ イセラ ピィテー ブル関連","リーチング・エクササイザー 　送料 B
SOT-700   ¥150,000
脳血管疾患におけるプッシャー症候群の早期改善と、身体
の姿勢支持機能向上トレーニングに。
輪の取り入れ作業は、脳卒中片麻痺患者に対して輪を目標（ポール）に
向かって十分にリーチさせて渡し、取り出していく作業動作を通じて、
非麻痺側での支持性を高めながら動的バランス能力を確実に高めてい
く運動プログラムです。
評価測定
座位から立位でのトレーニングにも対応。
ポール（支柱）は、大・小の２種類を標準装備。座位から立位にまで、幅
広いトレーニングに対応します。運動療法
輪の扱いやすさにも考慮。
柔らかいプラスチックチューブ素材を輪状にしています。表面もすべり水治療法
にくくなっていて、扱いやすくしています。
専用記録シートによる結果のスコアリングを実現。
物理療法
専用の記録シートでトレーニング結果をスコア化することができます。
これにより、経時的な改善状況が把握しやすいとともに、患者や院内ス
タッフへのフィードバックが行いやすくなります。救急
寸 法①支柱・大／φ500×700～1800（Ｈ）ｍｍ
支柱直径／ベース部/48ｍｍ、中間部/38ｍｍ、先端部/26ｍｍ
②支柱・小／φ400×400～700（Ｈ）ｍｍ
ＡＤＬ・
支柱直径／ベース部/38ｍｍ、先端部/26ｍｍ
作業療法
③サイドバー／φ21（φ16）×310（Ｌ）ｍｍ④輪／φ175ｍｍ
質 量①支柱・大／5.0ｋｇ②支柱・小／3.0ｋｇ
③サイドバー／100ｇ④輪／各約130ｇ
言語療法
材 質①支柱／プラスチック、スチール②サイドバー、輪／プラスチック
その 他①支柱・大／サイドバー取り付け穴/17箇所（100ｍｍピッチ）
②支柱・小／サイドバー取り付け穴/6箇所（100ｍｍピッチ）
自立支援
［構成］支柱・大、支柱・小、サイドバー（２本）、輪（１０個）、簡易設置状態シート
機器
衛生・
防災 
介護用
入浴機器
ADL
トレーニング
スプリント
座位使用例立位使用例専用記録シート
手芸・工作
立ち上がり動作のトレーニング動的バランス能力のトレーニング
上 肢運動
プ レイ
セ ラピィ
テ ーブル
関連
トランスファー手すり送料 C
車椅子からプラットホームへのトランスファーを安全にサ
ポート。
TT-100（T型） ¥120,000
寸 法外形／650（L）×800（W）×815（H）mm
手すり径／φ27.2mm
有効手すり長さ／360mm（短部）/510mm（長部）
質 量約26kg
耐荷 重50kg以下
材 質手すり部／スチール製、粉体塗装
ベース／ステンレス製、粉体塗装
キャスター部／樹脂製
TT-200（L型） ¥110,000
寸 法外形／650（L）×600（W）×815（H）mm
手すり径／φ27.2mm
TT-200（L型）
有効手すり長さ／255mm（短部）/360mm（長部）
質 量約18kg
耐荷 重50kg以下
材 質手すり部／スチール製、粉体塗装
詳しくはベース／ステンレス製、粉体塗装
P.136
TT-100（T型）キャスター部／樹脂製
209"
211,MMTXV4NLONQRL,ADL・作業療法,スプリント,−−−−評価測定運動療法水治療法物理療法救急ＡＤＬ・作業療法言語療法自立支援機器衛生・防災 介護用入浴機器カタログ関節炎や拘縮、痙攣がある箇所の固定・保持に。WEBはこちら加熱時のシートの柔らかさや伸び加減を表しています。伸張性が高いほど柔らかく伸び、指や手関節など細かい凹凸も滑らかに包み込みます。伸張性の低い（伸びにくい）素材は肘や下肢、痙性用のスプリントに適しています。商品名ポリフォームポリフレックスⅡアクアプラストテイラースプリントイージーフォーム伸張性コーティング厚さ穴のあき方お湯で軟化させ、自由に成形できるプラスチック製のスプリントシート。多彩な素材と種類の中から、用途や部位に合わせて最適なものをお選びいただけます。穴なし硬く、高い強度があります。1％〜2.5％穴あき適度に空いている穴を利用して、ハサミを使うことで作業効率があがります。19％〜42％穴あき優れた通気性があり、軽量です。強度を必要とする場合は厚いシートを選んでください。特長加熱時に非常に柔らかくなるため、重力を利用するだけで、細部の凹凸に柔軟に対応できます。ポリフォームでは、伸張性が高すぎると感じる方にも程良い伸張性で扱いやすい素材です。100%の形状記憶性があり、サイズや色も豊富なので、多様な使い分けができます。各種スプリントの長所を集約した万能タイプの素材です。伸張性が低く、仕上がりも硬いので、大きな関節や、痙性の予防用スプリント向きです。2101.6mm  軽くて薄いので、小児や指、手のひらに適しています。2.4mm  軽く適度なサポート力があり、関節炎などを保護したり、親指から上腕部に適しています。3.2mm  しっかりとサポートでき、上肢～下肢、骨折などに適しています。コーティング形状記憶性100％ADLトレーニングスプリント手芸・工作上肢運動プレイセラピィテーブル関連表面をコーティングしてある素材は、加熱時でも 指 紋 が つ いたりベタつかずに き れ い に 仕上がります。加熱時の伸張性特に高い（とても伸びる）高い（よく伸びる）○　（べたべたしない）標準（ふつう）低い（伸びにくい）×　（自着する）スプリントシートの選び方の目安ロリアンスプリント 単品,"関節炎や拘縮、痙攣がある箇所の固定・保持に。
単品
ロリアンスプリント カタログ
お湯で軟化させ、自由に成形できる
評価測定プラスチック製のスプリントシート。
多彩な素材と種類の中から、用途や部位に合わ
運動療法せて最適なものをお選びいただけます。
水治療法
WEBはこちら
物理療法
救急
ＡＤＬ・
作業療法
言語療法
自立支援
機器
衛生・
防災 
介護用
入浴機器
ADL
トレーニング
スプリントシートの選び方の目安
スプリント
伸張性コーティング厚さ穴のあき方
手芸・工作
加熱時のシートの柔らかさや表面をコーティ1.6mm  穴なし
伸び加減を表しています。ングしてある素軽くて薄いので、小児や指、手のひらに適しています。硬く、高い強度があります。
上肢運動
伸張性が高いほど柔らかく伸材は、加熱時で
2.4mm  1％〜2.5％穴あき
プレイび、指や手関節など細かい凹 も 指 紋 が つい
セラピィ軽く適度なサポート力があり、関節炎などを保護した適度に空いている穴を利用して、ハサミを使
凸も滑らかに包み込みます。たりベタつかず
テーブルり、親指から上腕部に適しています。うことで作業効率があがります。
関連伸張性の低い（伸びにくい）素 に き れ い に仕
3.2mm  19％〜42％穴あき
材は肘や下肢、痙性用のスプ上がります。
しっかりとサポートでき、上肢～下肢、骨折などに適し優れた通気性があり、軽量です。強度を必要
リントに適しています。
ています。とする場合は厚いシートを選んでください。
商品名加熱時の伸張性コーティング形状記憶性特長
加熱時に非常に柔らかくなるため、重力を利用するだけで、細部
ポリフォーム特に高い（とても伸びる）−
の凹凸に柔軟に対応できます。
ポリフォームでは、伸張性が高すぎると感じる方にも程良い伸張
ポリフレックスⅡ高い（よく伸びる）−
性で扱いやすい素材です。
○　（べたべたしない）
100%の形状記憶性があり、サイズや色も豊富なので、多様な使
アクアプラスト100％
い分けができます。
標準（ふつう）
テイラースプリント−各種スプリントの長所を集約した万能タイプの素材です。
伸張性が低く、仕上がりも硬いので、大きな関節や、痙性の予防
イージーフォーム低い（伸びにくい）×　（自着する）−
用スプリント向きです。
210"
212,MMTXV4PGPKGQ5,ADL・作業療法,スプリント,"色色色色色評価測定運動療法水治療法物理療法救急ＡＤＬ・作業療法言語療法自立支援機器衛生・防災 介護用入浴機器〈届出番号13B2X00081000014〉一般（副木）〈届出番号13B2X00081000014〉一般（副木）〈届出番号13B2X00081000014〉一般（副木）〈届出番号13B2X00081000014〉一般（副木）送料 A入数1枚ホワイト4枚送料 A入数ホワイト 1枚仕上がり硬度 硬  加熱温度 65 〜 70℃  伸張性 高  コーティング 有り A292-901 ¥15,200A292-902 ¥16,300A292-7仕上がり硬度 硬  加熱温度 70 〜 75℃  伸張性 低  自着性 有り 仕上がり硬度 硬  加熱温度 65 〜 70℃  伸張性 高  コーティング 有り ポリフォームポリフォームライトA292-13仕上がり硬度 標準  加熱温度 65 〜 70℃  伸張性 標準  コーティング 有り A297-001 ¥68,400A297-002 ¥70,600A297-010 ¥65,100A297-011 ¥67,300A297-003 ¥42,400ポリフォームよりも若干伸縮性をセーブ。程よい伸縮性と滑らかな仕上がりで扱いやすい素材です。大きな関節や安静用のスプリント作成に最適。でき上がりが硬く、自着性があるので、モールディングの際にずれにくくなっています。伸縮性が低く、加温時でも型崩れがしにくい素材です。¥38,000¥36,400211ポリフォームテイラースプリントポリフレックスⅡイージーフォーム3.2穴なしホワイト 1枚1％穴あき1.6穴なし ホワイト 4枚作成例3.2穴なし1％穴あき2.4穴なしベージュ（淡）1％穴あき1.6穴なしADLトレーニングスプリント手芸・工作上肢 運動プレ イセラ ピィテー ブル関連作成例送料 A型式価格入数入数送料 A入数型式A577-01A577-04価格¥19,000¥20,4004枚作成例寸法（mm） 厚さ（mm） 形状中判460×6102.4穴なし1％穴あき小判305×4601.6穴なし作成例寸法（mm） 厚さ（mm） 形状中判460×6103.2穴なし1％穴あき作成例価格型式¥17,400A292-01A292-012 ¥17,800寸法（mm） 厚さ（mm） 形状中判460×610型式価格寸法（mm） 厚さ（mm） 形状小判305×460作成例型式価格寸法（mm） 厚さ（mm） 形状中判460×610小判305×460複雑な凹凸でも形を整えやすく、仕上がりも頑丈。抜群の装着感。ドレープ法での作成です。厚さの使い分けでほとんどのスプリントに対応。各種スプリント素材の長所を集約した素材。テイラー（仕立て屋）の商品名は、その仕上がりの美しさから名付けられました。","作成例
作成例
評価測定
運動療法
水治療法
作成例
物理療法
ポリフォーム送料 AポリフレックスⅡ送料 A
〈届出番号13B2X00081000014〉一般（副木）〈届出番号13B2X00081000014〉一般（副木）
救急
複雑な凹凸でも形を整えやすく、仕上がりも頑丈。抜群のポリフォームよりも若干伸縮性をセーブ。
装着感。ドレープ法での作成です。程よい伸縮性と滑らかな仕上がりで扱いやすい素材です。
ＡＤＬ・
作業療法
仕上がり硬度  硬 加熱温度 6 5 〜70 ℃ 伸張性  高 コーティング 有 り仕上がり硬度  硬 加熱温度 6 5 〜70 ℃ 伸張性  高 コーティング 有 り
ポリフォーム型式価格寸法（mm ）厚さ（mm ）形状色入数
言語療法
型式価格寸法（mm ）厚さ（mm ）形状色入数A292-90 1¥15,200中判穴なし
2.41枚
A292-01¥17,400中判穴なしA292-90 2¥16,300460×6101％穴あき
3.2ホワイ ト1枚ホワイト
A292-01 2¥17,800460×6101％穴あき小判自立支援
A292-7¥38,000305×4601.6穴なし4枚機器
ポリフォームライト
型式価格寸法（mm ）厚さ（mm ）形状色入数
衛生・
小判防災 
A292-13¥36,4001.6穴な しホワイ ト4枚
305×460
介護用
入浴機器
ADL
トレーニング
スプリント
手芸・工作
作成例
上 肢運動
プ レイ
セ ラピィ
テ ーブル
関連
作成例
作成例
テイラースプリント送料 Aイージーフォーム送料 A
〈届出番号13B2X00081000014〉一般（副木）〈届出番号13B2X00081000014〉一般（副木）
厚さの使い分けでほとんどのスプリントに対応。大きな関節や安静用のスプリント作成に最適。
各種スプリント素材の長所を集約した素材。テイラー（仕立て屋）の商でき上がりが硬く、自着性があるので、モールディングの際にずれにく
品名は、その仕上がりの美しさから名付けられました。くなっています。
伸縮性が低く、加温時でも型崩れがしにくい素材です。
仕上がり硬度 標 準 加熱温度 6 5 〜70 ℃ 伸張性 標 準 コーティング 有 り
仕上がり硬度  硬 加熱温度 7 0 〜75 ℃ 伸張性  低 自着性 有 り
型式価格寸法（mm ）厚さ（mm ）形状色入数
A297-00 1¥68,400穴なし型式価格寸法（mm ）厚さ（mm ）形状色入数
3.2
A297-00 2¥70,600中判1％穴あきA577-01¥19,000中判穴なし
3.2ホワイ ト1枚
A297-01 0¥65,100460×610穴なしベージュA577-04¥20,400460×6101％穴あき
A297-01 1¥67,3002.41％穴あき（淡）4枚
小判
A297-00 3¥42,4001.6穴なし
305×460
211"
213,MMTXV4RSPA1ML,ADL・作業療法,スプリント,"ーA963-23A963-24色ーーーーー評価測定運動療法水治療法物理療法救急ＡＤＬ・作業療法言語療法自立支援機器衛生・防災 介護用入浴機器※シートの厚さや製造ロットによって、商品の色が写真と異なる場合があります。〈届出番号13B2X00081000014〉一般（副木）アクアプラスト-T〈届出番号13B2X00081000014〉一般（副木）アクアプラストウォーターカラーズ 送料 AウルトラスィンA964-22   〈届出番号13B2X00081000014〉一般（副木）ベージュA962-31A962-32A962-57A962-58A962-41A962-42レッドA963-110A963-111A963-112A963-113作成例（ダイナミックスプリント）4.81.66106.43.29.53.2送料 A入数穴なし3.242％穴あき1％穴あき穴なし2.438％穴あきホワイト 1枚2％穴あき穴なし19％穴あき1.613％穴あき形状穴なし19％穴あき穴なし19％穴あき穴なし19％穴あき送料 A¥8,700仕上がり硬度 標準  加熱温度 70 〜 75℃  伸張性 標準  コーティング 有り  形状記憶 100％ 仕上がり硬度 標準  加熱温度 70 〜 75℃  伸張性 標準  コーティング 有り  形状記憶 100％ 形状記憶100％の素材で加熱すると透明になり、作成のタイミングが一目で確認可能。ピンチ＆ラップテクニックで簡単にモールディングすることができるので養成校などでも広く導入されています。鮮やかな発色のアクアプラスト。小児用スプリントに多用されています。［共通］テープ状のアクアプラスト。エッジの上に当ててヒートガンで加熱すれば、簡単にエッジ処理や補強が行えます。アクアプラストの素材を空洞のチューブ状に。アクアプラストはもちろん、ほかのスプリント素材と組み合わせてダイナミックスプリントなどを作成できます。価格型式¥21,200A962-10¥22,900A962-20¥22,200A962-30¥15,400A962-70¥18,200A962-71A962-090 ¥16,600¥13,000A962-40¥17,200A962-54A962-541 ¥17,200寸法（mm） 厚さ（mm） 形状中判460×610価格¥23,200¥24,300¥17,200¥18,900¥15,700¥18,900厚さ（mm）3.22.41.6212アクアチューブADLトレーニングスプリント手芸・工作上肢運動プレイセラピィテーブル関連寸法 中判460×610mm入数 1枚パープルA963-100A963-101A963-102A963-103送料 A寸法 1.9cm×7.6m入数ホワイト 1本作成例チャコール（墨）A963-32A963-21型式価格 長さ（mm）外径（mm）内径（mm） 色A962-51（細） ¥2,000A962-52（中） ¥2,400A962-53（太） ¥3,200","アクアプラスト-T送料 A
作成例〈届出番号13B2X00081000014〉一般（副木）
仕上がり硬度 標 準 加熱温度 7 0 〜75 ℃ 伸張性 標 準 コーティング 有 り 形状記憶 100 ％
形状記憶100％の素材で加熱すると透明になり、作成のタ
イミングが一目で確認可能。
ピンチ＆ラップテクニックで簡単にモールディングすることができるの
で養成校などでも広く導入されています。
評価測定型式価格寸法（mm ）厚さ（mm ）形状色入数
A962-10¥21,200穴なし
A962-20¥22,9003.242％穴あき
運動療法A962-30¥22,2001％穴あき
A962-70¥15,400穴なし
中判
A962-71¥18,2002.438％穴あきホワイ ト1枚
460×610
水治療法A962-09 0¥16,6002％穴あき
A962-40¥13,000穴なし
A962-54¥17,2001.619％穴あき
物理療法
A962-54 1¥17,20013％穴あき
救急
ＡＤＬ・
作業療法
言語療法
自立支援
機器
アクアプラストウォーターカラーズ 送料 A
衛生・〈届出番号13B2X00081000014〉一般（副木）
防災 
仕上がり硬度 標 準 加熱温度 7 0 〜75 ℃ 伸張性 標 準 コーティング 有 り 形状記憶 100 ％
介護用鮮やかな発色のアクアプラスト。小児用スプリントに多用さ
入浴機器
れています。
［共通］
寸 法中判460×610mm
入 数1枚
ADLチャコール（墨）ベージュレッドパープル価格厚さ（mm）形状
トレーニング
A963-32A962-31A963-110A963-100¥23,200穴なし
3.2
スプリントA963-21A962-32A963-111A963-101¥24,30019％穴あき
ーA962-57A963-112A963-102¥17,200穴なし
手芸・工作ーA962-58A963-113A963-103¥18,9002.419％穴あき
A963-23A962-41ーー¥15,700穴なし
上肢運動1.6
A963-24A962-42ーー¥18,90019％穴あき
プレイ※シートの厚さや製造ロットによって、商品の色が写真と異なる場合があります。
セラピィ
テーブル
関連
作成例（ダイナミックスプリント）
アクアチューブ送料 Aウルトラスィン送料 A
〈届出番号13B2X00081000014〉一般（副木）A964-22   ¥8,700
アクアプラストの素材を空洞のチューブ状に。テープ状のアクアプラスト。
アクアプラストはもちろん、ほかのスプリント素材と組み合わせてダイエッジの上に当ててヒートガンで加熱すれば、簡単にエッジ処理や補強
ナミックスプリントなどを作成できます。が行えます。
寸 法1.9cm×7.6m
型式価 格長さ（mm）外径（mm）内径（mm ）色入数
A962-51（細 ）¥2,0004.81.6
A962-52（中 ）¥2,4006106.43.2ホワイ ト1本
A962-53（太 ）¥3,2009.53.2
212"
214,MMTXV4VHFT1VV,ADL・作業療法,スプリント,シェル・スプリント適応：槌指（マレット指）サムスパイカ・スプリント適応：母指CM関節症などハンド・スプリント適応：手部のアーチ保持ギプス固定除去後の手関節の保護橈骨遠位端骨折の不全骨折DIP関節の疼痛・炎症など手内の関節痛の安静固定サーカムフィンガー・スプリント適応：手指PIP関節の疼痛・炎症などサーカムカックアップ・スプリント適応：手関節の疼痛・炎症などスタック・スプリント適応：槌指（マレット指）スワンネック・スプリント適応：スワンネック変形ナックル・スプリント適応：基節骨骨折（安定型）の保存療法動画はこちら動画はこちら動画はこちら動画はこちら動画はこちら動画はこちら動画はこちら動画はこちら検索213アクアプラストを使用した手指の骨折などに対応する各種スプリントの動画解説です。フィンガー・スプリントハンド&リスト・スプリント監修：奥村修也先生（常葉大学保健医療学部作業療法学科教授）評価測定運動療法水治療法物理療法救急ＡＤＬ・作業療法言語療法自立支援機器衛生・防災 介護用入浴機器ADLトレーニングスプリント手芸・工作上肢 運動プレ イセラ ピィテー ブル関連スプリント　簡易解説,"アクアプラストを使用した手指の骨折などに対応する各種スプリントの動画解説です。
監修：奥村修也先生（常葉大学保健医療学部作業療法学科教授）
スプリント　簡易解説検索
フィンガー・スプリント
評価測定
運動療法
水治療法
スタック・スプリントシェル・スプリントサーカムフィンガー・スプリント
物理療法
適応：槌指（マレット指）適応：槌指（マレット指）適応：手指PIP関節の疼痛・炎症など
DIP関節の疼痛・炎症など
動画はこちら動画はこちら動画はこちら救急
ＡＤＬ・
作業療法
言語療法
自立支援
機器
衛生・
防災 
介護用
入浴機器
スワンネック・スプリントサムスパイカ・スプリント
適応：スワンネック変形適応：母指CM関節症など
動画はこちら動画はこちら
ADL
トレーニング
スプリント
手芸・工作
上 肢運動
プ レイ
セ ラピィ
ハンド&リスト・スプリント
テ ーブル
関連
ナックル・スプリントハンド・スプリントサーカムカックアップ・
適応：基節骨骨折（安定型）の保存療法適応：手部のアーチ保持スプリント
手内の関節痛の安静固定適応：手関節の疼痛・炎症など
ギプス固定除去後の手関節の保護
橈骨遠位端骨折の不全骨折
動画はこちら動画はこちら動画はこちら
213"
215,MMTXV4Y6SU26E,ADL・作業療法,スプリント,"〈届出番号13B2X00081000022〉一般（副木）〈届出番号13B2X00081000022〉一般（副木）〈届出番号13B2X00081000022〉一般（副木）〈届出番号13B2X00081000022〉一般（副木）送料 A作成例送料 Aよく使うカタチにカット済み、採型・カットの手間を省力化。214ドーサル・コックアップファンクショナルポジションガントレット・サムスパイカレスティングパンミットA310-SA1（S）  7.7～8.9cm（アクアプラスト） 機能的肢位の保持に。寸法 厚さ／3.2mmA762-SE（S）  7.7～8.9cm（イージーフォーム） ナイトスプリントなど安静肢位の保持に。寸法 厚さ／3.2mm¥4,700A152-1（S）	 5.1～7.3cm（アクアプラスト） ¥5,100A152-7（SM）	 7.4～7.6cm（アクアプラスト） 手関節の良肢位の保持に。面倒なカットが多いドーサルタイプの作業効率アップに。［共通］¥13,000¥8,200A678-91（S）	 7.7～8.9cm（アクアプラスト） ¥8,600A678-92（M）	 8.9～11.3cm（アクアプラスト） 母指対立位スプリント。母指のMP関節とCM関節の固定に。［共通］¥21,500※寸法は第２指から　第５指のMPで　測ります。作成例送料 A寸法 厚さ／1.6mm形状 穴あき色 ホワイト入数 3枚送料 A形状 穴なし色 ホワイト入数 3枚評価測定運動療法水治療法物理療法救急ＡＤＬ・作業療法言語療法自立支援機器衛生・防災 介護用入浴機器ADLトレーニングスプリント手芸・工作上肢運動プレイセラピィテーブル関連作成例寸法 厚さ／3.2mm形状 穴なし色 ホワイト入数 1枚作成例形状 穴なし色 ホワイト入数 3枚プレカット","よく使うカタチにカット済み、採型・カットの手間を省力化。
プレカット
※寸法は第２指から
　第５指のMPで
　測ります。
評価測定
運動療法
水治療法
物理療法
作成例
救急
ＡＤＬ・
作業療法作成例
言語療法
ドーサル・コックアップ送料 Aガントレット・サムスパイカ送料 A
自立支援
機器〈届出番号13B2X00081000022〉一般（副木）〈届出番号13B2X00081000022〉一般（副木）
A152-1（S）  5.1～7.3cm（アクアプラスト） ¥4,700A678-91（S）  7.7～8.9cm（アクアプラスト） ¥8,200
衛生・
A152-7（SM）  7.4～7.6cm（アクアプラスト） ¥5,100A678-92（M）  8.9～11.3cm（アクアプラスト） ¥8,600
防災 
手関節の良肢位の保持に。面倒なカットが多いドーサルタ母指対立位スプリント。母指のMP関節とCM関節の固定に。
介護用イプの作業効率アップに。［共通］
入浴機器［共通］寸 法厚さ／1.6mm
寸 法厚さ／3.2mm形 状穴あき
形 状穴なし 色ホワイト
 色ホワイト入 数3枚
入 数1枚
ADL
トレーニング
スプリント
手芸・工作
上肢運動
プレイ
セラピィ
テーブル
関連
作成例
作成例
ファンクショナルポジション送料 Aレスティングパンミット送料 A
〈届出番号13B2X00081000022〉一般（副木）〈届出番号13B2X00081000022〉一般（副木）
A310-SA1（S）  7.7～8.9cm（アクアプラスト） ¥13,000A762-SE（S）  7.7～8.9cm（イージーフォーム） ¥21,500
機能的肢位の保持に。ナイトスプリントなど安静肢位の保持に。
寸 法厚さ／3.2mm寸 法厚さ／3.2mm
形 状穴なし形 状穴なし
 色ホワイト 色ホワイト
入 数3枚入 数3枚
214"
216,MMTXV51GEBN02,ADL・作業療法,スプリント,"色A349-51 ブルー ¥4,300色−−−○○−−○−−−−−ーーーーーー評価測定運動療法水治療法物理療法救急ＡＤＬ・作業療法言語療法自立支援機器衛生・防災 介護用入浴機器片面ループ両面ループループ（メス）※接着性にはベルクロの裏面に接着剤が付いています。※接着性のベルクロをカットするのに適したフッ素加工ハサミがあります。詳しくは220ページをご覧ください。※接着性にはベルクロの裏面に接着剤が付いています。ベルクロ・フック（オス）をスプリント本体に接着し、ベルクロ・ループ（メス）で身体に固定。商品名ロール状シール状スタンダードクッション性ネオプレンゴム高品質スタンダード廉価版フック・接着性ブラック価格寸法型式A809-1A809-2寸法厚さ1.6㎜1.6㎜3.2㎜5㎜/6.5㎜3.2㎜6.4㎜6.4㎜ベージュブラックAA9462LA AA9462LH AA6019LB  ¥6,700 2.5cm×25mAA9463LA AA9463LH AA6022LB  ¥11,400  5cm×25m ¥9,500 2.5cm×25mAA9466LA AA9466LHー¥17,300  5cm×25mAA9467LA型式A809-8A809-12価格接着性（裏面）ループ・接着性送料 A価格寸法送料 A寸法ストラップ一覧表フック（オス）AA9462HA AA9462HHAA9463HA AA9463HHAA9466HAAA9467HA AA9467HHセクラブル（メス）ソフトで伸びないストラップ。片面ループ地、片面ナイロントリコットのストラップ。ループの面はベルクロ・フックと組み合わせて使用します。セクラブルⅡ（メス）ソフトで伸びないストラップ。両面ループ地のストラップで、ベルクロ・フックと組み合わせて使用します。215ベルクロ・フック（オス）Rフォーム2ソフトストラップ（メス）送料 A厚さ6.4mmのリーズナブルなストラップ。内側はスポンジ素材になっています。ベルクロ・フックと組み合わせて使用します。ベルクロ・ループ（メス）ベルクロ･フック（接着性）ベルクロ･フック（コイン＆タブ）ベルクロ・フック（プレーン）ベルクロ･ループ（プレーン）ベルクロ・ループ（接着性）セクラブル ネオプレンセクラブルⅡソフトストラップRフォーム２ソフトストラップホワイトベージュプレーン接着性型式価格5cm×4.6mADLトレーニングスプリント手芸・工作上肢 運動プレ イセラ ピィテー ブル関連 ¥6,700 2.5cm×25m¥11,400  5cm×25mAA6015HB  ¥9,500 2.5cm×25m¥16,500  5cm×25m¥10,000 2.5cm×9m¥16,500  5cm×9mホワイト／ベージュ／ブラックホワイトホワイト／ベージュホワイト／ベージュ／ブラックホワイト／ベージュホワイトベージュホワイトベージュブルー送料 Aホワイトプレーン接着性送料 A寸法価格¥7,000 2.5cm×9m¥12,000  5cm×9mストラップ","ベルクロ・フック（オス）をスプリント本体に接着し、ベルクロ・ループ（メス）で身体に固定。
ストラップ
ストラップ一覧表
商品名色厚さ接着性（裏面）
ベルクロ･フック（接着性）ロール状ホワイト／ベージュ／ブラック−○
フック（オス）ベルクロ･フック（コイン＆タブ）シール状ホワイト−○評価測定
ベルクロ・フック（プレーン）ホワイト／ベージュ−−
片ベルクロ･ループ（プレーン）スタンダードホワイト／ベージュ／ブラック1.6㎜−
運動療法
面ベルクロ・ループ（接着性）ホワイト／ベージュ1.6㎜○
ルル
ーーセクラブル クッション性ホワイト3.2㎜−
プ（プネオプレンネオプレンゴムベージュ5㎜/6.5㎜−
水治療法
メ両セクラブルⅡ高品質ホワイト3.2㎜−
ス面
）ルソフトストラップスタンダードベージュ6.4㎜−
ー
プRフォーム２ソフトストラップ廉価版ブルー6.4㎜−物理療法
救急
ＡＤＬ・
作業療法
言語療法
自立支援
機器
衛生・
防災 
フック・接着性ループ・接着性
介護用
ベルクロ・フック（オス）送料 Aベルクロ・ループ（メス）送料 A入浴機器
ホワイトベージュブラック価格寸法ホワイトベージュブラック価格寸法
AA9462H AAA9462HHー ¥6,70 02.5cm×25mAA9462L AAA9462L HAA6019L B ¥6,70 02.5cm×25m
プレーンプレーン
AA9463H AAA9463HHー¥11,40 0 5cm×25mAA9463L AAA9463L HAA6022L B ¥11,40 0 5cm×25m
AA9466HAーAA6015H B ¥9,50 02.5cm×25mAA9466L AAA9466LHー ¥9,50 02.5cm×25m
接着性接着性
AA9467H AAA9467HHー¥16,50 0 5cm×25mAA9467LAーー¥17,30 0 5cm×25mADL
トレーニング
※接着性にはベルクロの裏面に接着剤が付いています。※接着性にはベルクロの裏面に接着剤が付いています。
※接着性のベルクロをカットするのに適したフッ素加工ハサミがあります。詳しくは220ページをご覧ください。スプリント
手芸・工作
上 肢運動
プ レイ
セ ラピィ
テ ーブル
関連
Rフォーム2ソフトストラップ（メス）送料 Aセクラブル（メス）送料 AセクラブルⅡ（メス）送料 A
厚さ6.4mmのリーズナブルなストソフトで伸びないストラップ。ソフトで伸びないストラップ。
ラップ。片面ループ地、片面ナイロントリコットのス両面ループ地のストラップで、ベルクロ・
内側はスポンジ素材になっています。ベルトラップ。ループの面はベルクロ・フックとフックと組み合わせて使用します。
クロ・フックと組み合わせて使用します。組み合わせて使用します。型式価格寸法
型式色価格寸法型式価格寸法A809-8¥10,00 02.5cm×9m
A349-5 1ブル ー¥4,3005cm×4.6mA809-1¥7,00 02.5cm×9mA809-12¥16,50 0 5cm×9m
A809-2¥12,00 0 5cm×9m
215"
217,MMTXV534LAHA2,ADL・作業療法,スプリント,"色色評価測定運動療法水治療法物理療法救急ＡＤＬ・作業療法言語療法自立支援機器衛生・防災 介護用入浴機器 型式A349-60A349-61寸法2.5cm×12.5mブラック送料 A寸法2.5cm×9m送料 A¥19,800寸法 3.8×60cm入数 10本付属品 フック・ツーサイド（20個）送料 Aネオプレンゴム厚さ厚さ2mm約5mm3mm約6.5mmネオプレンゴム厚さ厚さ3.2mm約6.5mm作成例送料 A¥16,000シートタイプロールタイプシートタイプロールタイプネオプレン（メス）高い汎用性。関節炎のスプリントにも最適。ネオプレンゴムの片側はナイロン製のライナー、反対側はパイル地で、ベルクロ・フックと組み合わせて使用します。保温性・伸縮性にも優れていますので、フレクションのストラップに使用すると快適にフィットします。エラスティックストラップAA6002ES ストレッチ素材のパッド性を併せ持つ伸縮自在の新しいストラップ。フェルト地のループストラップです。伸縮性のあるニット素材のループ。両面ニット素材のループストラップです。全てのストラップで使用可能です。ソフトストラップ（メス）ソフトな肌ざわりのロングセラー商品。クッション状のストラップ素材で装着感が良いのが特長です。ベルクロ・フックと組み合わせて使用します。エラスティックループAA6028LB 価格¥7,000¥10,100 5cm×9m作成例216ADLトレーニングスプリント手芸・工作上肢運動プレイセラピィテーブル関連¥20,200 46×61cm¥20,700 46×61cm¥10,700 5cm×3.2m作成例型式09116-5984 09116-6032 価格寸法型式09106-1936 価格寸法ブルー","シートタイプ
評価測定
運動療法
水治療法
ロールタイプ
物理療法
作成例
ソフトストラップ（メス）送料 Aネオプレン（メス）送料 A
救急
ソフトな肌ざわりのロングセラー商品。高い汎用性。関節炎のスプリントにも最適。
クッション状のストラップ素材で装着感が良いのが特長です。ネオプレンゴムの片側はナイロン製のライナー、反対側はパイル地で、
ＡＤＬ・
作業療法ベルクロ・フックと組み合わせて使用します。ベルクロ・フックと組み合わせて使用します。
型式価格寸法保温性・伸縮性にも優れていますので、フレクションのストラップに使
言語療法A349-60¥7,0002.5cm×9m用すると快適にフィットします。
A349-61¥10,100 5cm×9mシートタイプ
型式価格寸法ネオプレンゴム厚さ厚さ
自立支援09116-5984 ¥20,20 046×61cm2mm約5mm
機器
09116-6032 ¥20,70 046×61cm3mm約6.5mm
衛生・ロールタイプ
防災 型式価格寸法ネオプレンゴム厚さ厚さ
09106-1936 ¥10,70 05cm×3.2m3.2mm約6.5mm
介護用
入浴機器
ADL
トレーニング
スプリント
手芸・工作
上肢運動
プレイ
セラピィ
テーブル
関連
作成例作成例
エラスティックループ送料 Aエラスティックストラップ送料 A
AA6028LB  ¥19,800AA6002ES ¥16,000
伸縮性のあるニット素材のループ。ストレッチ素材のパッド性を併せ持つ
両面ニット素材のループストラップです。伸縮自在の新しいストラップ。
全てのストラップで使用可能です。フェルト地のループストラップです。
寸法2.5cm×12.5m寸 法3.8×60cm
色ブラック色ブルー
入 数10本
付属 品フック・ツーサイド（20個）
216"
218,MMTXV54X854I2,ADL・作業療法,スプリント,"色色評価測定運動療法水治療法物理療法救急ＡＤＬ・作業療法言語療法自立支援機器衛生・防災 介護用入浴機器  ベルクロ・フックコイン（オス）AA9469H  ベルクロ・フックタブ（オス）09142-5107 フック・ツーサイドAA6003HB ストラップリング丈夫なポリマーリングで、ストラップの張りを調整。薄型フックAA6007HB ラピッドストラップキット任意の長さのD-リングストラップを作成するキット。付属のストラップにYタブとエンドループを取り付けることで、ミシンや接着剤を使わずにD-リングストラップを作成できます。付属のストラップの代わりにセクラブルⅡ、ソフトストラップを使用することも可能です。コイン状のカットシールタイプ。シールをラウンドカットする手間を省きます。長めのタブ状カットシールタイプ。ループが外れにくい強力タイプです。コイン状にカットされた両面フック。ソフトストラップなどを重ねて使用したり、ネオプレンスプリントにストラップを付けたい時に便利です。タブ状にカットされた超薄型シールタイプ。小児用やフィンガースプリントなどでストラップを薄くデザインしたい時に最適です。貼付部に合わせてカットしても使用できます。217送料 A¥5,900送料 A¥13,500送料 A¥17,700作成例送料 A入数25個25個ADLトレーニングスプリント手芸・工作上肢 運動プレ イセラ ピィテー ブル関連寸法 φ2.2cm入数 200個ホワイト寸法 2.5×6.4cm入数 120個ホワイト送料 A¥16,500寸法 φ3.8cm色ブラック入数 約100個送料 A型式SOT-625SOT-650寸法色入数8×3.8cmブラック約100個型式09-131-745209-131-7460［構成］ストラップ2巻（1巻：約4.5ｍ）、Yタブ10個、エンドループ10個作成例SOT-625SOT-650価格¥2,600¥5,200寸法25mm50mm作成例価格¥14,400¥21,700内容2.5cm×10組5cm×10組タブエンドループコインYタブ","ベルクロ・フックコイン（オス）送料 A
コイン
AA9469H  ¥5,900
コイン状のカットシールタイプ。
シールをラウンドカットする手間を省きます。
寸 法φ2.2cm
入 数200個
色ホワイト
ベルクロ・フックタブ（オス）送料 A評価測定
タブ
09142-5107  ¥13,500
長めのタブ状カットシールタイプ。
運動療法
ループが外れにくい強力タイプです。
寸 法2.5×6.4cm
入 数120個
水治療法
色ホワイト
物理療法
救急
ＡＤＬ・
作業療法
言語療法
自立支援
機器
作成例衛生・
作成例防災 
薄型フック送料 Aフック・ツーサイド送料 A
介護用
AA6007HB ¥16,500AA6003HB  ¥17,700入浴機器
タブ状にカットされた超薄型シールタイプ。コイン状にカットされた両面フック。
小児用やフィンガースプリントなどでストラップを薄くデザインしたいソフトストラップなどを重ねて使用したり、ネオプレンスプリントにスト
時に最適です。貼付部に合わせてカットしても使用できます。ラップを付けたい時に便利です。
寸法8×3.8cm寸 法φ3.8cm
色ブラック色ブラックADL
入数約100個入 数約100個トレーニング
スプリント
手芸・工作
Yタブ上 肢運動
プ レイ
エンドループセ ラピィ
SOT-625テ ーブル
関連
SOT-650
作成例
ラピッドストラップキット送料 Aストラップリング送料 A
任意の長さのD-リングストラップを作成するキット。丈夫なポリマーリングで、ストラップの張りを調整。
付属のストラップにYタブとエンドループを取り付けることで、ミシンや型式価格寸法入数
接着剤を使わずにD-リングストラップを作成できます。SOT-625¥2,60025mm25個
付属のストラップの代わりにセクラブルⅡ、ソフトストラップを使用するSOT-650¥5,20050mm25個
ことも可能です。
型式価格内容
09-131-7452¥14,4002.5cm×10組
09-131-7460¥21,7005cm×10組
［構成］ストラップ2巻（1巻：約4.5ｍ）、Yタブ10個、エンドループ10個
217"
219,MMTXV57CW5DKQ,ADL・作業療法,スプリント,"色色色評価測定運動療法水治療法物理療法救急ＡＤＬ・作業療法言語療法自立支援機器衛生・防災 介護用入浴機器  ※製品特性上、温度や湿度でパッド部が膨張し、接着面が露出する場合がありますのであらかじめご了承ください。※製造工程上、2本に切断されている場合がありますのでご了承ください。ポリクッション091566041 モールスキンロールA438-1 PPウェビングストラップやつり包帯用の帯ひも。A488-1（薄型・接着性）型式価格¥18,100¥16,100ブルー150×910×1.6mmベージュ型式A434-2A434-3価格¥7,300¥9,400ホワイトA488-2（厚型・非接着性）送料 A寸法（mm）入数410×610×92枚410×610×251枚送料 A¥6,200送料 A寸法5cm×10m7cm×10mクッションフォームスプリントの内側に貼れる薄型タイプも用意。圧力をかけた部分がゆっくりと元に戻ります。厚いものは車椅子の座席や膝・かかとなどのクッションに使用できます。プラステゾーテDMG-195873 ストッキネットポリプロピレン製で通気性や汗の吸収がよく、水洗いもできます。スタンダードなパッディング材。クローズド・セル（独立気泡）構造なので、汗やバクテリア、悪臭を吸収せずに清潔です。フェルト素材の内貼接着シート。30cm×4.6m×0.8mm寸法ベージュ色218ADLトレーニングスプリント手芸・工作上肢運動プレイセラピィテーブル関連寸法450×610×3.2mmブラック入数4枚型式WB-25PPWB-50PP［共通］材質 ポリプロピレン薄いクッション性パッディング材。寸法色接着性送料 A¥17,000［共通］送料 A¥27,600送料 A寸法5cm×50m［共通］材質 ポリプロピレンA488-1（薄型）A488-2（厚型）作成例接着性WB-25PPWB-50PP価格¥13,900¥27,7002.5cm×50m","A488-1
接着性（薄型・接着性）A488-2
評価測定（厚型・非接着性）
作成例
運動療法
ポリクッション送料 Aクッションフォーム送料 A
水治療法091566041 ¥17,000スプリントの内側に貼れる薄型タイプも用意。
スタンダードなパッディング材。圧力をかけた部分がゆっくりと元に戻ります。厚いものは車椅子の座
クローズド・セル（独立気泡）構造なので、汗やバクテリア、悪臭を吸収席や膝・かかとなどのクッションに使用できます。
物理療法せずに清潔です。型式価格寸法（mm）入数
寸法450×610×3.2mmA488-1（薄型）¥18,100410×610×92枚
色ブラックA488-2（厚型）¥16,100410×610×251枚
救急入数4枚
［共通］
色ブルー
ＡＤＬ・
作業療法
言語療法
自立支援
機器
衛生・
防災 
介護用
入浴機器接着性
モールスキンロール送料 Aプラステゾーテ送料 A
A438-1  ¥27,600DMG-195873  ¥6,200
フェルト素材の内貼接着シート。薄いクッション性パッディング材。
ADL
トレーニング寸法30cm×4.6m×0.8mm寸法150×910×1.6mm
色ベージュ色ベージュ
スプリント※製品特性上、温度や湿度でパッド部が膨張し、接着面が露出する場合がありますのであらかじめご
了承ください。
手芸・工作
上肢運動
プレイ
セラピィ
テーブル
関連
WB-25PPWB-50PP
PPウェビング送料 Aストッキネット送料 A
ストラップやつり包帯用の帯ひも。ポリプロピレン製で通気性や汗の吸収がよく、水洗いもで
型式価格寸法きます。
WB-25PP¥13,9002.5cm×50m型式価格寸法
WB-50PP¥27,7005cm×50mA434-2¥7,3005cm×10m
［共通］A434-3¥9,4007cm×10m
材 質ポリプロピレン［共通］
材 質ポリプロピレン
色ホワイト
※製造工程上、2本に切断されている場合がありますのでご了承ください。
218"
220,MMTXV59TD0EMB,ADL・作業療法,スプリント,"スプリントカートSOT-178 ソルダリングアイロン NEW MSD-20 メジャーW8A-2m  ヒートパンTAH-1202 ヒートガンA3160 ヒートパンネット複数のスプリントシートの加熱に。シートの間に入れたり、シートの形を崩さないように湯から上げるときなどに使用します。評価測定運動療法水治療法物理療法救急ＡＤＬ・作業療法言語療法自立支援機器衛生・防災 介護用入浴機器  ADLトレーニングスプリント手芸・工作上肢 運動プレ イセラ ピィテー ブル関連送料 A寸法寸法質量150mm125gスプリントカッター 送料 A¥6,000AA4004 スプリントシートを切る時に、力を入れやすいカッター。刃が厚く丈夫で長く使用できます。SOT-530N（大） ¥4,200SOT-530NS（小） ¥3,000219寸法外形／427（W）×297（Ｄ）×200（Ｈ）ｍｍ槽内／372（W）×262（D）×114（H）ｍｍ質量材質約6ｋｇ内槽・上蓋／ステンレス、外カバー／スチール温度調節 40～100℃・可変式サーモスタット安全装置 温度ヒューズ標準装備容量電源消費電力 720Ｗ12LＡＣ100Ｖ［構成］本体、内槽（バット）、上蓋、ヒートパンネット215×200×75mm950gAC100V寸法質量電源消費電力 1kWその他 スイッチ／熱風（最高450℃）・切・冷風型式価格380×610mm380×230mmスプリントシートの加熱に必須のアイテム。サーモスタットが適温水を保持して良好な製作環境を提供します。※本体にはフタとヒートパンネットが付属しています。スプリントの部分加熱に。熱を一点に集めるピンポイントノズルとスタンド付き。ヒートパンタオルべルクロスプリントシート送料 B¥108,000〈スプリントカート使用例〉※ベルクロをセットする際は市販のケース等をご利用ください。寸法質量機能外形／650（W）×650（D）×900（H）mm、キャスター／φ100mm約25kgキャスター／後2輪ストッパー付［構成］マルチカートSPR-178／カート本体、引き出し式サイドテーブル、樹脂トレー、サイドネット、テーブルタップスプリントカートオプションセットSOT-178S／シートスタンド、ファイルボックス、バスケット、ベルクロ（フック&ループ）送料 A¥17,00040（W）×180（D）×25（H）mm62g（電池除く）単3形電池3本（アルカリまたはニッケル水素）寸法質量電源連続使用時間 約40分（アルカリ電池）、約60分（ニッケル水素電池）こて先温度450℃以上［構成］こて先、こて先取り外し工具ヒートガン引き出し式サイドテーブルベルクロ（フック&ループ）シートスタンド樹脂トレー（2口、2mマグネット付）テーブルタップ寸法 長さ／2m表示 センチバスケットサイドネットファイルボックス送料 F ¥195,000スプリント作製に必要な道具と素材一式を収納するカート。病棟などにセラピストが移動してスプリント作製をするのに便利です。送料 A¥2,700細部のエッジ処理や接合面の熱圧着など、より短時間で簡易的に加熱したいときに最適。送料 A¥430","ヒートパンヒートガン
タオル引き出し式サイドテーブル
べルクロベルクロ（フック&ループ）
バスケット
評価測定
サイド
ネット
運動療法
スプリント
シート
シートスタンドファイル
ヒートパン送料 Bボックス
水治療法
樹脂トレーテーブルタップ
TAH-1202  ¥108,000
（2口、2mマグネット付）
スプリントシートの加熱に必須のアイテム。〈スプリントカート使用例〉
※ベルクロをセットする際は市販のケース等をご利用ください。物理療法
サーモスタットが適温水を保持して良好な製作環境を提供します。
※本体にはフタとヒートパンネットが付属しています。
スプリントカート送料 F
寸法外形／427（W）×297（Ｄ）×200（Ｈ）ｍｍ
槽内／372（W）×262（D）×114（H）ｍｍSOT-178  ¥195,000救急
質量約6ｋｇ
材質内槽・上蓋／ステンレス、外カバー／スチールスプリント作製に必要な道具と素材一式を収納するカート。
温度調 節40～100℃・可変式サーモスタット病棟などにセラピストが移動してスプリント作製をするのに便利です。ＡＤＬ・
作業療法
安全装 置温度ヒューズ標準装備寸法外形／650（W）×650（D）×900（H）mm、キャスター／φ100mm
容量12L質量約25kg
電源ＡＣ100Ｖ機能キャスター／後2輪ストッパー付言語療法
消費電 力720Ｗ［構成］マルチカートSPR-178／カート本体、引き出し式サイドテーブル、樹脂トレー、サイ
［構成］本体、内槽（バット）、上蓋、ヒートパンネットドネット、テーブルタップ
スプリントカートオプションセットSOT-178S／シートスタンド、ファイルボックス、
自立支援
バスケット、ベルクロ（フック&ループ）
機器
衛生・
防災 
介護用
入浴機器
ADL
ヒートガン送料 Aソルダリングアイロン NE W送料 Aトレーニング
スプリント
A3160  ¥17,000MSD-20 ¥2,700
スプリントの部分加熱に。細部のエッジ処理や接合面の熱圧着など、より短時間で簡易的に加熱手芸・工作
熱を一点に集めるピンポイントノズルとスタンド付き。したいときに最適。
寸法215×200×75mm寸法40（W）×180（D）×25（H）mm上 肢運動
質量950g質量62g（電池除く）
プ レイ
電源AC100V電源単3形電池3本（アルカリまたはニッケル水素）セ ラピィ
消費電 力1kW連続使用時 間約40分（アルカリ電池）、約60分（ニッケル水素電池）
テ ーブル
その 他スイッチ／熱風（最高450℃）・切・冷風こて先温度450℃以上関連
［構成］こて先、こて先取り外し工具
ヒートパンネット送料 Aスプリントカッター 送料 Aメジャー送料 A
複数のスプリントシートの加熱に。AA4004 ¥6,000W8A-2m  ¥430
シートの間に入れたり、シートの形を崩さなスプリントシートを切る時に、力を入寸 法長さ／2m
いように湯から上げるときなどに使用します。れやすいカッター。表 示センチ
型式価格寸法刃が厚く丈夫で長く使用できます。
SOT-530N（大 ）¥4,200380×610mm寸法150mm
SOT-530NS（小 ）¥3,000380×230mm質量125g
219"
221,MMTXV5BWTCLU1,ADL・作業療法,スプリント,"一般非特管 G9一般非特管 G9評価測定運動療法水治療法物理療法救急ＡＤＬ・作業療法言語療法自立支援機器衛生・防災 介護用入浴機器   ADLトレーニングスプリント手芸・工作上肢運動プレイセラピィテーブル関連AS-2120型式AS-2120（直）AS-2121（反）寸法 長さ／200mm質量 約170g材質 ニッケルクロム鋼寸法 長さ／200mm質量 50g材質 特殊ステンレスAS-2121価格¥6,000¥6,000寸法16cm両鈍16cm両鈍送料 A¥19,500送料 A¥2,60080008001型式8000（直）8001（反）価格¥4,000¥4,00014.5cm両鋭14.5cm両鋭穴の大きさ／φ2、2.5、3、3.5、4、4.5mm質量 300g送料 A型式寸法寸法 長さ／170mm質量 58ｇ材質 ステンレス送料 C¥5,800寸法 長さ／160mm質量 60gはさみ（左利き用）送料 AネバノンNBN-170 送料 A¥3,470NBN-170  二段スペシャルコーティングで接着性ベルクロのベタツキ解消。全面ブラックコーティングとフッ素コーティングでスムーズな切れ味です。エッジフィニッシャー送料 A¥6,500A371-42   〈届出番号13B3X00141D00001〉〈届出番号12B3X00002000001〉価格寸法スプリントシートの細部加工用。焼きを入れて剛性を高めたハサミなので、切れ味が良く、耐久性があります。刃先がカーブしているタイプは、曲線のカットに最適です。「Gingher」のプロ仕様ハサミ。刃先がガード付きで安全。身に着けたままのストッキネットや衣服を切るときでも安全。スプリントシートをカットしやすい大型タイプ。220はさみ（スプリントバサミ）万能バサミ091046713 エマジンバサミA371-9 穴の大きさが6段階に調整可能。寸法 外形／225（L）×80（W）mmネバノンDSN-210送料 A¥3,730DSN-210  接着剤のベタつきを寄せ付けず、幅の広いパッディング材のカットに最適。寸法 長さ／210ｍｍ質量 103ｇ材質 ステンレスリボルビングパンチプライヤーHRR840RP225P B022-0286-L（直）¥10,000 14.5cm両鈍B022-0305-L（反）¥10,000 14.5cm両鈍B022-0288-L（直）¥10,000 14.5cm両鋭B022-0307-L（反）¥10,000 14.5cm両鋭左利き専用のはさみです。スプリントのエッジ処理に。※商品の色は写真と異なる場合があります。","評価測定AS-2120AS-212180008001
運動療法
はさみ（スプリントバサミ）送料 Aはさみ（左利き用）送料 A
〈届出番号13B3X00141D00001〉一般非特 管G9〈届出番号12B3X00002000001〉一般非特 管G9
水治療法
スプリントシートの細部加工用。左利き専用のはさみです。
焼きを入れて剛性を高めたハサミなので、切れ味が良く、耐久性があります。型式価格寸法
物理療法刃先がカーブしているタイプは、曲線のカットに最適です。B022-0286-L（直）¥10,00 014.5cm両鈍
B022-0305-L（反）¥10,00 014.5cm両鈍
型式価格寸法型式価格寸法
B022-0288-L（直）¥10,00 014.5cm両鋭
AS-2120（直）¥6,00016cm両鈍8000（直）¥4,00014.5cm両鋭
救急AS-2121（反）¥6,00016cm両鈍8001（反）¥4,00014.5cm両鋭B022-0307-L（反）¥10,00 014.5cm両鋭
ＡＤＬ・
作業療法
言語療法
自立支援
機器
衛生・
防災 
介護用
入浴機器
万能バサミ送料 AネバノンDSN-210送料 AネバノンNBN-170 送料 A
091046713  ¥19,500DSN-210  ¥3,730NBN-170  ¥3,470
ADL「Gingher」のプロ仕様ハサミ。接着剤のベタつきを寄せ付けず、幅二段スペシャルコーティングで接着
トレーニングスプリントシートをカットしやすい大型タの広いパッディング材のカットに最適。性ベルクロのベタツキ解消。
スプリントイプ。寸 法長さ／210ｍｍ全面ブラックコーティングとフッ素コーティ
寸 法長さ／200mm質 量103ｇングでスムーズな切れ味です。
手芸・工作質 量約170g材 質ステンレス
寸 法長さ／170mm
材 質ニッケルクロム鋼
質 量58ｇ
上肢運動
材 質ステンレス
プレイ
セラピィ
テーブル
関連
エマジンバサミ送料 Aリボルビングパンチエッジフィニッシャー送料 A
A371-9  ¥2,600A371-42   ¥6,500
プライヤー送料 C
刃先がガード付きで安全。スプリントのエッジ処理に。
HRR840RP225P  ¥5,800
身に着けたままのストッキネットや衣服を切※商品の色は写真と異なる場合があります。
るときでも安全。穴の大きさが6段階に調整可能。寸 法長さ／160mm
寸 法外形／225（L）×80（W）mm質 量60g
寸 法長さ／200mm
穴の大きさ／φ2、2.5、3、3.5、4、4.5mm
質 量50g
質 量300g
材 質特殊ステンレス
220"
222,MMTXV5DQ65SJ2,ADL・作業療法,スプリント,"※亜鉛メッキのため金属アレルギーの方はご注意ください。4.5mm8.5mm価格¥6,500¥6,500寸法4.5mm×4mm4.5mm×6mm価格¥1,970¥1,970¥2,300寸法φ0.7mm×10mφ1.0mm×10mφ1.2mm×10m4mmor6mm作成例送料 A材質ビニルレザー入数100枚作成例送料 A寸法材質入数φ1mm×400mmNi-Ti5本作成例送料 A¥8,600フィンガースリングT-C7791   形状記憶ワイヤー NEW WIRE-10 フックSOT-4281 ラップオンフィンガーフックA428-3 〈届出番号13B2X00081000036〉一般指の爪に簡単接着。市販の瞬間接着剤で付けられます。221送料 A¥9,800送料 A¥6,000ステンレス線（ピアノ線）と比べ、抜群の耐久性でへたりにくい高品質ワイヤー。スパイダースプリントの作成に最適。送料 A¥2,100爪先に直接フックを付けられない場合に指先へ装着。入数 5個材質 ステンレス入数 100個指先に薄くてソフトな装着。100（L）×25（W）mm寸法リベットスクリューリベット使用例型式SOT-3674（4.8mm用）SOT-3676（6.4mm用）［共通］材質 真鍮（ニッケルメッキ）入数 50個ステンレス線（コイル）アクアプラスト作成例型式AS-S07AS-S10AS-S12作成例寸法 10（W）×150（D）×1.9（H）mm材質 亜鉛メッキスチール入数 10本評価測定運動療法水治療法物理療法救急ＡＤＬ・作業療法言語療法自立支援機器衛生・防災 介護用入浴機器ADLトレーニングスプリント手芸・工作上肢 運動プレ イセラ ピィテー ブル関連スクリューリベットスプリント材同士やヒンジ、ストラップ固定用のネジ式リベット。ステンレス線（ピアノ線）一般的な鋼製のピアノ線に比べて錆びにくいステンレス製。スパイラルばね NEW  送料 A¥2,7008100 らせん状のばね構造により、ねじれや曲げに柔軟に対応。橈骨神経麻痺スプリントや母指内転拘縮開大用スプリントの作成に最適。","リベット
4mm
or
4.5mm6mm
スクリューリベット使用例8.5mm作成例
評価測定
スクリューリベット送料 Aフィンガースリング送料 A
スプリント材同士やヒンジ、ストラップ固定用のネジ式リT-C7791   ¥9,800運動療法
ベット。指先に薄くてソフトな装着。
寸法100（L）×25（W）mm
型式価格寸法
材質ビニルレザー水治療法
SOT-3674（4.8mm用）¥6,5004.5mm×4mm
入数100枚
SOT-3676（6.4mm用）¥6,5004.5mm×6mm
［共通］
物理療法
材 質真鍮（ニッケルメッキ）
入 数50個
救急
ステンレス線（コイル）ＡＤＬ・
作業療法
アクアプラスト
言語療法
自立支援
機器
衛生・
防災 
作成例
作成例
介護用
入浴機器
ステンレス線（ピアノ線）送料 A形状記憶ワイヤー NE W送料 A
一般的な鋼製のピアノ線に比べて錆びにくいステンレス製。WIRE-10 ¥6,000
ステンレス線（ピアノ線）と比べ、抜群の耐久性でへたりにくい高品質
型式価格寸法
ワイヤー。スパイダースプリントの作成に最適。
AS-S07¥1,970φ0.7mm×10m
寸法φ1mm×400mm
AS-S10¥1,970φ1.0mm×10mADL
AS-S12¥2,300φ1.2mm×10m材質Ni-Tiトレーニング
入数5本
スプリント
手芸・工作
上 肢運動
プ レイ
セ ラピィ
テ ーブル
関連
作成例
作成例
スパイラルばね NE W 送料 Aラップオンフック送料 A
8100 ¥2,700SOT-4281 ¥2,100
フィンガーフック送料 A
らせん状のばね構造により、ねじれ指の爪に簡単接着。
A428-3 ¥8,600
や曲げに柔軟に対応。市販の瞬間接着剤で付けられます。
〈届出番号13B2X00081000036〉一般
橈骨神経麻痺スプリントや母指内転拘縮開材 質ステンレス
大用スプリントの作成に最適。爪先に直接フックを付けられない場入 数100個
寸 法10（W）×150（D）×1.9（H）mm合に指先へ装着。
材 質亜鉛メッキスチール入 数5個
入 数10本
※亜鉛メッキのため金属アレルギーの方はご注意ください。
221"
223,MMTXV5FA0HHRW,ADL・作業療法,スプリント,"SMSM評価測定運動療法水治療法物理療法救急ＡＤＬ・作業療法言語療法自立支援機器衛生・防災 介護用入浴機器左用A679-111A679-113A679-115右用A679-112A679-114A679-116価格¥7,000¥7,000¥7,000左用A653-3右用A653-4※サイズは、肩 甲 骨 の 中間点を通って、肩峰から肩峰までの長さです。右用A611RSA611RM価格¥7,400¥7,400寸法送料 A寸法手首周径（cm）XS～14.614.6～16.516.6～19.1送料 A価格¥19,400寸法M（46～61cm）〈届出番号13B2X00081000033〉一般〈届出番号13B2X00081000035〉一般〈届出番号13B2X00081000031〉一般尺側偏位の予防に。弾力性に富んだネオプレンが、MCP関節を優しく長時間保持。脳卒中発症後の肩痛や亜脱臼の予防に。手根管症候群、関節炎、腱鞘炎など、手関節周辺の疾患での固定に。不意な手関節の伸展・屈曲を防ぎながら手指の運動は妨げません。ブレース内のアルミ板で関節角度を自在に設定できます。皮膚に優しいコットン素材で、合成繊維に敏感な方にも使えます。洗濯機でネットに入れて水洗いし自然乾燥すれば清潔に保てます。クイックスプリントモデル150 送料 御見積¥4,100S021115001〈届出番号13B1X00226000017〉  一般  （副木） アルミ板をウレタンフォームでコーティングした固定具です。固定部位に合わせて成形することができます。装着したままX線撮影が可能です。D-リングリストブレース222インラインスプリントヘミアームスリングⅡ寸法 110（W）×910（L）×4（H）mm質量 140g左用A611LSA611LMADLトレーニングスプリント手芸・工作上肢運動プレイセラピィテーブル関連作成例送料 A手首周径（cm）14.6～16.517.1～19.1背側面","評価測定
作成例
運動療法
水治療法
クイックスプリントモデル150 送料 御見積インラインスプリント送料 A
物理療法S021115001〈届出番号13B1X00226000017〉  一 般（ 副木） ¥4,100〈届出番号13B2X00081000033〉一般
アルミ板をウレタンフォームでコーティングした固定具尺側偏位の予防に。
です。弾力性に富んだネオプレンが、MCP関節を優しく長時間保持。
救急
固定部位に合わせて成形することができます。装着したままX線撮影が左用右用価格寸法手首周径（cm）
可能です。A679-111A679-112¥7,000XS～14.6
ＡＤＬ・寸 法110（W）×910（L）×4（H）mmA679-113A679-114¥7,000S14.6～16.5
作業療法
質 量140g
A679-115A679-116¥7,000M16.6～19.1
言語療法
自立支援
機器
衛生・
防災 
介護用
入浴機器
ADL
トレーニング
スプリント
手芸・工作
上肢運動
プレイD-リングリストブレース送料 AヘミアームスリングⅡ送料 A
セラピィ
〈届出番号13B2X00081000031〉一般〈届出番号13B2X00081000035〉一般
テーブル
関連手根管症候群、関節炎、腱鞘炎など、手関節周辺の疾患で脳卒中発症後の肩痛や亜脱臼の予防に。
の固定に。左用右用価格寸法
不意な手関節の伸展・屈曲を防ぎながら手指の運動は妨げません。A653-3A653-4¥19,400M（46～61cm）
ブレース内のアルミ板で関節角度を自在に設定できます。
皮膚に優しいコットン素材で、合成繊維に敏感な方にも使えます。
洗濯機でネットに入れて水洗いし自然乾燥すれば清潔に保てます。
左用右用価格寸法手首周径（cm）
A611LSA611RS¥7,400S14.6～16.5
A611LMA611RM¥7,400M17.1～19.1
背側面※サイズは、 肩 甲 骨 の中
間点を通って、肩峰から
肩峰までの長さです。
222"
224,MMTXV5GZAED8Z,ADL・作業療法,手芸・工作,"●絵つけ・釉がけ用具セット（14点組）ステンレスひしゃく................................... 1本ステンレス製霧ふき................................. 1個スポイト.................................................... 1本梅皿........................................................... 1枚刷毛（中）................................................... 1本釉はがし刷毛（大）.................................... 1本だみ筆（小・中）..................................... 各1本呉須筆（中・大）..................................... 各1本ボーメ比重計........................................... 1個釉かけ鋏................................................... 1丁エプロン.................................................... 1枚樹脂ケース............................................... 1個●陶芸用具5人セット（25点組）たたら板（5㎜）.......................................10枚たたら板（7㎜）.......................................10枚のべ棒（420㎜）....................................... 2本木ぐし（小）................................................ 2本木ぐし（中）................................................ 2本切り針金................................................... 3本切り弓....................................................... 3本しっぴき.................................................... 5個仕上げ革.................................................. 5本成形ごて（三角）....................................... 3本成形ごて（四角）....................................... 3本成形ごて（楕円）....................................... 5本柄ごて（小）............................................... 1本柄ごて（中）............................................... 1本成形かんな（四角）................................... 5本成形かんな（三角）................................... 3本ゴムごて（小）........................................... 2本ゴムごて（中）........................................... 2本ゴムごて（大）........................................... 2本平鋼かんな（ＮＯ.13）.............................. 5本平鋼かんな（ＮＯ.14）.............................. 5本細工かんな（ＮＯ.7）................................ 5本彫塑ベラ（4本組）.................................... 1組樹脂ケース............................................... 1個ろくろ（220φ×Ｈ43㎜）.......................... 5台陶芸器具セットSNZ-1305 かんたん陶芸セットSNZ-N210  ろくろ253482 評価測定運動療法水治療法物理療法救急ＡＤＬ・作業療法言語療法自立支援機器衛生・防災 介護用入浴機器    ADLトレーニングスプリント手芸・工作上肢 運動プレ イセラ ピィテー ブル関連電動ろくろRK-5T 作品例寸法外形／600（W）×565（D）×720（H）mm炉内／270（W）×270（D）×300（H）mm棚板／240×240mm質量64.5kg電源単相100V消費電力 1.5kWマイコン電気炉（100V）送料 御見積¥437,000DMT-01   家庭用100V電源で本格的な“焼もの”が可能。焼成中の温度を抑えた安全設計。焼成中は不用意にあけられないようキーロック付きです。223送料 御見積¥225,380送料 御見積¥22,800送料 御見積¥33,910外形／365（W）×515（D）×230（H）mmターンテーブル直径／250mm質量12kg回転数 テーブル／50Hz、60Hz/0～230rpm（無段変速）回転方向 左右可能電源AC100V消費電力 100W付属品 ドベ受け（一体型）、樹脂製亀板2枚初心者向けのコンパクトタイプ。寸法［構成］送料 御見積¥72,400［構成］オーブン陶土 工作用（400g） 20個、木製彫塑ベラセット（5本組） 2組、粘土板 4枚、アクリルガッシュ12色入1箱、梅皿2枚、赤ナイロン製デザイン筆セット3点組、オーブン陶土用コート剤1本、テキスト1冊信楽陶芸粘土（５kg）................................ 5個陶芸保管ボックス　36C......................... 1個陶芸保管ボックス　フタ.......................... 1個乳ばち（12㎝・18㎝）........................... 各1個陶芸用下絵の具12色.............................. 1式長石釉（１ｋｇ）............................................ 5袋陶芸用酸化色釉（１ｋｇ入５種）................. 各2袋アルミナ.................................................... 3袋うわぐすり容器深型.................................. 6個粘土板....................................................... 5枚寸法質量付属品 ベアリング2個φ300×75（H）mm約10.4kg※仕様・構成が変更になる場合があります。つかむ、ちぎる、まるめる、つぶす、伸ばす、こねるなど、多様な作業がリハビリテーションに。オーブントースターで手軽に焼成。細かい成形も自由にでき、陶土のように丈夫に焼き上がります。焼成後の彫刻や水彩絵の具、ポスターカラー、油絵の具、塗料などによる着色も自由です。※成形後、日陰で3～7日ぐらい、表面が白くなるまで自然乾燥させてから焼いてください。","陶芸器具セット送料 御見積
SNZ-1305  ¥225,380
つかむ、ちぎる、まるめる、つぶす、伸ばす、こねるなど、
多様な作業がリハビリテーションに。
［構成］
●陶芸用具5人セット（25点組）●絵つけ・釉がけ用具セット（14点組）
たたら板（5㎜）.......................................10枚ステンレスひしゃく.................................. .1本
たたら板（7㎜）.......................................10枚ステンレス製霧ふき................................ .1個
のべ棒（420㎜）...................................... .2本スポイト................................................... .1本評価測定
木ぐし（小）............................................... .2本梅皿.......................................................... .1枚
木ぐし（中）............................................... .2本刷毛（中）.................................................. .1本
切り針金.................................................. .3本釉はがし刷毛（大）................................... .1本
切り弓...................................................... .3本だみ筆（小・中）.................................... .各1本運動療法
しっぴき................................................... .5個呉須筆（中・大）.................................... .各1本
仕上げ革................................................. .5本ボーメ比重計.......................................... .1個
成形ごて（三角）...................................... .3本釉かけ鋏.................................................. .1丁
成形ごて（四角）...................................... .3本エプロン................................................... .1枚水治療法
成形ごて（楕円）...................................... .5本樹脂ケース.............................................. .1個
柄ごて（小）.............................................. .1本
柄ごて（中）.............................................. .1本信楽陶芸粘土（５kg）............................... .5個
成形かんな（四角）.................................. .5本陶芸保管ボックス　36C........................ .1個物理療法
成形かんな（三角）.................................. .3本陶芸保管ボックス　フタ......................... .1個
ゴムごて（小）.......................................... .2本乳ばち（12㎝・18㎝）.......................... .各1個
ゴムごて（中）.......................................... .2本陶芸用下絵の具12色............................. .1式
ゴムごて（大）.......................................... .2本長石釉（１ｋｇ）........................................... .5袋救急
平鋼かんな（ＮＯ.13）............................. .5本陶芸用酸化色釉（１ｋｇ入５種）................ .各2袋
平鋼かんな（ＮＯ.14）............................. .5本アルミナ................................................... .3袋
細工かんな（ＮＯ.7）............................... .5本うわぐすり容器深型................................. .6個
彫塑ベラ（4本組）................................... .1組粘土板...................................................... .5枚ＡＤＬ・
樹脂ケース.............................................. .1個作業療法
ろくろ（220φ×Ｈ43㎜）......................... .5台
言語療法
自立支援
機器
衛生・
防災 
作品例
介護用
入浴機器
ADL
トレーニング
スプリント
手芸・工作
マイコン電気炉（100V）送料 御見積電動ろくろ送料 御見積ろくろ送料 御見積上 肢運動
DMT-01   ¥437,000RK-5T  ¥72,400253482  ¥22,800
プ レイ
家庭用100V電源で本格的な“焼もの”が可初心者向けのコンパクトタイプ。寸法φ300×75（H）mmセ ラピィ
能。焼成中の温度を抑えた安全設計。焼成寸法外形／365（W）×515（D）×230（H）mm質量約10.4kgテ ーブル
中は不用意にあけられないようキーロックターンテーブル直径／250mm付属 品ベアリング2個関連
付きです。質量12kg
回転 数テーブル／50Hz、60Hz/0～230rpm（無
寸法外形／600（W）×565（D）×720（H）mm
段変速）
炉内／270（W）×270（D）×300（H）mm
回転方 向左右可能
棚板／240×240mm
電源AC100V
質量64.5kg
消費電 力100W
電源単相100V
付属 品ドベ受け（一体型）、樹脂製亀板2枚
消費電 力1.5kW
かんたん陶芸セット送料 御見積
SNZ-N210   ¥33,910
オーブントースターで手軽に焼成。
細かい成形も自由にでき、陶土のように丈夫に焼き上がります。
焼成後の彫刻や水彩絵の具、ポスターカラー、油絵の具、塗料などによる
着色も自由です。
※成形後、日陰で3～7日ぐらい、表面が白くなるまで自然乾燥させてから焼いてください。
［構成］オーブン陶土 工作用（400g） 20個、木製彫塑ベラセット（5本組） 2組、粘土板 4枚、
アクリルガッシュ12色入1箱、梅皿2枚、赤ナイロン製デザイン筆セット3点組、オーブン陶土
用コート剤1本、テキスト1冊
※仕様・構成が変更になる場合があります。223"
225,MMTXV5JDS6VN1,ADL・作業療法,手芸・工作,"●六角軸木工樹脂ドリル刃セット●モッコーバイス（万力）●電動工具セット（3点組）電気丸のこ、電気かんな、電気ドリル、ケース580（W）×340（D）×225（H）mm入●木工用具セットC（27点組）電気ドリル（MDD-018N）...................... 1本両刃のこ（240mm）................................ 1本胴付のこ（210mm）................................ 1本二枚刃かんな（上製60mm）................... 1本平かんな（小42mm）............................... 1本おいれのみ（6mm）................................. 1本おいれのみ（9mm）................................. 1本おいれのみ（15mm）............................... 1本おいれのみ（24mm）............................... 1本両口げんのう（上製225g）...................... 1本から紙金づち（18mm）........................... 1本くぎぬき（かじや上製270mm）.............. 1本曲がり尺（溝付500mm）......................... 1本筋けびき（120mm）................................ 1本●モッコーバイス（万力）●木工用具デラックスセット（41点組）両刃のこ（240mm）................................ 1本両刃のこ（210mm）................................ 1本胴付のこ（上製210mm）........................ 1本新建材用のこ（270mm）........................ 1本あぜひきのこ（90mm）........................... 1本二枚刃かんな（特上製60mm）............... 1本二枚刃かんな（特上製65mm）............... 1本台直しかんな（特上製42mm）................ 1本豆かんな（42mm）................................... 1本おいれのみ（上製3mm）......................... 1本おいれのみ（上製6mm）......................... 1本おいれのみ（上製9mm）......................... 1本おいれのみ（上製12mm）....................... 1本おいれのみ（上製15mm）....................... 1本おいれのみ（上製18mm）....................... 1本おいれのみ（上製21mm）....................... 1本おいれのみ（上製24mm）....................... 1本おいれのみ（上製30mm）....................... 1本おいれのみ（上製36mm）....................... 1本おいれのみ（上製42mm）....................... 1本両口げんのう（上製300g）...................... 1本木工器具AセットSNZ-1109 木工器具BセットSNZ-1107 皮革工芸器具セットSNZ-1402 評価測定運動療法水治療法物理療法救急ＡＤＬ・作業療法言語療法自立支援機器衛生・防災 介護用入浴機器   ADLトレーニングスプリント手芸・工作上肢運動プレイセラピィテーブル関連木工用具デラックスセット（41点組）電動工具セット（3点組）木工用具セットC（27点組）※仕様・構成が変更になる場合があります。モッコーバイスモッコーバイス224［構成］［構成］［構成］刻印棒30本入.......................................... 1式クラフト染料12色................................ 各1本レザーバインダー500P入...................... 1本レザーコート500P入............................... 1本レザーラッカー500P入........................... 1缶両面足長カシメ中（30個入）N・G............. 各1袋両面足長カシメ大（30個入）N・G............. 各1袋ホック中（30個入）N・G....................... 各1袋ハトメリング極小（10個入）N・G................. 各3袋ハトメリング中（30個入）いぶし・ブロンズ... 各1袋マグネット（14mm）N・G..................... 各1個マグネット（20mm）N・G..................... 各1個キーホルダースネーク（5個入）.............. 2組キーホルダー3連（3個入）N................... 1組キーホルダー3連（3個入）G................... 1組キーリングG............................................ 1組キーリングゴールド.................................. 2組指導書（3種）........................................ 各1冊牛革ひも2mm.......................................10本牛革ひも3mm.......................................10本羊吟レース..............................................10本牛皮革（牛半頭分）................................... 1枚裏皮革（豚1頭分・アメ色）....................... 1枚皮革：小銭入............................................. 5組皮革：札入れ............................................. 5組皮革：3連キーケース............................... 5組皮革：印鑑入............................................. 5組皮革：コースター（5枚組）........................ 5組木箱ケース............................................... 1個トリスモデラ............................................. 3個スェ−ベルカッターS................................ 5本丸かなづち（上製21mm）....................... 1本木づち（芯付48mm）............................... 1本筋けびき（120mm）................................ 1本曲がり尺（ステンレス500mm）.............. 1本くりこぎり（250mm）............................... 1本くりこぎり刃（6mm）................................ 1本くりこぎり刃（9mm）................................ 1本四つ目ぎり（上製・小）.............................. 1本三つ目ぎり（上製・中）.............................. 1本かじや（上製270mm）............................. 1本くぎしめ（上製150mm）.......................... 1本かんな刃研磨補助器................................ 1本天然中砥石（台付255mm）.................... 1本木工やすり平（200mm）......................... 1本木工やすり甲丸（200mm）..................... 1本さや入り小刀（上製18mm）.................... 1本リングオーガー（12mm）......................... 1本−ドライバー（木柄100mm）................... 1本＋ドライバー（木柄No.2）......................... 1本収納プラスチックケース.......................... 1個木づち（42mm）...................................... 1本四方ぎり（上製・中）................................. 1本三つ目ぎり（上製・中）.............................. 1本さや入り小刀（上製18mm）.................... 1本Cクランプ（75mm2個）.......................... 1本砥ぎ器（かんな・のみ用）......................... 1本中砥石（台付）........................................... 1本仕上げ砥石（台付）................................... 1本コンベックススケール（2m）.................... 1本鉄工用ドリル刃（10本組）........................ 1本−ドライバー（木柄75mm）...................... 1本＋ドライバー（木柄75mm）...................... 1本収納プラスチックケース................................. 1個ハトメ抜（4種入）...................................... 1組カシメ打棒大中................................... 各1本ホック打棒中（凸凹2本組）..................... 1組1本目打（3mm幅）.................................. 1本3本目打（3mm幅）.................................. 1本打台........................................................... 1枚革切りハサミ............................................ 1丁クラフトレース針3本組............................ 3袋フェルト..................................................... 5枚木づち....................................................... 5本ゴム板....................................................... 5枚水刷毛（60mm）...................................... 2本ビニル板................................................... 1枚曲尺........................................................... 1個革包丁....................................................... 1丁梅皿........................................................... 2枚彩色筆....................................................... 6本特製スリ込刷毛10mm............................ 2本特製スリ込刷毛20mm............................ 2本特製平刷毛10mm................................... 2本特製平刷毛20mm................................... 2本ラッカー刷毛............................................ 3本接着用ブラシ........................................... 1本刻印ケース............................................... 1個木製ツールケース482（W）×264（D）×197（H）mm............ 1個アルファベット刻印棒セット（28本組）........... 1組ナンバー刻印棒セット（9本組）................ 1組刻印基本7本セット.................................. 1組スタンピング図案集................................. 1冊送料 御見積¥297,380木の素材を生かした実用的な物づくりの作業が、リハのモチベーションを向上。送料 御見積¥132,700送料  御見積¥298,100単純なものから複雑なものまで幅広く、治療的段階付けが容易。あらゆる年齢層の方に好まれる作業です。","木工器具Aセット送料 御見積
SNZ-1109  ¥297,380
木の素材を生かした実用的な物づくりの作業が、リハのモチ
ベーションを向上。
［構成］
●木工用具デラックスセット（41点組）
両刃のこ（240mm）............................... .1本丸かなづち（上製21mm）...................... .1本
両刃のこ（210mm）............................... .1本木づち（芯付48mm）.............................. .1本
胴付のこ（上製210mm）....................... .1本筋けびき（120mm）............................... .1本
評価測定新建材用のこ（270mm）....................... .1本曲がり尺（ステンレス500mm）............. .1本
あぜひきのこ（90mm）.......................... .1本くりこぎり（250mm）.............................. .1本
二枚刃かんな（特上製60mm）.............. .1本くりこぎり刃（6mm）............................... .1本
二枚刃かんな（特上製65mm）.............. .1本くりこぎり刃（9mm）............................... .1本
運動療法台直しかんな（特上製42mm）............... .1本四つ目ぎり（上製・小）............................. .1本
豆かんな（42mm）.................................. .1本三つ目ぎり（上製・中）............................. .1本
木工用具デラックスセット（41点組）おいれのみ（上製3mm）........................ .1本かじや（上製270mm）............................ .1本
おいれのみ（上製6mm）........................ .1本くぎしめ（上製150mm）......................... .1本
水治療法おいれのみ（上製9mm）........................ .1本かんな刃研磨補助器............................... .1本
おいれのみ（上製12mm）...................... .1本天然中砥石（台付255mm）................... .1本
おいれのみ（上製15mm）...................... .1本木工やすり平（200mm）........................ .1本
おいれのみ（上製18mm）...................... .1本木工やすり甲丸（200mm）.................... .1本
物理療法おいれのみ（上製21mm）...................... .1本さや入り小刀（上製18mm）................... .1本
おいれのみ（上製24mm）...................... .1本リングオーガー（12mm）........................ .1本
モッコーバイスおいれのみ（上製30mm）...................... .1本−ドライバー（木柄100mm）.................. .1本
おいれのみ（上製36mm）...................... .1本＋ドライバー（木柄No.2）........................ .1本
救急電動工具セット（3点組）おいれのみ（上製42mm）...................... .1本収納プラスチックケース......................... .1個
両口げんのう（上製300g）..................... .1本
●六角軸木工樹脂ドリル刃セット●モッコーバイス（万力）●電動工具セット（3点組）電気丸
ＡＤＬ・
のこ、電気かんな、電気ドリル、ケース580（W）×340（D）×225（H）mm入
作業療法
言語療法木工器具Bセット送料 御見積
SNZ-1107  ¥132,700
自立支援［構成］
機器●木工用具セットC（27点組）
電気ドリル（MDD-018N）..................... .1本木づち（42mm）..................................... .1本
両刃のこ（240mm）............................... .1本四方ぎり（上製・中）................................ .1本
衛生・胴付のこ（210mm）............................... .1本三つ目ぎり（上製・中）............................. .1本
防災 二枚刃かんな（上製60mm）.................. .1本さや入り小刀（上製18mm）................... .1本
平かんな（小42mm）.............................. .1本Cクランプ（75mm2個）......................... .1本
おいれのみ（6mm）................................ .1本砥ぎ器（かんな・のみ用）........................ .1本
介護用おいれのみ（9mm）................................ .1本中砥石（台付）.......................................... .1本
入浴機器おいれのみ（15mm）.............................. .1本仕上げ砥石（台付）.................................. .1本
木工用具セットC（27点組）おいれのみ（24mm）.............................. .1本コンベックススケール（2m）................... .1本
両口げんのう（上製225g）..................... .1本鉄工用ドリル刃（10本組）....................... .1本
から紙金づち（18mm）.......................... .1本−ドライバー（木柄75mm）..................... .1本
くぎぬき（かじや上製270mm）............. .1本＋ドライバー（木柄75mm）..................... .1本
曲がり尺（溝付500mm）........................ .1本収納プラスチックケース................................ .1個
筋けびき（120mm）............................... .1本
ADLモッコーバイス●モッコーバイス（万力）
トレーニング
スプリント
皮革工芸器具セット送料  御見積
手芸・工作
SNZ-1402  ¥298,100
上肢運動単純なものから複雑なものまで幅広く、治療的段階付けが容易。
あらゆる年齢層の方に好まれる作業です。
プレイ
セラピィ［構成］
テーブル刻印棒30本入......................................... .1式ハトメ抜（4種入）..................................... .1組
関連クラフト染料12色............................... .各1本カシメ打棒大中.................................. .各1本
レザーバインダー500P入..................... .1本ホック打棒中（凸凹2本組）.................... .1組
レザーコート500P入.............................. .1本1本目打（3mm幅）................................. .1本
レザーラッカー500P入.......................... .1缶3本目打（3mm幅）................................. .1本
両面足長カシメ中（30個入）N・G............ .各1袋打台.......................................................... .1枚
両面足長カシメ大（30個入）N・G............ .各1袋革切りハサミ........................................... .1丁
ホック中（30個入）N・G...................... .各1袋クラフトレース針3本組........................... .3袋
ハトメリング極小（10個入）N・G................ .各3袋フェルト.................................................... .5枚
ハトメリング中（30個入）いぶし・ブロンズ.. .各1袋木づち...................................................... .5本
マグネット（14mm）N・G.................... .各1個ゴム板...................................................... .5枚
マグネット（20mm）N・G.................... .各1個水刷毛（60mm）..................................... .2本
キーホルダースネーク（5個入）............. .2組ビニル板.................................................. .1枚
キーホルダー3連（3個入）N.................. .1組曲尺.......................................................... .1個
キーホルダー3連（3個入）G.................. .1組革包丁...................................................... .1丁
キーリングG........................................... .1組梅皿.......................................................... .2枚
キーリングゴールド................................. .2組彩色筆...................................................... .6本
指導書（3種）....................................... .各1冊特製スリ込刷毛10mm........................... .2本
牛革ひも2mm.......................................10本特製スリ込刷毛20mm........................... .2本
牛革ひも3mm.......................................10本特製平刷毛10mm.................................. .2本
羊吟レース..............................................10本特製平刷毛20mm.................................. .2本
牛皮革（牛半頭分）.................................. .1枚ラッカー刷毛........................................... .3本
裏皮革（豚1頭分・アメ色）...................... .1枚接着用ブラシ.......................................... .1本
皮革：小銭入............................................ .5組刻印ケース.............................................. .1個
皮革：札入れ............................................ .5組木製ツールケース
皮革：3連キーケース.............................. .5組482（W）×264（D）×197（H）mm........... .1個
皮革：印鑑入............................................ .5組アルファベット刻印棒セット（28本組）.......... .1組
皮革：コースター（5枚組）....................... .5組ナンバー刻印棒セット（9本組）............... .1組
木箱ケース.............................................. .1個刻印基本7本セット................................. .1組
トリスモデラ............................................ .3個スタンピング図案集................................ .1冊
スェ−ベルカッターS............................... .5本
224※仕様・構成が変更になる場合があります。"
226,MMTXV5MJV4NOD,ADL・作業療法,手芸・工作,"スティック工芸セットSNZ-Y210 ネオモザイクセットSNZ-T400 評価測定運動療法水治療法物理療法救急ＡＤＬ・作業療法言語療法自立支援機器衛生・防災 介護用入浴機器    ADLトレーニングスプリント手芸・工作上肢 運動プレ イセラ ピィテー ブル関連籘細工セットSNZ-F200 アートモザイコセットSNZ-T5000 225送料 御見積¥18,520送料 御見積¥78,885び風染色2mm×約10m）2組、ミニ万能はさみ2本、めうち2本、えんま1本作品例編む、組む、結ぶ、ねじるなど、変化に富んだ作業工程。［構成］籘A（2mm×2m×11本）2組、籘W（2mm×40m）2組、籘X（2mm×30m、あけ初期のつまみ動作の段階から開始可能。豊富な色数による色彩感溢れる壁画づくりで、創造性も養えます。[構成]セラミックアート・モザイコミックス12色、モザイコ用カッター2本、セメダイン木工用 1kg、ラバーヘラ  4本、ゴムべら 4本、モザイク用キラキラ目地材白500g  2個、モザイコ用タックシート10枚、パーツ収納パック3個、モザイク素材ホットプレート5個、モザイク用素材 八角なべしき 5枚、モザイクコルクなべしきミニ 5枚、モザイク用素材はがき箱5個送料 御見積¥11,680大きなスティックで巧緻性の低い方でも、作業しやすい工芸。［構成］スティック2600本、セメダイン木工用500g1本送料 御見積¥34,090ネオモザイクは塩化ビニルを含まない樹脂。手で割りながら接着して、絵や模様をつくります。［構成］ネオモザイク10色 各20枚、はさみ4丁、目地用ゴムベラ 1個、モザイク用キラキラ目地材白（500g） 1個、セメダイン木工用（1kg） 1個、タイルケース（シャーレ大） 10個、モザイク用素材コースター（3枚組）4組、アートボックス額（小）4枚、木彫マルチフォトフレームシナ4枚、モザイコ用タックシート10枚作品例作品例","評価測定
運動療法
水治療法
籘細工セット送料 御見積スティック工芸セット送料 御見積物理療法
SNZ-F200  ¥18,520SNZ-Y210  ¥11,680
編む、組む、結ぶ、ねじるなど、変化に富んだ作業工程。大きなスティックで巧緻性の低い方でも、作業しやすい工芸。
救急
［構成］籘A（2mm×2m×11本）2組、籘W（2mm×40m）2組、籘X（2mm×30m、あけ［構成］スティック2600本、セメダイン木工用500g1本
び風染色2mm×約10m）2組、ミニ万能はさみ2本、めうち2本、えんま1本
ＡＤＬ・
作業療法
言語療法
自立支援
機器
作品例作品例
衛生・
防災 
介護用
入浴機器
ADL
トレーニング
スプリント
手芸・工作
上 肢運動
プ レイ
セ ラピィ
テ ーブル
関連
アートモザイコセット送料 御見積ネオモザイクセット送料 御見積
SNZ-T5000  ¥78,885SNZ-T400  ¥34,090
初期のつまみ動作の段階から開始可能。ネオモザイクは塩化ビニルを含まない樹脂。手で割りながら接着して、
豊富な色数による色彩感溢れる壁画づくりで、創造性も養えます。絵や模様をつくります。
[構成]セラミックアート・モザイコミックス12色、モザイコ用カッター2本、セメダイン木［構成］ネオモザイク10色 各20枚、はさみ4丁、目地用ゴムベラ 1個、モザイク用キラキ
工用 1kg、ラバーヘラ  4本、ゴムべら 4本、モザイク用キラキラ目地材白500g  2個、ラ目地材白（500g） 1個、セメダイン木工用（1kg） 1個、タイルケース（シャーレ大） 10
モザイコ用タックシート10枚、パーツ収納パック3個、モザイク素材ホットプレート5個、個、モザイク用素材コースター（3枚組）4組、アートボックス額（小）4枚、木彫マルチフォ
モザイク用素材 八角なべしき 5枚、モザイクコルクなべしきミニ 5枚、モザイク用素材トフレームシナ4枚、モザイコ用タックシート10枚
はがき箱5個
作品例
225"
227,MMTXV5QA5GI1Q,ADL・作業療法,上肢運動,"木木木評価測定運動療法水治療法物理療法救急ＡＤＬ・作業療法言語療法自立支援機器衛生・防災 介護用入浴機器  DLM-381 DLM-80P 9ホールペグテストA8515 ペグボードセットSOT-2100 ペグボードペグボードセット（SOT-2100）の構成品を単品でも。ペグボードスタンドSOT-2104 ペグボード1人でもグループでも使用可能。視覚ー運動の協調能力を高めます。DLM-381（大） SOT-2101SOT-2103消耗品価格ボード寸法（L×W×Hmm）¥25,000 305×380×30SOT-2101（大）握り用SOT-2102（中）指腹つまみ用 ¥20,000 230×280×22SOT-2103（小）指先つまみ用 ¥16,000 150×180×20９本のペグで行う簡易ペグテスト。運動協調性や視覚と手の協調性の評価、簡単な指示を理解する能力の評価などを行う簡易テストです。日本国外で多用されている検査のため、先行研究との比較にも利用されます。テストは短時間で行えるため、スクリーニング検査や多人数検証などに最適です。スペアペグA8516 ペグのサイズ別に段階を踏んだ練習が可能。円筒形のペグのサイズは3種類で、練習の各段階に応じられます。30°、45°、80°に傾斜するペグボードスタンドを使用して、立体的な練習も可能。ペグ両端を2色に色分け、色の置き換え練習も可能。［構成］ペグボード（SOT-2101、2102、2103）、ペグボードスタンド（SOT-2104）立体練習用の傾斜スタンド。格納時350（L）×390（W）×70（H）mm寸法質量約2.2kg角度調節 0°・30°・45°・80°DLM-80P（中） 226送料 A¥55,000送料 A¥4,500送料 B¥94,000送料 Aペグ寸法（φ×Hmm）質量 入数32×80 約1.3kg15×50 約550g20本 5×35 約230g送料 A¥33,000送料 御見積¥44,500¥15,400ADLトレーニングスプリント手芸・工作上肢運動プレイセラピィテーブル関連寸法 本体／310（L）×260（W）×40（H）mm、ペグ／Φ6×30（H)mm質量 約400g材質 プラスチック［構成］ペグボード本体、ペグ9本、蓋入数 9本SOT-2104型式［共通］材質SOT-2102寸法ボード／630（L）×630（W）×30（H）mm、ペグ／φ25×50（H）mm質量約2kg入数120本／紫、橙、青、緑、黄、赤各20本材質寸法ボード／270（L）×270（W）×13（H）mm、ペグ／φ7×30（H）mm質量約400g入数244本／緑44本、紫・橙・青・黄・赤各40本材質","9ホールペグテスト送料 A
A8515 ¥55,000
９本のペグで行う簡易ペグテスト。
運動協調性や視覚と手の協調性の評価、簡単な指示を理解する能力の評価など
を行う簡易テストです。
日本国外で多用されている検査のため、先行研究との比較にも利用されます。
テストは短時間で行えるため、スクリーニング検査や多人数検証などに最適です。
寸 法本体／310（L）×260（W）×40（H）mm、ペグ／Φ6×30（H)mm
評価測定質 量約400g
材 質プラスチック
［構成］ペグボード本体、ペグ9本、蓋
運動療法消耗品
スペアペグ送料 A
水治療法A8516 ¥4,500
入 数9本
物理療法
救急
ペグボードセット送料 B
ＡＤＬ・
SOT-2100  ¥94,000
作業療法
ペグのサイズ別に段階を踏んだ練習が可能。
円筒形のペグのサイズは3種類で、練習の各段階に応じられます。
言語療法
30°、45°、80°に傾斜するペグボードスタンドを使用して、立体的な練習も可能。
ペグ両端を2色に色分け、色の置き換え練習も可能。
自立支援［構成］ペグボード（SOT-2101、2102、2103）、ペグボードスタンド（SOT-2104）
機器
SOT-2101SOT-2104
ペグボード送料 A
衛生・
防災 ペグボードセット（SOT-2100）の構成品を単品でも。
ボード寸法ペグ寸法
介護用型式価格（L×W×Hmm）（φ×Hmm）質 量入数
入浴機器
SOT-2101（大）握り用¥25,00 0305×380×3032×8 0約1.3kg
SOT-2102（中）指腹つまみ 用¥20,00 0230×280×2215×5 0約550g20本
SOT-2103（小）指先つまみ 用¥16,00 0150×180×20 5×3 5約230g
［共通］
材質木
ADL
トレーニング
スプリントSOT-2103SOT-2102ペグボードスタンド送料 A
SOT-2104  ¥33,000
手芸・工作
立体練習用の傾斜スタンド。
上肢運動寸法格納時350（L）×390（W）×70（H）mm
質量約2.2kg
プレイ角度調 節0°・30°・45°・80°
セラピィ
テーブル
関連
ペグボード送料 御見積
1人でもグループでも使用可能。
視覚ー運動の協調能力を高めます。
DLM-381（大） ¥44,500
寸法ボード／630（L）×630（W）×30（H）mm、ペグ／φ25×50（H）mm
質量約2kg
入数120本／紫、橙、青、緑、黄、赤各20本
材質木
DLM-381 
DLM-80P（中） ¥15,400
寸法ボード／270（L）×270（W）×13（H）mm、ペグ／φ7×30（H）mm
質量約400g
入数244本／緑44本、紫・橙・青・黄・赤各40本
材質木
DLM-80P 
226"
228,MMTXV5S4F3TJV,ADL・作業療法,上肢運動,"評価測定運動療法水治療法物理療法救急ＡＤＬ・作業療法言語療法自立支援機器衛生・防災 介護用入浴機器   ADLトレーニングスプリント手芸・工作上肢 運動プレ イセラ ピィテー ブル関連リールとホイルとデザイン集セット 送料 御見積¥29,600  DLM-522046 回す、ひねるなどの動作により、麻痺側上肢の機能回復訓練が可能。デザイン集を併用することで、さらに訓練の幅が広がります。手関節周囲の骨折後のリハビリテーションなどにも効果が期待できます。ひも通しとデザイン集セットDLM-522462 ピンチ訓練セットDLM-IL1112 送料 御見積¥28,800 デザイン付きと無地の2種類の板を使い、ひもを通す訓練を段階的に行えます。巧緻性、目と手の協調性トレーニングに活用できます。指先の訓練は認知症予防にも効果があります。送料 御見積¥16,100      デザインカードをボードにはめこみ、カラフルなクリップで指先のピンチ動作のトレーニングを行います。ボードを机の上に置いた訓練はもちろん、付属の専用ベースを利用し、ボードを立てかけての訓練もできます。227寸法 カード／300（Ｗ）×120（H）mm保管箱／405（Ｗ）×340（D）×80（H）mm質量 約2.2kg材質 プラスチック・木色 赤、青、緑、黄［構成］リール8本（4色各2本）、ホイル32個（4色各8個）、デザインカード8枚、保管箱1個寸法 紐の長さ／900mmひも通し板／160（Ｗ）×160（Ｄ）mm保管箱／355（Ｗ）×190（D）×80（H）mm質量 約1.2kg材質 紐／布、保管箱／木、ひも通し板／プラスチック［構成］ひも通し板無地6枚、デザイン付6枚、デザイン集6枚、ひも24本、保管箱1個寸法 クリップの長さ／38mmボード／160（W）×160（D）mm質量 0.3kg材質 ベース／木、ボード・クリップ／プラスチック、カード／紙［構成］ベース1枚、クリップ30本（6色各5本）、デザインカード12枚","リールとホイルとデザイン集セット 送料 御見積
DLM-522046  ¥29,600  
回す、ひねるなどの動作により、麻痺側上肢の機能回復訓練が
可能。
デザイン集を併用することで、さらに訓練の幅が広がります。
手関節周囲の骨折後のリハビリテーションなどにも効果が期待できます。
寸 法カード／300（Ｗ）×120（H）mm
保管箱／405（Ｗ）×340（D）×80（H）mm
質 量約2.2kg
評価測定
材 質プラスチック・木
 色赤、青、緑、黄
［構成］リール8本（4色各2本）、ホイル32個（4色各8個）、デザインカード8枚、保管箱1個
運動療法
水治療法
物理療法
救急
ＡＤＬ・
ひも通しとデザイン集セット送料 御見積作業療法
DLM-522462  ¥28,800 
デザイン付きと無地の2種類の板を使い、ひもを通す訓練を段言語療法
階的に行えます。巧緻性、目と手の協調性トレーニングに活用
できます。自立支援
指先の訓練は認知症予防にも効果があります。機器
寸 法紐の長さ／900mm
ひも通し板／160（Ｗ）×160（Ｄ）mm衛生・
保管箱／355（Ｗ）×190（D）×80（H）mm防災 
質 量約1.2kg
材 質紐／布、保管箱／木、ひも通し板／プラスチック
介護用
［構成］ひも通し板無地6枚、デザイン付6枚、デザイン集6枚、ひも24本、保管箱1個入浴機器
ADL
トレーニング
スプリント
手芸・工作
上 肢運動
プ レイ
セ ラピィ
テ ーブル
関連
ピンチ訓練セット送料 御見積
DLM-IL1112  ¥16,100      
デザインカードをボードにはめこみ、カラフルなクリップで指
先のピンチ動作のトレーニングを行います。
ボードを机の上に置いた訓練はもちろん、付属の専用ベースを利用し、
ボードを立てかけての訓練もできます。
寸 法クリップの長さ／38mm
ボード／160（W）×160（D）mm
質 量0.3kg
材 質ベース／木、ボード・クリップ／プラスチック、カード／紙
［構成］ベース1枚、クリップ30本（6色各5本）、デザインカード12枚
227"
229,MMTXV5TMORMR1,ADL・作業療法,上肢運動,"各¥7,500弱中強色黄赤緑青黒評価測定運動療法水治療法物理療法救急ＡＤＬ・作業療法言語療法自立支援機器衛生・防災 介護用入浴機器ハンドトレーナーにぎにぎECO NEW  送料 A¥5,500AMB-NIGI パワーウェブ手関節・前腕及び足関節周囲筋の筋力強化やコンディショニングに最適なハンドエクササイザーです。フレックスグリップ手指および前腕の筋力強化やリハビリテーション、スポーツトレーニング、ストレス緩和に。送料 A強度最弱ベージュ最強極最強送料 A適用クローズドセル構造による優れたクッション性。手指の把持運動に最適です。小児用など、手の大きさに合わせてカッティングして調節することもできます。また抗菌処理が施されているため衛生的に使用できます。各¥4,800228ADLトレーニングスプリント手芸・工作上肢運動プレイセラピィテーブル関連寸法 60（W）×120（D）×25（H）mm質量 約20g材質 PVC入数 5個※製造工程により、表面の凸凹・色ムラ・ロゴの擦れ、寸法に±10㎜程度の誤差が生じる場合がありますが、機能・安全性に影響はありません。※色を選択することはできません。単色または複数色の組み合わせとなることがあります。WEBはこちら40°～60°ぐらいの角度で低負荷高頻度の運動をすることで内在筋の反応が出やすくなります。型式PW-0PW-1PW-2PW-3PW-4PW-5［共通］寸法 直径35cm質量 約450g材質 天然ゴム、鉄指の抵抗運動型式PW-FGYPW-FGRWEBはこちらPW-FGG［共通］寸法 12×10×4cm質量 約125g材質 合成ゴム（ラテックスフリー）DIP関節を伸ばしたままのトレーニング。トレーニング後に、指のストレッチや手首をゆっくり回すと効果的です。価格価格強度 色初期のリハビリテーション・小児または高齢者の筋力強化・ストレス緩和弱 黄リハビリテーション・一般成人の筋力強化ストレス緩和中 赤強 緑 スポーツトレーニング・ストレス緩和手指の屈曲手関節の橈屈・尺屈 足関節の底屈ボタン側ボール側","ハンドトレーナーにぎにぎECO NE W 送料 A
AMB-NIGI ¥5,500
クローズドセル構造による優れたクッション性。
手指の把持運動に最適です。小児用など、手の大きさに合わせてカッティ
ングして調節することもできます。
また抗菌処理が施されているため衛生的に使用できます。
寸 法60（W）×120（D）×25（H）mm
質 量約20g
材 質PVC
評価測定
入 数5個
※製造工程により、表面の凸凹・色ムラ・ロゴの擦れ、寸法に±10㎜程度の誤差が生じる場合
がありますが、機能・安全性に影響はありません。
運動療法※色を選択することはできません。単色または複数色の組み合わせとなることがあります。
水治療法
物理療法
WEBはこちら
救急
40°～60°ぐらいの角度で低負荷高頻度DIP関節を伸ばしたままのトレーニング。
の運動をすることで内在筋の反応が出やトレーニング後に、指のストレッチや手首
ＡＤＬ・
すくなります。をゆっくり回すと効果的です。
作業療法
言語療法
自立支援
機器
パワーウェブ送料 A
衛生・
防災 
手関節・前腕及び足関節周囲筋の筋力強化やコンディショニ
ングに最適なハンドエクササイザーです。
介護用
入浴機器型式価格強度色
PW-0最弱ベージュ
PW-1弱黄
PW-2中赤
各¥7,500
PW-3強緑
PW-4最強青
ADL
トレーニングPW-5極最強黒
［共通］
スプリント
寸 法直径35cm
質 量約450g
手芸・工作
材 質天然ゴム、鉄
上肢運動
プレイ
セラピィ
手指の屈曲手関節の橈屈・尺 屈足関節の底屈指の抵抗運動
テーブル
関連
フレックスグリップ送料 A
手指および前腕の筋力強化やリハビリテーション、スポーツト
レーニング、ストレス緩和に。
型式価格強 度色適用
初期のリハビリテーション・小児または高齢者
PW-FGY 弱黄
の筋力強化・ストレス緩和
ボタン側
リハビリテーション・一般成人の筋力強化
PW-FGR各¥4,800 中赤
ストレス緩和
PW-FGG 強 緑スポーツトレーニング・ストレス緩和
WEBはこちら
［共通］
寸 法12×10×4cm
質 量約125g
材 質合成ゴム（ラテックスフリー）
ボール側
228"
230,MMTXV5WJ8S9EN,ADL・作業療法,上肢運動,"色イエロー DMG-20852 DMG-24542DMG-20853 DMG-24543グリーン DMG-20854 DMG-24544ブルー DMG-20855 DMG-24545ファームエクストラファーム パープル DMG-20856 DMG-24546限評価測定運動療法水治療法物理療法救急ＡＤＬ・作業療法言語療法自立支援機器衛生・防災 介護用入浴機器アールライトフォームブロックA908-8  パテサイズ 限 DMG-300 エコパテスタンダードなパテ。使用頻度の高いご施設には割安な2.3kg入をお勧めします。DMG-22302DMG-22303DMG-22304DMG-22305DMG-2230685g（65cc） 450g（400cc） 2.3kg価格レッド¥8,900¥2,200¥38,000229質量 約15g［構成］エクストラソフト（黄）、ソフト（赤）、ミディアム（青）、ファーム（緑）各3個12個入※製造工程上、ブロックに小さい切れ込みや形の歪みがある場合がございます。ペグターン：ボルト・ナット回し、ボタン押し　などキャップターン：ペットボトルの開閉　などLバー：バイクのスロットル操作、掃除機をかける　などキーターン：鍵回し、洗濯ばさみをつまむ　などノブターン：ドアをあける、バルブを閉める、コップを持つ　など※パテは別売りです。※製造ロットによって、ケースの形状が異なる場合がございます。ご了承くだ関節保護テクニックの習得に容量強度ソフトミディアムソフトミディアム※容量は製造工程上、±5％程度の誤差が生じる場合があります。：在庫商品のみの限定販売となります。在庫状況・数量をご確認ください。ADLトレーニングスプリント手芸・工作上肢 運動プレ イセラ ピィテー ブル関連送料 A¥7,500弱い筋力（MMT3～4程度）の方の握力トレーニングやROM改善に使用。寸法 75（L）×45（W）×45（D）mm送料 A¥28,000送料 Aパテを使ったエクササイズにバリエーションを。５種類のバーと収納ケースで構成されています。付属のエクササイズガイドにはアメリカの作業療法士が考案したシミュレーションプログラムが紹介されています。［使用例］Lバーキャップターンキーターン前腕の筋力強化にノブターンペグターン微細運動の調整にさい。","アールライトフォームブロック送料 A
A908-8  ¥7,500
弱い筋力（MMT3～4程度）の方の握力トレーニングやROM
改善に使用。
寸 法75（L）×45（W）×45（D）mm
質 量約15g
［構成］エクストラソフト（黄）、ソフト（赤）、ミディアム（青）、ファーム（緑）各3個12個入
※製造工程上、ブロックに小さい切れ込みや形の歪みがある場合がございます。
評価測定
運動療法
水治療法
物理療法
救急
Lバーパテサイズ  限送料 AＡＤＬ・
DMG-300 ¥28,000作業療法
ノブターン
パテを使ったエクササイズにバリエーションを。
キャップターン
５種類のバーと収納ケースで構成されています。言語療法
キーターン付属のエクササイズガイドにはアメリカの作業療法士が考案したシミュ
レーションプログラムが紹介されています。
自立支援
［使用例］機器
ペグターン：ボルト・ナット回し、ボタン押し　など
キャップターン：ペットボトルの開閉　など
Lバー：バイクのスロットル操作、掃除機をかける　など衛生・
防災 
キーターン：鍵回し、洗濯ばさみをつまむ　など
ペグターン
ノブターン：ドアをあける、バルブを閉める、コップを持つ　など
※パテは別売りです。介護用
※製造ロットによって、ケースの形状が異なる場合がございます。ご了承くだ入浴機器
さい。
ADL
トレーニング
スプリント
手芸・工作
微細運動の調整に前腕の筋力強化に関節保護テクニックの習得に
上 肢運動
プ レイ
セ ラピィ
テ ーブル
関連
エコパテ送料 A
スタンダードなパテ。
使用頻度の高いご施設には割安な2.3kg入をお勧めします。
容量85g（65cc ）450g（400cc ）2.3kg
価格
強度¥2,200¥8,900¥38,000
色
ソフトイエロ ーDMG-2085 2DMG-24542DMG-22302
ミディアムソフトレッドDMG-2085 3DMG-24543DMG-22303
ミディアムグリー ンDMG-2085 4DMG-24544DMG-22304
ファームブル ーDMG-2085 5DMG-24545DMG-22305
エクストラファー ムパープ ルDMG-2085 6DMG-24546DMG-22306
※容量は製造工程上、±5％程度の誤差が生じる場合があります。
限：在庫商品のみの限定販売となります。在庫状況・数量をご確認ください。229"
231,MMTXV5Z9H0CQK,ADL・作業療法,上肢運動,"各¥4,200弱中強色弱中強色色評価測定運動療法水治療法物理療法救急ＡＤＬ・作業療法言語療法自立支援機器衛生・防災 介護用入浴機器HGN-26020HGN-26030HGN-26033HGN-26102HGN-25811HGN-25831HGN-25851HGN-26040HGN-26050HGN-26043HGN-26053HGN-26020HGN-26101HGN-26100HGN-25821HGN-25841HGN-25861型式HGN-26020HGN-26030HGN-26040HGN-26050HGN-26060HGN-26060［共通］寸法 φ5cm質量 約50g材質 ポリウレタンHGN-26063型式HGN-26033HGN-26043HGN-26053HGN-26063WEBはこちら［共通］寸法 φ5×7.6cm質量 約70g材質 ポリウレタン型式HGN-26107WEBはこちら型式HGN-25811HGN-25821HGN-25831HGN-25841HGN-25851HGN-25861［共通］寸法 φ11.5cm材質 表面／PVC、充填物／スチール抵抗(50％圧縮時)黄色約0.7kg赤色約1.4kg緑色約2.3kg青色約3.6kg黒色約7.7kg抵抗(50％圧縮時)赤色約1.4kg緑色約2.3kg青色約3.6kg黒色約7.7kg送料 A長さ（mm）質量φ35×約300 約290gφ38×約300 約320gφ45×約300 約460gφ50×約300 約540g送料 A質量　約0.5kg黄色約1.0kg赤色約1.5kg緑色約2.0kg青色約2.5kg黒色約3.0kg価格強度極弱最強価格強度最強抵抗値(Uの字に曲げた時)価格 強度 色約2.5kg価格¥4,500¥5,400¥6,000¥6,700¥7,200¥7,900ベージュ各¥3,200230HGN-26107 ¥3,800 極弱 黄色HGN-26100 ¥3,900 弱 赤色約4.5kgHGN-26101 ¥4,900 中 緑色  約7kgHGN-26102 ¥5,900 強 青色 約11kgADLトレーニングスプリント手芸・工作上肢運動プレイセラピィテーブル関連節の可動域を広げるためのエクササイズに。セラバンド ®ハンドエクササイザー 送料 A指先や握力のトレーニングに。セラバンド ®ハンドエクササイザーXL 送料 Aフレックスバー「曲げる」「振る」「ねじる」ことで握力や上半身の筋力強化や関ソフトウエイトボール片手で持てる大きさのウエイトボール。重さによって色分けされています。ボール自体は柔らかく、つかみやすい材質です。上肢や体幹の筋力強化やハンドグリップトレーニングに最適です。","®
セラバン ドハンドエクササイザー 送料 A
HGN-26020
HGN-26030指先や握力のトレーニングに。
HGN-26040型式価格強度色抵抗(50％圧縮時)
HGN-26050HGN-26020極弱黄色約0.7kg
HGN-26060HGN-26030弱赤色約1.4kg
HGN-26040各¥3,200中緑色約2.3kg
HGN-26050強青色約3.6kg
HGN-26060最強黒色約7.7kg
評価測定［共通］
寸 法φ5cm
質 量約50g
運動療法材 質ポリウレタン
HGN-26033
HGN-26043
®
HGN-26053セラバン ドハンドエクササイザーXL 送料 A
水治療法
HGN-26063
型式価格強度色抵抗(50％圧縮時)
HGN-26033弱赤色約1.4kg
物理療法
HGN-26043中緑色約2.3kg
各¥4,200
HGN-26053強青色約3.6kg
救急WEBはこちらHGN-26063最強黒色約7.7kg
［共通］
寸 法φ5×7.6cm
ＡＤＬ・質 量約70g
作業療法HGN-26020材 質ポリウレタン
言語療法
自立支援HGN-26101
機器フレックスバー送料 A
HGN-26102
HGN-26100「曲げる「」振る「」ねじる」ことで握力や上半身の筋力強化や関
衛生・
節の可動域を広げるためのエクササイズに。
防災 
抵抗値
型式価 格強 度色長さ（mm）質量
介護用(Uの字に曲げた時)
入浴機器HGN-2610 7¥3,80 0極 弱黄色約2.5kgφ35×約30 0約290g
HGN-26107
HGN-2610 0¥3,90 0 弱赤色約4.5kgφ38×約30 0約320g
HGN-2610 1¥4,90 0 中緑 色 約7kgφ45×約30 0約460g
HGN-2610 2¥5,90 0 強青 色約11kgφ50×約30 0約540g
WEBはこちら
ADL
トレーニング
スプリント
手芸・工作
上肢運動
プレイ
セラピィソフトウエイトボール送料 A
テーブル片手で持てる大きさのウエイトボール。
関連
重さによって色分けされています。ボール自体は柔らかく、つかみやすい材
質です。上肢や体幹の筋力強化やハンドグリップトレーニングに最適です。
型式価格色質量　
HGN-25811HGN-25821HGN-25811¥4,500ベージュ約0.5kg
HGN-25821¥5,400黄色約1.0kg
HGN-25831¥6,000赤色約1.5kg
HGN-25841¥6,700緑色約2.0kg
HGN-25851¥7,200青色約2.5kg
HGN-25861¥7,900黒色約3.0kg
［共通］
寸 法φ11.5cm
HGN-25831HGN-25841材 質表面／PVC、充填物／スチール
HGN-25851HGN-25861
230"
232,MMTXV627RSZX6,ADL・作業療法,上肢運動,"色評価測定運動療法水治療法物理療法救急ＡＤＬ・作業療法言語療法自立支援機器衛生・防災 介護用入浴機器   手指ストレッチボード　フィンブルFMB-10LB（左手用：ベージュ） FMB-10RB（右手用：ベージュ） パターンボードSOT-A510 アクリルコーンSOT-A500（6色各5個30個入） FMB-10LB２．手関節のストレッチフィンブルを装着して手関節を反らします。手指や手関節屈筋群のストレッチができます。しびれや痛みが起こらない程度の角度で行ってください。消耗品［ストレッチの使用例］※ストレッチは1～2分からはじめ、15分を超える装着はしないで下さい。手指・手関節（屈筋群）のストレッチボード。手指の運動の前後など、筋緊張の高い手をリラックスさせたい時に使用します。ストラップは基節骨（指の付け根部分）がしっかり固定できるよう利用者にあわせてストラップを切るなどして調整してください。本体はシリコンゴムなので、水洗い、アルコール消毒が可能です。フィンブル用ストラップFMB-05 アクリルコーンの応用範囲を拡張するパターンボード。上肢のROM運動、視覚と上肢の協調性、巧緻性を高める練習に使用します。上肢のROM運動のほか、色合わせの練習にも。洗うことのできる無害でカラフルなアクリル製のハンドコーンです。231送料 A¥4,800¥4,800送料 A¥980送料 A¥91,900ADLトレーニングスプリント手芸・工作上肢 運動プレ イセラ ピィテー ブル関連寸法本体直径／２２．５cm質量本体／２５０ｇ材質本体／ＰＡ・シリコンゴム、ストラップ／ナイロン［構成］フィンブル本体／１枚、ストラップ／５枚［内容］5枚入３．腕全体のストレッチ手指を反らせて肘を伸ばすと腕全体のストレッチを行うことができます。送料 A¥47,500寸法600（W）×400（D）×10（H）mm質量約2kg材質プラスチック樹脂付属品 スタッキングコーンベース2個※製造都合上、色むらがある場合がありますが、機能には影響ありません。１．手指のストレッチ手指を伸ばして開いた状態でフィンブルを装着し、手指のストレッチを行います。緊張が強い場合は手関節が浮いてしまうので、介助者が（もしくは反対の手で）押さえます。寸法高さ／11cm6色（青・緑・赤・茶・オレンジ・透明）","手指ストレッチボード　フィンブル送料 A
FMB-10LB（左手用：ベージュ）  ¥4,800
FMB-10RB（右手用：ベージュ）  ¥4,800
手指・手関節（屈筋群）のストレッチボード。
手指の運動の前後など、筋緊張の高い手をリラックスさせたい時に使用し
ます。
ストラップは基節骨（指の付け根部分）がしっかり固定できるよう利用者に
あわせてストラップを切るなどして調整してください。
本体はシリコンゴムなので、水洗い、アルコール消毒が可能です。評価測定
寸法本体直径／２２．５cm
質量本体／２５０ｇ
材質本体／ＰＡ・シリコンゴム、ストラップ／ナイロン
運動療法
［構成］フィンブル本体／１枚、ストラップ／５枚
FMB-10LB水治療法
※製造都合上、色むらがある場合がありますが、機能には影響ありません。
消耗品
物理療法
フィンブル用ストラップ送料 A
FMB-05 ¥980
救急
［内容］5枚入
［ストレッチの使用例］
※ストレッチは1～2分からはじめ、15分を超える装着はしないで下さい。
ＡＤＬ・
作業療法
言語療法
自立支援
機器
衛生・
防災 
介護用
入浴機器
１．手指のストレッチ２．手関節のストレッチ３．腕全体のストレッチ
手指を伸ばして開いた状態でフィンブルを装着し、フィンブルを装着して手関節を反らします。手指や手指を反らせて肘を伸ばすと腕全体のストレッチを
手指のストレッチを行います。緊張が強い場合は手手関節屈筋群のストレッチができます。しびれや痛行うことができます。
関節が浮いてしまうので、介助者が（もしくは反対みが起こらない程度の角度で行ってください。
の手で）押さえます。
ADL
トレーニング
スプリント
手芸・工作
上 肢運動
プ レイ
セ ラピィ
テ ーブル
関連
アクリルコーン送料 Aパターンボード送料 A
SOT-A500（6色各5個30個入） ¥47,500SOT-A510  ¥91,900
上肢のROM運動のほか、色合わせの練習にも。アクリルコーンの応用範囲を拡張するパターンボード。
洗うことのできる無害でカラフルなアクリル製のハンドコーンです。上肢のROM運動、視覚と上肢の協調性、巧緻性を高める練習に使用し
寸法高さ／11cmます。
色6色（青・緑・赤・茶・オレンジ・透明）寸法600（W）×400（D）×10（H）mm
質量約2kg
材質プラスチック樹脂
付属 品スタッキングコーンベース2個
231"
233,MMTXV64LKY8FE,ADL・作業療法,上肢運動,"特管 G6管理評価測定運動療法水治療法物理療法救急ＡＤＬ・作業療法言語療法自立支援機器衛生・防災 介護用入浴機器 ADLトレーニングスプリント手芸・工作上肢運動プレイセラピィテーブル関連手用ロボット型運動訓練装置ウーベルトTM-OV100 〈承認番号30700BZX00005000〉 ロボットとはじめる、手指のリハビリテーション。WEBはこちらロボットによる自律型リハビリテーション。「ロボット媒介型自己模倣運動」の技術を搭載し、自律型のリハビリテーションを実現。正常手側のロボットハンドを動かすことで、訓練手側のロボットハンドが同じ動きを再現し、手指の動きをアシストします。さらに画面上に正常手側の動作映像の反転画像が表示されます。手を入れるだけで“ラクラク”装着。非接触のロボットハンドに手を入れるだけで準備は完了です。グローブなどの装着が不要なため、短時間でリハビリテーションを開始できます。ゲーム感覚で“ワクワク”楽しくリハビリテーション。リハビリテーションプログラムにゲーム性を取り入れ、患者が楽しくリハビリテーションに取り組めます。232送料 サ ¥6,800,000手用ロボット型運動訓練装置10.6kgAC100V50/60Hz40VA訓練画面操作パネル外形寸法 600（W）×380（D）×280（H）mm質量電源一般的名称 能動型手用他動運動訓練装置［構成］本体、ディスプレイ、ディスプレイスタンド、HDMIケーブル、電源ケーブル、ACアダプターウーベルトNEW","WEBはこちら
評価測定
運動療法
ロボットとはじめる、手指のリハビリテーション。
水治療法
手用ロボット型運動訓練装置
物理療法
ウーベルトNEW
救急
ＡＤＬ・
作業療法
言語療法
自立支援
機器
ロボットによる自律型リハビリテーション。
衛生・
「ロボット媒介型自己模倣運動」の技術を搭載し、自律型のリハビ
防災 
リテーションを実現。正常手側のロボットハンドを動かすことで、
介護用訓練手側のロボットハンドが同じ動きを再現し、手指の動きをア
入浴機器シストします。さらに画面上に正常手側の動作映像の反転画像
が表示されます。
手を入れるだけで“ラクラク”装着。
ADL非接触のロボットハンドに手を入れるだけで準備は完了です。グ
トレーニング
ローブなどの装着が不要なため、短時間でリハビリテーションを
スプリント訓練画面
開始できます。
手芸・工作
上肢運動ゲーム感覚で“ワクワク”楽しくリハビリテーション。
プレイリハビリテーションプログラムにゲーム性を取り入れ、患者が楽
セラピィ
しくリハビリテーションに取り組めます。
テーブル
関連
操作パネル
手用ロボット型運動訓練装置ウーベルト送料 サ
TM-OV100〈 承認番号30700BZX00005000〉 管理特 管G6  ¥6,800,000
外形寸 法600（W）×380（D）×280（H）mm
質量10.6kg
電源AC100V50/60Hz40VA
一般的名 称能動型手用他動運動訓練装置
［構成］本体、ディスプレイ、ディスプレイスタンド、HDMIケーブル、電源ケーブル、ACア
ダプター
232"
234,MMTXV66LJ277W,ADL・作業療法,上肢運動,"①②⑤⑦③④⑥評価測定運動療法水治療法物理療法救急ＡＤＬ・作業療法言語療法自立支援機器衛生・防災 介護用入浴機器 特管 G6管理カタログ装着式随意運動介助電気刺激装置WILMOWI-1.0 〈認証番号230AFBZX00063000〉 型式WI-03WI-02WI-05WI-04WI-07MPU12A-102WI-08もっと身近に、もっと笑顔にリハビリテーションと向き合えるウェアラブル医療機器。WEBはこちら価格¥9,000¥14,400¥4,800¥3,000¥3,000¥8,400¥12,000送料御見積オプション装着式随意運動介助電気刺激装置WILMO（ウィルモ） 単品品名①粘着パッド20枚入り②電極パッド③電極パッドカバー④リストベルト（ショート）⑤リストベルト（ロング）⑥充電用ACアダプター⑦延長ケーブル233送料 御見積 ¥450,000ADLトレーニングスプリント手芸・工作上肢 運動プレ イセラ ピィテー ブル関連電気刺激筋電電極パッドカバー使用例本体寸法49(W)×98(L)×14.5(H)mm質量約55g（電極パッドを除く）出力周波数 20Hz±10％治療時間最大8時間駆動時間最大8時間充電時間3時間以内［構成］本体、電極パッド、粘着パッド（20枚入）、リストベルト、電極パッドカバー、充電用ＡＣアダプター神経促通刺激+バイオフィードバックを1台で！脳卒中片麻痺上肢の機能回復を促すリハビリテーション等に用いる医療機器です。もっとスリムに。袖口に収まる小型化を実現。長時間装着にも対応できる仕様です。もっと身近に。腕時計感覚で日常に寄り添うデザイン。日常生活における長時間装着を考慮し、本体質量約55ｇ。新技術によりスリムダウンしました。筋電に比例した電気刺激をリアルタイムに出力。筋電検出と電気刺激を同時に同じ電極から入出力することで、より正確な運動学習が期待できます。もっとシンプルに。操作ボタンを3個にしぼり、シンプルな設定操作。マグネット選択式専用電極シート採用。「誰でも」「簡単に」「素早く」最適位置を探索し、使用可能です。機能的肢位が作りやすく、手指や手関節の伸展運動を補助することでADL（日常生活動作）の改善にも繋がります。","WEBはこちら
もっと身近に、もっと笑顔にリハビリテーションと向き合えるウェアラブル医療機器。
単品
装着式随意運動介助電気刺激装置WILMO（ウィルモ） カタログ
神経促通刺激+バイオフィードバックを1台で！機能的肢位が作りやすく、手指や手関節の伸展運動を補助
脳卒中片麻痺上肢の機能回復を促すリハビリテーション等に用いるすることでAD（L日常生活動作）の改善にも繋がります。
医療機器です。
評価測定
運動療法
水治療法
もっとスリムに。物理療法
袖口に収まる小型化を実現。長時間装着にも対応
できる仕様です。
救急
もっと身近に。
腕時計感覚で日常に寄り添うデザイン。ＡＤＬ・
日常生活における長時間装着を考慮し、本体質量作業療法
約55ｇ。新技術によりスリムダウンしました。
言語療法
筋電に比例した電気刺激をリアルタイムに出力。
筋電検出と電気刺激を同時に同じ電極から入出力することで、より正確自立支援
な運動学習が期待できます。機器
衛生・
防災 
電気刺激
介護用
入浴機器
筋電
もっとシンプルに。
ADL
操作ボタンを3個にしぼり、シンプルな設定操作。マグネット選択式専トレーニング
用電極シート採用。「誰でも「」簡単に「」素早く」最適位置を探索し、使用
スプリント
可能です。
オプション手芸・工作
上 肢運動
電極パッドカバー使用例
①
②プ レイ
セ ラピィ
テ ーブル
関連
③④
⑤
⑦
⑥
装着式随意運動介助電気刺激装置WILMO送料 御見積
WI-1.0〈 認証番号230AFBZX00063000〉 管理特 管G6  ¥450,000品名型式価格送料
本体寸法49(W)×98(L)×14.5(H)mm①粘着パッド20枚入りWI-03¥9,000
質量約55g（電極パッドを除く）②電極パッドWI-02¥14,400
出力周波 数20Hz±10％③電極パッドカバーWI-05¥4,800
治療時間最大8時間
④リストベルト（ショート）WI-04¥3,000御見積
駆動時間最大8時間
充電時間3時間以内⑤リストベルト（ロング）WI-07¥3,000
［構成］本体、電極パッド、粘着パッド（20枚入）、リストベルト、電極パッドカバー、充電用Ａ⑥充電用ACアダプターMPU12A-102¥8,400
Ｃアダプター⑦延長ケーブルWI-08¥12,000
233"
235,MMTXV68D1SZB5,ADL・作業療法,上肢運動,"車椅子用ブラケットPSB-302R（右手用） PSB-302L（左手用） PSB-300RPSB-301 PSB-310R PSB-301PSB-310RPSB-301PSB-302R1台1台左手用PSB-300LPSB-300GLPSB-310L右手用PSB-300RPSB-300GRPSB-310RPSB-300RPSB-302RPSB-300RPSB-301PSB本体（右手用）テーブル用ブラケットPSB本体（右手用）テーブル用ブラケット価格¥211,700¥228,000¥256,000免荷の設定を手動で行うタイプで、上肢装具の把持装具用部品として給付対象です。免荷の設定を手動で行い、その数値をゲージで読み取れるリハ用のタイプです。免荷の設定を電動で調整できるので、装着者本人の自立度が向上します。※本体のみでは使用できませんので、設置固定するためのブラケットと合わせてご使用ください。送料 B¥52,1003次元空間で腕の運動をサポート。車椅子用組み合わせ例標準タイプ組み合わせ例電動タイプ組み合わせ例動きが制限されている方でも、日常の動きが可能に。脊髄損傷、脳疾患などにより、上肢の動きが制限されている方でも、上肢の重さを軽減し、少しの動きだけで食事、筆記、パソコン操作など、日常の動きが可能となります。本体は調整方法により、6機種をご用意。手動式が2種類、電動式が1種類あり、さらに右手用、左手用の全部で6機種を必要に応じて選択できます。補装具給付対象品。厚生労働省に認められた器具（上肢装具・把持装具用部品）なので、障害の状態によっては給付対象となります。（標準タイプのみ）234¥211,700¥162,800合計　¥374,500¥211,700¥52,100合計　¥263,800¥256,000¥52,100合計　¥308,100PSB（ポータブルスプリングバランサー）本体テーブル用ブラケットPSB-301（左右兼用） ゲージ付は免荷の度合を数値で表示することができます。PSB-300RPSB本体（右手用）車椅子用ブラケットタイプ標準タイプゲージ付タイプ電動タイプ寸法400（W）×100（Ｄ）×700（Ｈ）mm質量PSB-300／1450g、PSB-300G／1650g、PSB-310／1600g材質アルミ免荷範囲 0～4kg到達距離 半径600mm、360°、上下410mm1台1台1台1台送料 B送料 B¥162,800¥162,800評価測定運動療法水治療法物理療法救急ＡＤＬ・作業療法言語療法自立支援機器衛生・防災 介護用入浴機器ADLトレーニングスプリント手芸・工作上肢運動プレイセラピィテーブル関連PSB ポータブル スプリングバランサー","3次元空間で腕の運動をサポート。
PSB ポータブル スプリングバランサー
動きが制限されている方でも、日常の動きが可能に。
脊髄損傷、脳疾患などにより、上肢の動きが制限されている方でも、上肢PSB-300R
の重さを軽減し、少しの動きだけで食事、筆記、パソコン操作など、日常の
評価測定動きが可能となります。
本体は調整方法により、6機種をご用意。
運動療法手動式が2種類、電動式が1種類あり、さらに右手用、左手用の全部で6機
種を必要に応じて選択できます。PSB-301
水治療法補装具給付対象品。
厚生労働省に認められた器具（上肢装具・把持装具用部品）なので、障害
の状態によっては給付対象となります。（標準タイプのみ）
物理療法
標準タイプ組み合わせ例
救急
PSB本体（右手用）PSB-300R1台¥211,700
ゲージ付は免荷の度合テーブル用ブラケットPSB-3011台¥52,100
ＡＤＬ・を数値で表示すること
作業療法ができます。合計　¥263,800
言語療法
PSB-300R
自立支援
機器
衛生・
防災 
PSB-310R
介護用PSB-301
入浴機器
PSB-302R
車椅子用組み合わせ例電動タイプ組み合わせ例
ADL
トレーニングPSB本体（右手用）PSB-300R1台¥211,700PSB本体（右手用） PSB-310R1台¥256,000
車椅子用ブラケットPSB-302R1台¥162,800テーブル用ブラケット PSB-3011台¥52,100
スプリント
合計　¥374,500合計　¥308,100
手芸・工作
上肢運動
PSB（ポータブルスプリングバランサー）本体送料 B
プレイ
セラピィ
タイプ左手用右手用価格
テーブル
関連標準タイプPSB-300LPSB-300R¥211,700免荷の設定を手動で行うタイプで、上肢装具の把持装具用部品として給付対象です。
ゲージ付タイプPSB-300GLPSB-300GR¥228,000免荷の設定を手動で行い、その数値をゲージで読み取れるリハ用のタイプです。
電動タイプPSB-310LPSB-310R¥256,000免荷の設定を電動で調整できるので、装着者本人の自立度が向上します。
寸法400（W）×100（Ｄ）×700（Ｈ）mm
質量PSB-300／1450g、PSB-300G／1650g、PSB-310／1600g
材質アルミ
免荷範 囲0～4kg
到達距 離半径600mm、360°、上下410mm※本体のみでは使用できませんので、設置固定するためのブラケットと合わせてご使用ください。
テーブル用ブラケット送料 B車椅子用ブラケット送料 B
PSB-301（左右兼用） ¥52,100PSB-302R（右手用） ¥162,800
PSB-302L（左手用） ¥162,800
234"
236,MMTXV6BRAZ4JV,ADL・作業療法,上肢運動,"※ユリアス・スプリントを単体でお求めの場合はユリアス・マウスピース（75-000）とユリアス・フィルター（75-011）を別途ご購入ください。サンディング用ヤスリ台SOT-1802 ユリアス・スプリントサンディングセットSOT-1801 サンディングブロックSOT-1803 005003004型式70-00170-00270-00370-00470-00575-00075-011価格¥25,000¥25,000¥25,000 ¥22,000 ¥11,000 ¥9,000 ¥12,000※仕様・構成が変更になる場合があります。卓上用在宅でも簡単にサンディングトレーニング。サンディングブロックSOT-1803と合わせてお使いください。脳卒中の三大障がい（知覚鈍麻・弛緩・痙性）に大きく作用して、治療効果を飛躍的に高めるエアー・スプリント。上肢の姿勢・肢位保持による痙性抑制やリラクゼーション効果をはじめ、圧迫刺激から得られる各部固有受容器への作用など、中枢性障がいの運動機能回復に対して高い効力を発揮します。息を吹き込むことでシートが温められると同時に、理想的な圧力が各部に均一にかかり肌に心地よく密着します。傾斜角度で肩の可動域を設定。サンディングブロックで負荷を変えるオーソドックスなサンディングテーブルとブロックのセットです。235送料 H¥420,000780（L）×300（W）×85（H）mm寸法質量6kg傾斜角度 0°～70°（9段階）001002送料 B¥74,000サンドペーパーをブロックに巻いて抵抗をつけてトレーニングします。品名ユリアス・ロングアームユリアス・ショートアームユリアス・ハーフアームユリアス・エルボユリアス・ハンドユリアス・マウスピースユリアス・フィルター材質 プラスチック（PVC）送料 B¥61,00075-000011送料 A寸法800mm700mm530mm400mm200mm（100個入）（5本入）1000（L）×900（W）×820（H）mm寸法質量38.5kg傾斜角度 0°～55°（12段階）付属品 サンディングブロックSOT-1803両手用B片手用B型　式片手用A200（L）×140（W）×40（H）片手用B240（L）×240（W）×40（H）片手用C250（L）×140（W）×65/40（H）両手用A250（L）×140（W）×40（H）両手用B200（L）×140（W）×100/40（H）［共通］寸法握り柄／100（L）×φ25mm付属品腕固定ベルト片手用C両手用A片手用A2個寸法（mm）質量 620g1150g1150g 820g1050g評価測定運動療法水治療法物理療法救急ＡＤＬ・作業療法言語療法自立支援機器衛生・防災 介護用入浴機器ADLトレーニングスプリント手芸・工作上肢 運動プレ イセラ ピィテー ブル関連","評価測定
運動療法
水治療法
物理療法
救急
卓上用ＡＤＬ・
作業療法
サンディングセット送料 Hサンディング用ヤスリ台送料 B
SOT-1801 ¥420,000SOT-1802 ¥61,000言語療法
傾斜角度で肩の可動域を設定。在宅でも簡単にサンディングトレーニング。
サンディングブロックで負荷を変えるオーソドックスなサンディングサンディングブロックSOT-1803と合わせてお使いください。自立支援
テーブルとブロックのセットです。寸法780（L）×300（W）×85（H）mm機器
寸法1000（L）×900（W）×820（H）mm質量6kg
質量38.5kg傾斜角 度0°～70（°9段階）衛生・
傾斜角 度0°～55（°12段階）防災 
付属 品サンディングブロックSOT-1803
介護用
入浴機器
片手用C005
両手用B両手用A
75-000
ADL
トレーニング
011
スプリント
001手芸・工作
002
上 肢運動
片手用B
003
片手用A2個プ レイ
004セ ラピィ
テ ーブル
関連
サンディングブロック送料 Bユリアス・スプリント送料 A
SOT-1803 ¥74,000
脳卒中の三大障がい（知覚鈍麻・弛緩・痙性）に大きく作用
サンドペーパーをブロックに巻いて抵抗をつけてトレーニングします。
して、治療効果を飛躍的に高めるエアー・スプリント。
型　式寸法（mm）質量上肢の姿勢・肢位保持による痙性抑制やリラクゼーション効果をはじ
片手用A200（L）×140（W）×40（H） 620gめ、圧迫刺激から得られる各部固有受容器への作用など、中枢性障が
片手用B240（L）×240（W）×40（H）1150gいの運動機能回復に対して高い効力を発揮します。
片手用C250（L）×140（W）×65/40（H）1150g息を吹き込むことでシートが温められると同時に、理想的な圧力が各
両手用A250（L）×140（W）×40（H） 820g部に均一にかかり肌に心地よく密着します。
両手用B200（L）×140（W）×100/40（H）1050g
品名型式価格寸法
［共通］
ユリアス・ロングアーム70-001¥25,000800mm
寸法握り柄／100（L）×φ25mm
付属品腕固定ベルトユリアス・ショートアーム70-002¥25,000700mm
ユリアス・ハーフアーム70-003¥25,000530mm
ユリアス・エルボ70-004 ¥22,000400mm
ユリアス・ハンド70-005 ¥11,000200mm
ユリアス・マウスピース75-000 ¥9,000（100個入）
ユリアス・フィルター75-011 ¥12,000（5本入）
※ユリアス・スプリントを単体でお求めの場合はユリアス・マウスピース（75-000）とユリアス・フィル
ター（75-011）を別途ご購入ください。
材 質プラスチック（PVC）
※仕様・構成が変更になる場合があります。235"
237,MMTXV6FD2VWD8,ADL・作業療法,プレイセラピィ,"デッキ輪投げSPR-586 輪投げDLM-50 卓上ホッケーDLM-TS002 ニューカラーボウリングゲーム 送料 御見積¥72,800W9284W9946  本物とほぼ同サイズのボウリングで、遊びの要素を取り入れたトレーニングが可能です。ピンの色ごとに点数を変えるなど、豊富なバリエーションの遊び方が楽しめます。ゲートボールセットDLM-42 ボッチャボールセット820Ri 送料 御見積¥32,800BC-AP-007 レクリエーション向きのボッチャボールセットです。ボールの表面は柔らかく高品質な合成皮革を使用しています。送料 B¥35,000輪投げ遊びを通じて、体幹トレーニングやバランス訓練に応用ができます。点数を競うゲームが楽しめます。寸法質量材質［構成］ピン10本、ボール1個、ピンセッター1枚、スコアシート1冊送料 御見積¥37,700各1個、リンゴ×5個、説明書送料 御見積¥28,800体幹バランスの維持・強化、上肢の関節可動域訓練などがゲームを楽しみながら行えます。座りながら卓上で楽しむことができ、車椅子の方にもお使いいただけます。玉打ち器の裏側にキャスター、さらに上部にはハンドルも付いているので、握力の弱い方も無理なく動かせます。寸法材質［構成］普及用ボッチャボール13個セット（白×1個、赤×6個、青×6個）、審判具（パドル×1本、キャリパー（中）×2本）、収納バッグ236ピン／120（直径）×381（H）mmボール／直径210mmピン／300ｇ、ボール／約1.1㎏ピン／ポリエチレン、ボール／ゴム、スコアシート・ピンセッター／紙ボール／φ86mm、キャリパー／160（L）mm、パドル／290（L）mmボール／合成皮革（表面）、キャリパー／樹脂製、パドル／木製寸法510（L）×510（W）×250（H）mm質量4.5kg［構成］輪投げ台1台、ロープ輪9本輪投げ台／赤/180（W）×420（H）mm、白・青・緑・黄/180（W）×270（H）mm輪／φ200mm［構成］輪投げ台5色各1台（正八角形ジョイント付）、輪5色各5本寸法外形／250（W）×186（D）×100（H）mmボール直径／40mm質量玉打ち器／約1kg、ボール／10g材質本体／木製、キャスター／プラスチック製［構成］玉打ち器4個（赤・青各2個）、ボール6個単体で、連結して、幾通りもの使い方ができます。寸法送料 御見積¥35,800室内用。ゲートにリンゴをつり下げて新たなルールで楽しむこともできます。ルールは現場に応じて設定してください。［構成］スティック×3色各1本、ゲート（フック付）×5個、パック×3色各3個、ボール×3色評価測定運動療法水治療法物理療法救急ＡＤＬ・作業療法言語療法自立支援機器衛生・防災 介護用入浴機器ADLトレーニングスプリント手芸・工作上肢運動プレイセラピィテーブル関連","評価測定
運動療法デッキ輪投げ送料 Bニューカラーボウリングゲーム 送料 御見積
SPR-586 ¥35,000W9284W9946  ¥72,800
水治療法輪投げ遊びを通じて、体幹トレーニングやバランス訓練に本物とほぼ同サイズのボウリングで、遊びの要素を取り入
応用ができます。れたトレーニングが可能です。
点数を競うゲームが楽しめます。ピンの色ごとに点数を変えるなど、豊富なバリエーションの遊び方が楽
物理療法寸法510（L）×510（W）×250（H）mmしめます。
質量4.5kg寸法ピン／120（直径）×381（H）mm
［構成］輪投げ台1台、ロープ輪9本ボール／直径210mm
救急質量ピン／300ｇ、ボール／約1.1㎏
材質ピン／ポリエチレン、ボール／ゴム、スコアシート・ピンセッター／紙
［構成］ピン10本、ボール1個、ピンセッター1枚、スコアシート1冊
ＡＤＬ・
作業療法
言語療法
自立支援
機器
衛生・
防災 
介護用
入浴機器
輪投げ送料 御見積ゲートボールセット送料 御見積
DLM-50 ¥37,700DLM-42 ¥35,800
単体で、連結して、幾通りもの使い方ができます。室内用。ゲートにリンゴをつり下げて新たなルールで楽し
ADL寸法輪投げ台／赤/180（W）×420（H）mm、白・青・緑・黄/180（W）×270むこともできます。
トレーニング（H）mm
輪／φ200mmルールは現場に応じて設定してください。
スプリント［構成］スティック×3色各1本、ゲート（フック付）×5個、パック×3色各3個、ボール×3色
［構成］輪投げ台5色各1台（正八角形ジョイント付）、輪5色各5本
各1個、リンゴ×5個、説明書
手芸・工作
上肢運動
プレイ
セラピィ
テーブル
関連
卓上ホッケー送料 御見積ボッチャボールセット820Ri 送料 御見積
DLM-TS002 ¥28,800BC-AP-007 ¥32,800
体幹バランスの維持・強化、上肢の関節可動域訓練などがレクリエーション向きのボッチャボールセットです。
ゲームを楽しみながら行えます。ボールの表面は柔らかく高品質な合成皮革を使用しています。
座りながら卓上で楽しむことができ、車椅子の方にもお使いいただけ寸法ボール／φ86mm、キャリパー／160（L）mm、パドル／290（L）mm
ます。材質ボール／合成皮革（表面）、キャリパー／樹脂製、パドル／木製
玉打ち器の裏側にキャスター、さらに上部にはハンドルも付いている［構成］普及用ボッチャボール13個セット（白×1個、赤×6個、青×6個）、審判具（パドル×
1本、キャリパー（中）×2本）、収納バッグ
ので、握力の弱い方も無理なく動かせます。
寸法外形／250（W）×186（D）×100（H）mm
ボール直径／40mm
質量玉打ち器／約1kg、ボール／10g
材質本体／木製、キャスター／プラスチック製
［構成］玉打ち器4個（赤・青各2個）、ボール6個
236"
238,MMTXV6IGBVJBM,ADL・作業療法,プレイセラピィ,"型式PC-2795APC-2795BPC-2795CPC-2795JPC-2795DPC-2795EPC-2795FPC-2795L価格¥79,000¥86,000¥105,000¥120,000¥120,000¥126,000¥160,000¥168,000型式価格ストラップの長さ 400mm型式PC-2789APC-2789BPC-2789CPC-2789D価格送料 B質量質量質量発達障害などの障がいをもつ子供の姿勢保持と感覚統合療法に。姿勢保持　ポジショニング 頭部のコントロールと身体の左右対称の認識を促進¥35,000  A 460（L）×100（W）× 50（H）mm 0.25kg¥42,000  A 460（L）×100（W）× 75（H）mm 0.75kg¥62,000  A 610（L）×150（W）×110（H）mm 1.35kg¥82,000 B 760（L）×200（W）×150（H）mm 5.40kg寸法560（L）×510（W）×100（H）mm 約1.7kg560（L）×510（W）×150（H）mm 約2.3kg560（L）×510（W）×200（H）mm 約2.5kg560（L）×510（W）×250（H）mm 約3.0kg710（L）×610（W）×150（H）mm 約3.0kg710（L）×610（W）×200（H）mm 約4.0kg710（L）×610（W）×250（H）mm 約4.5kg710（L）×610（W）×300（H）mm 約5.5kg送料寸法B 560（L）×510（W）×100（H）mm 約2.3kg送料寸法ウェッジ子供の体格、用途に合わせて選べる8タイプ。寝返り、転がり、上体保持、読書時の快適な姿勢保持などに使用します。特に頭部や体幹のコントロールが不足している子供のポジショニングに最適で、椅子としても使用できます。胸から膝にかけて子供の体がウェッジにかかるようにしてご使用ください。デラックスストラップウェッジウェッジからの転げ落ちを防止する2本のストラップ付き。2本のストラップで臀部のあたりをしっかり締めて、ウェッジ上での適切なポジションを保持します。レイズドロールポジショニングやバランストレーニングに。底面が平らで、小さいものはポジショニング、大きいものはバランストレーニングに使用できます。カーブした形状が膝関節の屈曲や足関節の底屈、頸部の伸展や座ったときのポジションの安定を助けます。底面のマジックテープで、カーペットの床に固定できます。237PC-2779A（S） ¥125,000PC-2779B（M）¥138,000B 560（L）×510（W）×150（H）mm 約2.5kgPC-2779C（L） ¥160,000 C 710（L）×610（W）×200（H）mm 約4.0kg［共通］カラフルで楽しく安心。表面が滑りにくい変形しない素材。水洗いできていつでも清潔で、耐尿性、無毒性、難燃性、抗菌仕様です。硬質ウレタンフォーム製です。※メーカー（プレストン社）の生産計画と在庫の都合により、色指定に関してはご希望に沿いかねる場合がございますので、予めご了承ください。評価測定運動療法水治療法物理療法救急ＡＤＬ・作業療法言語療法自立支援機器衛生・防災 介護用入浴機器ADLトレーニングスプリント手芸・工作上肢 運動プレ イセラ ピィテー ブル関連タンブルフォーム2","発達障害などの障がいをもつ子供の姿勢保持と感覚統合療法に。
タンブルフォーム2
カラフルで楽しく安心。表面が滑りにくい変形しない素材。
水洗いできていつでも清潔で、耐尿性、無毒性、難燃性、抗菌仕様です。
硬質ウレタンフォーム製です。
※メーカー（プレストン社）の生産計画と在庫の都合により、色指定に関してはご希望に沿いかねる場合がございますので、予めご了承ください。評価測定
姿勢保持　ポジショニング 頭部のコントロールと身体の左右対称の認識を促進
運動療法
ウェッジ送料 B
子供の体格、用途に合わせて選べる8タイプ。水治療法
寝返り、転がり、上体保持、読書時の快適な姿勢保持などに使用します。
特に頭部や体幹のコントロールが不足している子供のポジショニングに最
適で、椅子としても使用できます。物理療法
胸から膝にかけて子供の体がウェッジにかかるようにしてご使用ください。
型式価格寸法質量
救急
PC-2795A¥79,000560（L）×510（W）×100（H）m m約1.7kg
PC-2795B¥86,000560（L）×510（W）×150（H）mm 約2.3kg
PC-2795C¥105,000560（L）×510（W）×200（H）m m約2.5kgＡＤＬ・
作業療法
PC-2795J¥120,000560（L）×510（W）×250（H）m m約3.0kg
PC-2795D¥120,000710（L）×610（W）×150（H）m m約3.0kg
PC-2795E¥126,000710（L）×610（W）×200（H）mm 約4.0kg言語療法
PC-2795F¥160,000710（L）×610（W）×250（H）m m約4.5kg
PC-2795L¥168,000710（L）×610（W）×300（H）m m約5.5kg
自立支援
機器
衛生・
防災 
介護用
入浴機器
デラックスストラップウェッジ
ウェッジからの転げ落ちを防止する2本のストラップ付き。
2本のストラップで臀部のあたりをしっかり締めて、ウェッジ上での適切な
ポジションを保持します。ADL
トレーニング
型式価格送料寸法質量
PC-2779A（S ）¥125,000 B560（L）×510（W）×100（H）m m約2.3kgスプリント
PC-2779B（M）¥138,000 B560（L）×510（W）×150（H）m m約2.5kg
手芸・工作
PC-2779C（L ）¥160,00 0 C710（L）×610（W）×200（H）m m約4.0kg
［共通］
上 肢運動
ストラップの長 さ400mm
プ レイ
セ ラピィ
テ ーブル
関連
レイズドロール
ポジショニングやバランストレーニングに。
底面が平らで、小さいものはポジショニング、大きいものはバランストレー
ニングに使用できます。
カーブした形状が膝関節の屈曲や足関節の底屈、頸部の伸展や座ったとき
のポジションの安定を助けます。
底面のマジックテープで、カーペットの床に固定できます。
型式価格送料寸法質量
PC-2789A¥35,000   A460（L）×100（W）× 50（H）m m0.25kg
PC-2789B¥42,000   A460（L）×100（W）× 75（H）m m0.75kg
PC-2789C¥62,000   A610（L）×150（W）×110（H）m m1.35kg
PC-2789D¥82,000  B760（L）×200（W）×150（H）m m5.40kg
237"
239,MMTXV6LRXV5AY,ADL・作業療法,プレイセラピィ,"AAABBBCCC評価測定運動療法水治療法物理療法救急ＡＤＬ・作業療法言語療法自立支援機器衛生・防災 介護用入浴機器 約1.5kg約3.0kg約5.0kg非課税品 送料 Bフロアシート股関節軽度外転位に保つように工夫され、重度障がい児の姿勢を正しく保持。フィーダーシートと取り外しが簡単なフロアシッターウェッジで構成されています。シートは、ベルクロ（フックアンドループ）固定式で直立した位置、やや傾いた位置など、自由な角度に設定できます。非課税品 送料 B※フィーダーシートの標準体型をご参照ください。※標準的な子供の体型に基づいて表示していますが、障がい度や発育度によって異なる場合があります。型式PC-2794CPC-2794DPC-2794HPC-2794EPC-2794J質量約0.5kg約1.6kg約3.2kg約3.5kgPC-2795X型式型式質量 約2.5kg型式PC-2794APC-2794BPC-2794FPC-2794GPC-2795MPC-4542A（M）PC-4542WフィーダーシートPC-2795は含まれません。PC-2795MPC-4542WPC-2795XPC-4542W姿勢保持　ポジショニング 姿勢保持　シーティング 頭部のコントロールと身体の左右対称の認識を促進骨盤を固定、肩甲骨を軽度内転位に保ち着座姿勢を保持質量寸法約4.5kg約6.2kg約8.0kg構成PC-2795NPC-4542W座高 質量標準体型46ｃｍ身長：66～91ｃｍヒップ幅：18ｃｍ59ｃｍ身長：91～122ｃｍヒップ幅：24ｃｍ73ｃｍ身長：123～151ｃｍヒップ幅：33ｃｍ送料 B¥77,000ロール転がしたり馬乗りになったり、各種のバランス運動や、下肢のコントロール促進、上体保持の強化などに最適。子供とセラピストが1対1で行う「転がす」「揺らす」といったトレーニング動作に適合する形状になっています。適度な固さがあり、使用中に身体が沈むことはありませんので、正しい姿勢を保持できます。フィーダーシートセラピー時や食事・授乳の際の姿勢保持シート。シートと背中は90度の角度で設計されていて、正しく楽に姿勢が保持できます。ハーネスを通す穴は高さ9ｃｍで、さまざまな体格差に対応します。膝の上に乗せたり、壁やテーブルで固定したり、車椅子、ソファーなどに置いて使用できます。フロアシッターウェッジPC-4542W 価格¥60,000 ¥70,000 ¥82,000 ¥100,000 送料寸法φ100×610（L）mmφ150×610（L）mmφ200×610（L）mmφ200×910（L）mmPC-4542WPC-4542D（L）S・Mには、骨盤の安定性を増すためのくぼみがついています。価格¥118,000 ¥138,000 ¥172,000 ¥185,000 ¥230,000 送料φ250× 910（L）mmφ300× 910（L）mmφ300×1220（L）mmφ360×1220（L）mm 約10.0kgφ410×1220（L）mm 約12.0kg価格質量価格PC-2795N（S） ¥87,000  27（W）×29（D）寸法×53（H）ｃｍ×69（H）ｃｍ×86（H）ｃｍ238PC-4542B（S） ¥120,000  約4.0kgPC-4542A（M） ¥140,000  約5.5kgPC-4542D（L） ¥180,000  約7.5kｇPC-2795M（M）¥115,000  36（W）×36（D）PC-2795X（L） ¥160,000  43（W）×47（D）ADLトレーニングスプリント手芸・工作上肢運動プレイセラピィテーブル関連フィーダーシートの固定用ウェッジ。寸法 425（W）×555（D）×280（H）mm","姿勢保持　ポジショニング 頭部のコントロールと身体の左右対称の認識を促進
ロール
転がしたり馬乗りになったり、各種のバランス運動や、下肢の
コントロール促進、上体保持の強化などに最適。
子供とセラピストが1対1で行う「転がす「」揺らす」といったトレーニング
動作に適合する形状になっています。
適度な固さがあり、使用中に身体が沈むことはありませんので、正しい
評価測定姿勢を保持できます。
運動療法
型式価格送料寸法質量
型式価格送料寸法質量PC-2794C¥118,000 Bφ250× 910（L）mm約4.5kg
水治療法
PC-2794A¥60,000 Aφ100×610（L）mm約0.5kgPC-2794D¥138,000 Bφ300× 910（L）mm約6.2kg
PC-2794B¥70,000 Aφ150×610（L）mm約1.6kgPC-2794H¥172,000 Cφ300×1220（L）mm約8.0kg
PC-2794F¥82,000 Aφ200×610（L）mm約3.2kgPC-2794E¥185,000 Cφ360×1220（L）m m約10.0kg
物理療法
PC-2794G¥100,000 Bφ200×910（L）mm約3.5kgPC-2794J¥230,000 Cφ410×1220（L）m m約12.0kg
救急
姿勢保持　シーティング 骨盤を固定、肩甲骨を軽度内転位に保ち着座姿勢を保持
ＡＤＬ・
作業療法PC-2795MPC-2795Xフロアシート非課税 品送料 B
股関節軽度外転位に保つように工夫され、重度障がい児の
言語療法姿勢を正しく保持。
フィーダーシートと取り外しが簡単なフロアシッターウェッジで構成され
ています。
自立支援
機器シートは、ベルクロ（フックアンドループ）固定式で直立した位置、やや傾
いた位置など、自由な角度に設定できます。
型式価格質量構成
衛生・
防災 PC-2795N
PC-4542B（S ）¥120,000  約4.0kg
PC-4542W
介護用PC-4542A（M ）¥140,000  約5.5kgPC-2795M
入浴機器PC-4542W
PC-2795X
PC-4542D（L ）¥180,000  約7.5kｇ
PC-4542W
※フィーダーシートの標準体型をご参照ください。
PC-4542W
ADLPC-4542A（M）PC-4542D（L）
トレーニング
スプリント
フィーダーシート非課税 品送料 B
手芸・工作
セラピー時や食事・授乳の際の姿勢保持シート。
シートと背中は90度の角度で設計されていて、正しく楽に姿勢が保持で
上肢運動
きます。
プレイハーネスを通す穴は高さ9ｃｍで、さまざまな体格差に対応します。
セラピィ
膝の上に乗せたり、壁やテーブルで固定したり、車椅子、ソファーなどに
テーブル
関連S・Mには、骨盤の安定性を増すためのく置いて使用できます。
ぼみがついています。型式価格寸法座 高質量標準体型
27（W）×29（D）約身長：66～91ｃｍ
PC-2795N（S ）¥87,000  46ｃｍ
×53（H）ｃｍ1.5kgヒップ幅：18ｃｍ
36（W）×36（D）約身長：91～122ｃｍ
PC-2795M（M）¥115,000  59ｃｍ
×69（H）ｃｍ3.0kgヒップ幅：24ｃｍ
43（W）×47（D）約身長：123～151ｃｍ
PC-2795X（L ）¥160,000  73ｃｍ
×86（H）ｃｍ5.0kgヒップ幅：33ｃｍ
※標準的な子供の体型に基づいて表示していますが、障がい度や発育度によって異なる場合があります。
フロアシッターウェッジ送料 B
PC-4542W  ¥77,000
フィーダーシートの固定用ウェッジ。
寸 法425（W）×555（D）×280（H）mm
質 量約2.5kg
PC-4542W
フィーダーシートPC-2795は含まれません。
238"
240,MMTXV6RUKUEF0,ADL・作業療法,プレイセラピィ,"色赤青黄赤青赤色青赤黄評価測定運動療法水治療法物理療法救急ＡＤＬ・作業療法言語療法自立支援機器衛生・防災 介護用入浴機器 ジェットモービルPC-4768C(M) PC-4769C(L) ロッカーバランスPC-4811   フィジオロールボールシームレス加工なので、活発な子供たちの扱いにも耐えられます。耐荷重は最大300kg。バレルロールPC-4163B トレーニングボールバランス感覚や、前庭反射トレーニングに。カラフルで柔らかく、適度な固さを持っています。上に乗ったり投げたり受け止めたり、といったさまざまな使い方ができます。水洗いもでき、清潔さを保てます。エクササイズボール空気を入れてふくらませるビニル製のボールです。空気圧の増減でボールの弾力性を自由に調整できます。感覚統合療法　バランス、グロスモーター（粗大運動） 身体全体の運動でバランス能力を高める寸法質量φ280mm約1.0kgφ400mm約2.5kgφ540mm約6.0kg寸法質量 φ55cm 800g φ65cm1100g φ75cm1300g φ85cm2000g φ95cm2400gφ120cm4000g送料 B¥260,000¥300,000障がいがある子供も身体を伸展位に保ったまま移動が可能。手をついたり、ロープを引っ張ることで、頭と身体が伸展し、頸部、肩、腕の筋協調性の発達など、上体機能の回復が図れます。送料 B¥120,000表面にタンブルコートを施した、滑りにくいバランスボード。柔らかく両サイドがカットされているので、指を挟むことなく安全です。接地部分にはクッションが入っています。AA9081A送料 A質量 860g1240g2290g四肢の機能向上・回復トレーニングに。バランス感覚だけでなく、トンネルをくぐるなどの全身運動で四肢の機能向上・回復トレーニングにも応用ができます。価格¥14,000 ¥15,000 ¥25,000 寸法φ30×50（L）cmφ40×65（L）cmφ55×90（L）cm239送料 B¥240,000寸法M／720（L）×700（W）×300（H）mmL／940（L）×980（W）×310（H）mmキャスター／φ60mm4個付質量PC-4768C／約6kg、PC-4769C／約9.5kg適応身長 M／102cmまで、L／152cmまで適応体重 M／57kgまで、L／90kgまで送料 B寸法質量材質耐荷重 65kgまで460（L）×610（W）×160（H）mm約5kg木製タンブルフォームコートAA9081BAA9081C送料 A型式AA9081AAA9081BAA9081CPC-2769S(S)PC-2769M(M)PC-2769L(L)ADLトレーニングスプリント手芸・工作上肢 運動プレ イセラ ピィテー ブル関連寸法φ560×560（H）mm内径／φ300mm質量約9.2kg（L）（M）（S）型式価格¥54,000 ¥98,000 ¥170,000 型式AA9080BAA9080CAA9080DAA9080EAA9080FAA9080G価格¥10,000 ¥11,500 ¥14,000 ¥18,000 ¥24,000 ¥39,000","感覚統合療法　バランス、グロスモーター（粗大運動） 身体全体の運動でバランス能力を高める
評価測定
運動療法
バレルロール送料 Bジェットモービル送料 B
水治療法
PC-4163B  ¥240,000PC-4768C(M) ¥260,000
PC-4769C(L) ¥300,000
四肢の機能向上・回復トレーニングに。
バランス感覚だけでなく、トンネルをくぐるなどの全身運動で四肢の機障がいがある子供も身体を伸展位に保ったまま移動が可能。物理療法
能向上・回復トレーニングにも応用ができます。手をついたり、ロープを引っ張ることで、頭と身体が伸展し、頸部、肩、
寸法φ560×560（H）mm腕の筋協調性の発達など、上体機能の回復が図れます。
内径／φ300mm寸法M／720（L）×700（W）×300（H）mm救急
質量約9.2kgL／940（L）×980（W）×310（H）mm
キャスター／φ60mm4個付
質量PC-4768C／約6kg、PC-4769C／約9.5kg
ＡＤＬ・
適応身 長M／102cmまで、L／152cmまで作業療法
適応体 重M／57kgまで、L／90kgまで
言語療法
自立支援
機器
衛生・
防災 
（L）
（M）
（S）
介護用
入浴機器
トレーニングボール送料 Bロッカーバランス送料 B
バランス感覚や、前庭反射トレーニングに。PC-4811   ¥120,000
カラフルで柔らかく、適度な固さを持っています。上に乗ったり投げた表面にタンブルコートを施した、滑りにくいバランスボード。ADL
トレーニング
り受け止めたり、といったさまざまな使い方ができます。水洗いもで柔らかく両サイドがカットされているので、指を挟むことなく安全です。
き、清潔さを保てます。接地部分にはクッションが入っています。スプリント
寸法460（L）×610（W）×160（H）mm
型式価格寸法質量手芸・工作
質量約5kg
PC-2769S(S)¥54,000 φ280mm約1.0kg
材質木製タンブルフォームコート
PC-2769M(M)¥98,000 φ400mm約2.5kg耐荷 重65kgまで上 肢運動
PC-2769L(L)¥170,000 φ540mm約6.0kgプ レイ
セ ラピィ
テ ーブル
関連
AA9081B
AA9081A
AA9081C
エクササイズボール送料 Aフィジオロールボール送料 A
空気を入れてふくらませるビニル製のボールです。シームレス加工なので、活発な子供たちの扱いにも耐えられます。
空気圧の増減でボールの弾力性を自由に調整できます。耐荷重は最大300kg。
型式価格寸法質量色型式価格寸法質量色
AA9080B¥10,000  φ55cm 800g赤AA9081A¥14,000 φ30×50（L）cm 860g青
AA9080C¥11,500  φ65cm1100g青AA9081B¥15,000 φ40×65（L）cm1240g赤
AA9080D¥14,000  φ75cm1300g黄AA9081C¥25,000 φ55×90（L）cm2290g黄
AA9080E¥18,000  φ85cm2000g赤
AA9080F¥24,000  φ95cm2400g青
AA9080G¥39,000 φ120cm4000g赤
239"
241,MMTXV6V4J0EMN,ADL・作業療法,テーブル関連,"単品カタログ取付金具（ガートル掛け用） 送料 A¥30,000NRG-2014 立位移動補助具　アクティーモNRNR-2014  早期活動を促す、車いすを使わないリハビリテーションモデル。WEBはこちら送料 F¥220,000オプション240立位移動補助具アクティーモNR寸法825（L）×730（W）×1110（H）mm質量20ｋｇ材質本体／プラスチック、ベース／ステンレス適応身長 145cm～180cm適応体重 最大100ｋｇ付属品 固定ベルト取付イメージ※バーは商品には含まれません。スタンディングテーブル利用例姿勢の修正ベッドからの移乗収納時評価測定運動療法水治療法物理療法救急ＡＤＬ・作業療法言語療法自立支援機器衛生・防災 介護用入浴機器ADLトレーニングスプリント手芸・工作上肢運動プレイセラピィテーブル関連リハビリテーションの現場から生まれた早期活動に最適な立位移動補助具。非麻痺側の機能を活用して移動が行える立位移動補助具です。脳卒中発症後早期の方でも、下肢・体幹を支持保持し、安全に立位姿勢を保てる設計で、早期からの立位・移動リハビリテーションに最適です。状況に応じた様々な場面で、利用可能です。残存機能を活用し、移動や移乗を行うことで、介助負担を軽減します。発症直後は介助者が誘導し、慣れてくると本人が非麻痺側の足で床を蹴りながら移動できるようになります。障がい者用トイレでは、直接便座の前方にアプローチ出来るので、片麻痺の向きに関わらず、安全な介助が行えます。スタンディングテーブルとしても利用できます。使いやすさに配慮した設計。非常に旋回性が良く狭い病室でも使用することができます。前方・後方のどちらからでも、姿勢を正すことができます。複数台本体を重ねて収納することで、保管スペースを削減できます。","WEBはこちら
早期活動を促す、車いすを使わないリハビリテーションモデル。
単品
立位移動補助具アクティーモNRカタログ
リハビリテーションの現場から生まれた早期活動に最適な立位移動補助具。
非麻痺側の機能を活用して移動が行える立位移動補助具です。
脳卒中発症後早期の方でも、下肢・体幹を支持保持し、安全に立位姿勢を保てる設計で、
評価測定早期からの立位・移動リハビリテーションに最適です。
状況に応じた様々な場面で、利用可能です。
運動療法残存機能を活用し、移動や移乗を行うことで、介助負担を軽減します。
発症直後は介助者が誘導し、慣れてくると本人が非麻痺側の足で床を蹴りながら
移動できるようになります。
水治療法障がい者用トイレでは、直接便座の前方にアプローチ出来るので、
片麻痺の向きに関わらず、安全な介助が行えます。
スタンディングテーブルとしても利用できます。
物理療法
使いやすさに配慮した設計。
非常に旋回性が良く狭い病室でも使用することができます。
前方・後方のどちらからでも、姿勢を正すことができます。
救急
複数台本体を重ねて収納することで、保管スペースを削減できます。
ＡＤＬ・
作業療法
言語療法
自立支援
機器
衛生・
防災 
介護用
入浴機器
姿勢の修正スタンディングテーブル利用例
ADL
トレーニング
スプリント
手芸・工作
上肢運動
プレイ
セラピィ
テーブル
関連
立位移動補助具　アクティーモNR送料 F
NR-2014  ¥220,000
寸法825（L）×730（W）×1110（H）mm
質量20ｋｇ
材質本体／プラスチック、ベース／ステンレス
ベッドからの移乗適応身 長145cm～180cm
適応体 重最大100ｋｇ
付属 品固定ベルト
オプション
取付金具（ガートル掛け用） 送料 A
NRG-2014 ¥30,000
取付イメージ
収納時※バーは商品には含まれません。
240"
242,MMTXZROYRGQ43,ADL・作業療法,テーブル関連,"スタンディングテーブル１人用 ST-8501G（天然木） スタンディングテーブル 2人用 ST-8502G（天然木） ST-8501A（アイボリー） ST-8502A（アイボリー） ST-8501AST-8502A立位が不安定な方の起立、姿勢をサポートしながら、作業療法を行えます。241送料 御見積¥498,000送料 御見積¥617,000¥513,000¥650,000寸法外形／1231（L）×1017（W）×980～1225（H）mmテーブル／900（L）×800（W）mm91kg質量寸法外形／1231（L）×1017（W）×985～1230（H）mmテーブル／900（L）×800（W）mm90kg質量［共通］支柱／鋼板、メラミン焼付塗装、天板／G：天然木、A：メラミン化粧板材質昇降方式 ガススプリング式付属品 固定ベルト大小各2本その他 キャスター4個、アジャスター4個付寸法外形／1445（L）×1017（W）×980～1225（H）mmテーブル／900（L）×900（W）mm質量101kg寸法外形／1445（L）×1017（W）×985～1230（H）mmテーブル／900（L）×900（W）mm質量100kg［共通］材質支柱／鋼板、メラミン焼付塗装、天板／G：天然木、A：メラミン化粧板昇降方式 ガススプリング式付属品 固定ベルト大小各4本その他 キャスター4個、アジャスター4個付G：天然木A：アイボリー評価測定運動療法水治療法物理療法救急ＡＤＬ・作業療法言語療法自立支援機器衛生・防災 介護用入浴機器ADLトレーニングスプリント手芸・工作上肢 運動プレ イセラ ピィテー ブル関連ガススプリング昇降式により、テーブル面の高さを自由に設定可能。電源不要。立位が不安定な患者の起立・上肢運動をサポート。患者の身体を確実に支える幅広の固定ベルトも装備しています。電源を要さず、キャスターが付いていますので室内のレイアウト変更も容易です。スタンディングテーブル","立位が不安定な方の起立、姿勢をサポートしながら、作業療法を行えます。
スタンディングテーブル
ガススプリング昇降式により、テーブル面の高さを自由に設定可能。電源不要。
立位が不安定な患者の起立・上肢運動をサポート。
患者の身体を確実に支える幅広の固定ベルトも装備しています。
電源を要さず、キャスターが付いていますので室内のレイアウト変更も容易です。評価測定
G：天然木A：アイボリー
運動療法
水治療法
物理療法
スタンディングテーブル１人 用送料 御見積救急
ST-8501G（天然木） ¥498,000
ＡＤＬ・
寸法外形／1231（L）×1017（W）×980～1225（H）mm
作業療法
テーブル／900（L）×800（W）mm
質量91kg
ST-8501A（アイボリー） ¥513,000言語療法
寸法外形／1231（L）×1017（W）×985～1230（H）mm
テーブル／900（L）×800（W）mm
質量90kg自立支援
機器
［共通］
材質支柱／鋼板、メラミン焼付塗装、天板／G：天然木、A：メラミン化粧板
昇降方 式ガススプリング式衛生・
防災 
付属 品固定ベルト大小各2本
その 他キャスター4個、アジャスター4個付
介護用
ST-8501A入浴機器
ADL
トレーニング
スプリント
手芸・工作
上 肢運動
プ レイ
スタンディングテーブル 2人 用送料 御見積セ ラピィ
ST-8502G（天然木） ¥617,000テ ーブル
関連
寸法外形／1445（L）×1017（W）×980～1225（H）mm
テーブル／900（L）×900（W）mm
質量101kg
ST-8502A（アイボリー） ¥650,000
寸法外形／1445（L）×1017（W）×985～1230（H）mm
テーブル／900（L）×900（W）mm
質量100kg
［共通］
材質支柱／鋼板、メラミン焼付塗装、天板／G：天然木、A：メラミン化粧板
昇降方 式ガススプリング式
付属 品固定ベルト大小各4本
その 他キャスター4個、アジャスター4個付
ST-8502A
241"
243,MMTXZRQZD8H0C,ADL・作業療法,テーブル関連,"内寸1027mm天板下高さ643〜823mm天板下高さ625 〜 805mm内寸1025mm天板下高さ658〜833mm1200（L）×570（W）×678～853(H）mmキャスター径／φ75mm32kg支柱／鋼板（メラミン焼付塗装）、天板／メラミン化粧天板天板下高さ640 〜 815mm880（L）×570（W）×660～835（H）mm30kg、32kg支柱／鋼板（メラミン焼付塗装）昇降式リハビリテーブル（傾斜機能付）SOT-1210M（木目） 昇降式リハビリテーブル（傾斜機能付） 送料 御見積¥267,000SOT-810N（天然木） ¥238,000SOT-810M（木目） 傾斜角度を自由に調節できるハイローテーブルの1人用タイプ。寸法昇降式リハビリテーブルSOT-1200M（木目） 昇降式リハビリテーブルSOT-800N（天然木） SOT-800M（木目） コンパクトな1人用のハイローテーブル。242送料 御見積¥197,500質量材質傾斜角度 ０°～63°昇降方式 ガススプリング式その他 落下防止バー付、ストッパー付キャスター（4輪）SOT-800M（木目）※ペグボードは別売りです。送料 御見積¥199,000¥177,000質量材質傾斜角度 ０°～63°昇降方式 ガススプリング式その他 落下防止バー付、ストッパー付キャスター（固定キャスター2輪）昇降式リハビリテーブル1200（L）×570（W）×663～843（H）mmキャスター径／φ75mm30kg支柱／鋼板（メラミン焼付塗装）、天板／メラミン化粧天板質量材質昇降方式 ガススプリング式その他 ストッパー付キャスター（4輪）質量25kg、27kg材質支柱／鋼板（メラミン焼付塗装）昇降方式 ガススプリング式その他 ストッパー付キャスター（固定キャスター2輪）送料 御見積¥281,500傾斜角度を自由に調節できるベッド幅仕様のハイローテーブル。寸法SOT-810N（天然木）評価測定運動療法水治療法物理療法救急ＡＤＬ・作業療法言語療法自立支援機器衛生・防災 介護用入浴機器ADLトレーニングスプリント手芸・工作上肢運動プレイセラピィテーブル関連天板が昇降するので子供用の低い設定から大人用まで適切な高さを選べます。傾斜機能付きのモデルは最大傾斜63度まで任意で設定できます。天板上にサンディングセットやペグボードを装着して訓練ができます。ハイローテーブルのベッド幅仕様タイプ。寸法ハイローテーブルの1人用タイプ。880（L）×570（W）×645～825（H）mm寸法","コンパクトな1人用のハイローテーブル。
昇降式リハビリテーブル
天板が昇降するので子供用の低い設定から大人用まで適切な高さを選べます。
傾斜機能付きのモデルは最大傾斜63度まで任意で設定できます。天板上にサンディングセットやペグボードを装着して訓練ができます。
評価測定
運動療法
水治療法
物理療法
内寸内寸
1027mm1025mm
天板下高さ
救急643〜823mm天板下高さ
658〜833mm
ＡＤＬ・
作業療法
言語療法
自立支援
機器昇降式リハビリテーブル送料 御見積昇降式リハビリテーブル（傾斜機能付）送料 御見積
SOT-1200M（木目） ¥197,500SOT-1210M（木目） ¥281,500
衛生・
ハイローテーブルのベッド幅仕様タイプ。傾斜角度を自由に調節できるベッド幅仕様のハイローテーブル。
防災 
寸法1200（L）×570（W）×663～843（H）mm寸法1200（L）×570（W）×678～853(H）mm
キャスター径／φ75mmキャスター径／φ75mm
介護用質量30kg質量32kg
入浴機器材質支柱／鋼板（メラミン焼付塗装）、天板／メラミン化粧天板材質支柱／鋼板（メラミン焼付塗装）、天板／メラミン化粧天板
昇降方 式ガススプリング式傾斜角 度０°～63°
その 他ストッパー付キャスター（4輪）昇降方 式ガススプリング式
その 他落下防止バー付、ストッパー付キャスター（4輪）
ADL
トレーニング
スプリント
手芸・工作
上肢運動
プレイ
セラピィ
テーブル
関連
天板下高さ
62 5 〜805mm天板下高さ
64 0 〜815mm
※ペグボードは別売りです。SOT-810N（天然木）
SOT-800M（木目）
昇降式リハビリテーブル送料 御見積昇降式リハビリテーブル（傾斜機能付） 送料 御見積
SOT-800N（天然木） ¥199,000SOT-810N（天然木） ¥267,000
SOT-800M（木目） ¥177,000SOT-810M（木目） ¥238,000
ハイローテーブルの1人用タイプ。傾斜角度を自由に調節できるハイローテーブルの1人用タイプ。
寸法880（L）×570（W）×645～825（H）mm寸法880（L）×570（W）×660～835（H）mm
質量25kg、27kg質量30kg、32kg
材質支柱／鋼板（メラミン焼付塗装）材質支柱／鋼板（メラミン焼付塗装）
昇降方 式ガススプリング式傾斜角 度０°～63°
その 他ストッパー付キャスター（固定キャスター2輪）昇降方 式ガススプリング式
その 他落下防止バー付、ストッパー付キャスター（固定キャスター2輪）
242"
244,MMTXZRSIYNEZ3,ADL・作業療法,テーブル関連,"※立て掛け可能な杖の直径は17～25mmです。※立て掛け可能な杖の直径は17～25mmです。天板下高さ680mm天板下高さ570 〜 770mm※車椅子、椅子、杖は別売りです。天板下高さ545 〜 745mm※車椅子、椅子、杖は別売りです。※車椅子、椅子、杖は別売りです。評価測定運動療法水治療法物理療法救急ＡＤＬ・作業療法言語療法自立支援機器衛生・防災 介護用入浴機器 ADLトレーニングスプリント手芸・工作上肢 運動プレ イセラ ピィテー ブル関連TM-6502型式TM-6501TM-6502TM-6503TM-6505価格¥342,0001800（Ｗ）×１２００（Ｄ）×595～795（Ｈ） ５3kg¥330,000 １６００（Ｗ）×１２００（Ｄ）×595～795（Ｈ） 48kg¥272,500 １８００（Ｗ）× ９００（Ｄ）×595～795（Ｈ） ４2kg¥260,500 １６００（Ｗ）× ９００（Ｄ）×595～795（Ｈ） 38kg［共通］材質脚部／スチール（木目シート張り）、天板／天然木昇降方式 ラッチ式（20mm×10段階）機能杖立て掛け機能：4ヵ所耐荷重 30kg外形／1200（W）×1200（D）×595～795（H）mm33kg脚部／スチール（木目シート張り）、天板／天然木杖立て掛け機能：4ヵ所外形／1800（W）×900（D）×706（H）mm天板上質量44kg材質脚部／スチール（メラミン焼付塗装）、天板／天然木耐荷重 100kg外形寸法（mm）質量送料 御見積¥236,500移動式キャスター付き。天板下の高さは車椅子でのアプローチがしやすい680mm。寸法昇降式多目的テーブル（杖立て掛け機能付）送料 御見積10段階のラッチ式昇降式テーブル。天板の四隅に、杖の立て掛けができるフック付き。昇降式多目的テーブル（杖立て掛け機能付） 送料 御見積¥213,500TM-6506  作業台SD-2211K 243４人用のコンパクトな多目的テーブル。寸法質量材質昇降方式 ラッチ式（20mm×10段階）機能耐荷重 30kg","昇降式多目的テーブル（杖立て掛け機能付）送料 御見積
10段階のラッチ式昇降式テーブル。
天板の四隅に、杖の立て掛けができるフック付き。
型式価格外形寸法（mm）質量
TM-6501¥342,0001800（Ｗ）×１２００（Ｄ）×595～795（Ｈ ）５3kg
TM-6502¥330,00 0１６００（Ｗ）×１２００（Ｄ）×595～795（Ｈ ）48kg
TM-6503¥272,50 0１８００（Ｗ）× ９００（Ｄ）×595～795（Ｈ ）４2kg
天板下高さ
57 0 〜770mmTM-6505¥260,50 0１６００（Ｗ）× ９００（Ｄ）×595～795（Ｈ ）38kg
［共通］評価測定
材質脚部／スチール（木目シート張り）、天板／天然木
昇降方 式ラッチ式（20mm×10段階）
機能杖立て掛け機能：4ヵ所運動療法
※車椅子、椅子、杖は別売りです。TM-6502耐荷 重30kg
※立て掛け可能な杖の直径は17～25mmです。
水治療法
物理療法
救急
昇降式多目的テーブル（杖立て掛け機能付） 送料 御見積
ＡＤＬ・
TM-6506  ¥213,500作業療法
４人用のコンパクトな多目的テーブル。
寸法外形／1200（W）×1200（D）×595～795（H）mm言語療法
質量33kg
材質脚部／スチール（木目シート張り）、天板／天然木
昇降方 式ラッチ式（20mm×10段階）自立支援
機能杖立て掛け機能：4ヵ所機器
天板下高さ耐荷 重30kg
54 5 〜745mm
※立て掛け可能な杖の直径は17～25mmです。衛生・
防災 
※車椅子、椅子、杖は別売りです。介護用
入浴機器
ADL
トレーニング
スプリント
手芸・工作
上 肢運動
プ レイ
作業台送料 御見積セ ラピィ
テ ーブル
天板下高さSD-2211K  ¥236,500関連
680mm移動式キャスター付き。天板下の高さは車椅子でのアプ
ローチがしやすい680mm。
寸法外形／1800（W）×900（D）×706（H）mm天板上
質量44kg
材質脚部／スチール（メラミン焼付塗装）、天板／天然木
※車椅子、椅子、杖は別売りです。耐荷 重100kg
243"
245,MMTXZRU7CYC91,ADL・作業療法,テーブル関連,"天板の昇降により、利用する方に適した高さの調節が可能。標準タイプ大型タイプフットペダル送料 御見積価格質量 耐荷重62ｋｇ 60ｋｇ価格質量 耐荷重64ｋｇ 60ｋｇ価格質量 耐荷重110ｋｇ 110ｋｇ価格質量 耐荷重124ｋｇ 110ｋｇ型式型式［共通］天板高さ 630～810mm材質昇降方式 ガススプリング式型式型式［共通］天板高さ 630～810mm材質昇降方式 ガススプリング式¥274,600¥300,900¥578,500¥606,700244M:メラミン化粧板G:天然木※（木目）MT-1500A※車椅子は別売りです。T-1800M※車椅子、椅子、杖は別売りです。※型式の末尾のアルファベットが天板のカラーを示します。※天然木は、部分により節があったり、木の色目・木目が異なります。天板幅120・150cm天板幅180・210cmA:メラミン化粧板（アイボリー）天板下高さ600 ～ 780mm天板下高さ600 ～ 780mm天板天板サイズMT-1200A アイボリー 1200（W）×MT-1200M1200（D）mm木目天板天板サイズMT-1500A アイボリー 1500（W）×MT-1500M1200（D）mm木目支柱／鋼板（メラミン焼付塗装）、天板／メラミン化粧板天板天板サイズT-1800A アイボリー 1800（W）×T-1800M1200（D）mm木目天板天板サイズT-2100A アイボリー 2100（W）×T-2100M1200（D）mm木目支柱／鋼板（メラミン焼付塗装仕上げ）、天板／メラミン化粧板評価測定運動療法水治療法物理療法救急ＡＤＬ・作業療法言語療法自立支援機器衛生・防災 介護用入浴機器ADLトレーニングスプリント手芸・工作上肢運動プレイセラピィテーブル関連安全性を配慮した設計。天板やベースに丸みをもたせた人に優しいデザイン。重心を低くすることで、偏荷重に強い抜群の安定感を実現しました。天板のカラーを3色用意。電源不要の「ガススプリング式」採用。天板の高さ調節は、フットペダルの操作でスムーズに行えます。「ガススプリング式」により、ソフトに上下します。もしもフットペダルを間違って踏んでも､瞬発的な昇降がありませんので、どなたにも安全にお使いいただけます。折りたたんで収納できます。（※折りたたみ式のみ）天板が折りたためます。使用しないときは省スペースで収納できます。反り止め防止補強材（ナラムク材60mm厚）を背面に設けて、反り返しにも配慮しています。堅牢で耐久力に優れた設計となっています。アジャスターとキャスターで移動もラクラク。ハイローテーブル折りたたみ機能のない簡易タイプです。ハイローテーブル","天板の昇降により、利用する方に適した高さの調節が可能。
ハイローテーブル
安全性を配慮した設計。電源不要の「ガススプリング式」採用。
天板やベースに丸みをもたせた人に優しいデザイン。天板の高さ調節は、フットペダルの操
重心を低くすることで、偏荷重に強い抜群の安定感を実現しました。作でスムーズに行えます。「ガススプリ
評価測定ング式」により、ソフトに上下します。も
しもフットペダルを間違って踏んでも､
天板のカラーを3色用意。瞬発的な昇降がありませんので、どな
運動療法たにも安全にお使いいただけます。フットペダル
折りたたんで収納できます。（※折りたたみ式のみ）
水治療法
天板が折りたためます。使用しないときは省スペー
A:メラミン化粧板M:メラミン化粧板G:天然木※
スで収納できます。反り止め防止補強材（ナラムク
（アイボリー）（木目）
物理療法材60mm厚）を背面に設けて、反り返しにも配慮して
※型式の末尾のアルファベットが天板のカラーを示します。
※天然木は、部分により節があったり、木の色目・木目が異なります。います。堅牢で耐久力に優れた設計となっています。
救急
アジャスターとキャスターで移動もラクラク。
ＡＤＬ・
作業療法
言語療法
自立支援
機器
衛生・
防災 
ハイローテーブル送料 御見積
介護用折りたたみ機能のない簡易タイプです。
入浴機器
標準タイプ
天板幅
120・150cm型式天板天板サイズ価格質 量耐荷重
ADLMT-1200 Aアイボリ ー1200（W）×
トレーニングMT-1200M木目1200（D）mm¥274,60062ｋ ｇ60ｋｇ
スプリント
型式天板天板サイズ価格質 量耐荷重
MT-1500 Aアイボリ ー1500（W）×
手芸・工作¥300,90064ｋ ｇ60ｋｇ
MT-1500M木目1200（D）mm
上肢運動［共通］
プレイ天板高 さ630～810mm
セラピィ材質支柱／鋼板（メラミン焼付塗装）、天板／メラミン化粧板
テーブル昇降方 式ガススプリング式
関連天板下高さMT-1500A
60 0 ～780mm※車椅子は別売りです。
天板幅
180・210cm大型タイプ
型式天板天板サイズ価格質 量耐荷重
T-1800 Aアイボリ ー1800（W）×
¥578,500110ｋ ｇ110ｋｇ
T-1800M木目1200（D）mm
型式天板天板サイズ価格質 量耐荷重
T-2100 Aアイボリ ー2100（W）×
¥606,700124ｋ ｇ110ｋｇ
T-2100M木目1200（D）mm
［共通］
天板高 さ630～810mm
材質支柱／鋼板（メラミン焼付塗装仕上げ）、天板／メラミン化粧板
天板下高さ昇降方 式ガススプリング式
60 0 ～780mmT-1800M
※車椅子、椅子、杖は別売りです。
244"
246,MMTXZRVPAYLW0,ADL・作業療法,テーブル関連,"型式天板天板サイズKT-1200A アイボリー 1200（W）×KT-1200M1200（D）mm木目型式天板天板サイズKT-1500A アイボリー 1500（W）×KT-1500M1200（D）mm木目［共通］天板高さ 630～800mm材質支柱／鋼板（メラミン焼付塗装）、天板／メラミン化粧板昇降方式 ガススプリング式型式天板天板サイズFT-1800A アイボリー 1800（W）×FT-1800M1200（D）mm木目型式天板天板サイズFT-2100A アイボリー 2100（W）×FT-2100M1200（Ｄ）mm木目［共通］天板高さ 645～820mm材質昇降方式 ガススプリング式支柱／鋼板（メラミン焼付塗装）、天板／メラミン化粧板型式天板天板サイズCF-1500A アイボリー 1500（W）×CF-1500M900（D）mm木目［共通］天板高さ 630～800mm材質昇降方式 ガススプリング式支柱／鋼板（メラミン焼付塗装）、天板／メラミン化粧板天板型式CS-159GCS-159A アイボリー天然木型式天板［共通］天板高さ 620～790mm材質支柱/鋼板（メラミン焼付塗装）、天板/メラミン化粧板昇降方式 ガススプリング式価格価格価格価格価格天板サイズ価格¥363,500¥276,0001500（W）×900（D）mm天板サイズ価格1800（W）×900（D）mm質量 耐荷重65ｋｇ 60ｋｇ質量 耐荷重67ｋｇ 60ｋｇ質量 耐荷重119ｋｇ 110ｋｇ質量 耐荷重132ｋｇ 110ｋｇ質量 耐荷重61ｋｇ 60ｋｇ質量 耐荷重66ｋｇ60ｋｇ54ｋｇ質量 耐荷重81ｋｇ 60ｋｇ¥313,600¥344,000¥651,600¥711,300¥310,400¥367,700245標準タイプ（折りたたみ式）大型タイプ（折りたたみ式）省スペースタイプ（折りたたみ式）ワンタッチキャスター切替式 （折りたたみ式）移動の多い施設向けにキャスターとアジャスターがワンタッチで切り替わるレバー付。CS-189A アイボリーハイローテーブル（折りたたみ式） 送料 御見積折りたたんで収納できるので、場所をとらず多目的に利用できる室内向けです。ADLトレーニングスプリント手芸・工作上肢 運動プレ イセラ ピィテー ブル関連天板下高さKT タイプ600 ～ 770mmFT タイプ615 ～ 790mm天板下高さ600 ～ 770mm天板下高さ590 ～ 760mmKT-1500M※車椅子は別売りです。CF-1500A※車椅子は別売りです。CS-189A※車椅子は別売りです。天板幅120・150・180・210cm天板幅150cm天板幅150・180cm評価測定運動療法水治療法物理療法救急ＡＤＬ・作業療法言語療法自立支援機器衛生・防災 介護用入浴機器","ハイローテーブル（折りたたみ式） 送料 御見積
折りたたんで収納できるので、場所をとらず多目的に利用でき
る室内向けです。
天板幅
120・150・180・210cm標準タイプ（折りたたみ式）
型式天板天板サイズ価格質 量耐荷重
KT-1200 Aアイボリ ー1200（W）×評価測定
¥313,60065ｋ ｇ60ｋｇ
KT-1200M木目1200（D）mm
型式天板天板サイズ価格質 量耐荷重
運動療法
KT-1500 Aアイボリ ー1500（W）×
¥344,00067ｋ ｇ60ｋｇ
KT-1500M木目1200（D）mm
［共通］水治療法
天板高 さ630～800mm
材質支柱／鋼板（メラミン焼付塗装）、天板／メラミン化粧板
天板下高さ昇降方 式ガススプリング式物理療法
K Tタイプ60 0 ～770mm
F Tタイプ61 5 ～790mmKT-1500M
※車椅子は別売りです。
救急
大型タイプ（折りたたみ式）
型式天板天板サイズ価格質 量耐荷重
ＡＤＬ・
FT-1800 Aアイボリ ー1800（W）×¥651,600119ｋ ｇ110ｋｇ作業療法
FT-1800M木目1200（D）mm
型式天板天板サイズ価格質 量耐荷重
言語療法
FT-2100 Aアイボリ ー2100（W）×
¥711,300132ｋ ｇ110ｋｇ
FT-2100M木目1200（Ｄ）mm
自立支援
［共通］
機器
天板高 さ645～820mm
材質支柱／鋼板（メラミン焼付塗装）、天板／メラミン化粧板
昇降方 式ガススプリング式衛生・
防災 
介護用
入浴機器
省スペースタイプ（折りたたみ式）
天板幅
150cm型式天板天板サイズ価格質 量耐荷重
CF-1500 Aアイボリ ー1500（W）×ADL
CF-1500M木目900（D）mm¥310,40061ｋ ｇ60ｋｇトレーニング
［共通］スプリント
天板高 さ630～800mm
材質支柱／鋼板（メラミン焼付塗装）、天板／メラミン化粧板手芸・工作
昇降方 式ガススプリング式
上 肢運動
プ レイ
セ ラピィ
テ ーブル
天板下高さ関連
60 0 ～770mmCF-1500A
※車椅子は別売りです。
天板幅ワンタッチキャスター切替式（ 折りたたみ式）
150・180cm
移動の多い施設向けにキャスターとアジャスターがワンタッチで切り替わ
るレバー付。
型式天板天板サイズ価格質 量耐荷重
CS-159G天然木1500（W）×¥363,50066ｋｇ
54ｋｇ
CS-159 Aアイボリー900（D）mm¥276,00060ｋｇ
型式天板天板サイズ価格質 量耐荷重
1800（W）×
CS-189 Aアイボリー¥367,70081ｋ ｇ60ｋｇ
900（D）mm
天板下高さ
59 0 ～760mm［共通］
CS-189A天板高 さ620～790mm
※車椅子は別売りです。材質支柱/鋼板（メラミン焼付塗装）、天板/メラミン化粧板
昇降方 式ガススプリング式
245"
247,MMTXZRXYLZHXH,ADL・作業療法,テーブル関連,"※座面高38、39、40、41、42㎝に加工可能。指定がない場合は44㎝で出荷します。加工代は最寄りの営業所にお問い合わせください。フレームはダークブラウン・ナチュラルの2色、張地は7色からお選びいただけます。各¥39,000246フレーム色フレーム色ダークブラウンナチュラル座面高　４４cm※福祉用椅子※杖は別売りです。※杖は別売りです。※杖は別売りです。寸法 外形／５３０（Ｗ）×５１０（Ｄ）×790（Ｈ）mm座幅／４７０（Ｗ）×４５５（Ｄ）mm質量 ７．１kg材質 フレーム／ラバーウッド積層材（ウレタン樹脂塗装）、クッション／ウレタンフォーム張地／ビニルレザー（抗菌・防汚・耐アルコール）ピンクピンクライトブルーイエローライトブルーイエローダークブラウンPD-5101SPD-5102SPD-5103SPD-5105SPD-5106SPD-5004SPD-5007S送料 御見積ライトグリーンオレンジライトグリーンオレンジフレームナチュラルPD-5001SPD-5002SPD-5003SPD-5005SPD-5006SPD-5204SPD-5207Sライトピンクホワイトライトピンクホワイト張地価格ピンクライトブルーライトグリーンライトピンクイエローオレンジホワイト評価測定運動療法水治療法物理療法救急ＡＤＬ・作業療法言語療法自立支援機器衛生・防災 介護用入浴機器ADLトレーニングスプリント手芸・工作上肢運動プレイセラピィテーブル関連杖立て掛け補助機能。（特許番号3135225号）杖が倒れる心配もなく、安全な収納ができます。重ねて収納。スタッキング機能で４脚まで積み重ねることができます。清掃時などに、コンパクトに収納できて便利です。車椅子からラクラク移動。ひじ掛けが短く、足が当たりにくいため、車椅子からの移動がスムーズです。福祉用椅子","フレームはダークブラウン・ナチュラルの2色、張地は7色からお選びいただけます。
福祉用椅子
重ねて収納。杖立て掛け補助機能。（特許番号3135225号）
スタッキング機能で４脚まで積み重ねることができます。杖が倒れる心配もなく、安全な収納ができます。
清掃時などに、コンパクトに収納できて便利です。
評価測定
車椅子からラクラク移動。
ひじ掛けが短く、足が当たりにくいため、車椅子からの移動がスムーズです。
運動療法
水治療法
物理療法
フレーム色※杖は別売りです。
ダーク
救急ブラウン
ＡＤＬ・
作業療法
言語療法
ライトブルーライトグリーンライトピンク
自立支援
機器
衛生・
防災 
介護用
入浴機器
ピンクイエローオレンジホワイト
※杖は別売りです。
フレーム色
ADLナチュラル
トレーニング
スプリント
手芸・工作
上肢運動
プレイ
セラピィライトブルーライトグリーンライトピンク
テーブル
関連
ピンクイエローオレンジホワイト
※杖は別売りです。
フレーム
座面高　４４cm※張地価格
ダークブラウンナチュラル
PD-5101SPD-5001Sピンク
福祉用椅子送料 御見積
PD-5102SPD-5002Sライトブルー
寸 法外形／５３０（Ｗ）×５１０（Ｄ）×790（Ｈ）mm
PD-5103SPD-5003Sライトグリーン
座幅／４７０（Ｗ）×４５５（Ｄ）mm
質 量７．１kgPD-5105SPD-5005Sライトピンク各¥39,000
材 質フレーム／ラバーウッド積層材（ウレタン樹脂塗装）、クッション／ウレタンフォームPD-5106SPD-5006Sイエロー
張地／ビニルレザー（抗菌・防汚・耐アルコール）PD-5004SPD-5204Sオレンジ
※座面高38、39、40、41、42㎝に加工可能。指定がない場合は44㎝で出荷します。
PD-5007SPD-5207Sホワイト
加工代は最寄りの営業所にお問い合わせください。
246"
248,MMTXZRZIB5CGI,言語療法,,P. 248言語療法言 語 療 法," 言 語 療法
言語療法P .248"
249,MMTXZS0UKJROI,言語療法,言語療法,"評価測定運動療法水治療法物理療法救急ＡＤＬ・作業療法言語療法自立支援機器衛生・防災 介護用入浴機器言語療法 毎日楽しくリハビリテーションができる、生きた話し言葉の練習システム。Step 3  【全115面】話し言葉の練習Step 4  【全118面】話し言葉を唱える練習Step 0 練習前の準備体操Step 1 単音の発音の練習Step 2 音の表現の練習248失語症リハビリテーション支援システム 花鼓Ⅲ失語症リハビリテーション支援システム 花鼓Ⅲ  送料 サ  ¥338,000ANIMO-Ⅲ [動作環境]低周波・低周波＋高周波振動ナレーションの声【全40面】形や動きの速さ、方向、位置（ 高さ）、道 筋 、色 彩で、音の特徴を把握します。画面のイメージを身体で再現しながら発音する練習です。「か」の練習「あ」の練習周波数調整器一覧画面【全72面】STEP1の音を使って、感情、呼びかけ、応答表現などを練習し、音の長さ、間隔など日本語特有のリズムやイントネーションを身につけます。「か」の練習かっ  かっ  かっまっ  かっ  かっOSWindows®11(64ビット版)IntelCorei3以上推奨または同等性能の互換CPUCPUメモリ8GB以上推奨HDD空き容量 20GB以上推奨サウンド機能 16ビットの音声再生/録音に対応したもの。マイク入力とヘッドホン出力の4極差込口が必要。その他インストール時にCD-ROMドライブが必要。周波数調整器ANM-G2000、専用入力キーボードをご利用の場合、PC本体とUSB接続が必要。[構成]花鼓Ⅲ（ソフトウェア）教材CD-ROM 2枚、周波数調整器ANM-G2000、振動子、専用入力キーボード、マイク付ヘッドフォン、オーディオコード1本、花鼓使用手引書、ヘッドフォン+マイク用変換アダプタケーブル専用キーボード日常よく使われる3つから4つの文でまとめられた掛け声、挨拶などの、伸ばし方、切り方、響かせ方など、話し言葉の特徴を練習します。「か」の練習か  え   ろー   か  え   ろー   ねもーかえろーね使用例患者セラピストの声音を聞き取りやすくする周波数調整器と振動を身体に伝える振動子。【全11面】口と身体の緊張感を和らげるために、アニメーションの動作に合わせて、口や舌、顎の動きを楽しみながらなめらかにしていきます。準備体操顎の開閉運動※故障の場合は各部品単体でもお求めいただけます。STEP3までの各練習場面での話し言葉のまとまりが理解でき、日常会話に近いスピードで繰り返せるようになるまで総合して練習します。「か」の練習かったよ、  かったよまた　かったよあらゆる失語症症例に対応できる練習システム。ブローカ失語、ウェルニッケ失語、失名詞失語、伝導失語、超皮質性失語など、あらゆるタイプの失語症のリハビリテーションに対応できます。話し言葉のリズムやイントネーションを重視。日本語の典型的な音、意味、規則の土台である話し言葉のリズムやイントネーションの練習を充実させています。簡単操作。大きな5つのボタンの専用キーボードにより、簡単に操作できます。練習をマイペースで。準備体操から始まり4段階のステップをご用意。自分のペースで無理なく練習ができ、上達具合も記録できます。五感を効果的に活用。パソコンで動作する「周波数調整器と振動子」を国内で初めて提供しました。直接五感に訴える効果的な学習を行うことができます。","毎日楽しくリハビリテーションができる、生きた話し言葉の練習システム。
失語症リハビリテーション支援システム 花鼓Ⅲ
あらゆる失語症症例に対応できる練習システム。
ブローカ失語、ウェルニッケ失語、失名詞失語、伝導失語、超皮質性失語
など、あらゆるタイプの失語症のリハビリテーションに対応できます。
評価測定
話し言葉のリズムやイントネーションを重視。
日本語の典型的な音、意味、規則の土台である話し言葉のリズムやイント
運動療法ネーションの練習を充実させています。
簡単操作。
水治療法大きな5つのボタンの専用キーボードにより、簡単に操作できます。
練習をマイペースで。
準備体操から始まり4段階のステップをご用意。自分のペースで無理なく
物理療法
練習ができ、上達具合も記録できます。
五感を効果的に活用。
救急
パソコンで動作する「周波数調整器と振動子」を国内で初めて提供しまし
た。直接五感に訴える効果的な学習を行うことができます。
使用例
ＡＤＬ・
作業療法
患者低周波・低周波＋高周波
言語療法
振動
自立支援
セラピストの声
機器
衛生・ナレーションの声周波数調整器
防災 
介護用音を聞き取りやすくする周波数調整器と振動を身体に伝える振動子。一覧画面専用キーボード
入浴機器
Step 0 【全11面】Step 1 【全40面】Step 2 【全72面】Step 3  【全115面】Step 4  【全118面】
練習前の準備体操単音の発音の練習音の表現の練習話し言葉の練習話し言葉を唱える練習
口と身体の緊張感を和らげ形や動きの速さ、方向、位置STEP1の音を使って、感情、日常よく使われる3つから4STEP3までの各練習場面で
言語療法るために、アニメーションの （高さ）、 道 筋、 色彩で、音呼びかけ、応答表現などをつの文でまとめられた掛けの話し言葉のまとまりが理
動作に合わせて、口や舌、の特徴を把握します。画面練習し、音の長さ、間隔など声、挨拶などの、伸ばし方、解でき、日常会話に近いス
顎の動きを楽しみながらなのイメージを身体で再現し日本語特有のリズムやイント切り方、響かせ方など、話しピードで繰り返せるようにな
めらかにしていきます。ながら発音する練習です。ネーションを身につけます。言葉の特徴を練習します。るまで総合して練習します。
準備体操「か」の練習
「か」の練習「か」の練習「か」の練習
かっ  かっ  かっか  え   ろー   か  え   ろー   ねかったよ、  かったよ
顎の開閉運動「あ」の練習まっ  かっ  かっもーかえろーねまた　かったよ
失語症リハビリテーション支援システム 花鼓Ⅲ  送料 サ
ANIMO-Ⅲ    ¥338,000
[動作環境]
OSWindows®11(64ビット版)
CPUIntelCorei3以上推奨または同等性能の互換CPU
メモリ8GB以上推奨
HDD空き容 量20GB以上推奨
サウンド機 能16ビットの音声再生/録音に対応したもの。マイク入力とヘッドホン出力の4極差込
口が必要。
その他インストール時にCD-ROMドライブが必要。周波数調整器ANM-G2000、専用入
力キーボードをご利用の場合、PC本体とUSB接続が必要。
[構成]花鼓Ⅲ（ソフトウェア）教材CD-ROM 2枚、周波数調整器ANM-G2000、振動子、専用入力キー
ボード、マイク付ヘッドフォン、オーディオコード1本、花鼓使用手引書、ヘッドフォン+マイク用変換ア
※故障の場合は各部品単体でもお求めいただけます。ダプタケーブル
248"
250,MMTXZS2CAFO1U,言語療法,言語療法,"●対象商品：花鼓Ⅲ、中度・軽度用訓練CDソフト、杉スピーチアナライザー　●内容：パソコンとの接続、動作確認、取扱説明、質疑応答　●価格：オンライン取説50,000円、インストール作業18,000円※別途PC発送料が発生いたします。評価測定運動療法水治療法物理療法救急ＡＤＬ・作業療法言語療法自立支援機器衛生・防災 介護用入浴機器言語療法  音声分析ソフト 杉スピーチアナライザー SSA0101  中度・軽度用訓練CDソフト ANIMO-CD 商品のオンライン取扱説明を有料で行っております。花鼓Ⅲと杉スピーチアナライザーを組み合わせることでひとりひとりの状態にあったトレーニングが行えます。オプション（ANIMO-Ⅲ用）249送料 サ  ¥45,000送料 サ¥94,800Windows®パソコンWindows®11※Web会議（TeamsまたはZoomなど）で実施いたします。★有料取扱説明後のサポートは、無料でお電話とメールにてご対応いたします。その後、講習会のご案内、書籍のご紹介等のサポートが可能です。Windows®11IntelPentium1GHz以上推奨　または同等性能の互換CPU4GB以上推奨OSCPUメモリサウンド機能 16ビットの音声再生/録音に対応したものその他インストール時にCD-ROMドライブが必要。あらゆるタイプの失語症患者の中度・軽度レベルに対応し、豊富な聞き取りトレーニングが可能。花鼓Ⅲと連動して不連続・低周波帯域聞き取りトレーニングが可能です。市販されている音楽用CDプレーヤーおよびパソコンのCD-ROMプレーヤー（CD-RW、DVD-ROM可）のリピート、ランダム、プログラム再生機能を用いてトレーニングができます。［構成］CD3枚セット：CD-12語文となえうた練習、CD-2誘導副詞文練習、CD-3リズムとなえうた練習発声／構音障害等の評価・診断や、分析結果の記録・整理ツールとして使える音声分析ソフト。お手持ちのパソコンを使って、話しことばのイントネーションやアクセント、音質の違いなどを分析できます。録音した音声は編集することができ、それにより、どのようにことばが変化するのか、学習できます。分析結果は画像ファイルとして保存が可能。カルテなど他の文書への添付、診療記録の整理・保存に便利です。耳鼻咽喉科の「音響分析」としても使用できます。音声言語研究第一人者、杉藤美代子先生の監修・著作によるソフトです。[動作環境]〈表示・分析機能例〉スペクトル包絡線スペクトル包絡線とFFTによるスペクトル分析F1、F2、F3、F4の検出音響分析表示カルテ例分析結果をカルテフォーマットで保存・印刷が可能〈編集機能例〉PARCOR合成ピッチ曲線の変更を行い、新しいデータとして表示。「雨」→「雨？」発声トレーニング花鼓Ⅲ(重度用練習システム）音声分析ソフト杉スピーチアナライザー耳鼻咽喉科・「音響検査」としても使用可能。聞き取りトレーニング中度・軽度用訓練CDソフト","オプション（ANIMO-Ⅲ用）
中度・軽度用訓練CDソフト 送料 サ
ANIMO-CD     ¥45,000
あらゆるタイプの失語症患者の中度・軽度レベルに対応し、豊富な聞き取りトレーニングが可能。
花鼓Ⅲと連動して不連続・低周波帯域聞き取りトレーニングが可能です。
市販されている音楽用CDプレーヤーおよびパソコンのCD-ROMプレーヤー（CD-RW、DVD-ROM可）のリピート、
ランダム、プログラム再生機能を用いてトレーニングができます。
［構成］CD3枚セット：CD-12語文となえうた練習、CD-2誘導副詞文練習、CD-3リズムとなえうた練習評価測定
運動療法
水治療法
音声分析ソフト 杉スピーチアナライザー 送料 サ
SSA0101  ¥94,800
物理療法
発声／構音障害等の評価・診断や、分析結果の記録・整理ツールとして使える音声分析ソフト。
お手持ちのパソコンを使って、話しことばのイントネーションやアクセント、音質の違いなどを分析できます。
録音した音声は編集することができ、それにより、どのようにことばが変化するのか、学習できます。救急
分析結果は画像ファイルとして保存が可能。カルテなど他の文書への添付、診療記録の整理・保存に便利です。
耳鼻咽喉科の「音響分析」としても使用できます。
ＡＤＬ・
音声言語研究第一人者、杉藤美代子先生の監修・著作によるソフトです。
作業療法
[動作環境]
OSWindows®11
CPUIntelPentium1GHz以上推奨　または同等性能の互換CPU言語療法
メモリ4GB以上推奨
サウンド機 能16ビットの音声再生/録音に対応したもの
その他インストール時にCD-ROMドライブが必要。自立支援
機器
衛生・
防災 
〈編集機能例〉PARCOR合成〈表示・分析機能例〉スペクトル包絡線音響分析表示カルテ例
ピッチ曲線の変更を行い、新しいデータとしてスペクトル包絡線とFFTによるスペクトル分析分析結果をカルテフォーマットで保存・印刷が介護用
入浴機器
表示。「雨」→「雨？」F1、F2、F3、F4の検出可能
言語療法
商品のオンライン取扱説明を有料で行っております。
●対象商品：花鼓Ⅲ、中度・軽度用訓練CDソフト、杉スピーチアナライザー　●内容：パソコンとの接続、動作確認、取扱説明、質疑応答　
●価格：オンライン取説50,000円、インストール作業18,000円※別途PC発送料が発生いたします。
※Web会議（TeamsまたはZoomなど）で実施いたします。
★有料取扱説明後のサポートは、無料でお電話とメールにてご対応いたします。その後、講習会のご案内、書籍のご紹介等のサポートが可能です。
花鼓Ⅲと杉スピーチアナライザーを組み合わせることでひとりひとりの状態にあったトレーニングが行えます。
発声トレーニング聞き取りトレーニング
花鼓Ⅲ(重度用練習システム）中度・軽度用訓練CDソフト
音声分析ソフト
®
Windowsパソコン
杉スピーチアナライザー
®
Windows11
耳鼻咽喉科・「音響検査」としても使用可能。
249"
251,MMTXZS3O2EW16,言語療法,言語療法,"易ABC111222333444難555易難ABC122333445評価測定運動療法水治療法物理療法救急ＡＤＬ・作業療法言語療法自立支援機器衛生・防災 介護用入浴機器言語療法 言語機能評価システム STELA ST-01 言語機能の評価を短時間で正確に。250問題番号正答状況Aの患者にとっては難しすぎるCの患者にとっては易しすぎる【マップ情報】言語機能の重症度レベルを確認できます。STELAがインストールされたMicrosoftsurface患者重度判定中等度判定軽度判定レベルに応じ出題内容も変わるため、時間短縮と負担軽減が期待できます。[動作環境]OS[構成]Microsoft surface（STELAソフトウェアインストール済）、USBプロダクトキードングル、医療従事者専用キーボード問題番号正答状況【時系列グラフ】言語機能のスコアを時系列で確認できます。Windows®11のタブレット／タブレット型PC患者患者によっては、重症度に応じていない評価内容が掲示され、多くの時間を要し、負担を高める恐れがあります。【レーダーチャート】各言語機能のバランスを確認できます。医療従事者専用キーボード重度判定中等度判定軽度判定送料 サ  ¥680,000言語機能評価システム STELA高次脳機能障害のひとつである失語症の方を対象とした評価システム。言語機能レベルに応じて問題を自動選択し、患者に負担の少ない効率的な評価を実現する言語機能評価システムです。WAB失語症検査との高い相関が確認されており、正確な言語機能の把握と経過モニタリングに活用できます。また、専用キーボードを用いて錯語や誤反応をその場で入力でき、検査終了と同時に評価結果を自動で提示することが可能です。一般的な検査パターン全ての患者が同じ問題に回答する。多彩な評価機能の他にデータ保存やレポート印刷も可能です。【スクリーニング評価機能】理解・表出に関する言語機能を簡易的に評価し、重症度を判定します。【モダリティ別評価機能】聴理解・読解・呼称・説明・復唱・音読・書称・書取の各言語機能の詳細をモダリティ別で評価・訓練する機能です。評価結果はレーダーチャート、マッピング、時系列グラフなどで確認ができます。【総合評価機能】スクリーニング結果に基づき、重症度に応じた課題を掲示、出題します。最終的に各言語機能のスコアが表示されます。（実施を行うのは、青枠部分のみのイメージ）STELAの検査パターンスクリーニングにより軽度・中等度・重度をふるい分け患者のレベルに応じた問題を出題することで、短時間に評価を行うことができます。【データ保存機能】評価結果は全てDBに保存され、過去の履歴を確認可能であり、時系列でスコアを表示可能です。【コミュニケーション評価機能】画面上の女性と対話型でのコミュニケーションを評価する機能となります。【レポート印刷機能】評価結果のレポートを印刷可能です。USB接続","言語機能の評価を短時間で正確に。
言語機能評価システム STELA
高次脳機能障害のひとつである失語症の方を対象とした
評価システム。
言語機能レベルに応じて問題を自動選択し、患者に負担の少ない効
評価測定
率的な評価を実現する言語機能評価システムです。
WAB失語症検査との高い相関が確認されており、正確な言語機能
の把握と経過モニタリングに活用できます。
運動療法
また、専用キーボードを用いて錯語や誤反応をその場で入力でき、
検査終了と同時に評価結果を自動で提示することが可能です。
水治療法
物理療法
一般的な検査パターンSTELAの検査パターン
全ての患者が同じ問題に回答する。スクリーニングにより軽度・中等度・重度をふるい分け患者のレベルに
救急応じた問題を出題することで、短時間に評価を行うことができます。
（実施を行うのは、青枠部分のみのイメージ）
ＡＤＬ・問題番号Aの患者にとっては難しすぎる問題番号
患者易難患者易難
作業療法正答状況正答状況重度判定
重度判定
12345123
AA
言語療法中等度判定中等度判定
12345234
BB
12345軽度判定345軽度判定
自立支援CC
機器Cの患者にとっては易しすぎる
患者によっては、重症度に応じていない評価内容が掲示され、レベルに応じ出題内容も変わるため、時間短縮と負担軽減が期待できます。
衛生・多くの時間を要し、負担を高める恐れがあります。
防災 
介護用多彩な評価機能の他にデータ保存やレポート印刷も可能です。
入浴機器
【スクリーニング評価機能】【総合評価機能】【コミュニケーション評価機能】
理解・表出に関する言語機能を簡易的に評価スクリーニング結果に基づき、重症度に応じ画面上の女性と対話型でのコミュニケーショ
し、重症度を判定します。た課題を掲示、出題します。最終的に各言語ンを評価する機能となります。
機能のスコアが表示されます。
言語療法【モダリティ別評価機能】【データ保存機能】【レポート印刷機能】
聴理解・読解・呼称・説明・復唱・音読・書評価結果は全てDBに保存され、過去の履歴評価結果のレポートを印刷可能です。
称・書取の各言語機能の詳細をモダリティ別を確認可能であり、時系列でスコアを表示可
で評価・訓練する機能です。能です。
評価結果はレーダーチャート、マッピング、時系列グラフなどで確認ができます。
【レーダーチャート】【マップ情報】【時系列グラフ】
各言語機能のバランスを確認できます。言語機能の重症度レベルを確認できます。言語機能のスコアを時系列で確認できます。
言語機能評価システム STELA 送料 サ
USB接続
ST-01    ¥680,000
[動作環境]
OSWindows®11のタブレット／タブレット型PC
[構成]Microsoft surface（STELAソフトウェアインストール済）、USBプロダクトキー
ドングル、医療従事者専用キーボード
医療従事者専用キーボードSTELAがインストールされた
Microsoftsurface
250"
252,MMTXZS56AU4NM,言語療法,言語療法,"0評価測定運動療法水治療法物理療法救急ＡＤＬ・作業療法言語療法自立支援機器衛生・防災 介護用入浴機器言語療法  特管 G2管理特管 G2管理単品カタログバイオメカニズム学会誌Vol.40, No.2　磁気刺激による手関節背屈運動に関する研究より抜粋八島建樹　高木敏行　出江紳一　永富良一　浅尾章彦　森仁　阿部利彦詳しくはP.194磁気刺激装置 パスリーダー   電気刺激とは異なる新たなアプローチ。WEBはこちらMT1MT1.5MT250周波数［Hz］筋内でおきる渦電流皮膚PL-CTA電流によっておきる磁束コイル内のパルス電流コイルPL-UC前腕への磁気刺激の強度と周波数を可変させた場合の手関節背屈角度変位18016014012010080604020角度［°］10MT：磁気刺激強度の基準値、　刺激時間：2.0s※本製品は、生体の誘発反応測定のために、末梢神経に磁気刺激を加えることを目的とした検査用機器です。251203040パスリーダーアーム付カートセット  送料 サ¥4,300,000 PL-CTA 〈認証番号227AFBZX00021000〉 [構成]パスリーダー本体、PMSコイル UC-1、フットスイッチ、アーム付カート、電源ケーブルパスリーダーコイルスタンドセット  送料 サ¥4,100,000 PL-UC 〈認証番号227AFBZX00021000〉 [構成]パスリーダー本体、PMSコイル UC-1、コイルスタンド、フットスイッチ、専用カート、電源ケーブル舌骨上筋群などの小さな筋群への刺激を行える磁気刺激装置。パスリーダーは、狭い範囲に集中した磁気刺激を行えます。不要な部位を刺激せずに、局所的に強力な渦電流を誘発して「強縮」を起こすことも可能です。痛みや不快感を伴わない磁気刺激。磁気刺激は経皮的電流刺激とは異なるアプローチで神経線維への刺激を行います。プローブ内コイルのパルス電流により磁束を作り出し、筋内で「渦電流」を発生させることがその特徴です。経皮的な電流刺激とは異なり、電気的な痛みや不快感を感じにくい状態で深部の神経線維にアプローチすることができます。磁気刺激のイメージ収縮の加重による強縮を可能に。","WEBはこちら
電気刺激とは異なる新たなアプローチ。
単品
磁気刺激装置 パスリーダー   カタログ
舌骨上筋群などの小さな筋群への
刺激を行える磁気刺激装置。
パスリーダーは、狭い範囲に集中した磁気刺激を行えます。不要
な部位を刺激せずに、局所的に強力な渦電流を誘発して「強縮」評価測定
を起こすことも可能です。
運動療法
痛みや不快感を伴わない磁気刺激。
磁気刺激は経皮的電流刺激とは異なるアプローチで神経線維へ
の刺激を行います。プローブ内コイルのパルス電流により磁束水治療法
を作り出し、筋内で「渦電流」を発生させることがその特徴です。
経皮的な電流刺激とは異なり、電気的な痛みや不快感を感じに
くい状態で深部の神経線維にアプローチすることができます。物理療法
救急
ＡＤＬ・
作業療法
言語療法
自立支援
機器
衛生・
防災 
介護用
入浴機器
磁気刺激のイメージ収縮の加重による強縮を可能に。
前腕への磁気刺激の強度と周波数を可変させた場合の手関節背屈角度変位
筋内でおきる180
渦電流電流によってMT1
160
おきる磁束MT1.5
140MT2
言語療法
120
コイル内の
100
パルス電流
80
皮膚
60
40
20
コイル0
角度［°］1020304050周波数［Hz］
MT：磁気刺激強度の基準値、　刺激時間：2.0s
バイオメカニズム学会誌Vol.40, No.2　磁気刺激による手関節背屈運動に関する研究より抜粋
八島建樹　高木敏行　出江紳一　永富良一　浅尾章彦　森仁　阿部利彦
パスリーダーアーム付カートセット  送料 サ
PL-CTA〈 認証番号227AFBZX00021000〉 管理特 管G2 ¥4,300,000 
[構成]パスリーダー本体、PMSコイル UC-1、フットスイッチ、アーム付カート、電源ケー
ブル
パスリーダーコイルスタンドセット  送料 サ
PL-UC〈 認証番号227AFBZX00021000〉 管理特 管G2 ¥4,100,000 
[構成]パスリーダー本体、PMSコイル UC-1、コイルスタンド、フットスイッチ、専用カート、
電源ケーブル
※本製品は、生体の誘発反応測定のために、末梢神経に磁気刺激を加えること
詳しくは
を目的とした検査用機器です。P.194
PL-CTAPL-UC
251"
253,MMTXZS6SGE7MF,言語療法,言語療法,"送料 サ／B¥700,000御見積座面回転　90°チルト（0～40°）リモコンによる座面昇降も可能。摂食嚥下練習用いす  SwallowchairⅡ 本体 シートベルト（SwallowchairⅡ用） 嚥下造影検査用いす VF Style  送料 サ¥1,200,000VF-IG-3 電動式リモコン操作ができるため、前方からサポートできます。リクライニングや座面昇降は電動リモコンで操作できるため、前面からサポートしながら嚥下造影検査を行うことができます。摂食嚥下の練習・評価・検査に。手間なくセッティングできる、摂食・嚥下評価練習用いす。今まで苦労して準備していた側傾姿位が、一台の車椅子で可能に。さらに、同じ姿位を誰もが再現できる上、同じ姿位での評価・検査もできるようになりました。嚥下評価練習における姿勢調整の効果を確認することも可能にした摂食・嚥下評価練習用いすです。リクライニング、チルト、頭部回旋、側傾複合姿位ができます。252寸法機能質量材質寸法機能質量材質仰角5°～85°の幅広いリクライニング調整。仰臥位での移乗も可能です。外形／1160（Ｌ）×550（W）×1290（H）ｍｍ座面高／492mmキャスター径／5インチ　トータルロック機構リクライニング（0～20°）、チルト（0～40°）、座面回転（30°、60°、90°）32kgフレーム／アルミニウム座面回転　30°座面回転　60°リクライニング（0～20°）外形／1035（Ｌ）×522（W）×1175～1325（H）ｍｍ座面高／455～790ｍｍキャスター径／5インチ　4輪トータルロック機構リクライニング（仰角5～85°）49kgフレーム／アルミニウムリクライニングや座面昇降はリモコンで電動操作。評価測定運動療法水治療法物理療法救急ＡＤＬ・作業療法言語療法自立支援機器衛生・防災 介護用入浴機器言語療法摂 食嚥下関連チェア","摂食嚥下の練習・評価・検査に。
 摂食嚥下関連チェア
評価測定
摂食嚥下練習用いす  
運動療法SwallowchairⅡ 送料 サ／B
本体 ¥700,000
シートベルト（SwallowchairⅡ用） 御見積
水治療法
手間なくセッティングできる、摂食・嚥下評価練習用いす。
今まで苦労して準備していた側傾姿位が、一台の車椅子で可能に。
物理療法さらに、同じ姿位を誰もが再現できる上、同じ姿位での評価・検査も
できるようになりました。嚥下評価練習における姿勢調整の効果を確
認することも可能にした摂食・嚥下評価練習用いすです。
救急寸法外形／1160（Ｌ）×550（W）×1290（H）ｍｍ
座面高／492mm
キャスター径／5インチ　トータルロック機構
ＡＤＬ・機能リクライニング（0～20°）、チルト（0～40°）、
作業療法座面回転（30°、60°、90°）
質量32kg
材質フレーム／アルミニウム
言語療法
リクライニング、チルト、頭部回旋、側傾複合姿位が
できます。
自立支援
機器
衛生・
防災 
介護用
入浴機器座面回転　30°座面回転　60°座面回転　90°
言語療法
リクライニング（0～20°）チルト（0～40°）
嚥下造影検査用いす VF Style  送料 サ
VF-IG-3 ¥1,200,000
電動式リモコン操作ができるため、前方からサポートでき
ます。
リクライニングや座面昇降は電動リモコンで操作できるため、前面か
らサポートしながら嚥下造影検査を行うことができます。
寸法外形／1035（Ｌ）×522（W）×1175～1325（H）ｍｍ
座面高／455～790ｍｍ
キャスター径／5インチ　4輪トータルロック機構
機能リクライニング（仰角5～85°）
質量49kg
材質フレーム／アルミニウム
リクライニングや座面昇降は仰角5°～85°の幅広いリモコンによる座面昇降も可能。
リモコンで電動操作。リクライニング調整。
仰臥位での移乗も可能です。
252"
254,MMTXZS7Y3J073,言語療法,言語療法,"詳しくはP.262※ブロックの振り方によって音が異なる場合があります。※仕様及び外観は、改良のため予告なく変更することがありますので、ご了承ください。口腔機能測定機器 健口くん T.K.K.3350 折り曲げスプーン（小） R-4770サウンドブロック DLM-NM070 言語療法テーブル GZ-900N（天板 天然木） GZ-900A（天板 メラミン化粧板・アイボリー） オーラルディアドコキネシス「パ」「タ」「カ」をそれぞれ10秒間発音し、口の周りや舌の動きを測定します。反復唾液嚥下テスト（RSST）30秒間に3回以上唾液が飲み込めることを正常範囲とし、飲み込む機能を測定します。送料 御見積¥130,000オーラルディアドコキネシスの自動測定や反復唾液嚥下テスト（RSST）が容易にできます。オーラルディアドコキネシスでは、設定時間における発音回数を自動的に測定して1秒あたりの平均回数を表示します。RSSTでは、本製品がもつストップウォッチ機能により、合図をしてから3回唾液を飲み込むまでにかかった時間を測定し、嚥下運動時各回の積算時間をメモリ表示します。送料 御見積¥16,500ブロックを振って音の違いを聞き分ける音の神経衰弱で、楽しみながら集中力や認識力を養います。同じ音のブロックが2個ずつ6種類あります。ブロックを裏返すと色のマークがついているので、同じ音がひとめで分かります。音の認識訓練や、集中力、視覚障がいのある方用としても使用可能です。送料 御見積¥340,500¥337,600カードなどをゆったりと広げられる天板は手軽な操作で昇降可能。キャビネット付。寸法253嚥下療法に寸法190（W）×130（D）×50（H）mm質量約500g表示LCD16文字×2行（バックライト内蔵）分解能100msec測定反復唾液嚥下テスト（RSST）／スイッチ押下時の積算時間の自動表示、オーラルディアドコキネシス／設定時間における発音回数の自動カウント電源AC100V（50/60Hｚ）、本体電源：DC5V（ACアダプター使用）消費電力約2Wマイク付属品単一指向性コンデンサマイクACアダプター、外部嚥下ボタン、マイク、収納ポーチ寸法質量材質70（W）×70（D）×43（H）ｍｍ35～45ｇ（1個）木［構成］木製ブロック12個外形／900（W）×750（D）mmN／565～705（H）mmA／567～707（H）mm天板下高さ／540～680mm質量N／30kg、A／25kg材質支柱／鋼板・メラミン焼き付け塗装昇降方式ガススプリング（1本）付属品木製キャビネット（寸法：442（W）×420（D）×700（H）mm）その他キャスター4個（アジャスター付）評価測定運動療法水治療法物理療法救急ＡＤＬ・作業療法言語療法自立支援機器衛生・防災 介護用入浴機器言語療法「パ」の音は、唇をしっかり閉じることで発音される。「タ」の音は、舌の前方が口蓋に触れて発音される。唇をしっかり閉じることは、咀しゃくし、食べるために重要です。上手に飲み込むためには、舌の前方の動きが重要です。GZ-900N「カ」の音は、舌の後方が口蓋の奥の方に触れて発音される。舌の奥の部分の機能が、飲み込む際には重要です。カードなどの小物は別売です。大きく握りやすいグリップ","口腔機能測定機器 健口くん 送料 御見積
T.K.K.3350 ¥130,000
オーラルディアドコキネシスの自動測定や反復唾液嚥下テ
スト（RSST）が容易にできます。
オーラルディアドコキネシスでは、設定時間における発音回数を自動
的に測定して1秒あたりの平均回数を表示します。
RSSTでは、本製品がもつストップウォッチ機能により、合図をしてから
3回唾液を飲み込むまでにかかった時間を測定し、嚥下運動時各回の
積算時間をメモリ表示します。評価測定
寸法190（W）×130（D）×50（H）mm
質量約500g
表示LCD16文字×2行（バックライト内蔵）運動療法
オーラルディアドコキネシス
分解能100msec
測定反復唾液嚥下テスト（RSST）／スイッチ押下時の積算時間の自動表
「パ「」タ「」カ」をそれぞれ10秒間発音し、口の周りや舌の動き
示、オーラルディアドコキネシス／設定時間における発音回数の自動
を測定します。カウント水治療法
電源AC100V（50/60Hｚ）、本体電源：DC5V（ACアダプター使用）
「パ」の音は、唇を「タ」の音は、舌の「カ」の音は、舌の消費電力約2W
しっかり閉じること前方が口蓋に触れ後方が口蓋の奥のマイク単一指向性コンデンサマイク物理療法
で発音される。て発音される。方に触れて発音さ付属品ACアダプター、外部嚥下ボタン、マイク、収納ポーチ
れる。
救急
ＡＤＬ・
作業療法
詳しくは
嚥下療法に
P.262
言語療法
唇をしっかり閉じる上手に飲み込むた舌の奥の部分の機
ことは、咀しゃくし、めには、舌の前方の能が、飲み込む際
食べるために重要動きが重要です。には重要です。大きく自立支援
です。握りやすいグリップ機器
反復唾液嚥下テスト（RSST）衛生・
折り曲げスプーン（小） 防災 
30秒間に3回以上唾液が飲み込めることを正常範囲とし、飲
R-4770
み込む機能を測定します。
介護用
入浴機器
サウンドブロック 送料 御見積
DLM-NM070 ¥16,500言語療法
ブロックを振って音の違いを聞き分ける音の神経衰弱で、
楽しみながら集中力や認識力を養います。
同じ音のブロックが2個ずつ6種類あります。ブロックを裏返すと色の
マークがついているので、同じ音がひとめで分かります。
音の認識訓練や、集中力、視覚障がいのある方用としても使用可能
です。
寸法70（W）×70（D）×43（H）ｍｍ
質量35～45ｇ（1個）
材質木
［構成］木製ブロック12個
※ブロックの振り方によって音が異なる場合があります。
※仕様及び外観は、改良のため予告なく変更することがありますので、ご了承ください。
言語療法テーブル 送料 御見積
GZ-900N（天板 天然木） ¥340,500
GZ-900A（天板 メラミン化粧板・アイボリー） ¥337,600
カードなどをゆったりと広げられる天板は手軽な操作で
昇降可能。キャビネット付。
寸法外形／900（W）×750（D）mm
N／565～705（H）mm
A／567～707（H）mm
天板下高さ／540～680mm
質量N／30kg、A／25kg
材質支柱／鋼板・メラミン焼き付け塗装
昇降方式ガススプリング（1本）
付属品木製キャビネット（寸法：442（W）×420（D）×700（H）mm）
その他キャスター4個（アジャスター付）
GZ-900N
カードなどの小物は別売です。
253"
255,MMTXZS91JHORZ,言語療法,言語療法,"200mm非特管 G2管理非特管 G2管理JQA校正品は（一財）日本品質保証機構/JQAにて検査・校正を行い、検査証を貼付します。注文後に検査を行うため、繁忙期には1ヶ月以上納期がかかる場合もございます。ご了承ください。スマートオージオ 1人用 SA-1+（1人用） SA-1J+（1人用／JQA校正品） 〈認証番号226AABZX00081000〉 スマートオージオ 2人用 SA-2+（2人用） SA-2J+（2人用／JQA校正品） 〈認証番号226AABZX00082000〉 SA用バッグ VCV5177 SA-1+, SA-1J+［共通］寸法質量電撃保護定格電源電圧及び周波数電源入力適合規格周波数精度周波数最大聴力レベル 各周波数　70dB聴力レベル目盛間隔出力音圧の精度 250～4000Hz：±3dB以内、6000Hz：±5ｄB以内SA-2+, SA-2J+総高周波ひずみ 各周波数　2.5％以下イヤホン数応答用入力数［付属品］送料 サ¥17,000SAイヤホンSA応答スイッチSA専用ACアダプターSAコードクランプ（2個入り）聴力検査をよりスマートに。オプション254132412111212評価測定運動療法水治療法物理療法救急ＡＤＬ・作業療法言語療法自立支援機器衛生・防災 介護用入浴機器言語療法右1000Hzのボタン操作右4000Hzのボタン操作約125（W）×200（D）×65（H）mm約250gクラスⅡ機器　B型装着部専用ACアダプター定格：AC100V　50/60Hｚ本体定格：DC5V専用ACアダプター定格：12VA本体定格：1.2AJIST1201-1：2020各周波数　±2％以内250、500、1000、2000、3000、4000、6000Hz-10～70dB5dB（誤差±1dB）SA-1+、SA-1J+1×2（両耳）SA-1+、SA-1J+1左1000Hzのボタン操作左4000Hzのボタン操作送料 サ¥130,000¥160,000送料 サ¥154,000¥197,000SA-2+、SA-2J+2×2（両耳）SA-2+、SA-2J+2125mm検査作業を大幅に短縮し、スタッフや被検者の負担を軽減します。ダイレクトキーが操作手順を短縮。選別聴力検査で必ず使用される左右の1000Hz及び、4000Hzの操作に対して、それぞれ独立した「ダイレクトキー」を設け、検査の効率化を実現しました。従来のオージオメータで手順を要した「左右の選択」「周波数の設定」「音圧の設定」「検査音の発信」という操作がワンタッチで行えるため、持っても、置いても使える応答スイッチ。被検者が検査音を認知して押す応答スイッチは、持ちやすいデザインにしました。 また、テーブルに置いての操作も可能です。軽量・コンパクトでハンディー操作が可能。スマートオージオなら被検者の横にスタッフが座って、あたかも問診するように検査することができます。軽量・コンパクトなため、ハンディー操作ができ、機器用のテーブルを必要としません。重さ250g左右の視認性が高いデザイン。イヤホンの左右と操作ボタンの左右を色で統一。どちらも右耳用を赤、左耳用を青として視認性を高め、操作ミスを防ぎます。スマートオージオ","聴力検査をよりスマートに。
 
スマートオージ オ
軽量・コンパクトでハンディー操作が可能。ダイレクトキーが操作手順を短縮。
スマートオージオなら被検者の横にスタッフが座って、あたかも問診す選別聴力検査で必ず使用される左右の1000Hz及び、4000Hzの操作
るように検査することができます。軽量・コンパクトなため、ハンディーに対して、それぞれ独立した「ダイレクトキー」を設け、検査の効率化を
評価測定操作ができ、機器用のテーブルを必要としません。実現しました。
従来のオージオメータで手順を要した「左右の選択「」周波数の設定」
「音圧の設定「」検査音の発信」という操作がワンタッチで行えるため、
125mm
運動療法検査作業を大幅に短縮し、スタッフや被検者の負担を軽減します。
重さ
水治療法250g2
0
01右1000Hzの3左1000Hzの
mボタン操作ボタン操作
m
物理療法
2右4000Hzの4左4000Hzの
ボタン操作ボタン操作
救急
ＡＤＬ・
作業療法左右の視認性が高いデザイン。持っても、置いても使える応答スイッチ。
イヤホンの左右と操作ボタンの左右を色で統一。被検者が検査音を認知して押
どちらも右耳用を赤、左耳用を青す応答スイッチは、持ちやす
言語療法
として視認性を高め、操作ミスをいデザインにしました。 また、
防ぎます。テーブルに置いての操作も可
自立支援能です。
機器
衛生・
防災 
介護用
入浴機器
スマートオージオ 1人用 送料 サ
SA-1+（1人用） ¥130,000
SA-1J+（1人用／JQA校正品） ¥160,000
〈認証番号226AABZX00081000〉 管理非特 管G2
言語療法
スマートオージオ 2人用 送料 サ
SA-2+（2人用） ¥154,000
SA-2J+（2人用／JQA校正品） ¥197,000
SA-1+, SA-1J+〈認証番号226AABZX00082000〉 管理非特 管G2
［共通］
寸法約125（W）×200（D）×65（H）mm
質量約250g
電撃保護クラスⅡ機器　B型装着部
定格電源電圧専用ACアダプター定格：AC100V　50/60Hｚ
及び周波数本体定格：DC5V
電源入力専用ACアダプター定格：12VA
本体定格：1.2A
適合規格JIST1201-1：2020
周波数精度各周波数　±2％以内
周波数250、500、1000、2000、3000、4000、6000Hz
最大聴力レベ ル各周波数　70dB
聴力レベル-10～70dB
目盛間隔5dB（誤差±1dB）
出力音圧の精 度250～4000Hz：±3dB以内、6000Hz：±5ｄB以内
SA-2+, SA-2J+総高周波ひず み各周波数　2.5％以下
SA-1+、SA-1J+SA-2+、SA-2J+
イヤホン数1×2（両耳）2×2（両耳）
オプション応答用入力数12
［付属品］
SA用バッグ 送料 サSA-1+、SA-1J+SA-2+、SA-2J+
SAイヤホン12
VCV5177 ¥17,000
SA応答スイッチ12
SA専用ACアダプター11
SAコードクランプ（2個入り）12
JQA校正品は（一財）日本品質保証機構/JQAにて検査・校正を行い、検査証を貼付します。
注文後に検査を行うため、繁忙期には1ヶ月以上納期がかかる場合もございます。ご了承ください。
254"
256,MMTXZSA5DZ801,自立支援機器,,P.256P.2 62P. 266歩行支援機器自助具車椅子自 立 支 援 機 器," 自 立 支 援 機器
歩行支援機器P.256自助具P. 262車椅子P .266"
257,MMTXZSB7VA4XZ,自立支援機器,歩行支援機器,"ゴム足はP.258アルミ杖スリムタイプ送料 A¥5,390MRA-03411（ライトブラウン） ¥5,390MRA-03412（ブラック） ロフストランドクラッチ・エルゴR-27400（右手用） R-27600（左手用） T型杖SPR-360C（軽金属製） クラッチ・フレックスミディアム送料 AR-26960（中人用、グレー）  非課税品  ¥8,800R-26965（中人用、ブルー）  非課税品  ¥8,800シンプルタイプのロフストランドクラッチ。身長130～150cm位の方に適しています。寸法アルミ杖ベーシックタイプ送料 A¥4,620MRA-01112（ブラック） ¥4,620MRA-01113（ライトブラウン） 折りたたみ杖MRA-01222（ブラック） MRA-01221（ブラウン） 最も軽量な1本杖。長さ調節はゴム足をはずして下端をカットします。256耐荷重：～238kg送料 A¥3,600グレー対象体重：～100kgパイプ径22mmで安定感があり、しっかりと歩行をサポート。寸法長さ／69.0～92.0cm 10段階調節パイプ径／φ22mm（上部）脚部径／φ18mm350ｇアルミニウムMRA09121-03、04 ¥550（1個）質量材質ゴム足長さ／80.0～90.0cm 5段階調節パイプ径／φ22mm（上部）脚部径／φ18mm質量材質360ｇアルミニウムMRA09121-03、04 ¥550（1個）ゴム足パイプ径19mmの軽量タイプで、手関節に負担をかけない設計。長さ／68.0～91.0cm 10段階調節寸法パイプ径／φ19mm（上部）脚部径／φ15mm290ｇアルミニウムMRA09121-23、24 ¥550（1個）ブラックライトブラウン質量材質ゴム足ブラックブラウン送料 御見積¥5,940¥5,940折りたたみ式でコンパクト収納可能。旅行に便利な収納袋付き。寸法質量材質ゴム足グリップ 角度調節可ライトブラウン右手用左手用対象体重：～140kg長さ／96～118.5cm床からグリップ／70～92.5cm 10段階調節グリップからトップ／25.5cm（本体）腕部直径／9.5cmパイプ径／φ22.5mm脚部径／φ19mm510ｇアルミニウム、プラスチック（PP）、ソフトTPER-2075 ¥850（1個）ブラック寸法長さ／94cmパイプ径／φ19mm（上部）脚部径／φ19mm250gアルミニウムSPR-384 ¥470（1個）質量材質ゴム足送料 A非課税品  ¥18,000非課税品  ¥18,000前腕と手掌面で支える設計と調節式のグリップで、手にかかる負担を軽減。2本使いでさらに安定感をアップ。寸法長さ／77～99.5cm床からグリップ／53.5～76cm 10段階調節グリップからトップ／23cm腕部直径／7cmパイプ径／φ22.5mm（本体）脚部径／φ19mm質量材質410ｇアルミニウム、プラスチック（PP）R-2075 ¥850（1個）ゴム足グリップ 固定※商品の色が写真と異なる場合があります。評価測定運動療法水治療法物理療法救急ＡＤＬ・作業療法言語療法自立支援機器衛生・防災 介護用入浴機器歩行支援機器自助具車椅子ブルー中人用","ブラックライトブラウン
ライトブラウン
ブラック
評価測定
運動療法
水治療法
耐荷重：～238kg
物理療法
アルミ杖ベーシックタイプ送料 Aアルミ杖スリムタイプ送料 AT型杖送料 A
MRA-01112（ブラック） ¥4,620MRA-03411（ライトブラウン） ¥5,390SPR-360C（軽金属製） ¥3,600
救急
MRA-01113（ライトブラウン） ¥4,620MRA-03412（ブラック） ¥5,390
最も軽量な1本杖。
パイプ径22mmで安定感があり、パイプ径19mmの軽量タイプで、長さ調節はゴム足をはずして下端をカットし
ＡＤＬ・
しっかりと歩行をサポート。手関節に負担をかけない設計。ます。
作業療法
寸法長さ／69.0～92.0cm 10段階調節寸法長さ／68.0～91.0cm 10段階調節寸法長さ／94cm
パイプ径／φ22mm（上部）パイプ径／φ19mm（上部）パイプ径／φ19mm（上部）
脚部径／φ18mm脚部径／φ15mm脚部径／φ19mm
言語療法
質量350ｇ質量290ｇ質量250g
材質アルミニウム材質アルミニウム材質アルミニウム
ゴム足MRA09121-03、04 ¥550（1個）ゴム足MRA09121-23、24 ¥550（1個）ゴム足SPR-384 ¥470（1個）
自立支援
機器
衛生・
防災 
介護用
入浴機器右手用
ブラック
左手用
ブルー
歩行支援
機器
自助具
車椅子グレー
ブラウン中人用
対象体重：～140kg対象体重：～100kg
折りたたみ杖送料 御見積ロフストランドクラッチ・クラッチ・フレックス
MRA-01222（ブラック） ¥5,940
エルゴ送料 Aミディアム送料 A
MRA-01221（ブラウン） ¥5,940
R-27400（右手用） 非課税 品 ¥18,000R-26960（中人用、グレー）  非課税 品 ¥8,800
折りたたみ式でコンパクト収納可能。
R-27600（左手用） 非課税 品 ¥18,000R-26965（中人用、ブルー）  非課税 品 ¥8,800
旅行に便利な収納袋付き。
前腕と手掌面で支える設計と調節式のシンプルタイプのロフストランドクラッ
寸法長さ／80.0～90.0cm 5段階調節
パイプ径／φ22mm（上部）グリップで、手にかかる負担を軽減。2チ。身長130～150cm位の方に適し
脚部径／φ18mm
本使いでさらに安定感をアップ。ています。
質量360ｇ
寸法長さ／96～118.5cm寸法長さ／77～99.5cm
材質アルミニウム
床からグリップ／70～92.5cm 10段階調節床からグリップ／53.5～76cm 10段階調節
ゴム足MRA09121-03、04 ¥550（1個）
グリップからトップ／25.5cm（本体）グリップからトップ／23cm
腕部直径／9.5cm腕部直径／7cm
パイプ径／φ22.5mmパイプ径／φ22.5mm（本体）
脚部径／φ19mm脚部径／φ19mm
質量510ｇ質量410ｇ
材質アルミニウム、プラスチック（PP）、ソフトTPE材質アルミニウム、プラスチック（PP）
ゴム足R-2075 ¥850（1個）ゴム足R-2075 ¥850（1個）
グリッ プ角度調節可グリッ プ固定
ゴム足は
256※商品の色が写真と異なる場合があります。P.258"
258,MMTXZSCG2DRGY,自立支援機器,歩行支援機器,"ゴム足はP.258クォードケイン（ラージベース）送料 B非課税品  ¥9,600MRA-01621（ブラウン） 松葉杖セーフティーワンSSPR-355L  大（2本1組） SPR-355M 中（2本1組） SPR-355S  小（2本1組） 115°115°6〜16cm安定性の高いラージベース。クッション性の高いグリップ素材を採用しています。高さ調節可能（プッシュボタン）。グリップの向きを変えることで左右どちらにも適応できます。階段での使用には適しません。クォードケイン（スモールベース）送料 BMRA-01613（ライトブラウン）  非課税品  ¥7,800軽くて扱いやすいスモールベース。クッション性の高いグリップ素材を採用しています。高さ調節可能（プッシュボタン）。グリップの向きを変えることで左右どちらにも適応できます。階段の昇り降りも可能です。257耐静荷重：～322kg送料 御見積非課税品  ¥10,500非課税品  ¥10,500非課税品  ¥10,500軽量で歩行しやすいアルミタイプ。プッシュボタンで、長さ調節可能。質量（g）975940794長さ／83～108cm 12段階調節パイプ径／φ22mm（上部）脚部径／φ19mm920g質量アルミニウム、ビニールレザー材質TY130-1 ¥500（1個）ゴム足グリップ 角度・長さ調節可（六角レンチ入）大中小中小大中小大中小評価測定運動療法水治療法物理療法救急ＡＤＬ・作業療法言語療法自立支援機器衛生・防災 介護用入浴機器長さ（cm）（9段階調整）123～143109～129  99～119適応身長（参考） 大／165～185cm、中／150～170cm、小／135～155cm［共通］寸法パイプ径／φ19mm、脚部径／φ22.5mm材質アルミニウムSPR-386 ¥500（1個）313kgゴム足耐静荷重寸法20（W）×31（D）×73～96（H）cm 10段階調節、ベース高さ／7cmパイプ径／φ22mm（本体）脚部径／φ16mm950gアルミニウム、スチールMRA09121-15 ¥550（1個）質量材質ゴム足耐静荷重：～313kgグリップから脇当（cm）（6〜7段階調整）質量（g）36～51（7段階）107030～42（6段階）101019～32（6段階）  860プラットホームクラッチ 送料 御見積非課税品  ¥26,400TY135D 前腕で体重が支えられるアームレスト付き。寸法松葉杖ワールドSPR-356L  大（2本1組） SPR-356M 中（2本1組） SPR-356S  小（2本1組） 寸法15（W）×21（D）×73～96（H）cm 10段階調節、ベース高さ／7cmパイプ径／φ22mm（本体）脚部径／φ13mm740gアルミニウム、スチールMRA09121-14 ¥550（1個）質量材質ゴム足グリップから脇当（cm）（5段階調整）38～5326～4220～35歩行 支援機器自助 具車椅 子送料 A非課税品  ¥13,000非課税品  ¥13,000非課税品  ¥13,000プッシュボタン操作で、握りの高さ調整と杖全体の長さを簡単調節。長さ（cm）（9段階調整）123～143112～132  99～119［共通］寸法パイプ径／φ19mm（本体）、脚部径／φ22.5mm材質ゴム足アルミニウムSPR-386BL ¥500（1個）322kg耐静荷重※商品の色が写真と異なる場合があります。","評価測定
115°
運動療法
115°
水治療法
6〜16cm
物理療法
プラットホームクラッチ 送料 御見積クォードケイン（ラージベース）送料 Bクォードケイン（スモールベース）送料 B
TY135D 非課税 品 ¥26,400MRA-01621（ブラウン） 非課税 品 ¥9,600MRA-01613（ライトブラウン）  非課税 品 ¥7,800
救急
前腕で体重が支えられるアームレスト安定性の高いラージベース。軽くて扱いやすいスモールベース。
付き。クッション性の高いグリップ素材を採用していクッション性の高いグリップ素材を採用してい
寸法長さ／83～108cm 12段階調節ます。高さ調節可能（プッシュボタン）。グリッます。高さ調節可能（プッシュボタン）。グリッＡＤＬ・
作業療法
パイプ径／φ22mm（上部）プの向きを変えることで左右どちらにも適応プの向きを変えることで左右どちらにも適応
脚部径／φ19mm
できます。階段での使用には適しません。できます。階段の昇り降りも可能です。
質量920g
寸法20（W）×31（D）×73～96（H）cm 10段階調寸法15（W）×21（D）×73～96（H）cm 10段階調言語療法
材質アルミニウム、ビニールレザー
節、ベース高さ／7cm節、ベース高さ／7cm
ゴム足TY130-1 ¥500（1個）
パイプ径／φ22mm（本体）パイプ径／φ22mm（本体）
グリッ プ角度・長さ調節可（六角レンチ入）脚部径／φ16mm脚部径／φ13mm
自立支援
質量950g質量740g機器
材質アルミニウム、スチール材質アルミニウム、スチール
ゴム足MRA09121-15 ¥550（1個）ゴム足MRA09121-14 ¥550（1個）
衛生・
防災 
介護用
入浴機器
歩 行支援
機器
自 助具
車 椅子
大中小中小
耐静荷重：～313kg耐静荷重：～322kg
松葉杖ワールド送料 A松葉杖セーフティーワンS送料 御見積
SPR-356L  大（2本1組） 非課税 品 ¥13,000SPR-355L  大（2本1組） 非課税 品 ¥10,500
SPR-356M 中（2本1組） 非課税 品 ¥13,000SPR-355M 中（2本1組） 非課税 品 ¥10,500
SPR-356S  小（2本1組） 非課税 品 ¥13,000SPR-355S  小（2本1組） 非課税 品 ¥10,500
プッシュボタン操作で、握りの高さ調整と杖全体の長さを軽量で歩行しやすいアルミタイプ。プッシュボタンで、長さ
簡単調節。調節可能。
（9長段さ（階c調m整））グ（リッ6〜プ7か段ら階脇調当（整c）m）質量（g）（9長段さ（階c調m整））グリ（ップ5段か階ら調脇整当（）cm）質量（g）
大123～14336～51（7段階）1070大123～14338～53975
中109～12930～42（6段階）1010中112～13226～42940
小  99～11919～32（6段階）  860小  99～11920～35794
［共通］
適応身長（参考 ）大／165～185cm、中／150～170cm、小／135～155cm
寸法パイプ径／φ19mm（本体）、脚部径／φ22.5mm
［共通］
材質アルミニウム
寸法パイプ径／φ19mm、脚部径／φ22.5mm
ゴム足SPR-386BL ¥500（1個）
材質アルミニウム
耐静荷重322kg
ゴム足SPR-386 ¥500（1個）
耐静荷重313kg
ゴム足は
※商品の色が写真と異なる場合があります。P.258257"
259,MMTXZSDOE6A2N,自立支援機器,歩行支援機器,● 松葉杖の長さは、まっすぐ立った姿勢で、腋窩と松葉杖のトップの間に指が3～4本入る高さにします。 グリップの高さはまっすぐ立ったときの橈骨茎状突起の位置です。 この高さを目安に、ご本人の使い勝手を考慮して合わせます。● どの方法でも、ほぼ同じ長さになります。高齢者の場合は腰や背が少し曲がっていることがありますので、実際には上記の目安より2～3cm短めにすると良いでしょう。● 松葉杖は、手掌（グリップ）で体重を支え、腕の内側と胸の辺りの体の側面で横木を挟み込むように押さえて使います。横木を腋窩に当てて体重を支えると、腋窩に通っている多くの神経や血管を強く圧迫してしまうので、注意してください。● 松葉杖のように２本組で使用することもあります。15ｃｍ30°15ｃｍ指3〜4本分グリップの高さは橈骨茎状突起の位置評価測定運動療法水治療法物理療法救急ＡＤＬ・作業療法言語療法自立支援機器衛生・防災 介護用入浴機器                歩行支援機器自助具車椅子MRA09121-15MRA09121-03SPR-386松葉杖の長さの決め方MRB-02035SPR-386BL杖の長さ（グリップの位置）の決め方φ18TY130-1φ29SPR-383MRA09121-14MRA09121-16MRA09121-24MRA09121-04SPR-384SPR-382送料 A/TY130-1のみ御見積（ブラック／1個）［適応機種］プラットホームクラッチ（TY135D）（ブラック／1個）［適応機種］松葉杖（SPR-385標準）φ13φ15φ19R-2075手と前腕で体重を支え、歩行が安定します。φ13φ16φ15φ19φ16φ18φ18φ21φ21φ18φ21【クォードケイン用】MRA09121-13【杖・ウォーカー用】MRA09121-23ロフストランドクラッチの特長258¥550¥550¥850¥550¥550¥470¥550¥550¥500¥550¥550¥550¥500¥500¥500¥500ゴム足（ブラック／1個）［適応機種］クォードケイン（MRA-01613）（グレー／1個）［適応機種］クォードケイン（MRA-01623）（ブラック／1個）［適応機種］アルミ杖スリ（ブラック／1個）［ 適 応 機 種 ］ア ル ミ 杖ベーシックタイプ（MRA-01112）／ウォーカーケイン（MRB-02032）／折りたたみ杖（MRA-01222）ムタイプ（MRA-03412）（ブラック／1個）［適応機種］T型杖（SPR-（ブラック／1個）［適応機種］T型杖（SPR-360C）360A）（グレー／1個）［適応機種］クォードケイン（MRA-01611）（ブラウン／1個）［適応機種］アルミ杖スリムタイプ（MRA-03411）（グレー／1個）［適応機種］型式がR-で始まるクラッチ※ゴム足は、パイプ脚部径−2mm～＋1mmの範囲で選んでください。　※内寸の単位はすべてmmです。● カフと支柱で前腕を支えるので、握力がない方、腕の力が弱い方、肘を伸ばす力が弱い方に適しています。（ブラック／1個）［適応機種］クォードケイン（MRA-01621）（ブラウン／1個）［ 適 応 機 種 ］ア ル ミ 杖ベーシックタイプ（MRA-01113）／折りたたみ杖（MRA-01221）（ブルー／1個）［適応機種］松葉杖ワールド（SPR-356）（グレー／1個）［適応機種］ウォーカーケイン（MRB-02031）（ブラック／1個）［適応機種］松葉杖セーフティーワンS（SPR-355）（1） 普通に立ち、握りが大転子あたりにくる長さ。（2） 自然に腕を下ろしたときの、床から橈骨茎状突起までの高さ。（3） つま先から前に15cm、外側に15cmのところに杖をまっすぐに立てた時、肘の屈曲角度が約30°になる長さ。,"ゴム足送料 A/TY130-1のみ御見積
【クォードケイン用】
φ13φ13φ16φ16
評価測定MRA09121-13MRA09121-14MRA09121-16MRA09121-15
 ¥550 ¥550 ¥550 ¥550
（グレー／1個）（ブラック／1個）（グレー／1個）（ブラック／1個）
［適応機種］クォードケイン［適応機種］クォードケイン［適応機種］クォードケイン［適応機種］クォードケイン
運動療法
（MRA-01611）（MRA-01613）（MRA-01623）（MRA-01621）
水治療法【杖・ウォーカー用】
物理療法
救急
φ15φ15φ18φ18φ18φ18
MRA09121-23MRA09121-24MRA09121-04MRA09121-03MRB-02035TY130-1
ＡＤＬ・
作業療法 ¥550 ¥550 ¥550 ¥550 ¥550 ¥500
（ブラウン／1個）（ブラック／1個）（ブラック／1個）（ブラウン／1個）（グレー／1個）（ブラック／1個）
［適応機種］アルミ杖スリ［適応機種］アルミ杖スリ ［ 適 応 機 種］ ア ル ミ杖 ［ 適 応 機 種］ ア ル ミ杖［適応機種］ウォーカーケ［適応機種］プラットホー
ムタイプムタイプベーシックタイプ（MRA-ベーシックタイプ（MRA-インムクラッチ
言語療法（MRA-03411）（MRA-03412）01112）／ウォーカーケイ01113）／折りたたみ杖（MRB-02031）（TY135D）
ン（MRB-02032）／折りた（MRA-01221）
たみ杖（MRA-01222）
自立支援
機器
衛生・
防災 
介護用
入浴機器
φ19φ19φ21φ21φ21φ29
R-2075SPR-384SPR-382SPR-386SPR-386BLSPR-383
 ¥850 ¥470 ¥500 ¥500 ¥500 ¥500
（グレー／1個）（ブラック／1個）（ブラック／1個）（ブルー／1個）（ブラック／1個）（ブラック／1個）
［適応機種］型式がR-で始［適応機種］T型杖（SPR-［適応機種］T型杖（SPR-［適応機種］松葉杖ワールド［適応機種］松葉杖セーフ［適応機種］松葉杖（SPR-
歩行支援まるクラッチ360C）360A）（SPR-356）ティーワンS（SPR-355）385標準）
機器
自助具※ゴム足は、パイプ脚部径−2mm～＋1mmの範囲で選んでください。　※内寸の単位はすべてmmです。
車椅子
ロフストランドクラッチの特長松葉杖の長さの決め方杖の長さ（グリップの位置）の決め方
指3〜4本分
30°
グリップの高さは
橈骨茎状突起の位置
15ｃｍ15ｃｍ
手と前腕で体重を支え、● 松葉杖の長さは、まっすぐ立った姿勢で、腋窩と（1） 普通に立ち、握りが大転子あたりにくる長さ。
歩行が安定します。松葉杖のトップの間に指が3～4本入る高さにし（2） 自然に腕を下ろしたときの、床から橈骨茎状
ます。突起までの高さ。
●カ フと支柱で前腕を支えるので、握力がない方、腕グ リップの高さはまっすぐ立ったときの橈骨茎状（3） つま先から前に15cm、外側に15cmのところ
の力が弱い方、肘を伸ばす力が弱い方に適してい突起の位置です。に杖をまっすぐに立てた時、肘の屈曲角度が
ます。こ の高さを目安に、ご本人の使い勝手を考慮し約30°になる長さ。
て合わせます。
● 松葉杖のように２本組で使用することもあります。
●ど の方法でも、ほぼ同じ長さになります。高齢者
● 松葉杖は、手掌（グリップ）で体重を支え、腕の内
の場合は腰や背が少し曲がっていることがあり
側と胸の辺りの体の側面で横木を挟み込むよう
ますので、実際には上記の目安より2～3cm短
に押さえて使います。横木を腋窩に当てて体重
めにすると良いでしょう。
を支えると、腋窩に通っている多くの神経や血管
を強く圧迫してしまうので、注意してください。
258"
260,MMTXZSEXAZCUN,自立支援機器,歩行支援機器,"前輪：3インチ前輪：3インチ後輪：3インチ前輪：5インチ後輪：3インチSAWR質量 2.8kg（SAWR）、2.7kg（SAWSR）材質 アルミニウムキャスター付胴内／44cm（SAWCR）、40cm（SAWCSR）パイプ径／φ25mm（本体）、脚部径／φ28mm質量3.1kg（SAWCR）、2.9kg（SAWCSR）材質 アルミニウムSAWSRSAWCRベース／62（Ｗ）×54（Ｄ）×73.5～83.5（Ｈ）cm（SAWMR）、60（Ｗ）×52（Ｄ）×66～76（Ｈ）cm（SAWMSR） 5段階高さ調節胴内／44cm（SAWMR）、40cm（SAWMSR）パイプ径／φ25mm（本体）、脚部径／φ28mm質量3.5kg（SAWMR）、3.3kg（SAWMSR）材質 アルミニウムオプション　セーフティーアームウォーカーアクセサリー259送料 御見積¥10,500送料 御見積¥14,500送料 御見積¥15,500送料 御見積¥17,500SAWLRキャスター付固定式／室内屋外共用固定式／室内専用セーフティーアーム ウォーカー Cタイプ送料 御見積非課税品  ¥27,500SAWCR （標準型） 非課税品  ¥27,500SAWCSR （小型） 少しずつゆっくり歩行する方におすすめ。荷重することでストッパーが作動。寸法 ベース／57（Ｗ）×51（Ｄ）×71.5～81.5（Ｈ）cm（SAWCR）、55（Ｗ）×48（Ｄ）×64～74（Ｈ）cm（SAWCSR） 5段階高さ調節CタイプSACP ※SAWR、SAWSRに取り付けるとセーフティーアームウォーカーCタイプになります。MタイプSAMS ※SAWR、SAWSRに取り付けるとセーフティーアームウォーカーMタイプになります。LタイプSALS ※SAWR、SAWSRに取り付けるとセーフティーアームウォーカーLタイプになります。GタイプSAGS ※前脚後脚とも大きめのキャスタータイプです。セーフティーアーム ウォーカー送料 御見積非課税品  ¥20,500SAWR（標準型） 非課税品  ¥20,500SAWSR（小型） 床からの立ち上がりに便利な2段グリップ付。脚部をオプションに付け換えるとキャスタータイプになります。寸法 ベース／57（Ｗ）×45（Ｄ）×66.5～76.5（Ｈ）cm（SAWR）、54（Ｗ）×43（Ｄ）×59～69（Ｈ）c m（ S AW S R ）  5 段 階 高さ調 節 、胴 内 ／ 4 4 c m（SAWR）、40cm（SAWSR）、パイプ径／φ25mm（本体）、脚部径／φ28mm胴内／44cm（SAWLR）、40cm（SAWLSR）パイプ径／φ25mm（本体）、脚部径／φ28mm質量 3.8kg（SAWLR）、3.7kg（SAWLSR）材質 アルミニウム固定式／室内専用セーフティーアーム ウォーカー Mタイプ送料 御見積非課税品  ¥31,500SAWMR（標準型） 非課税品  ¥31,500SAWMSR（小型） 前 脚 の プラスチックスイング キャスターと、後脚のキャスター付ストッパーの4輪タイプ。寸法固定式／室内屋外共用セーフティーアーム ウォーカー Lタイプ送料 御見積非課税品  ¥32,500SAWLR（標準型） 非課税品  ¥32,500SAWLSR（小型） 前脚の大型ゴムスイングキャスターと後脚のキャスター付ストッパーで、屋外での使用も可能。寸法 ベース／63（Ｗ）×57（Ｄ）×79.5～89.5（Ｈ）cm（SAWLR）、61（Ｗ）×55（Ｄ）×72～82（Ｈ）cm（SAWLSR） 5段階高さ調節［前脚キャスター］寸法 35（W）×72（D）×255（H）mm、タイヤ径／72mm［後脚ストッパー］寸法 40（W）×66（D）×240（H）mm、パイプ径／φ29mm［前脚キャスター］寸法 38（W）×85（D）×275（H）mm、タイヤ径／72mm［後脚ストッパー］寸法 65（W）×90（D）×265（H）mm、タイヤ径／72mm［前脚キャスター］寸法 65（W）×125（D）×340（H）mm、タイヤ径／127mm［後脚ストッパー］寸法 65（W）×90（D）×315（H）mm、タイヤ径／72mm［前脚キャスター］寸法 65（W）×120（D）×345（H）mm、タイヤ径／100mm［後脚ストッパー］寸法 125（W）×135（D）×310（H）mm、タイヤ径／100mmSAWMRキャスター付評価測定運動療法水治療法物理療法救急ＡＤＬ・作業療法言語療法自立支援機器衛生・防災 介護用入浴機器歩行 支援機器自助 具車椅 子","オプション　セーフティーアームウォーカーアクセサリー
Cタイプ送料 御見積
SACP ¥10,500
※SAWR、SAWSRに取り付けるとセーフティーアームウォーカーCタイプになります。
［前脚キャスター］
寸 法35（W）×72（D）×255（H）mm、タイヤ径／72mm
［後脚ストッパー］
寸 法40（W）×66（D）×240（H）mm、パイプ径／φ29mm評価測定
SAWSR
運動療法
Mタイプ送料 御見積
SAMS ¥14,500
※SAWR、SAWSRに取り付けるとセーフティーアームウォーカーMタイプになります。
水治療法
［前脚キャスター］
寸 法38（W）×85（D）×275（H）mm、タイヤ径／72mm
［後脚ストッパー］
物理療法
寸 法65（W）×90（D）×265（H）mm、タイヤ径／72mm
救急
SAWR
Lタイプ送料 御見積
固定式／室内屋外共用SALS ¥15,500ＡＤＬ・
※SAWR、SAWSRに取り付けるとセーフティーアームウォーカーLタイプになります。作業療法
［前脚キャスター］
セーフティーアーム ウォーカー送料 御見積
寸 法65（W）×125（D）×340（H）mm、タイヤ径／127mm
SAWR（標準型） 非課税 品 ¥20,500言語療法
［後脚ストッパー］
SAWSR（小型） 非課税 品 ¥20,500
寸 法65（W）×90（D）×315（H）mm、タイヤ径／72mm
床からの立ち上がりに便利な2段グ自立支援
リップ付。脚部をオプションに付け換え機器
るとキャスタータイプになります。
Gタイプ送料 御見積
寸 法ベース／57（Ｗ）×45（Ｄ）×66.5～76.5（Ｈ）衛生・
cm（SAWR）、54（Ｗ）×43（Ｄ）×59～69（Ｈ）SAGS ¥17,500防災 
 cm （ SA W S R）   5 段 階高さ 調 節、 胴 内 ／ 4 4 cm※前脚後脚とも大きめのキャスタータイプです。
（SAWR）、40cm（SAWSR）、パイプ径／φ25mm［前脚キャスター］
（本体）、脚部径／φ28mm介護用
寸 法65（W）×120（D）×345（H）mm、タイヤ径／100mm入浴機器
質 量2.8kg（SAWR）、2.7kg（SAWSR）
［後脚ストッパー］
材 質アルミニウム
寸 法125（W）×135（D）×310（H）mm、タイヤ径／100mm
歩 行支援
機器
自 助具
車 椅子
SAWMRSAWLR
SAWCR
前輪：3インチ前輪：5インチ
固定式／室内専用キャスター付前輪：3インチ固定式／室内専用キャスター付後輪：3インチ固定式／室内屋外共用キャスター付後輪：3インチ
セーフティーアーム ウォーカー Cタイプ送料 御見積セーフティーアーム ウォーカー Mタイプ送料 御見積セーフティーアーム ウォーカー Lタイプ送料 御見積
SAWCR（ 標準型） 非課税 品 ¥27,500SAWMR（標準型） 非課税 品 ¥31,500SAWLR（標準型） 非課税 品 ¥32,500
SAWCSR（ 小型） 非課税 品 ¥27,500SAWMSR（小型） 非課税 品 ¥31,500SAWLSR（小型） 非課税 品 ¥32,500
少しずつゆっくり歩行する方におすす 前 脚 のプラスチックスイン グキャス前脚の大型ゴムスイングキャスターと
め。荷重することでストッパーが作動。ターと、後脚のキャスター付ストッパー後脚のキャスター付ストッパーで、屋外
寸 法ベース／57（Ｗ）×51（Ｄ）×71.5～81.5（Ｈ）cmの4輪タイプ。での使用も可能。
（SAWCR）、55（Ｗ）×48（Ｄ）×64～74（Ｈ）cm
寸法ベース／62（Ｗ）×54（Ｄ）×73.5～83.5（Ｈ）cm寸 法ベース／63（Ｗ）×57（Ｄ）×79.5～89.5（Ｈ）cm
（SAWCSR） 5段階高さ調節
（SAWMR）、60（Ｗ）×52（Ｄ）×66～76（Ｈ）cm（SAWLR）、61（Ｗ）×55（Ｄ）×72～82（Ｈ）cm
胴内／44cm（SAWCR）、40cm（SAWCSR）
（SAWMSR） 5段階高さ調節（SAWLSR） 5段階高さ調節
パイプ径／φ25mm（本体）、脚部径／φ28mm
胴内／44cm（SAWMR）、40cm（SAWMSR）胴内／44cm（SAWLR）、40cm（SAWLSR）
質量3.1kg（SAWCR）、2.9kg（SAWCSR）
パイプ径／φ25mm（本体）、脚部径／φ28mmパイプ径／φ25mm（本体）、脚部径／φ28mm
材 質アルミニウム
質量3.5kg（SAWMR）、3.3kg（SAWMSR）質 量3.8kg（SAWLR）、3.7kg（SAWLSR）
材 質アルミニウム材 質アルミニウム
259"
261,MMTXZSG4TTL99,自立支援機器,歩行支援機器,"ゴム足はP.258ウォーカーケインMRB-02032（ライトブラウン） MRB-02031（シルバー） 評価測定運動療法水治療法物理療法救急ＡＤＬ・作業療法言語療法自立支援機器衛生・防災 介護用入浴機器  歩行支援機器自助具車椅子セーフティーアーム 交互式KSAR-C（シルバー） 片手で使える最も安定性の高い杖。杖と歩行器の両方の機能を合わせています。高さが異なる2段のグリップで立ち上がりのサポートも。高さ調節可能（プッシュボタン）。高さ調節を1カ所のレバーで操作できる歩行車。肘受けパッドは体型に合わせて調節できます。トレウォーク約2台分のスペースに最大5台のトレウォークを収納することができます。260交互式／室内屋外共用室内用歩行車トレウォークベース／56（Ｗ）×49（Ｄ）×70～80（Ｈ）cm 5段階高さ調節胴内／45cmパイプ径／φ25mm（本体）脚部径／φ28mm3.1kg質量材質 アルミニウム、スチール寸法 シリンダ上穴取付／650（W）×640（D）×840～1140（H）mmシリンダ下穴取付／650（W）×640（D）×790～1090（H）mm肘受内側／350～410（W）×430（D）mm質量約11.7kg材質 スチールその他 車輪／前輪／100mm回旋式、後輪／100mm固定式パイプ径／φ22mm（本体）脚部径／φ19mm※商品の色が写真と異なる場合があります。送料 御見積非課税品  ¥20,500丈夫な25mm径のパイプで、コンパクトな全幅56cmタイプ。左右のフレームを交互に動かし交互歩行の練習に。寸法寸法 42（W）×32.5（D）×75～87.5（H）cm 6段階高さ調節質量 1.7kg材質 アルミニウム、スチールゴム足 MRA09121-04／MRB-02035 ¥550送料 御見積非課税品  ¥78,100MRB-02031シルバーMRB-02032ライトブラウン送料 B/御見積非課税品  ¥15,600非課税品  ¥15,600","MRB-02031
シルバー
評価測定
運動療法
水治療法
物理療法MRB-02032
ライトブラウン
交互式／室内屋外共用
救急セーフティーアーム 交互式送料 御見積ウォーカーケイン送料 B/御見積
KSAR-C（シルバー） 非課税 品 ¥20,500MRB-02032（ライトブラウン） 非課税 品 ¥15,600
ＡＤＬ・丈夫な25mm径のパイプで、コンパクトな全幅56cmタイMRB-02031（シルバー） 非課税 品 ¥15,600
作業療法
プ。左右のフレームを交互に動かし交互歩行の練習に。片手で使える最も安定性の高い杖。
寸法ベース／56（Ｗ）×49（Ｄ）×70～80（Ｈ）cm 5段階高さ調節杖と歩行器の両方の機能を合わせています。
言語療法胴内／45cm高さが異なる2段のグリップで立ち上がりのサポートも。ゴム足は
パイプ径／φ25mm（本体）P.258
高さ調節可能（プッシュボタン）。
脚部径／φ28mm
質量3.1kg寸 法42（W）×32.5（D）×75～87.5（H）cm 6段階高さ調節
自立支援パイプ径／φ22mm（本体）
機器材 質アルミニウム、スチール脚部径／φ19mm
質 量1.7kg
衛生・材 質アルミニウム、スチール
防災 ゴム 足MRA09121-04／MRB-02035 ¥550
介護用
入浴機器
歩行支援
機器
自助具
車椅子
室内用歩行車トレウォーク送料 御見積
  非課税 品 ¥78,100
高さ調節を1カ所のレバーで操作できる歩行車。
肘受けパッドは体型に合わせて調節できます。
トレウォーク約2台分のスペースに最大5台のトレウォークを収納するこ
とができます。
寸 法シリンダ上穴取付／650（W）×640（D）×840～1140（H）mm
シリンダ下穴取付／650（W）×640（D）×790～1090（H）mm
肘受内側／350～410（W）×430（D）mm
質量約11.7kg
材 質スチール
その 他車輪／前輪／100mm回旋式、後輪／100mm固定式
260※商品の色が写真と異なる場合があります。"
262,MMTXZSHB01691,自立支援機器,歩行支援機器,"色評価測定運動療法水治療法物理療法救急ＡＤＬ・作業療法言語療法自立支援機器衛生・防災 介護用入浴機器室内用歩行器ホップステップSM-30（4輪） SM-35（6輪） SM-40（6輪ブレーキ付） セーフティーアームロレータスタンダードタイプRS1190 セーフティーアームロレータ大型タイプRS1320 SM-30送料  御見積¥31,000寸法質量材質かご最大積載量カラー適用身長（目安） 150～180cm程度SM-35寸法最大／500（W）×620（D）（カゴ付き700）×670～800（H）mm折りたたみ時／500（W）×490（D）×810（H）mm座面／360（W）×330（D）×440（H）mmタイヤ／前輪/200×40mm、後輪/150×30mm質量7.2kg材質本体／アルミ（一部スチール）、グリップ／合成ゴム、座面／ABS、タイヤ／合成ゴムかご最大積載量5kgカラーシャイニングホワイト適用身長（目安） 130～160cm程度6輪歩行器は、小回りが効くので移動がラクラク。身体の状況レベルに合わせて負荷調節が可能。ネジの締め具合により、抵抗を負荷することができます。小柄な方から大柄な方まで幅広いユーザーに対応。エックス部を握って上下させ6段階で幅調整ができる機構を装備しました。身体状況により、最適な高さ調節が可能です。［共通］シルバーカー スルーンボックスN送料 サ¥34,300E2541 3cmまでの段差なら、そのまま前に押すだけで乗り越えられます。バッグの容量は10リットル。使いやすいサイズと充実した機能で、外出時や屋内の移動をサポートします。歩き疲れたら腰をかけて休憩できます。折りたたみ時は座面を持ち上げベルトで固定すると、自立します。261送料 御見積¥74,540¥85,190¥93,170寸法使用時／426（W）×557（D）×800～1000（H）mm折りたたみ時／426（W）×310（D）×737～937（H）mm座面／450（W）×270（D）mmタイヤ／φ138×220mm質量材質約3.9kgアルミニウム、ナイロンネイビー※商品の色が写真と異なる場合があります。寸法全長／725mm、全高／800～1,200mm、全幅／550～650mm折りたたみ時全高／1,075mm、折りたたみ時全幅／280mm馬蹄内々幅／330～430mm、馬蹄内々奥行／425mm質量SM-30／12.3kg、SM-35／13.3kg、SM-40／14.4kgSM-40送料  御見積¥34,500最大／550（W）×700（D）（カゴ付き780）×770～900（H）mm折りたたみ時／550（W）×500（D）×920（H）mm座面／360（W）×330（D）×470（H）mmタイヤ／前輪/200×40mm、後輪/150×30mm7.6kg本体／アルミ（一部スチール）、グリップ／合成ゴム、座面／ABS、タイヤ／合成ゴム5kgブラック歩行 支援機器自助 具車椅 子","室内用歩行器ホップステップ送料 御見積
SM-30（4輪） ¥74,540
SM-35（6輪） ¥85,190
SM-40（6輪ブレーキ付） ¥93,170
6輪歩行器は、小回りが効くので移動がラクラク。
身体の状況レベルに合わせて負荷調節が可能。
ネジの締め具合により、抵抗を負荷することができます。
小柄な方から大柄な方まで幅広いユーザーに対応。
評価測定
エックス部を握って上下させ6段階で幅調整ができる機構を装備しま
した。
身体状況により、最適な高さ調節が可能です。
運動療法
［共通］
寸法全長／725mm、全高／800～1,200mm、全幅／550～650mm
折りたたみ時全高／1,075mm、折りたたみ時全幅／280mm
SM-30馬蹄内々幅／330～430mm、馬蹄内々奥行／425mm水治療法
質量SM-30／12.3kg、SM-35／13.3kg、SM-40／14.4kg
物理療法
救急
ＡＤＬ・
作業療法
言語療法
自立支援
機器
SM-35SM-40衛生・
防災 
介護用
入浴機器
歩 行支援
機器
自 助具
車 椅子
セーフティーアームロレータセーフティーアームロレータ
スタンダードタイプ送料  御見積大型タイプ送料  御見積シルバーカー スルーンボックスN送料 サ
RS1190 ¥31,000RS1320 ¥34,500E2541 ¥34,300
使いやすいサイズと充実した機能で、外出時や屋内の移動をサポートします。3cmまでの段差なら、そのまま前に押
歩き疲れたら腰をかけて休憩できます。すだけで乗り越えられます。
折りたたみ時は座面を持ち上げベルトで固定すると、自立します。バッグの容量は10リットル。
寸法最大／500（W）×620（D（）カゴ付寸法最大／550（W）×700（D（）カゴ付寸法使用時／426（W）×557（D）×800～1000
き700）×670～800（H）mmき780）×770～900（H）mm（H）mm
折りたたみ時／500（W）×490（D）折りたたみ時／550（W）×500（D）折りたたみ時／426（W）×310（D）×737～
×810（H）mm×920（H）mm937（H）mm
座面／360（W）×330（D）×440座面／360（W）×330（D）×470座面／450（W）×270（D）mm
（H）mm（H）mmタイヤ／φ138×220mm
タイヤ／前輪/200×40mm、後輪タイヤ／前輪/200×40mm、後輪質量約3.9kg
/150×30mm/150×30mm
材質アルミニウム、ナイロン
質量7.2kg質量7.6kg
色ネイビー
材質本体／アルミ（一部スチール）、グリッ材質本体／アルミ（一部スチール）、グリッ
プ／合成ゴム、座面／ABS、タイヤ／プ／合成ゴム、座面／ABS、タイヤ／
合成ゴム合成ゴム
かご最大積載量5kgかご最大積載量5kg
カラーシャイニングホワイトカラーブラック
適用身長（目安 ）130～160cm程度適用身長（目安 ）150～180cm程度
※商品の色が写真と異なる場合があります。261"
263,MMTXZSIKP9TCT,自立支援機器,自助具,"折り曲げフォーク送料 A¥6,000R-4780 ウィル・ファイブスプーンMSK-012 ウィル・ファイブユニバーサルSK-015 ナイフR-4790 ウィル・ファイブスプーンSSK-013 折り曲げスプーン（大）送料 A¥6,000R-4765 ウィル・ファイブスプーンLSK-011 ウィル・ファイブフォークSK-014 スプーンホルダー調節式R-4715 折り曲げスプーン（小）送料 A¥6,000R-4770 食洗機 OK角度が調節できるタイプです。手の状態に合わせてスプーンやフォークの向きを変えられます。食洗機 OK食洗機 OK食洗機 OK262寸法 長さ／20cm質量 70g材質 プラスチック、ステンレスSK-011寸法 245（L）×35（W）×先縦53mm質量 46g材質 18-8ステンレス（XM7）、形状記憶ポリマー寸法 240（L）×23（W）×先縦25mm質量 39g材質 18-8ステンレス（XM7）、形状記憶ポリマー寸法長さ／19.5cm質量41g材質プラスチック寸法 長さ／18cm質量 60g材質 プラスチック、ステンレスお届け時はまっすぐな状態です。使う方の身体状況に合わせて角度を調整してください。何回でも曲げられますので、実際に使用しながら調整していただけます。SK-012SK-013送料 御見積¥2,500送料 御見積¥2,500寸法 長さ／20cm質量 60g材質 プラスチック、ステンレスSK-014SK-015寸法 241（L）×37（W）×先縦37mm質量 46g材質 18-8ステンレス（XM7）、形状記憶ポリマー寸法 240（L）×34（W）×先縦39mm質量 38g材質 18-8ステンレス（XM7）、形状記憶ポリマー送料 A¥6,500寸法 長さ／21cm質量 60g材質 プラスチック、ステンレスネック部を両手を使って一番食べやすい角度に調整することが簡単にできます。お食事中でも自由に変えられます。送料 御見積¥2,500寸法 240（L）×34（W）×先縦34mm質量 40g材質 18-8ステンレス（XM7）、形状記憶ポリマー送料 御見積¥2,500送料 A¥6,000※ グリップは固定式のため、折りたたみできません。刃渡り／5.7cmU字形のグリップで手のひらを巻き込むように変形すれば、手関節の動きが不自由な人や力の弱い人でもしっかり持つことができます。送料 御見積¥2,500評価測定運動療法水治療法物理療法救急ＡＤＬ・作業療法言語療法自立支援機器衛生・防災 介護用入浴機器歩行支援機器自助具車椅子","食洗機 OK食洗機 OK食洗機 OK食洗機 OK
評価測定
折り曲げスプーン（大）送料 A折り曲げスプーン（小）送料 A折り曲げフォーク送料 Aナイフ送料 A
R-4765 ¥6,000R-4770 ¥6,000R-4780 ¥6,000R-4790 ¥6,000
運動療法
寸 法長さ／20cm寸 法長さ／18cm寸 法長さ／20cm※ グリップは固定式のため、折りたたみ
質 量70g質 量60g質 量60gできません。
材 質プラスチック、ステンレス材 質プラスチック、ステンレス材 質プラスチック、ステンレス寸 法長さ／21cm
水治療法刃渡り／5.7cm
お届け時はまっすぐな状態です。使う方の身体状況に合わせて角度を調整してくだ質 量60g
さい。何回でも曲げられますので、実際に使用しながら調整していただけます。材 質プラスチック、ステンレス
物理療法
救急
ＡＤＬ・
作業療法
言語療法
自立支援
機器
ネック部を両手を使って一番U字形のグリップで手のひらを
食べやすい角度に調整するこ巻き込むように変形すれば、手
衛生・とが簡単にできます。お食事関節の動きが不自由な人や力
防災 中でも自由に変えられます。の弱い人でもしっかり持つこと
SK-011SK-012SK-013SK-014SK-015ができます。
介護用
ウィル・ファイブウィル・ファイブウィル・ファイブ
入浴機器
スプーンL送料 御見積スプーンM送料 御見積スプーンS送料 御見積
SK-011 ¥2,500SK-012 ¥2,500SK-013 ¥2,500
寸 法245（L）×35（W）×先縦53mm寸 法241（L）×37（W）×先縦37mm寸 法240（L）×34（W）×先縦34mm
質 量46g質 量46g質 量40g
歩行支援材 質18-8ステンレス（XM7）、形状記憶ポリマー材 質18-8ステンレス（XM7）、形状記憶ポリマー材 質18-8ステンレス（XM7）、形状記憶ポリマー
機器
自助具ウィル・ファイブウィル・ファイブ
車椅子フォーク送料 御見積ユニバーサル送料 御見積
SK-014 ¥2,500SK-015 ¥2,500
寸 法240（L）×23（W）×先縦25mm寸 法240（L）×34（W）×先縦39mm
質 量39g質 量38g
材 質18-8ステンレス（XM7）、形状記憶ポリマー材 質18-8ステンレス（XM7）、形状記憶ポリマー
スプーンホルダー調節式送料 A
R-4715 ¥6,500
角度が調節できるタイプです。
手の状態に合わせてスプーンやフォークの向きを変えられます。
寸法長さ／19.5cm
質量41g
材質プラスチック
262"
264,MMTXZSKZ81IUO,自立支援機器,自助具,"限評価測定運動療法水治療法物理療法救急ＡＤＬ・作業療法言語療法自立支援機器衛生・防災 介護用入浴機器 万能ハンドル“ミスピギー”R-5157 フルーツナイフR-132505 調理ブラシR-3235 万能ハンドル“ピゲ”R-5155 キッチンナイフR-132500 フードガード 限 R-4750 送料 A¥8,300ビン類のフタを楽に開けられるハンドル。筒状の部分を差し込んで回します。筒の内側はゴム張り。送料 A¥8,000握り手が太く角度が付いていることで、指や手関節にかかる負担を軽減できます。送料 A¥5,500吸盤でシンクの壁面や底に固定して使います。先端の突起でジャガイモの芽などを取ることもできます。大きくて握りやすいグリップ。肉や野菜などを切るときの手関節の負担を軽減します。料理がすくいやすくなり、お皿の外にこぼれるのをガード。手持ちのお皿（18〜21cm）に使用可能。送料 A¥8,300指先に力が入らず、つまむ動作が困難な方でも回す動作が楽にできるハンドル。このハンドルを押しつけて回します。寸法 グリップの長さ／9.5cm、内径／4.5cm質量 130g材質 プラスチック、ゴム送料 A¥13,000寸法 長さ／14cm、グリップの長さ／13cm、刃渡り／8.5cm質量 96g材質 プラスチック、ステンレス送料 A¥2,800寸法 長さ／12（L）×5.5（W）×4（H）cm、毛先の長さ／1.8cm質量 70g材質 プラスチック、ナイロン263寸法 グリップの長さ／9.5cm、直径／4cm質量 120g材質 プラスチック、スチール寸法 長さ／20cm、グリップの長さ／14cm、刃渡り／15.5cm質量 110g材質 プラスチック、ステンレス寸法 高さ／3cm、内径／10～16cm質量 44g材質 プラスチック：在庫商品のみの限定販売となります。在庫状況・数量をご確認ください。歩行 支援機器自助 具車椅 子※商品の色が写真と異なる場合があります。","評価測定
運動療法
万能ハンドル“ピゲ”送料 A万能ハンドル“ミスピギー”送料 A
水治療法
R-5155 ¥8,300R-5157  ¥8,300
指先に力が入らず、つまむ動作が困難な方でも回す動作が楽にできるビン類のフタを楽に開けられるハンドル。筒状の部分を差し込んで回し
ハンドル。このハンドルを押しつけて回します。ます。筒の内側はゴム張り。
物理療法
寸 法グリップの長さ／9.5cm、直径／4cm寸 法グリップの長さ／9.5cm、内径／4.5cm
質 量120g質 量130g
材 質プラスチック、スチール材 質プラスチック、ゴム
救急
ＡＤＬ・
作業療法
言語療法
自立支援
機器
衛生・
防災 
介護用
入浴機器
キッチンナイフ送料 Aフルーツナイフ送料 A
R-132500 ¥13,000R-132505 ¥8,000
歩 行支援
大きくて握りやすいグリップ。握り手が太く角度が付いていることで、指や手関節にかかる負担を軽機器
肉や野菜などを切るときの手関節の負担を軽減します。減できます。
自 助具
寸 法長さ／20cm、グリップの長さ／14cm、刃渡り／15.5cm寸 法長さ／14cm、グリップの長さ／13cm、刃渡り／8.5cm
質 量110g質 量96g車 椅子
材 質プラスチック、ステンレス材 質プラスチック、ステンレス
フードガード  限送料 A調理ブラシ送料 A
R-4750 ¥2,800R-3235 ¥5,500
料理がすくいやすくなり、お皿の外にこぼれるのをガード。吸盤でシンクの壁面や底に固定して使います。
手持ちのお皿（18〜21cm）に使用可能。先端の突起でジャガイモの芽などを取ることもできます。
寸 法高さ／3cm、内径／10～16cm寸 法長さ／12（L）×5.5（W）×4（H）cm、毛先の長さ／1.8cm
質 量44g質 量70g
材 質プラスチック材 質プラスチック、ナイロン
限：在庫商品のみの限定販売となります。在庫状況・数量をご確認ください。※商品の色が写真と異なる場合があります。263"
265,MMTXZSMXZOWNI,自立支援機器,自助具,"先曲がり爪切りAA6766Y U型バスブラシR-43145 柄つきヘアブラシR-43135   はさみR-5300 爪切りR-5303 柄つきバスブラシR-43140 柄つきくしR-43130   グリップを握ると先端が閉じ、開くとバネの力で自然に広がります。バネの働きで、開くときに力のいらない爪切りです。足の爪が切りやすい刃先。握りやすいグリップ。264送料 A¥7,800寸法質量材質送料 A¥7,500質量材質送料 A¥17,000送料 A¥12,000送料 A¥5,500送料 A¥18,000送料 A¥16,000寸法 長さ／21cm、刃渡り／7.5cm質量 70g材質プラスチック、ステンレス寸法質量材質長さ／14.5cm、刃渡り／3.5cm35gプラスチック、ステンレス全長／42cm、ブラシ部分／17（L）×3.5（W）cm毛先の長さ／2.5cm145g質量材質プラスチック、ナイロン全長／35cm、くし部分／10（L）×0.7（W）cm、くし先／2.5cm質量85g材質プラスチック長さ／20cm、刃渡り／3cm50gスチール、プラスチック全長／81cm、ブラシ部分／12（L）×7（W）cm毛先の長さ／2.5cm265gプラスチック、ナイロン全長／36cm、ブラシ部分／10cm、毛先の長さ／2cm110gプラスチック※商品の色が写真と異なる場合があります。足先など手が届きにくいところをブラッシング。寸法柄が長いので、手があげにくいときに便利です。寸法腕を上げにくい方でも無理なく背中まで届くU型。寸法手が上げにくい方に便利なヘアブラシです。寸法質量材質評価測定運動療法水治療法物理療法救急ＡＤＬ・作業療法言語療法自立支援機器衛生・防災 介護用入浴機器歩行支援機器自助具車椅子","評価測定はさみ送料 A先曲がり爪切り送料 A
R-5300 ¥7,800AA6766Y ¥5,500
グリップを握ると先端が閉じ、開くとバネの力で自然に広がります。足の爪が切りやすい刃先。握りやすいグリップ。
運動療法
寸法 長さ／21cm、刃渡り／7.5cm寸法長さ／20cm、刃渡り／3cm
質量 70g質量50g
材質プラスチック、ステンレス材質スチール、プラスチック
水治療法
物理療法
救急
ＡＤＬ・
作業療法
言語療法
爪切り送料 AU型バスブラシ送料 A
自立支援
R-5303 ¥7,500R-43145 ¥18,000
機器
バネの働きで、開くときに力のいらない爪切りです。腕を上げにくい方でも無理なく背中まで届くU型。
衛生・寸法長さ／14.5cm、刃渡り／3.5cm寸法全長／81cm、ブラシ部分／12（L）×7（W）cm
防災 質量35g毛先の長さ／2.5cm
材質プラスチック、ステンレス質量265g
材質プラスチック、ナイロン
介護用
入浴機器
歩行支援
機器
自助具
車椅子
柄つきバスブラシ送料 A柄つきヘアブラシ送料 A
R-43140 ¥17,000R-43135   ¥16,000
足先など手が届きにくいところをブラッシング。手が上げにくい方に便利なヘアブラシです。
寸法全長／42cm、ブラシ部分／17（L）×3.5（W）cm寸法全長／36cm、ブラシ部分／10cm、毛先の長さ／2cm
毛先の長さ／2.5cm質量110g
質量145g材質プラスチック
材質プラスチック、ナイロン
柄つきくし送料 A
R-43130   ¥12,000
柄が長いので、手があげにくいときに便利です。
寸法全長／35cm、くし部分／10（L）×0.7（W）cm、くし先／2.5cm
質量85g
材質プラスチック
264※商品の色が写真と異なる場合があります。"
266,MMTXZSODPW6IK,自立支援機器,自助具,"09-120-4791（グリップロック） R-3110（小） レボリーチ09-120-4825（エクセル） ボタン掛け指先がうまく動かせないときに。ボタンを金具の先に掛けて引っ張るとボタンが掛かります。R-3111（大） ペンホルダーR-7930 ストッキング・エイドR-3130 ハンドルを握ると先端（物をつかむ部分）が閉じるタイプ。¥5,300ロックハンドルをカチッと音がするまで回すとグリップロックできます。握力の弱い方が、物を引き寄せて使う場合に最適です。ロックを解除するには、ロックハンドルを水平の開始位置に戻します。¥5,000¥5,000265送料 A¥5,100送料 A送料 A¥4,800差し込んだペンの角度や長さを書きやすいように調節可能。寸法寸法長さ／68cm開口部幅／10cm質量210g寸法長さ／68cm開口部幅／10cm質量220g先 端を軽く引 いてまわすと、30°ごとに角度を変更できます。寸法質量材質適用範囲長さ／18cm34gステンレス、プラスチック幅65mmのボタン寸法質量材質適用範囲長さ／15.5cm33gステンレス、プラスチック幅40mmのボタン送料 A¥3,600かがまずに、脚を伸ばしたまま靴下を履くことができます。エイドを丸めて靴下をかぶせます。長さ／10cm質量材質23gプラスチックグリップロック先端は滑り止めのゴムが付いています。ロックハンドル。※商品の色が写真と異なる場合があります。エクセルR-3111R-3110寸法外形／25（L）×22（W）cmひもの長さ／1.4m質量50g材質プラスチック評価測定運動療法水治療法物理療法救急ＡＤＬ・作業療法言語療法自立支援機器衛生・防災 介護用入浴機器歩行 支援機器自助 具車椅 子","レボリーチ送料 A
09-120-4825（エクセル） ¥5,100
ハンドルを握ると先端（物をつかむ部分）が閉じるタイプ。
寸法長さ／68cm
開口部幅／10cm
質量210g
エクセル
09-120-4791（グリップロック） ¥5,300
ロックハンドルをカチッと音がするまで回すとグリップロックできます。握
グリップロック
力の弱い方が、物を引き寄せて使う場合に最適です。評価測定
ロックを解除するには、ロックハンドルを水平の開始位置に戻します。
寸法長さ／68cm
開口部幅／10cm
運動療法
質量220g
水治療法
物理療法
 先端を軽く 引いてまわす先端は滑り止めのゴムが付ロックハンドル。
と、30°ごとに角度を変更いています。
できます。
救急
ＡＤＬ・
作業療法
言語療法
R-3111ボタン掛け送料 A
指先がうまく動かせないときに。自立支援
ボタンを金具の先に掛けて引っ張るとボタンが掛かります。機器
R-3111（大） ¥5,000
衛生・
寸法長さ／18cm
防災 
質量34g
R-3110材質ステンレス、プラスチック
適用範囲幅65mmのボタン介護用
入浴機器
R-3110（小） ¥5,000
寸法長さ／15.5cm
質量33g
材質ステンレス、プラスチック
適用範囲幅40mmのボタン
歩 行支援
機器
自 助具
車 椅子
ストッキング・エイド送料 Aペンホルダー送料 A
R-3130 ¥3,600R-7930 ¥4,800
かがまずに、脚を伸ばしたまま靴下を履くことができます。差し込んだペンの角度や長さを書きやすいように調節可能。
エイドを丸めて靴下をかぶせます。寸法長さ／10cm
寸法外形／25（L）×22（W）cm質量23g
ひもの長さ／1.4m材質プラスチック
質量50g
材質プラスチック
※商品の色が写真と異なる場合があります。265"
267,MMTXZSPS8SA27,自立支援機器,車椅子,"色色評価測定運動療法水治療法物理療法救急ＡＤＬ・作業療法言語療法自立支援機器衛生・防災 介護用入浴機器※オプション対応は承っておりませんのでご了承ください。※オプション対応は承っておりませんのでご了承ください。※クッション込54・56・58cm。車椅子アルミ介助型NEO-2 車椅子 ビッグサイズ車椅子アルミ自走型NEO-0レザー（ビニールレザー仕様）） 自走型車椅子介助用266送料 御見積非課税品  ¥64,400質量材質ブレーキ色送料 御見積非課税品  ¥110,000質量材質ブレーキバックレスト 折りたたみ式［サイズ調整］前座高（cm）座幅（cm）ハンドル高（cm）送料 御見積非課税品  ¥77,100送料 御見積非課税品  ¥205,000身体の大きい方や体重の重い方にご使用いただける「耐荷重130kg」のビッグサイズ。寸法施設用備品に最適なバックサポート固定、ノーパンク(ハイポリマー)タイヤ装備の自走用車椅子。寸法BAL-R3 病院や施設での使用に最適。ハイポリマータイヤ仕様のリーズナブルモデル。寸法使用時／幅62×奥行100×高さ90cm折りたたみ時／幅30×奥行100×高さ90cm、座幅／40cm前座高／43cm、車輪／22インチ、キャスター／6インチ11.8kgアルミフレームタッグルブレーキシートカラー／写真の色のみです。質量材質ブレーキ色使用時／幅60×奥行97.5×高さ91cm折りたたみ時／幅34×奥行72.5×高さ69.5cm、座幅／34cm 前座高／43.5cm 、車輪／22インチ、キャスター／6インチ質量材質13.9kgアルミフレームブレーキタッグルブレーキバックレスト 折りたたみ式シートカラー／写真の色のみです。高品質＆リーズナブルな介助用車椅子。介助ブレーキ(バンド式)装備。寸法KJP-5 使用時／幅60×奥行97×高さ90cm折りたたみ時／幅27×奥行91×高さ67cm、座幅／40cm前座高／43cm、車輪／16インチ、キャスター／6インチ11.9kgアルミフレームタッグルブレーキシートカラー／写真の色のみです。使用時／幅66・68・70×奥行115.5×高さ96～100cm折りたたみ時／幅34cm車輪／24インチキャスター／8インチ21kgアルミフレーム前後ブレーキシートカラー／写真の色のみです。48・50・52※48・50・5296・98・100歩行支援機器自助具車椅子自走式車椅子［標準タイプ］","自走式車椅子［標準タイプ］
評価測定
運動療法
水治療法
物理療法
救急
介助用
ＡＤＬ・車椅子アルミ自走型送料 御見積車椅子アルミ介助型送料 御見積
作業療法NEO-0レザー（ビニールレザー仕様）） 非課税 品 ¥64,400NEO-2 非課税 品 ¥77,100
施設用備品に最適なバックサポート固定、高品質＆リーズナブルな介助用車椅子。
言語療法ノーパンク(ハイポリマー)タイヤ装備の自走用車椅子。介助ブレーキ(バンド式)装備。
寸法使用時／幅62×奥行100×高さ90cm寸法使用時／幅60×奥行97×高さ90cm
折りたたみ時／幅30×奥行100×高さ90cm、座幅／40cm折りたたみ時／幅27×奥行91×高さ67cm、座幅／40cm
自立支援前座高／43cm、車輪／22インチ、キャスター／6インチ前座高／43cm、車輪／16インチ、キャスター／6インチ
機器質量11.8kg質量11.9kg
材質アルミフレーム材質アルミフレーム
衛生・ブレーキタッグルブレーキブレーキタッグルブレーキ
防災 色シートカラー／写真の色のみです。色シートカラー／写真の色のみです。
※オプション対応は承っておりませんのでご了承ください。※オプション対応は承っておりませんのでご了承ください。
介護用
入浴機器
歩行支援
機器
自助具
車椅子
自走型車椅子送料 御見積車椅子 ビッグサイズ送料 御見積
BAL-R3 非課税 品 ¥110,000KJP-5 非課税 品 ¥205,000
病院や施設での使用に最適。身体の大きい方や体重の重い方にご使用いただける「耐荷
ハイポリマータイヤ仕様のリーズナブルモデル。重130kg」のビッグサイズ。
寸法使用時／幅60×奥行97.5×高さ91cm寸法使用時／幅66・68・70×奥行115.5×高さ96～100cm
折りたたみ時／幅34×奥行72.5×高さ69.5cm、座幅／34cm 折りたたみ時／幅34cm
前座高／43.5cm 、車輪／22インチ、キャスター／6インチ車輪／24インチ
質量13.9kgキャスター／8インチ
材質アルミフレーム質量21kg
ブレーキタッグルブレーキ材質アルミフレーム
バックレス ト折りたたみ式ブレーキ前後ブレーキ
色シートカラー／写真の色のみです。バックレス ト折りたたみ式
色シートカラー／写真の色のみです。
［サイズ調整］
前座高（cm）48・50・52※
座幅（cm）48・50・52
ハンドル高（cm）96・98・100
※クッション込54・56・58cm。
266"
268,MMTXZSRBTHJT5,自立支援機器,車椅子,"色色評価測定運動療法水治療法物理療法救急ＡＤＬ・作業療法言語療法自立支援機器衛生・防災 介護用入浴機器  ※クッション込43・45・47cm。※クッション込40.5・42.5・44.5cm。モジュール車椅子MEF-22 モジュール車椅子MEF-20 スタンダップチェアレッド使用時／幅58・60・62×奥行106×高さ86～90cm折りたたみ時／幅34×奥行77×高さ65～69cm車輪／22インチキャスター／6インチブルー質量15.5kgブレーキサーボブレーキ材質アルミフレームバックレスト 折りたたみ式シートカラー／レッド、ブルー［サイズ調整］前座高（cm）座幅（cm）ハンドル高（cm）レッド使用時／幅58・60・62×奥行106×高さ83.5～87.5cm折りたたみ時／幅34×奥行74.5×高さ62.5～66.5cm車輪／20インチキャスター／5インチ15.2kgサーボブレーキアルミフレームブルー質量ブレーキ材質バックレスト 折りたたみ式色シートカラー／レッド、ブルー［サイズ調整］前座高（cm）座幅（cm）ハンドル高（cm）使用時／幅59×奥行110×高さ82～125cm座幅／37cm前座高／50cm車輪／24インチキャスター／5インチ19.4kg質量アルミ軽合金フレーム、キャンバス地シート材質160～175cmPPSブレーキ適応身長ブレーキシートカラー／写真の色のみです。立ち上がり方267送料 御見積非課税品  ¥198,000送料 御見積非課税品  ¥198,000送料 御見積非課税品  ¥323,400シート幅モジュールの標準高タイプ。体型に合わせてフィッティングできます。寸法シート幅モジュールの低座面タイプ。小柄な方や足こぎ走行に便利です。寸法通常走行と起立動作の機能搭載。寸法歩行 支援機器自助 具車椅 子40・42・44※40・42・4486・ 88・9037.5・39.5・41.5※40・42・4483.5・85.5・87.5自走式車椅子","自走式車椅子
モジュール車椅子送料 御見積
MEF-22 非課税 品 ¥198,000
レッド
シート幅モジュールの標準高タイプ。
体型に合わせてフィッティングできます。
寸法使用時／幅58・60・62×奥行106×高さ86～90cm評価測定
折りたたみ時／幅34×奥行77×高さ65～69cm
ブルー車輪／22インチ
キャスター／6インチ
運動療法
質量15.5kg
ブレーキサーボブレーキ
材質アルミフレーム
バックレス ト折りたたみ式水治療法
色シートカラー／レッド、ブルー
［サイズ調整］
前座高（cm）40・42・44※物理療法
座幅（cm）40・42・44
ハンドル高（cm）86・ 88・90
救急
※クッション込43・45・47cm。
ＡＤＬ・
作業療法
言語療法
モジュール車椅子送料 御見積
MEF-20 非課税 品 ¥198,000
自立支援
レッド
シート幅モジュールの低座面タイプ。機器
小柄な方や足こぎ走行に便利です。
寸法使用時／幅58・60・62×奥行106×高さ83.5～87.5cm衛生・
折りたたみ時／幅34×奥行74.5×高さ62.5～66.5cm防災 
ブルー車輪／20インチ
キャスター／5インチ
質量15.2kg介護用
ブレーキサーボブレーキ入浴機器
材質アルミフレーム
バックレス ト折りたたみ式
色シートカラー／レッド、ブルー
［サイズ調整］
前座高（cm）37.5・39.5・41.5※
歩 行支援
座幅（cm）40・42・44機器
ハンドル高（cm）83.5・85.5・87.5
自 助具
※クッション込40.5・42.5・44.5cm。
車 椅子
スタンダップチェア送料 御見積
  非課税 品 ¥323,400
通常走行と起立動作の機能搭載。
寸法使用時／幅59×奥行110×高さ82～125cm
座幅／37cm
前座高／50cm
車輪／24インチ
キャスター／5インチ
質量19.4kg
材質アルミ軽合金フレーム、キャンバス地シート
適応身長160～175cm
ブレーキPPSブレーキ
色シートカラー／写真の色のみです。
立ち上がり方
267"
269,MMTXZSSODEVSW,自立支援機器,車椅子,"色色評価測定運動療法水治療法物理療法救急ＡＤＬ・作業療法言語療法自立支援機器衛生・防災 介護用入浴機器 ※座幅選択可能。指定がない場合は42cmで出荷します。車椅子フルリクライニングMFF-50 車椅子 エリーゼFR-31TR HB 車椅子 オアシス リクライニング 送料 御見積非課税品  ¥241,040OS-12TR HB 折りたたみ時268送料 御見積非課税品  ¥155,000送料 御見積非課税品  ¥313,640リラックスした姿勢を追求したチルト＆フルリクライニング機構。病棟から入浴用ストレッチャーへの移動にも便利。幅65×奥行118（リクライニング100°時、チルト0°時）×高さ124cm寸法座幅／40cm、前座高／47.5cm、フルフラット時全長／180cm車輪／12インチ、キャスター／6インチ39.7kgシートカラー／ビニールレザー・エリーゼスキンフットブレーキ後輪ノーパンクタイヤ真横の移動が可能なので、ベッドの横付けも楽にできます。何度も切り返す必要がありません。最小回転半径715mm。狭いスペースでも小回りが利きます。フルリクライニング車椅子の決定版。ワンアクションでフルフラットになります。寸法前滑りを防ぎ、おなかの圧迫を和らげる機構。チルト角度とリクライニング角度をガイドローラーにて連動させて行う新方式のリクライニングを採用することで坐骨にかかる体圧を分散し、理想の座位を保持することができます。使用時／幅62×奥行122（リクライニング時200）×高さ130cm折りたたみ時／高さ81cm、座幅／46cm、前座高／50cm車輪／14インチ、キャスター／6インチ24.0kgアルミフレーム足踏み式駐車ブレーキシートカラー／写真の色のみです。使用時／幅53×奥行101×高さ96.5cm、折りたたみ時／幅32cm座幅（選択）／40・42cm、前座高／43cm、車輪／12インチキャスター／6インチ23.4kgドラロック仕様フットブレーキシートカラー／写真の色のみです。後輪ノーパンクタイヤチルト角度0°～25°枕の前後・角度調整で誤嚥防止。フルフラット時質量材質ブレーキバックレスト 前方折りたたみ式質量色ブレーキその他ビニールレザーエリーゼスキン安らぎの姿勢を保つフルリクライニング＆チルト機構。リクライニング角度100°～175°、チルト角度0°～30°寸法質量ブレーキバックレスト 取外し可能その他リクライニング角度90°～115°前滑りを防ぎ、おなかの圧迫を和らげる機構。歩行支援機器自助具車椅子施設向 介助用・リクライニング型","施設向 介助用・リクライニング型
車椅子フルリクライニング送料 御見積
MFF-50 非課税 品 ¥155,000
フルリクライニング車椅子の決定版。
ワンアクションでフルフラットになります。
評価測定寸法使用時／幅62×奥行122（リクライニング時200）×高さ130cm
フルフラット時
折りたたみ時／高さ81cm、座幅／46cm、前座高／50cm
車輪／14インチ、キャスター／6インチ
質量24.0kg
運動療法
材質アルミフレーム
ブレーキ足踏み式駐車ブレーキ
バックレス ト前方折りたたみ式
水治療法色シートカラー／写真の色のみです。
物理療法
車椅子 エリーゼ送料 御見積
救急FR-31TR HB  非課税 品 ¥313,640
リラックスした姿勢を追求したチルト＆フルリクライニング機
ＡＤＬ・構。病棟から入浴用ストレッチャーへの移動にも便利。
作業療法寸法幅65×奥行118（リクライニング100°時、チルト0°時）×高さ124cm
座幅／40cm、前座高／47.5cm、フルフラット時全長／180cm
車輪／12インチ、キャスター／6インチ
言語療法質量39.7kg
ビニールレザー色シートカラー／ビニールレザー・エリーゼスキン
ブレーキフットブレーキ
自立支援その他後輪ノーパンクタイヤ
機器
衛生・エリーゼスキン
防災 
介護用
入浴機器安らぎの姿勢を保つフルリクライニング＆チル真横の移動が可能なので、ベッドの
ト機構。リクライニング角度100°～175°、チル横付けも楽にできます。何度も切り
ト角度0°～30°返す必要がありません。
歩行支援
機器最小回転半径715mm。
狭いスペースでも小回りが利き
自助具ます。
車椅子
車椅子 オアシス リクライニング 送料 御見積
OS-12TR HB 非課税 品 ¥241,040
前滑りを防ぎ、おなかの圧迫を和らげる機構。
チルト角度とリクライニング角度をガイドローラーにて連動させて行う新
方式のリクライニングを採用することで坐骨にかかる体圧を分散し、理想
の座位を保持することができます。
折りたたみ時寸法使用時／幅53×奥行101×高さ96.5cm、折りたたみ時／幅32cm
座幅（選択）／40・42cm、前座高／43cm、車輪／12インチ
キャスター／6インチ
質量23.4kg
ブレーキドラロック仕様フットブレーキ
バックレス ト取外し可能
色シートカラー／写真の色のみです。
その他後輪ノーパンクタイヤ
※座幅選択可能。指定がない場合は42cmで出荷します。
リクライニング
角度
90°～115°
チルト角度
0°～25°
前滑りを防ぎ、おなかの圧迫を枕の前後・角度調整で誤嚥防止。
和らげる機構。
268"
270,MMTXZSTW90VF0,自立支援機器,車椅子,"色評価測定運動療法水治療法物理療法救急ＡＤＬ・作業療法言語療法自立支援機器衛生・防災 介護用入浴機器ボディサポートSK-BSW5 バイキングボード39580060（Mサイズ） 39580061（Lサイズ） どのタイプの車椅子にもマジックテープで簡単着脱。使用者の身幅に合わせて装着することで、身体を包み込むように体幹を保持。胸囲100cmまで対応。端座位がとれる方の移乗介助を安全で簡単に。膝裏にあたらない日本人の体型にあったデザインです。269送料 御見積¥21,000ベース送料 御見積¥29,800¥36,800寸法ベース／幅38×高さ16cmL型ホルダー／幅14×奥行16×高さ16cm座幅／38～42cmの車椅子に対応質量1kg材質ウレタン、合成皮革ブラックL型ホルダー寸法Mサイズ／35（W）×60（L）cmLサイズ／35（W）×75（L）cmMサイズ／770g、Lサイズ／980g質量最大使用者体重 160kg材質カラーポリエチレンブラック※商品の色が写真と異なる場合があります。歩行 支援機器自助 具車椅 子使用例","ボディサポート送料 御見積
SK-BSW5 ¥21,000
どのタイプの車椅子にもマジックテープで簡単着脱。
使用者の身幅に合わせて装着することで、身体を包み込むように体幹を保
持。胸囲100cmまで対応。
寸法ベース／幅38×高さ16cm
L型ホルダー／幅14×奥行16×高さ16cm
座幅／38～42cmの車椅子に対応
質量1kg
材質ウレタン、合成皮革評価測定
色ブラック
運動療法
水治療法
L型ホルダーベース物理療法
使用例
救急
ＡＤＬ・
作業療法
言語療法
バイキングボード送料 御見積
自立支援
39580060（Mサイズ） ¥29,800機器
39580061（Lサイズ） ¥36,800
端座位がとれる方の移乗介助を安全で簡単に。衛生・
膝裏にあたらない日本人の体型にあったデザインです。防災 
寸法Mサイズ／35（W）×60（L）cm
Lサイズ／35（W）×75（L）cm介護用
質量Mサイズ／770g、Lサイズ／980g入浴機器
最大使用者体 重160kg
材質ポリエチレン
カラーブラック
歩 行支援
機器
自 助具
車 椅子
※商品の色が写真と異なる場合があります。269"
271,MMTXZSUY2MCXS,自立支援機器,車椅子,270MEMO,"MEMO
270"
272,MMTXZSW0ELJ8O,衛生・防災,,P.2 72P. 277衛生防災衛 生・防 災," 衛生・ 防災
衛生P. 272防災P .277"
273,MMTXZSX36HIJO,衛生・防災,衛生,カタログオゾンでまもる、オゾンがつくる、清々しい空気環境。WEBはこちら低濃度オゾン発生装置　Airness(エアネスシリーズ) 単品医療施設でミーティングスペースで272評価測定運動療法水治療法物理療法救急ＡＤＬ・作業療法言語療法自立支援機器衛生・防災介護用入浴機器衛生防災（H2O）にコロナ放電が作用しオゾン（O3）やイオンを生み出します。イオンは風となって「マイナスイオン気流」を起こしオゾンを拡散させます。介護施設でエアネスは部屋の空気から低濃度オゾンを作り、同時に発生するイオン気流で拡散させます。オゾンの素は酸素。オゾンは酸化力が強く、除菌、消毒、漂白など、広く利用されています。特許技術「多重リング式コロナ放電」が放つ「低濃度拡散オゾン」と「マイナスイオン気流」多重リング状の金属電極と針状の電極の間に高電圧を掛けることでコロナ放電という雷のような現象が起こります。空気中の酸素（O2）や水蒸気エアネスは医療・保健・福祉の分野で活躍しています。,"WEBはこちら
オゾンでまもる、オゾンがつくる、清々しい空気環境。
 単品
低濃度オゾン発生装置　Airness(エアネスシリーズ)カタログ
エアネスは部屋の空気から低濃度オゾンを作り、同時に発生するイオン気流で拡散させます。
評価測定
運動療法
水治療法
物理療法
救急
ＡＤＬ・
作業療法
言語療法
自立支援
機器
衛生・
防災
介護用オゾンの素は酸素。オゾンは酸化力が強く、除菌、消毒、漂白など、広く利用されています。
入浴機器
衛生
防災
特許技術「多重リング式コロナ放電」が放つ「低濃度拡散オゾン」と「マイナスイオン気流」
多重リング状の金属電極と針状の電極の間に高電圧を掛けることでコロナ放電という雷のような現象が起こります。空気中の酸素（O2）や水蒸気
（H2O）にコロナ放電が作用しオゾン（O3）やイオンを生み出します。イオンは風となって「マイナスイオン気流」を起こしオゾンを拡散させます。
エアネスは医療・保健・福祉の分野で活躍しています。
介護施設で医療施設でミーティングスペースで
272"
274,MMTXZSY8M3GML,衛生・防災,衛生,"低濃度オゾン発生装置AirnessⅡANS-2201 居室・病室・診察室・施術室や共有スペースなどの広い空間で。低濃度オゾン発生装置AirnessPocketANS-0601 バッテリー内蔵だから持ち運んで好きな場所で。推奨設置スペース：約8～30畳程度運転モード：High（連続）/Low（間欠50％）推奨設置スペース ：約6畳程度運転モード：連続／タイマー30分273送料 A¥148,000送料 A¥25,000送料 御見積¥90,000エアネスWallセット送料 御見積¥238,000EW-1200Ⅱ トリートメントテーブ ルでの 治 療やトレー ニングマシンでのトレーニング中の飛沫飛散防止、ウィルス対策に。オゾン発生装置「エアネス」を簡単に取り付けることができ、ウィルス対策をしながら、治療やトレーニングを安心して行うことができます。パーテーションとAirness Ⅱのセット。［構成］エアネスWall、AirnessⅡエアネスWallEW-1200 寸法240（Ｗ）×60（D）×175（Ｈ）mm質量約610ｇ電源DC12V/0.5A（専用ACアダプタを使用）電力定格消費電力4W以下　原理・技術 多重リング式コロナ放電によるオゾン・イオン放出付属品専用AC/DCアダプタ、交換用電極プレート、壁面設置用背面板、固定用ネジ、取扱説明書ファン（送風機）が無いのでモーター音や風を切る音がなく極めて静かです。ファンの劣化や発火のリスクもありません。81（Ｗ）×33（D）×156（Ｈ）mm（動作時の厚み70mm）約200gDC5V/1A（専用ACアダプタを使用）定格消費電力2W以下寸法質量電源電力原理・技術 多重リング式コロナ放電によるオゾン・イオン放出専用AC/DCアダプタ、取扱説明書付属品本 体 はU S B 接 続 で充 電 でき、満充電で約4時間稼働します。寸法1200（W）×550（D）×1850（H）mm質量約18kgフィルタを必要としない設計のため、フィルタ交換の手間やコストがかかりません。本体は小型で厚さはわずか6㎝のため設置スペースをとりません。また、1カ月の電気代は60円程度です。※Highモードで24時間連続運転、30円/kWhで算出電源をＯＮにしてから30分で 自 動 的 に 電 源 が 切 れます。消し忘れがなく安心して使うことができます。小さめのバッグにも収まる大きさ。重さは約200ｇと軽量で外出先などで手軽に使えます。評価測定運動療法水治療法物理療法救急ＡＤＬ・作業療法言語療法自立支援機器衛生・防災介護用入浴機器衛生防災","推奨設置スペース：約8～30畳程度低濃度オゾン発生装置AirnessⅡ送料 A
ANS-2201 ¥148,000
運転モード：High（連続）/Low（間欠50％）
居室・病室・診察室・施術室や共有スペースなどの広い空間で。
寸法240（Ｗ）×60（D）×175（Ｈ）mm
質量約610ｇ
電源DC12V/0.5A（専用ACアダプタを使用）
電力定格消費電力4W以下　
原理・技 術多重リング式コロナ放電によるオゾン・イオン放出
付属品専用AC/DCアダプタ、交換用電極プレート、壁面設置用背面板、固定用ネジ、取扱説
明書評価測定
運動療法
水治療法
ファン（送風機）が無いのでフィルタを必要としない設計本体は小型で厚さはわずか
物理療法
モーター音や風を切る音がのため、フィルタ交換の手間6㎝のため設置スペースをと
なく極めて静かです。ファンやコストがかかりません。りません。また、1カ月の電
の劣化や発火のリスクもあ気代は60円程度です。
りません。※Highモードで24時間連続
救急
運転、30円/kWhで算出
ＡＤＬ・
作業療法
推奨設置スペース： 約6畳程度低濃度オゾン発生装置AirnessPocket送料 A
ANS-0601 ¥25,000言語療法
運転モード：連続／タイマー30分
バッテリー内蔵だから持ち運んで好きな場所で。
寸法81（Ｗ）×33（D）×156（Ｈ）mm（動作時の厚み70mm）
自立支援
質量約200g機器
電源DC5V/1A（専用ACアダプタを使用）
電力定格消費電力2W以下
原理・技 術多重リング式コロナ放電によるオゾン・イオン放出衛生・
防災
付属品専用AC/DCアダプタ、取扱説明書
介護用
入浴機器
 本 体は U S B 接 続で 充 電で電源をＯＮにしてから30分小さめのバッグにも収まる衛生
き、満充電で約4時間稼働し で 自 動 的 に 電 源 が 切れま大きさ。重さは約200ｇと軽
ます。す。消し忘れがなく安心して量で外出先などで手軽に使防災
使うことができます。えます。
エアネスWallセット送料 御見積
EW-1200Ⅱ ¥238,000
トリートメントテー ブルで の 治療やトレ ーニングマシンでの
トレーニング中の飛沫飛散防止、ウィルス対策に。
オゾン発生装置「エアネス」を簡単に取り付けることができ、ウィルス対策をし
ながら、治療やトレーニングを安心して行うことができます。
パーテーションとAirness Ⅱのセット。
［構成］エアネスWall、AirnessⅡ
エアネスWall送料 御見積
EW-1200 ¥90,000
寸法1200（W）×550（D）×1850（H）mm
質量約18kg
273"
275,MMTXZSZP2O226,衛生・防災,衛生,SHIPマスクやや小さめ・ホワイト送料 BSHIP0003（30枚入り24箱） 御見積SHIP0004（7枚入り80袋） 御見積SHIPマスクふつう・ホワイトSHIP0005（30枚入り24箱） SHIP0007（7枚入り80袋） 医療現場で活躍する国産、高機能マスク。WEBはこちら柔らかい耳かけ部分。マスクを長時間使用しても、耳が痛くなりにくい新技術を採用しています。ギャザーと3本の線状ゴムが、やさしく耳にフィットします。肌に優しいソフト素材。肌側にあたる素材が柔らかく、マスクのスレやカサカサ感もありません。通気性の良い素材で、ムレにくくなっています。医療基準・三層構造。医療基準を満たした高機能マスクです。不織布・三層構造でPFE・BFE・VFE 99%の日本製フィルターを採用しています。使用方法274※PFEは微粒子のろ過効率で、ウイルスのバリア性を示すものです。　※BFEはバクテリア飛沫捕集（ろ過）効率で、病院用マスクはBFE95%以上とされています。※VFEはウイルス飛沫捕集（ろ過）効率です。寸法約90×175mm素材不織布・プリーツ型（一財）カケンテストセンター試験による。1234評価測定運動療法水治療法物理療法救急ＡＤＬ・作業療法言語療法自立支援機器衛生・防災介護用入浴機器衛生防災ウイルス・風邪・花粉・ほこり等本体及びフィルター：ポリプロピレン耳掛け部分：ポリウレタン・ポリプロピレンノーズピース：ポリエチレン紙（化粧箱）日本※マスクは感染（侵入）を完全に防ぐものではありません。約85×160mm不織布・プリーツ型対象素材名包装材の材質原産国送料 B寸法素材試験結果PFE微粒子捕集効率BFEバクテリア飛沫捕集（ろ過）効率VFEウイルス飛沫捕集（ろ過）効率花粉粒子の捕集（ろ過）効率99％以上99％以上99％以上99％以上❶ 耳掛け部分を左右に引っ張り、ミシン目を切り離します。❷ SHIPロゴが正しく読める側を外側にして着用します。❸ ノーズピース（鼻あて）を鼻の形に合わせて、　隙間を少なくします。❹ マスクの下部を下へ大きく広げ、プリーツを　 伸ばしてあごまで覆います。（一社）日本衛生材料工業連合会自主基準による表示御見積御見積SHIP マスクPFE・BFE・VFE 99%花粉 ウイルス PM2.5,"WEBはこちら
医療現場で活躍する国産、高機能マスク。
SHIP マスク
PFE・BFE・VFE 99%
花 粉ウイル スPM2.5
評価測定
運動療法
水治療法
物理療法
救急
ＡＤＬ・
作業療法
言語療法
自立支援
機器柔らかい耳かけ部分。使用方法
マスクを長時間使用しても、耳が痛くなりにくい新技術を採用して
1234
衛生・
います。ギャザーと3本の線状ゴムが、やさしく耳にフィットします。
防災
介護用肌に優しいソフト素材。
入浴機器
肌側にあたる素材が柔らかく、マスクのスレやカサカサ感もありま
せん。通気性の良い素材で、ムレにくくなっています。❶ 耳掛け部分を左右に引っ張り、ミシン目を切り離します。
❷ SHIPロゴが正しく読める側を外側にして着用します。
医療基準・三層構造。❸ ノーズピース（鼻あて）を鼻の形に合わせて、
　隙間を少なくします。
医療基準を満たした高機能マスクです。不織布・三層構造でPFE・
衛生❹ マスクの下部を下へ大きく広げ、プリーツを
BFE・VFE 99%の日本製フィルターを採用しています。
　 伸ばしてあごまで覆います。
防災
試験結果（一財）カケンテストセンター試験による。
（一社）日本衛生材料工業連合会自主基準による表示
PFE微粒子捕集効率99％以上対象ウイルス・風邪・花粉・ほこり等
素材名本体及びフィルター：ポリプロピレン
BFEバクテリア飛沫捕集（ろ過）効率99％以上
耳掛け部分：ポリウレタン・ポリプロピレン
VFEウイルス飛沫捕集（ろ過）効率99％以上ノーズピース：ポリエチレン
包装材の材質紙（化粧箱）
花粉粒子の捕集（ろ過）効率99％以上
原産国日本
※PFEは微粒子のろ過効率で、ウイルスのバリア性を示すものです。　
※マスクは感染（侵入）を完全に防ぐものではありません。
※BFEはバクテリア飛沫捕集（ろ過）効率で、病院用マスクはBFE95%以上とされています。
※VFEはウイルス飛沫捕集（ろ過）効率です。
SHIPマスクふつう・ホワイト送料 BSHIPマスクやや小さめ・ホワイト送料 B
SHIP0005（30枚入り24箱） 御見積SHIP0003（30枚入り24箱） 御見積
SHIP0007（7枚入り80袋） 御見積SHIP0004（7枚入り80袋） 御見積
寸法約90×175mm寸法約85×160mm
素材不織布・プリーツ型素材不織布・プリーツ型
274"
276,MMTXZT1CS6DXA,衛生・防災,衛生,"コスト削減省力化ハイジェニック除菌クリーナー中性18L 送料 サ御見積評価測定運動療法水治療法物理療法救急ＡＤＬ・作業療法言語療法自立支援機器衛生・防災介護用入浴機器衛生防災 SHSハイジェニックオートモップ送料 サ¥370,000HAM-01S 除菌クリーナーと自動床洗浄機で作業時間とコストを1/3に削減。動画はこちらSHSハイジェニックオートモップに使用できる多目的除菌洗剤。安心・安全な中性タイプ。面倒な希釈作業も不要。275４工程１工程20分5.7分333円95円水まき ➡ 洗浄 ➡ 仕上拭き ➡ 除菌を１工程に作業時間を１/３に削減コストを１/３に削減ハイジェニックオートモップ一般的な床清掃作業工程作業時間（100m2清掃時）時　給（時給1,000円での試算）寸法445（W）×395（L）×915（H）mm（作業時：1295mm）質量10kg洗浄方式シリンダーブラシ清掃幅340ｍｍスクイジー幅 395ｍｍタンク容量洗浄水／1.2Ｌ、汚水／1.0Ｌ稼働時間約50分清掃能力1020㎡/h3km時バッテリー25.6V/5.2A（Li-ion）脱着可能充電時間約3.5時間寸法351（W）×261（D）×287（H）mm質量18.8kg容量18L※すべての菌、ウイルスを除去するものではありません。洗面所浴室床清掃の省力化・コスト削減を実現します。吸水機能がついているオートモップで、すばやく水を吸い取ることができます。操作も簡単で、業務負担も軽減。手作業での清掃より作業時間とコストを１/３に削減できます。水たまりができやすい場所の床掃除に最適です。モップ感覚で使える、自動床洗浄機。床洗浄の労力軽減に360°動くハンドルで狭く低い場所でも楽々洗浄。除菌洗剤「ハイジェニック除菌クリーナー中性」併用できれいに清潔に。廊下ハイジェニックオートモップ","動画はこちら
除菌クリーナーと自動床洗浄機で作業時間とコストを1/3に削減。
ハイジェニックオートモップ
床清掃の省力化・コスト削減を実現します。
吸水機能がついているオートモップで、すばやく水を吸い取ることがで
きます。操作も簡単で、業務負担も軽減。手作業での清掃より作業時間
評価測定
とコストを１/３に削減できます。
運動療法
ハイジェニック
一般的な床清掃
オートモップ
水治療法
４工程１工程
作業工程
水まき ➡ 洗浄 ➡ 仕上拭き ➡ 除菌を１工程に物理療法
省
力
化
救急
作業時間20分5.7分
（100m2清掃時）
作業時間を１/３に削減
ＡＤＬ・
作業療法
コ
スト時　給333円95円言語療法
削（時給1,000円での試算）
減コストを１/３に削減
自立支援
機器
水たまりができやすい場所の床掃除に最適です。
衛生・
防災
介護用
入浴機器
洗面所浴室廊下
衛生
防災
SHSハイジェニックオートモップ送料 サハイジェニック除菌クリーナー中性18L 送料 サ
HAM-01S ¥370,000 御見積
モップ感覚で使える、自動床洗浄機。SHSハイジェニックオートモップに使用できる多目的除菌洗剤。安心・
床洗浄の労力軽減に360°動くハンドルで狭く低い場所でも楽々洗浄。安全な中性タイプ。面倒な希釈作業も不要。
除菌洗剤「ハイジェニック除菌クリーナー中性」併用できれいに清潔に。寸法351（W）×261（D）×287（H）mm
質量18.8kg
寸法445（W）×395（L）×915（H）mm（作業時：1295mm）
容量18L
質量10kg
洗浄方式シリンダーブラシ※すべての菌、ウイルスを除去するものではありません。
清掃幅340ｍｍ
スクイジー 幅395ｍｍ
タンク容量洗浄水／1.2Ｌ、汚水／1.0Ｌ
稼働時間約50分
清掃能力1020㎡/h3km時
バッテリー25.6V/5.2A（Li-ion）脱着可能
充電時間約3.5時間
275"
277,MMTXZT2PZMI21,衛生・防災,衛生,"）I000アンモニア（し尿臭）酢酸（酢のニオイ）硫化水素（卵の腐ったニオイ）臭い成分濃度（ppm）10050093%DOWN98%DOWN97%DOWNメチルメルカプタン（タマネギの腐ったニオイ）トリメチルアミン（魚の腐ったニオイ）イソ吉草酸（蒸れた靴下のニオイ）臭い成分濃度（ppm）10050089%DOWN99%DOWN38%DOWNLm/UFCLm/05数菌細価力スルイウDCT801x2（※イメージです。除菌御見積確かな除菌消臭力、高い安全性、A2Careはすべてを実現できます。5分後検出せず溶媒1,000MA-T10水性ラジカル※試験での結果であり実際の環境によって異なる場合がございます。1,000500寸法80（W）×54（D）×210（H）mm対象物に反応※MA-TSYSTEM®は㈱エースネットの登録商標です反応時間（秒）60<10初期値1.0x105送料 B寸法質量付属品※ご使用は、念のため一度少量にておためしの上、ご使用ください。5 分後1.2x105初期値295（W）×295（D）×285（H）mm19.2kgノズルコック発生を抑制5分後送料 B01A2Care300mLスプレーAA01730C01 0203A2Care業務用詰替18LAA03818C01 276消臭性能消臭性試験データ/（一財）日本紡績検査協会検証除菌抗菌力評価試験データ/（一社）京都微生物研究所検証第三者機関によってMA-T SYSTEM®が菌やカビの除菌に対して効果があることを確認しています。●試験方法：MA-T/10mLに107の菌液0.1mLを接種し、評価測定運動療法水治療法物理療法救急ＡＤＬ・作業療法言語 療 法自立支援機器衛生・防災介護 用入浴 機 器衛生防災安全に除菌・消臭できる理由。A2Careの除菌・消臭力は、「MA-T SYSTEM®」によって実現しています。A2Care内には、制御された水性ラジカルが水中に溶け込んでおり、対象物に菌やウイルスがあると、瞬時に除去します。菌やウイルスがない場合には反応せず、対象物を傷めず除菌消臭できます。ウイルス除去抗ウイルス試験データ/国立大学法人東京医科歯科大學検証第三者機関によってMA-T SYSTEM®のウイルス除去に対する効果を確認しています。経時的に生菌数を測定御見積大容量の詰替用。ご使用の際は、スプレー等に移し替えてください。MA-Tは様々な第三者検査機関における安全性試験の結果、極めて高い安全性が実証されました。これらを代表とする14項目の試験で人体および対象物に対する安全性が実証されました。●各種検証機関※1（一財）日本食品分析センター※2株式会社薬物安全性試験センター・吉見研究所※3株式会社薬物安全性試験センター・東松山研究所●試験方法：TCID50法　反応時間1分ニオイも消えて、除菌もできる！日本初の新技術を利用した消臭・除菌剤。使用される方の皮膚・リハビリテーション機器・介護用品に優しい、安全性の高さが最大の特徴です。①皮膚一次刺激性試験※1※1①皮膚一次刺激性試験②眼刺激性試験※2※2②眼刺激性試験③急性経口毒性試験※3※3③急性経口毒性試験異常及び死亡例は認められない異常及び死亡例は認められない無刺激物無刺激物無刺激無刺激1分後検出せずA2Care","確かな除菌消臭力、高い安全性、A2Careはすべてを実現できます。
A2Care
安全に除菌・消臭できる理由。消臭性能消臭性試験データ/（一財）日本紡績検査協会検証
A2Careの除菌・消臭力は「、MA-T SYSTEM®」によって実現していま）100
評価測定す。A2Care内には、制御された水性ラジカルが水中に溶け込んでおmpp9DO3W%N9DO8W%N9DO7W%N
り、対象物に菌やウイルスがあると、瞬時に除去します。菌やウイルス（
度
がない場合には反応せず、対象物を傷めず除菌消臭できます。濃50
分
運動療法成
010203い
臭
0
除菌アンモニア酢酸硫化水素
水治療法
（し尿臭）（酢のニオイ）（卵の腐ったニオイ）
物理療法水性ラジカル対象物に反応）100
m89%99%38%
※MA-TSYSTEM®は㈱エースネットの登録商標ですppDOWNDOWNDOWN
（
度
救急濃50
MA-Tは様々な第三者検査機関における安全性試験の結果、極めて高分
成
い安全性が実証されました。い
ＡＤＬ・臭
作業療法①①皮皮膚膚一一次次刺刺激激性性試試験験※※11無無刺刺激激物物0
トリメチルアミンイソ吉草酸メチルメルカプタン
※※22（魚の腐ったニオイ）（蒸れた靴下のニオイ）（タマネギの腐ったニオイ）
②②眼眼刺刺激激性性試試験験無無刺刺激激
言 語 療法※※33
③③急急性性経経口口毒毒性性試試験験異異常常及及びび死死亡亡例例はは認認めめらられれなないい
除菌抗菌力評価試験データ/（一社）京都微生物研究所検証
これらを代表とする14項目の試験で人体および対象物に対する安全性
自立支援が実証されました。第三者機関によってMA-T SYSTEM®が菌やカビの除菌に対して効果
機器
があることを確認しています。
※試験での結果であり実際の環境によって異なる場合がございます。
7
●試験方法：MA-T/10mLに10の菌液0.1mLを接種し、
衛生・●各種検証機関
防災※1（一財）日本食品分析センター経時的に生菌数を測定
※2株式会社薬物安全性試験センター・吉見研究所
※3株式会社薬物安全性試験センター・東松山研究所
介 護用
入 浴 機器
ウイルス除去抗ウイルス試験データ/国立大学法人東京医科歯科大學検証
®発生を抑制
第三者機関によってMA-T SYSTEMのウイルス除去に対する効果を
確認しています。
●試験方法：TCID50法
初期値 5分後
　反応時間1分
衛生※イメージです。
1,000
防災L）溶媒1.2x105
/m1,000
価05
ス力CDI5001.0x1055分後検出せず
イル8TMA-TL
ウ01x101分後数菌/Um
2（0検出せず細CF
0反応時間（秒）60
<10
0
初期値5分後
A2Care300mLスプレー送料 BA2Care業務用詰替18L送料 B
AA01730C01 御見積AA03818C01 御見積
ニオイも消えて、除菌もできる！日本初の新技術を利用した消臭・除菌大容量の詰替用。ご使用の際は、スプレー等に移し替えてください。
剤。使用される方の皮膚・リハビリテーション機器・介護用品に優しい、寸法295（W）×295（D）×285（H）mm
安全性の高さが最大の特徴です。質量19.2kg
寸法80（W）×54（D）×210（H）mm付属品ノズルコック
※ご使用は、念のため一度少量にておためしの上、ご使用ください。
276"
278,MMTXZT43W54QB,衛生・防災,防災,"イーブロックスタンド（専用充放電器）PQEB103A イーブロックデスク（専用充放電器）PQEA103A PQB0311A充放電器がなくても、持ち運んでUSBを使用し機器へ電源供給できます。寸法98（W）×115（D）×220（H）mm質量約2.9kg内蔵バッテリーリチウムイオン蓄電池蓄電容量 304Wh定格容量 11.84AhUSB出力 定格出力／DC5V,2.0A/port×2個(2port使用時は合計3.0Aまで）出力端子／USBtype-Aバッテリー入出力定格電圧／DC25.76V定格入力電流／DC2.79A（充電）定格出力電流／DC20A（放電）通信機能 Bluetooth®情報端末時使用場所 屋内使用環境 温度／充電時：0℃～40℃　　　放電時：-10℃～40℃湿度／0%～85%RH（ただし結露なきこと）※1スマートフォンアプリのダウンロードが必要です。スマートフォンアプリのダウンロードは無料です。スマートフォンは、iOS12～14.4のiPhone端末、AndroidTM5.0～11.0のAndroidTM端末に対応しています。※2通信時はイーブロックを起動状態にし、アプリ起動後、約10m範囲以内のイーブロックの状態を表示、通知します。※3スマートフォンの通知には、イーブロックアプリで検知した対象のバッテリーの管理機器登録が必要です。PQEA103A送料 D¥57,000PQEB103Aイーブロックを充放電器（スタンド型）にセットすれば、2つのAC出力、２つのUSB出力で電源供給できます。寸法200（W）×260（D）×912（H）mm質量約4.9kg（コンセントケーブル含まない）USB出力 定格出力／DC5V,2.0A/port×2個出力端子／USBtype-A電気がシェアできる次世代型バッテリー。277送料 F¥92,000ライフバッテリー　イーブロックイーブロック（可搬型バッテリー）PQB0311A イーブロックを充放電器（卓上型）にセットすれば、AC出力で電源供給できます。送料 D¥92,000寸法130（W）×257（D）×161（H）mm質量約2.6kg（コンセントケーブル含まない）［共通］AC入出力 定格電圧／単相AC100V、定格周波数／50Hz/60HzAC入力定格電流／AC15A、定格電力／1500W入力端子／接地極付3端子プラグAC出力定格電流／AC3A（バッテリー出力）AC13A（バイパス出力）定格電力／300VA（バッテリー出力）1300VA（バイパス出力）出力端子／接地極付3端子コンセント×1個（PQEA103A）　　　　　接地極付3端子コンセント×2個（PQEB103A）DC入力定格電圧／DC25.76V、定格電流／DC20A（バッテリー放電）DC出力定格電圧／DC29.05V、定格電流／DC2.79A（バッテリー充電）使用場所 屋内設置使用環境 温度／-10℃～40℃、湿度／0%～85%RH（ただし結露なきこと）評価測定運動療法水治療法物理療法救急ＡＤＬ・作業療法言語療法自立支援機器衛生・防災介護用入浴機器衛生防災システム全体で高い品質を実現。イーブロックはバッテリーも充放電器もPSEマークを表示。安心してご使用いただくために、電気用品における危険及び障害の発生を防止します。これに加え、システムでSマーク認証を取得し、高い品質を実現しています。バッテリーと充放電器をセパレート型にしたイーブロック。小型・軽量で手軽に、持ち運ぶことができる可搬型バッテリーです。使用中に他のバッテリーを充電しておくことで、交換しながら継続して電気を供給することが可能です。学校やオフィスでも、イーブロックを自分の電源として持ち運んで使えます。スマートフォンをはじめ、タブレットやノートパソコンなどのモバイル機器をさまざまなシーンで充電・使用できます。Bluetooth®通信機能で複数のイーブロックの状態を一括管理※1。イーブロックはBluetooth®無線技術を搭載し、新開発のスマートフォンアプリ「イーブロックアプリ※1」を起動し、無線で通信※2させることで、複数のイーブロックのバッテリー残量低下時や異常をスマートフォンにプッシュ通知でお知らせします※3。イーブロック単体でイーブロックデスクと組み合わせイーブロックスタンドと組み合わせ","電気がシェアできる次世代型バッテリー。
ライフバッテリー　イーブロック
バッテリーと充放電器をセパレート型にしたイーブロック。システム全体で高い品質を実現。
小型・軽量で手軽に、持ち運ぶことができる可搬型バッテリーです。使イーブロックはバッテリーも充放電器もPSEマークを表示。安心してご
用中に他のバッテリーを充電しておくことで、交換しながら継続して電使用いただくために、電気用品における危険及び障害の発生を防止し
評価測定
気を供給することが可能です。ます。これに加え、システムでSマーク認証を取得し、高い品質を実現し
学校やオフィスでも、イーブロックを自分の電源として持ち運んで使えています。
ます。スマートフォンをはじめ、タブレットやノートパソコンなどのモバ
運動療法
イル機器をさまざまなシーンで充電・使用できます。
Bluetooth®通信機能で
水治療法
※1
複数のイーブロックの状態を一括管理。
イーブロックはBluetooth®無線技術を搭載し、新開発のスマートフォ
※1※2
ンアプリ「イーブロックアプリ」を起動し、無線で通信させること物理療法
で、複数のイーブロックのバッテリー残量低下時や異常をスマートフォ
※3
ンにプッシュ通知でお知らせします。
救急
ＡＤＬ・
作業療法
言語療法
自立支援
機器
衛生・
PQB0311APQEA103APQEB103A防災
イーブロック単体でイーブロックデスクと組み合わせイーブロックスタンドと組み合わせ介護用
入浴機器
衛生
防災
充放電器がなくても、持ち運んでUSBを使用し機器イーブロックを充放電器（卓上型）にセットすれば、ACイーブロックを充放電器（スタンド型）にセットすれば、
へ電源供給できます。出力で電源供給できます。2つのAC出力、２つのUSB出力で電源供給できます。
イーブロックイーブロックデスクイーブロックスタンド
（可搬型バッテリー）送料 D（専用充放電器）送料 D（専用充放電器）送料 F
PQB0311A ¥92,000PQEA103A ¥57,000PQEB103A ¥92,000
寸法98（W）×115（D）×220（H）mm寸法130（W）×257（D）×161（H）mm寸法200（W）×260（D）×912（H）mm
質量約2.9kg質量約2.6kg（コンセントケーブル含まない）質量約4.9kg（コンセントケーブル含まない）
内蔵リチウムイオン蓄電池USB出 力定格出力／DC5V,2.0A/port×2個
バッテリー出力端子／USBtype-A
蓄電容 量304Wh
［共通］
定格容 量11.84Ah
AC入出 力定格電圧／単相AC100V、定格周波数／50Hz/60Hz
USB出 力定格出力／DC5V,2.0A/port×2個
(2port使用時は合計3.0Aまで）AC入力定格電流／AC15A、定格電力／1500W
出力端子／USBtype-A入力端子／接地極付3端子プラグ
バッテリー定格電圧／DC25.76VAC出力定格電流／AC3A（バッテリー出力）AC13A（バイパス出力）
入出力定格入力電流／DC2.79A（充電）定格電力／300VA（バッテリー出力）1300VA（バイパス出力）
定格出力電流／DC20A（放電）出力端子／接地極付3端子コンセント×1個（PQEA103A）
　　　　　接地極付3端子コンセント×2個（PQEB103A）
通信機 能Bluetooth®情報端末時
DC入力定格電圧／DC25.76V、定格電流／DC20A（バッテリー放電）
使用場 所屋内
DC出力定格電圧／DC29.05V、定格電流／DC2.79A（バッテリー充電）
使用環 境温度／充電時：0℃～40℃
　　　放電時：-10℃～40℃使用場 所屋内設置
湿度／0%～85%RH（ただし結露なきこと）使用環 境温度／-10℃～40℃、湿度／0%～85%RH（ただし結露なきこと）
※1スマートフォンアプリのダウンロードが必要です。スマートフォンアプリのダウンロードは無料です。スマートフォンは、iOS12～14.4のiPhone端末、AndroidMT5.0～11.0の
AndroidMT端末に対応しています。
※2通信時はイーブロックを起動状態にし、アプリ起動後、約10m範囲以内のイーブロックの状態を表示、通知します。
※3スマートフォンの通知には、イーブロックアプリで検知した対象のバッテリーの管理機器登録が必要です。
277"
279,MMTXZT5P1IOUE,衛生・防災,防災,278MEMO,"MEMO
278"
280,MMTXZT7BF44SV,介護用入浴機器,,毎 年 1 回合 計 6 回無償修理※保守点検( 　  )2年目3年目2年目3年目4年目5年目4年目5年目6年目法定年数6年目法定年数※消耗品および指定部品ユニットを除く1年目納品日メーカー保証1年目納品日メーカー保証P.282P.3 10P.3 37無償修理※ +P. 324仰臥位入浴その他の介護用入浴機器 P.336安心の6年間保証安心して機器をご使用いただくために定期的なメンテナンスをおすすめしています。座位入浴入浴関連商品ADL入浴あんしんケアパック購入後1年未満の製品において、6年間無償修理（メーカー保証1年間含む）となるメンテナンス契約です。あんしんケアパック・プラスあ んし ん ケ ア パックに 毎 年 1 回合 計 6 回 の保 守 点 検が つ い たメニューです。介 護 用 入 浴 機 器," 介 護 用 入 浴 機器
仰臥位入浴P.282座位入浴P. 310ADL入浴P .324
その他の介護用入浴機 器P.336入浴関連商品P. 337
安心の
6年間安心して機器をご使用いただくために定期的なメンテナンスをおすすめしています。
保証
あんしんケアパック1年目2年目3年目4年目5年目6年目
購入後1年未満の製品において、6
※
年間無償修理（メーカー保証1年間納品日メーカー保証無償修理
含む）となるメンテナンス契約です。
法定年数
あんしんケアパック・プラス1年目2年目3年目4年目5年目6年目
 あん し ん ケ アパック に 毎 年 1回
 ※ 毎 年 1回
 合 計 6 回の 保 守 点検 が つ いたメ納品日メーカー保証無償修理+保守点検(  合　 計 6 回 )
ニューです。
法定年数
※消耗品および指定部品ユニットを除く"
281,MMTXZT8QVHRYP,介護用入浴機器,身体機能レベルに合わせて選べる介護用入浴機器一覧,大型浴槽小型浴槽座位入浴大型浴槽仰臥位入浴自立を目指すＡＤＬ入浴小型浴槽ご利用者の身体状況に合わせた介助入浴浴槽タイプ入浴方法目的●  移乗介助の負担を大幅に軽減。●  チルト機能により、安全で心地良い入浴を実現。●  より近づいて介助が可能。●  万が一のうっかりミスへの配慮など、安全性を重視。●  介助負担を大幅に軽減。●  回転アーム付リフトを採用し、ストレッチャー、車椅子、歩行からの入浴に対応。デュアルタイプ有。●  両側から交互に入浴できる効率のよいコンパクト浴●  簡単操作と充実の安全装備。●  3方向エプロン採用で、3m×3mのスペースに設置●  ゆとりある入浴を安全・快適に実現。●  使いやすさにこだわった操作性。●  マイクロバブルでしっかりきれい。入浴後も温かさ●  「使いやすさ」がコンセプトのシャワー浴槽。●  日本初の自動洗髪機能を搭載。●  安全性とコミュニケーションを重視した対面式。●  足元スペースもたっぷり確保した広々浴槽。●  多くの入浴姿勢を実現できる車椅子をご用意。●   シンプル操作で、ゆったり浸かれるコンパクトな車●  お１人ごとにお湯を入れ換える清潔入浴を実現。●   洗いやすさにこだわって開発されたシャワー浴槽。●  陰部・臀部専用シャワーとウルトラファインバブル●  オートスライド機構採用で、不安を与えないスムー●  ユニット内の様々な入浴スタイルに1台で対応可能。●  和のデザイン「ひのき柄」で安らぎの雰囲気を演出。●  多様な身体状況の方に家庭のような入浴を提供で●  残存能力を活かした自立入浴をサポート。●  心安らぐ和のデザイン「ひのき柄」もライン・アップに追加。●  豊富な入浴アクセサリーを備え、1台で様々なご利●  狭い浴室でも手軽に座位入浴をアシスト。●  既設の浴槽に取り付け可能。身体機能レベルに合わせて選べる介護用入浴機器一覧介護用入浴機器入浴方式P.282浴槽昇降式P.288浴槽昇降式P.296リフト昇降式P.294浴槽昇降式浴槽エプロン開閉式P.298リクライナーチルト方式P.300 ストレッチャー昇降式P.306ドーム進入式P.310浴槽扉開閉式P.314 浴槽スクーピング式P.316ドーム進入式片側フレームレール直進式P.320P.324 浴槽エプロン開閉式P.326 リフトスライド式P.330 浴槽エプロン開閉式P.334自立入浴P.335旋回アーム式特長槽。できるコンパクトな浴槽。●  100%新湯方式で衛生的。が持続。椅子式浴槽。シャワーで全身をくまなく洗うことが可能。ズな昇降を実現。きます。用者の方の自立入浴をサポート。入浴姿勢仰臥位仰臥位仰臥位〜長座位仰臥位仰臥位仰臥位仰臥位座位座位座位座位座位座位座位座位座位280介護エイドバスロベリアプラス新湯式仰臥位浴槽アリッサムシャワー浴槽PAOフェイス トゥ バスライラックプラススクーピングバスカトレア シャワーポッドアラエル ユニット型施設向け浴槽ユニバス リフトインバスホーミィイ−ス パーソナルケア浴槽パンジーiコンパクトADLバス（＋各種アクセサリー）チェリー個別浴槽対応型リフトホーミィリフト※仕様、外観は予告なく変更することがありますのでご了承ください。　評価測定運動療法水治療法物理療法救急ＡＤＬ・作業療法言語療法自立支援機器衛生・防災介護用入浴機器仰臥位入浴座位入浴ADL入浴その他の介護用入浴機器入浴関連商品サンカメリアスーパーラダリバスエレベートバスリクシーライナーリフト,"身体機能レベルに合わせて選べる介護用入浴機器一覧
浴
入
槽
目浴タ介護用入浴機器入浴方式特長入浴姿勢
的方
イ
法
プ
● 移 乗介助の負担を大幅に軽減。
サンカメリアP.282浴槽昇降式● チ ルト機能により、安全で心地良い入浴を実現。仰臥位
● よ り近づいて介助が可能。
評価測定
大
型介護エイドバスP.288浴槽昇降式● 万 が一のうっかりミスへの配慮など、安全性を重視。仰臥位
運動療法浴ロベリアプラス●  介助負担を大幅に軽減。
槽
水治療法●  回転アーム付リフトを採用し、ストレッチャー、車椅
スーパーラダリバスP.296リフト昇降式仰臥位〜長座位
子、歩行からの入浴に対応。デュアルタイプ有。
物理療法
仰●  両側から交互に入浴できる効率のよいコンパクト浴
臥
位エレベートバスP.294浴槽昇降式槽。仰臥位
救急入浴●  簡単操作と充実の安全装備。
ご浴槽エプロン開閉式●  3方向エプロン採用で、3m×3mのスペースに設置
ＡＤＬ・利新湯式仰臥位浴槽
作業療法用P.298リクライナーできるコンパクトな浴槽。仰臥位
の者小アリッサムチルト方式●  100%新湯方式で衛生的。
身型
言語療法体浴● ゆ とりある入浴を安全・快適に実現。
状槽
況●  使いやすさにこだわった操作性。
リクシーP.30 0ストレッチャー昇降式仰臥位
に● マ イクロバブルでしっかりきれい。入浴後も温かさ
自機立器支援わ合が持続。
せ
た
介シャワー浴槽●「  使いやすさ」がコンセプトのシャワー浴槽。
衛生・助P.306ドーム進入式仰臥位
防災入PAO● 日 本初の自動洗髪機能を搭載。
浴
介護用
大●  安全性とコミュニケーションを重視した対面式。
入浴機器フェイス トゥ バス
型P.310浴槽扉開閉式●  足元スペースもたっぷり確保した広々浴槽。座位
浴ライラックプラス
槽●  多くの入浴姿勢を実現できる車椅子をご用意。
● シ  ンプル操作で、ゆったり浸かれるコンパクトな車
スクーピングバス
P.31 4浴槽スクーピング式椅子式浴槽。座位
カトレア 
仰臥位入浴座● お １人ごとにお湯を入れ換える清潔入浴を実現。
位
入
座位入浴浴小●   洗いやすさにこだわって開発されたシャワー浴槽。
シャワーポッド
型P.316ドーム進入式●  陰部・臀部専用シャワーとウルトラファインバブル座位
ADL入浴槽浴アラエル シャワーで全身をくまなく洗うことが可能。
その他の
介護用入浴機器
入浴関連片側フレームレール● オ ートスライド機構採用で、不安を与えないスムー
商品ライナーリフトP.320直進式ズな昇降を実現。座位
ユニット型施設向け浴槽● ユ ニット内の様々な入浴スタイルに1台で対応可能。
P.32 4浴槽エプロン開閉式座位
ユニバス ●  和のデザイン「ひのき柄」で安らぎの雰囲気を演出。
リフトインバス●  多様な身体状況の方に家庭のような入浴を提供で
P.32 6リフトスライド式座位
ホーミィイ−ス きます。
自
立
を
目
指パーソナルケア浴槽●  残存能力を活かした自立入浴をサポート。
すＡパンジーiP.33 0浴槽エプロン開閉式●  心安らぐ和のデザイン「ひのき柄」もライン・アップに追加。座位
Ｄ
Ｌ
入
浴
コンパクトADLバス（＋各種アクセサリー）●  豊富な入浴アクセサリーを備え、1台で様々なご利
P.334自立入浴座位
チェリー用者の方の自立入浴をサポート。
個別浴槽対応型リフト●  狭い浴室でも手軽に座位入浴をアシスト。
P.335旋回アーム式座位
ホーミィリフト●  既設の浴槽に取り付け可能。
280※仕様、外観は予告なく変更することがありますのでご了承ください。　"
282,MMTY4YRMNYAOG,介護用入浴機器,身体機能レベルに合わせて選べる介護用入浴機器一覧,自立歩行可能座位保持可能立位可能立位保持可能座位保持可能立位不可能281     ◎◎◎◎◎◎◎△△△−△−−−−○○○○○○○◎◎◎△○○△−△△△○△△△△◎◎◎◎◎◎◎○◎−−○−−−−○◎◎◎◎◎◎◎◎−−−−−−−−−−−◎◎◎◎○※仕様、外観は予告なく変更することがありますのでご了承ください。評価測定運動療法水治療法物理療法救急ＡＤＬ・作業療法言語療法自立支援機器衛生・防災介護用入浴機器仰臥位入浴座位入浴ADL入浴その他の介護用入浴機器入浴関連商品適合身体機能レベル　　◎ ＝ 最適　○ ＝ 適　△ ＝ やや適　− ＝ 該当なし座位保持不可能座り続 けることはできるが、手すり・杖 が あっても立つことができない人座り続けることができ、手すり・杖があれば少しの間立っていることができる人立ち続けることができ、介助または手すり・杖があれば歩くことができる人手すり・杖なしで歩けるがバランスをくずしやすい人座ることができない人,"適合身体機能レベル　　◎ ＝ 最適　○ ＝ 適　△ ＝ やや適　− ＝ 該当なし
座位保持可能座位保持可能
座位保持不可能立位保持可能自立歩行可能
立位不可能立位可能
座ることができない人座り 続けることは座り続けることがで立ち続けることがで手すり・杖なしで歩
できるが、手すり・き、手すり・杖があき、介助または手すけるがバランスをく
 杖 があっても立つれば少しの間立ってり・杖があれば歩くずしやすい     人
ことができない人いることができる人ことができる人
◎○△−−
評価測定
◎○△−−
運動療法
水治療法
◎○○○−
物理療法
◎○△−−
救急
ＡＤＬ・
◎○△−−作業療法
言語療法
◎○△−−
自立支援
機器
衛生・
◎○△−−防災
介護用
入浴機器
△◎◎○−
△◎◎◎−
仰臥位入浴
座位入浴
△◎◎◎−ADL入浴
その他の
介護用入浴機器
入浴関連
−△◎◎−商品
△○◎◎◎
−○◎◎◎
−△◎◎◎
−−○◎◎
−△◎◎○
※仕様、外観は予告なく変更することがありますのでご了承ください。281"
283,MMTY4YV8TNJCA,介護用入浴機器,仰臥位入浴,カタログ動画はこちら282仰臥位入浴座位入浴ADL入浴その他の介護用入浴機器入浴関連商品※仕様、外観は予告なく変更することがありますのでご了承ください。　評価測定運動療法水治療法物理療法救急ＡＤＬ・作業療法言語療法自立支援機器衛生・防災介護用入浴機器目指したのはストレスフリーな入浴サービス。サンカメリア 単品,"動画はこちら
単品
サンカメリア カタログ
評価測定
運動療法
水治療法
目指したのはストレスフリーな
物理療法
入浴サービス。
救急
ＡＤＬ・
作業療法
言語療法
自立支援
機器
衛生・
防災
介護用
入浴機器
仰臥位入浴
座位入浴
ADL入浴
その他の
介護用入浴機器
入浴関連
商品
282※仕様、外観は予告なく変更することがありますのでご了承ください。　"
284,MMTY4YWSJVYEA,介護用入浴機器,仰臥位入浴,体格に合わせて水深も調節でき、大柄な方でも肩までお湯に浸って温まれます。小柄な方でも入浴する方に手が届きやすく、入浴中の様子をより近くで確認できます。283どこからでも同じ高さでケアができる 浴槽縁高93cm。チルト機能が、安定した入浴姿勢を実現。仰臥位入浴座位 入浴AD L入浴その 他の介護用入浴機器入浴 関連商品※仕様、外観は予告なく変更することがありますのでご了承ください。評価測定運動療法水治療法物理療法救急ＡＤＬ・作業療法言語療法自立支援機器衛生・防災介護用入浴機器,"どこからでも同じ高さでケアができる 
浴槽縁高93cm。
小柄な方でも入浴する方に手が届きやすく、入浴中の様子をより近
くで確認できます。
評価測定
運動療法
水治療法
物理療法
救急
ＡＤＬ・
作業療法
言語療法
自立支援
機器
衛生・
防災
介護用
入浴機器
仰臥位入浴
座 位入浴
A DL入浴
そ の他の
介護用入浴機器
入 浴関連
商品
チルト機能が、安定した入浴姿勢を実現。
体格に合わせて水深も調節でき、大柄な方でも肩までお湯に浸っ
て温まれます。
※仕様、外観は予告なく変更することがありますのでご了承ください。283"
285,MMTY4YYAD1H93,介護用入浴機器,仰臥位入浴,ストレッチャーがスリムなので浴槽近くに立つことができ、腰をかがめずに担架を浴槽内に送り込めます。浴槽内の湯温や給湯時のお湯の温度、入浴時間がひと目で確認できます。給湯温度が46℃以上になると給湯を自動停止。さらに浴槽内の湯温が44℃以上になると浴槽が上昇しない安全機構で入浴中の火傷を防ぎます。入浴中に停電になった場合でも、レバーを回せば浴槽を下降させることができます。ストレッチャーが浴槽に正しく連結されないと担架が浴槽内にスライドできない設計。連結後はランプでお知らせします。介助する方の立ち位置から、楽な姿勢で操作しやすい位置に設置しました。大型サイドフェンスに加え、上肢用サイドフェンスを装備。身体が担架からはみ出るのを防ぐので、安心して介助が行えます。担架カバー部は簡単に取り外しできるので、カバーの裏側やフレームの汚れも掃除しやすく衛生的です。火傷の危険を防ぐ温度管理システム万が一に備えた停電時下降レバー連結ミスによる担架脱落を防止腰への負担を軽減するハーフスライド構造。湯温や入浴時間が確認しやすい表示パネル。安全性に配慮した3つの機能。手が届きやすいサイド操作部。転落を防ぐ大型サイドフェンス。お手入れのしやすさに配慮した担架カバー。284仰臥位入浴座位入浴ADL入浴その他の介護用入浴機器入浴関連商品※仕様、外観は予告なく変更することがありますのでご了承ください。　評価測定運動療法水治療法物理療法救急ＡＤＬ・作業療法言語療法自立支援機器衛生・防災介護用入浴機器,"腰への負担を軽減するハーフスライド構造。手が届きやすいサイド操作部。
ストレッチャーがスリムなので浴槽近くに立つことができ、腰をか介助する方の立ち位置から、楽な姿勢で操作しやすい位置に設
がめずに担架を浴槽内に送り込めます。置しました。
評価測定
運動療法
水治療法
物理療法
救急
ＡＤＬ・
作業療法
湯温や入浴時間が確認しやすい表示パネル。転落を防ぐ大型サイドフェンス。
言語療法
浴槽内の湯温や給湯時のお湯の温度、入浴時間がひと目で確認大型サイドフェンスに加え、上肢用サイドフェンスを装備。身体が
できます。担架からはみ出るのを防ぐので、安心して介助が行えます。
自立支援
機器
衛生・
防災
介護用
入浴機器
仰臥位入浴
座位入浴
ADL入浴
その他の
介護用入浴機器
入浴関連
商品
安全性に配慮した3つの機能。お手入れのしやすさに配慮した担架カバー。
火傷の危険を防ぐ温度管理システム担架カバー部は簡単に取り外しできるので、カバーの裏側やフ
レームの汚れも掃除しやすく衛生的です。
給湯温度が46℃以上になると給湯を自動停止。さらに浴槽内の
湯温が44℃以上になると浴槽が上昇しない安全機構で入浴中
の火傷を防ぎます。
万が一に備えた停電時下降レバー
入浴中に停電になった場合でも、レバーを回せば浴槽を下降さ
せることができます。
連結ミスによる担架脱落を防止
ストレッチャーが浴槽に正しく連結されない
と担架が浴槽内にスライドできない設計。
連結後はランプでお知らせします。
284※仕様、外観は予告なく変更することがありますのでご了承ください。　"
286,MMTY4YZXNCG9Y,介護用入浴機器,仰臥位入浴,"消耗品はこちら P.350送料 チャーター便送料 チャーター便送料 チャーター便送料 チャーター便価格¥184,000オプションオプションあんしんケアパック付 あんしんケアパック・プラス付あんしんケアパック付 あんしんケアパック・プラス付あんしんケアパック付 あんしんケアパック・プラス付型式センタータイプ CAM-100C、CW ¥12,200,000  ¥12,524,000 CAM-100R、RW ¥11,950,000  ¥12,267,000 CAM-100L、LW ¥11,950,000  ¥12,267,000 外形／2510（L）×980（W）×890〜1190（H）mm浴槽内／1940（L）×745（W）×550（D）mm昇降ストローク／300mmRタイプLタイプ寸法質量約450kg材質浴槽部・カバー／FRP、フレーム／スチール・粉体塗装仕上安全機構インターロック機構、温度管理システム（高温給湯停止、浴槽内高温時上昇停止）、担架スライド防止装置、漏電ブレーカー浴槽容量約495L実使用湯量約375L（入浴者165cm、65kg）昇降方式電動油圧リフター方式：200V400W排水80A最大使用者体重 100kg電源電源入力三相200V（50/60Hz）15A1100VA（50/60Hz） ※CAM-10、30付電力640/740W（50/60Hz） ※CAM-10、30付自動給湯適正水位自動停止その他電動ミキシング、デジタル温度計、入浴時間表示、ハンドシャワー専用シャワー水栓、停電時下降用レバー付属品浴槽クリーナーA、アワスプレー送料 チャーター便送料 チャーター便型式CAM-10気泡浴装置塩素殺菌装置 CAM-20水処理システム CAM-30型式外形／1912（L）×649（W）×294（H）mm手すり取付時／1912（L）×690（W）×577（D）mm約43kgフレーム／ステンレス、担架面・サイドフェンス／プラスチック（PP）マット・パッド／プラスチック（PE）枕／［CAW-100］プラスチック（PE）　［CAW-105］ポリエーテルエステル系繊維質量材質最大使用者体重 100kg主な機能背当てリクライニング（7°/50°）、安全ベルト（パッド付き）、マット、サイドフェンス※仕様、外観は予告なく変更することがありますのでご了承ください。評価測定運動療法水治療法物理療法救急ＡＤＬ・作業療法言語療法自立支援機器衛生・防災介護用入浴機器価格価格¥500,000¥500,000¥1,437,500価格型式SWS-10¥12,574,000 ¥12,317,000 ¥12,317,000 ¥520,000¥520,000¥1,489,500¥2,352,500¥2,352,500¥510,000¥510,000¥1,479,500¥2,302,500¥2,302,500285気泡浴装置 水処理システム 塩素殺菌装置 手すり サンカメリア浴槽 担架 仰臥位入浴座位 入浴AD L入浴その 他の介護用入浴機器入浴 関連商品CAW-100（スライド式枕） ¥2,242,500CAW-105（バスクッションピロー） ¥2,242,500寸法標準カラーオプションカラーCAW-100CAW-105","サンカメリア浴槽 送料 チャーター便
型式価格あんしんケアパック 付あんしんケアパック・プラス付
センタータイ プCAM-100C、C W¥12,200,000  ¥12,524,000 ¥12,574,000 
RタイプCAM-100R、R W¥11,950,000  ¥12,267,000 ¥12,317,000 
LタイプCAM-100L、L W¥11,950,000  ¥12,267,000 ¥12,317,000 
寸法外形／2510（L）×980（W）×890〜1190（H）mm
浴槽内／1940（L）×745（W）×550（D）mm
昇降ストローク／300mm
質量約450kg
材質浴槽部・カバー／FRP、フレーム／スチール・粉体塗装仕上評価測定
安全機構インターロック機構、温度管理システム（高温給湯停止、浴槽内高温時上昇停止）、担
架スライド防止装置、漏電ブレーカー
浴槽容量約495L
運動療法
標準カラー実使用湯量約375（L入浴者165cm、65kg）
昇降方式電動油圧リフター方式：200V400W
排水80A
最大使用者体 重100kg水治療法
電源三相200V（50/60Hz）15A
電源入力1100VA（50/60Hz） ※CAM-10、30付
電力640/740W（50/60Hz） ※CAM-10、30付物理療法
自動給湯適正水位自動停止
その他電動ミキシング、デジタル温度計、入浴時間表示、ハンドシャワー専用シャワー水栓、
停電時下降用レバー
付属品浴槽クリーナーA、アワスプレー救急
オプションＡＤＬ・
作業療法
気泡浴装置 送料 チャーター便塩素殺菌装置 送料 チャーター便
水処理システム 送料 チャーター便言語療法
オプションカラー
型式価格あんしんケアパック 付あんしんケアパック・プラス付
自立支援
気泡浴装置CAM-10¥500,000¥510,000¥520,000
機器
塩素殺菌装 置CAM-20¥500,000¥510,000¥520,000
水処理システ ムCAM-30¥1,437,500¥1,479,500¥1,489,500
衛生・
防災
介護用
入浴機器
担架 送料 チャーター便
型式価格あんしんケアパック 付あんしんケアパック・プラス付
CAW-100（スライド式枕 ）¥2,242,500¥2,302,500¥2,352,500
CAW-105（バスクッションピロー ）¥2,242,500¥2,302,500¥2,352,500
寸法外形／1912（L）×649（W）×294（H）mm仰臥位入浴
手すり取付時／1912（L）×690（W）×577（D）mm
質量約43kg
座 位入浴
材質フレーム／ステンレス、担架面・サイドフェンス／プラスチック（PP）
マット・パッド／プラスチック（PE）
枕／［CAW-100］プラスチック（PE）　［CAW-105］ポリエーテルエステル系繊維A DL入浴
CAW-100
最大使用者体 重100kg
そ の他の
主な機能背当てリクライニング（7°/50°）、安全ベルト（パッド付き）、マット、サイドフェンス介護用入浴機器
入 浴関連
商品
オプション
手すり 送料 チャーター便
型式価格
SWS-10¥184,000
消耗品は
こち らP.350
CAW-105
※仕様、外観は予告なく変更することがありますのでご了承ください。285"
287,MMTY4Z1NSYD92,介護用入浴機器,仰臥位入浴,"06610980661098005400410034棚※仕様、外観は予告なく変更することがありますのでご了承ください。　評価測定運動療法水治療法物理療法救急ＡＤＬ・作業療法言語療法自立支援機器衛生・防災介護用入浴機器435555脱衣コーナーベッド消耗品はこちら P.350CAS-100R/LCAS-110R/L交互に入浴できるため大勢の方を効率的に入浴させることができます。CAM-100Cサンカメリア浴槽高さ調節式ストレッチャー CAS-110R高さ調節式ストレッチャー CAS-110LCAW-100担架1台 ¥12,200,0001台 ¥3,139,5001台 ¥3,139,5002台 ¥4,485,000合計　¥22,964,000型式CAS-100RCAS-100L価格¥1,495,000¥1,495,000型式CAS-110RCAS-110L価格¥3,139,500¥3,139,500CAM-100Rサンカメリア浴槽高さ調節式ストレッチャー CAS-110RCAW-100担架340029006500送料 チャーター便送料 チャーター便1台 ¥11,950,0001台 ¥3,139,5001台 ¥2,242,500合計　¥17,332,000システム組み合わせ例　入浴する方やスタッフの人数に合わせた組み合わせが可能です。配置イメージあんしんケアパック付 あんしんケアパック・プラス付あんしんケアパック付 あんしんケアパック・プラス付¥1,539,000¥1,539,000¥3,232,500¥3,232,500¥1,589,000¥1,589,000¥3,282,500¥3,282,500286固定式ストレッチャー 高さ調節式ストレッチャー 仰臥位入浴座位入浴ADL入浴その他の介護用入浴機器入浴関連商品※ 交互式セットの浴槽は、左右両側から入浴できるセンタータイプのみの組み合わせとなります。浴室［セット構成例］RタイプLタイプ寸法外形／1837（L）×630（W）×682（H）mm担架面高さ／754mmキャスター／φ125mm質量約50kg材質フレーム／ステンレス・一部粉体塗装仕上げ、カバー／プラスチック（ABS）最大使用者体重 100kg主な機能担架スライド防止装置、担架検知装置、トータルロック付き解除ペダルRタイプLタイプ寸法外形／1837（L）×630（W）×382〜682（H）mm担架面高さ／454〜754mmキャスター／φ125mm質量約73kg材質フレーム／ステンレス・一部粉体塗装仕上げ、カバー／プラスチック（ABS）主な機能昇降機能（ストローク300mm）、担架スライド防止装置、担架検知装置トータルロック付き解除ペダル、リモコン電動アクチュエーター方式駆動方式最大使用者体重 100kg電源付属品バッテリー DC24Vバッテリー（1個）、充電器［セット構成例］片側セット交互式セットサンカメリア浴槽CAM-100C","固定式ストレッチャー 送料 チャーター便
型式価格あんしんケアパック 付あんしんケアパック・プラス付
RタイプCAS-100R¥1,495,000¥1,539,000¥1,589,000
LタイプCAS-100L¥1,495,000¥1,539,000¥1,589,000
寸法外形／1837（L）×630（W）×682（H）mm
担架面高さ／754mm
キャスター／φ125mm
質量約50kg
材質フレーム／ステンレス・一部粉体塗装仕上げ、カバー／プラスチック（ABS）
評価測定CAS-100R/L最大使用者体 重100kg
主な機能担架スライド防止装置、担架検知装置、
トータルロック付き解除ペダル
運動療法
高さ調節式ストレッチャー 送料 チャーター便
水治療法
型式価格あんしんケアパック 付あんしんケアパック・プラス付
RタイプCAS-110R¥3,139,500¥3,232,500¥3,282,500
LタイプCAS-110L¥3,139,500¥3,232,500¥3,282,500
物理療法
寸法外形／1837（L）×630（W）×382〜682（H）mm
担架面高さ／454〜754mm
キャスター／φ125mm
救急質量約73kg
材質フレーム／ステンレス・一部粉体塗装仕上げ、カバー／プラスチック（ABS）
主な機能昇降機能（ストローク300mm）、担架スライド防止装置、担架検知装置
ＡＤＬ・CAS-110R/Lトータルロック付き解除ペダル、リモコン
作業療法駆動方式電動アクチュエーター方式
最大使用者体 重100kg
消耗品は電源バッテリー DC24V
こち らP.350
言語療法付属品バッテリー（1個）、充電器
自立支援
機器システム組み合わせ例　入浴する方やスタッフの人数に合わせた組み合わせが可能です。
交互式セット片側セット
衛生・
防災
介護用
入浴機器
交互に入浴できるため大
勢の方を効率的に入浴
させることができます。
仰臥位入浴［セット構成例］［セット構成例］
サンカメリア浴槽CAM-100C1 台¥12,200,000サンカメリア浴槽CAM-100R1 台¥11,950,000
座位入浴高さ調節式ストレッチャ ーCAS-110R1 台¥3,139,500高さ調節式ストレッチャ ーCAS-110R1 台¥3,139,500
高さ調節式ストレッチャ ーCAS-110L1 台¥3,139,500担架CAW-1001 台¥2,242,500
ADL入浴担架CAW-1002 台¥4,485,000合計　¥17,332,000
合計　¥22,964,000
その他の
介護用入浴機器※ 交互式セットの浴槽は、左右両側から入浴できるセンタータイプのみ
入浴関連の組み合わせとなります。
商品
配置イメージ
サンカメリア浴槽
CAM-100C
34002900
089棚
0166
脱衣コーナー
000
043555500
345
414
浴室0166
089ベッド
6500
286※仕様、外観は予告なく変更することがありますのでご了承ください。　"
288,MMTY4Z30V7KT1,介護用入浴機器,仰臥位入浴,"※チューブは、摩擦を軽減するチューブ状のカバー(青色)のことです。本体用チューブ SBT202131-SA ディスポーザブルチューブ SBDT202241（100枚入） 型式STY-100寸法外形／1900（L）×716（W）×695〜1073（H）mmマット／1844（L）×620（W）mmキャスター／φ150mm（トータルロック付）質量約50㎏材質フレーム／アルミニウム、マット／スポンジ（PE）、マット表生地／塩化ビニール連結部／ステンレス機能昇降機能（ストローク378mm）マット（ベルト固定式）サイドフェンス（ロック付）走行制御機能（方向ロック）昇降方式ハンドル回転式最大使用者体重 100kg付属品サンカメリアストレッチャー連結部受け寸法質量材質1750(L)×500(W)mm約1.9kg(含チューブ)ポリエチレン［構成］ボード本体、本体用チューブ寸法 1760(L)×510(W)mm材質 ポリエステル※仕様、外観は予告なく変更することがありますのでご了承ください。評価測定運動療法水治療法物理療法救急ＡＤＬ・作業療法言語療法自立支援機器衛生・防災介護用入浴機器送料 チャーター便送料 B ¥125,000送料 A¥22,000送料 A¥44,000抱きかかえることなく、ラクに移乗することができます。移乗間に隙間がある場合でも、持ち上げることなく移乗可能。大柄な男性も移乗できる標準サイズ。2つ折りにできるため、持ち運びにも便利です。オプション・交換品着衣ベッド 担架幅62cmと着衣がしやすいワイド設計。ベッドに合わせて高さ調節ができます。サイドフェンスが幅広く安全です。1ヶ所のペダル操作で4輪固定されるトータルロックキャスターを搭載。スライディングボード  SB202431-SA 汚れ防止用のディスポーザブルチューブを併用することで、感染等のリスクを低減できます。価格¥750,000寸法 1800(L)×520(W)mm材質 ポリエチレンあんしんケアパック付¥773,000あんしんケアパック・プラス付¥823,000287仰臥位入浴座位 入浴AD L入浴その 他の介護用入浴機器入浴 関連商品着衣ベッドとストレッチャーは連結可能。スムーズに移乗できます。スライディングボードを使うことで、ベッドから着衣ベッド、着衣ベッドから ストレッチャーへの移乗を抱きかかえることなく行えます。ひとりでもストレッチャーとの連結が可能。","着衣ベッド 送料 チャーター便
担架幅62cmと着衣がしやすいワイド設計。
ベッドに合わせて高さ調節ができます。
サイドフェンスが幅広く安全です。
1ヶ所のペダル操作で4輪固定されるトータルロックキャスターを搭載。
型式価格あんしんケアパック付あんしんケアパック・プラス付
STY-100¥750,000¥773,000¥823,000
寸法外形／1900（L）×716（W）×695〜1073（H）mm
マット／1844（L）×620（W）mm
評価測定
キャスター／φ150mm（トータルロック付）
質量約50㎏
材質フレーム／アルミニウム、マット／スポンジ（PE）、マット表生地／塩化ビ
ニール運動療法
連結部／ステンレス
機能昇降機能（ストローク378mm）
マット（ベルト固定式）
サイドフェンス（ロック付）水治療法
走行制御機能（方向ロック）
昇降方式ハンドル回転式
ひとりでもストレッチャーとの連結が可能。最大使用者体 重100kg
物理療法
付属品サンカメリアストレッチャー連結部受け
着衣ベッドとストレッチャーは連結可能。
スムーズに移乗できます。
救急
ＡＤＬ・
作業療法
言語療法
自立支援
機器
衛生・
防災
介護用
入浴機器
スライディングボード  送料 B 
SB202431-SA ¥125,000
抱きかかえることなく、ラクに移乗することができます。仰臥位入浴
移乗間に隙間がある場合でも、持ち上げることなく移乗可能。
大柄な男性も移乗できる標準サイズ。座 位入浴
2つ折りにできるため、持ち運びにも便利です。
A DL入浴
寸法1750(L)×500(W)mm
質量約1.9kg(含チューブ)そ の他の
材質ポリエチレン介護用入浴機器
［構成］ボード本体、本体用チューブ入 浴関連
商品
オプション・交換品
本体用チューブ 送料 A
SBT202131-SA ¥22,000
スライディングボードを使うことで、寸 法1760(L)×510(W)mm
ベッドから着衣ベッド、着衣ベッドから 材 質ポリエステル
ストレッチャーへの移乗を抱きかかえる※チューブは、摩擦を軽減するチューブ状のカバー(青色)のことです。
ことなく行えます。
ディスポーザブルチューブ 送料 A
SBDT202241（100枚入） ¥44,000
汚れ防止用のディスポーザブルチューブを併用するこ
とで、感染等のリスクを低減できます。
寸 法1800(L)×520(W)mm
材 質ポリエチレン
※仕様、外観は予告なく変更することがありますのでご了承ください。287"
289,MMTY4Z5SDWOHR,介護用入浴機器,仰臥位入浴,カタログ動画はこちら288仰臥位入浴座位入浴ADL入浴その他の介護用入浴機器入浴関連商品※仕様、外観は予告なく変更することがありますのでご了承ください。　評価測定運動療法水治療法物理療法救急ＡＤＬ・作業療法言語療法自立支援機器衛生・防災介護用入浴機器介護エイドバスロベリアプラス 単品介助する方にやさしいフォルムと機能を装備した仰臥位浴槽。,"動画はこちら
介護エイドバス
単品
ロベリアプラ スカタログ
評価測定
運動療法
水治療法
物理療法
介助する方にやさしいフォルムと
救急
機能を装備した仰臥位浴槽。
ＡＤＬ・
作業療法
言語療法
自立支援
機器
衛生・
防災
介護用
入浴機器
仰臥位入浴
座位入浴
ADL入浴
その他の
介護用入浴機器
入浴関連
商品
288※仕様、外観は予告なく変更することがありますのでご了承ください。　"
290,MMTY4Z9LUXNQD,介護用入浴機器,仰臥位入浴,オートスライドで自動送り込み※特許番号3995754号※仕様、外観は予告なく変更することがありますのでご了承ください。評価測定運動療法水治療法物理療法救急ＡＤＬ・作業療法言語療法自立支援機器衛生・防災介護用入浴機器なのでご利用者も安心して入浴できます。　　　側面が凹みますので、腰をかがめず無理なく担架の送り込みが行えます。ズに操作できます。無理な前傾姿勢を解消するオートスライド機構※。担架の自動送り込み量を拡大（180mm）。無理な前傾姿勢をとることなく、担架を送り込むことができます。スライドする速度も一定腰痛予防対策。中央スライド式水受盤。ストレッチャーを浴槽に接続し、腿を押しあてると、ストレッチャーの操作に迷わない「ケアサポートパネル」。イラスト付きのスイッチで迷わず一目で操作できます。スムーズに操作ができる音声サポート。手順を音声でサポートしますので、はじめて使用する方でもスムー289仰臥位入浴座位 入浴AD L入浴その 他の介護用入浴機器入浴 関連商品,"※
無理な前傾姿勢を解消するオートスライド機構。
担架の自動送り込み量を拡大（180mm）。無理な前傾姿勢をとるこ
となく、担架を送り込むことができます。スライドする速度も一定
なのでご利用者も安心して入浴できます。　　　
※特許番号3995754号
オートスライドで
自動送り込み
評価測定
運動療法
水治療法
物理療法
救急
ＡＤＬ・
作業療法
言語療法
腰痛予防対策。中央スライド式水受盤。
自立支援
ストレッチャーを浴槽に接続し、腿を押しあてると、ストレッチャーの機器
側面が凹みますので、腰をかがめず無理なく担架の送り込みが行
えます。衛生・
防災
介護用
入浴機器
仰臥位入浴
座 位入浴
A DL入浴
そ の他の
介護用入浴機器
入 浴関連
商品
操作に迷わない「ケアサポートパネル」。
イラスト付きのスイッチで迷わず一目で操作できます。
スムーズに操作ができる音声サポート。
手順を音声でサポートしますので、はじめて使用する方でもスムー
ズに操作できます。
※仕様、外観は予告なく変更することがありますのでご了承ください。289"
291,MMTY4ZD41MVGI,介護用入浴機器,仰臥位入浴,担架の滴を受け止め、水切れのよい形状です。◎ 連結完了ランプ※WS-465は上肢用サイドフェンスがありません。担架カバー部は簡単に取り外しできるので、カバーの裏側やフレームの汚れも掃除しやすく衛生的です。万が一入浴中に停電になった場合でも、レバーを回せば安全に浴槽を下降させることができます。大型サイドフェンスに加え、上肢用サイドフェンスを装備。上半身が担架からはみ出るのを防ぐので、安心して介助が行えます。入浴時、ストレッチャーが浴槽に正しく連結されるまでは、担架がスライドしない安全設計です。ストレッチャーが浴槽に正しく連結されたことを「連結完了ランプ」がお知らせします。思わず押しすぎて担架が浴槽の反対側に落下するのをストッパーにより防止します。出浴時、ストレッチャーが浴槽に正しく連結されない限り、浴槽内の担架が引き出せない安全機構を装備しています。湯温は電子制御ミキシングによりワンタッチで設定できます。浴槽内の湯温やシャワー湯温が高温になると、操作パネルやシャワー高温ランプで危険をお知らせします。給湯温度が46℃以上になると給湯が自動的にストップ。さらに浴槽内湯温が44℃以上では、オートスライドが作動しない二重の安全機構です。清掃時に機器を殺菌する「殺菌（清掃時）」と入浴中のお湯を殺菌する「殺菌（入浴中）」を搭載。担架を浴槽内に入れ、「殺菌（清掃時）」を行えば浴槽と担架のお手入れが同時に行えます。まさかのミスに備えた担架スライド防止装置。脱衣室の床面が濡れにくい水受盤。お手入れしやすい担架。火傷の危険を防止する温度管理システム。2つの塩素殺菌システム。非常用浴槽下降レバー。転落を防ぐ上肢・下肢用サイドフェンス。WS-460290仰臥位入浴座位入浴ADL入浴その他の介護用入浴機器入浴関連商品※仕様、外観は予告なく変更することがありますのでご了承ください。　評価測定運動療法水治療法物理療法救急ＡＤＬ・作業療法言語療法自立支援機器衛生・防災介護用入浴機器,"まさかのミスに備えた担架スライド防止装置。火傷の危険を防止する温度管理システム。
入浴時、ストレッチャーが浴槽に正しく連結されるまでは、担架湯温は電子制御ミキシングによりワンタッチで設定できます。
がスライドしない安全設計です。浴槽内の湯温やシャワー湯温が高温になると、操作パネルや
ストレッチャーが浴槽に正しく連結されたことを「連結完了ランシャワー高温ランプで危険をお知らせします。
プ」がお知らせします。給湯温度が46℃以上になると給湯が自動的にストップ。さらに
思わず押しすぎて担架が浴槽の反対側に落下するのをストッ浴槽内湯温が44℃以上では、オートスライドが作動しない二重
パーにより防止します。の安全機構です。
出浴時、ストレッチャーが浴槽に正しく連結されない限り、浴槽
評価測定
内の担架が引き出せない安全機構を装備しています。
運動療法
水治療法
物理療法
2つの塩素殺菌システム。
救急清掃時に機器を殺菌する「殺菌（清掃時）」と入浴中のお湯を
◎ 連結完了ランプ殺菌する「殺菌（入浴中）」を搭載。担架を浴槽内に入れ、「殺菌
ＡＤＬ・（清掃時）」を行えば浴槽と担架のお手入れが同時に行えます。
作業療法
言語療法
自立支援
機器脱衣室の床面が濡れにくい水受盤。非常用浴槽下降レバー。
 担架の滴を受け止め、水切れのよい形状です。万が一入浴中に停電になった場合でも、レバーを回せば安全に浴
衛生・
槽を下降させることができます。
防災
介護用
入浴機器
仰臥位入浴
座位入浴
ADL入浴
その他の
介護用入浴機器
入浴関連
商品
お手入れしやすい担架。転落を防ぐ上肢・下肢用サイドフェンス。
担架カバー部は簡単に取り外しできるので、カバーの裏側やフレー大型サイドフェンスに加え、上肢用サイドフェンスを装備。上半身
ムの汚れも掃除しやすく衛生的です。が担架からはみ出るのを防ぐので、安心して介助が行えます。
※WS-465は上肢用サイドフェンスがありません。
WS-460
290※仕様、外観は予告なく変更することがありますのでご了承ください。　"
292,MMTY4ZFMTH22W,介護用入浴機器,仰臥位入浴,"消耗品はこちら P.351※浴槽の装備仕様は下記の表をご覧ください。型式センタータイプ ROB-460C ¥9,820,000 ROB-460R ¥9,530,000 ¥9,530,000 ROB-460LRタイプLタイプ寸法〔ROB-460C〕外形／2648（L）×1245（W）×820〜1235（H）mm〔ROB-460R/L〕外形／2648（L）×1130（W）×820〜1235（H）mm浴槽内／1925（L）×735（W）×450（D）mm、担架面高さ／735mm昇降ストローク／415mm質量約460kg材質浴槽部・カバー／FRP、フレーム／スチール・粉体塗装仕上、レール台／ステンレス浴槽容量約450L実使用湯量約380L（入浴者165cm、65kg）排水80A給湯水各20A電源三相200V 15A電源入力1000/800VA（50/60Hz）電力600/700W（50/60Hz）センタータイプ2カ所Ｒ・Ｌタイプ1カ所型式WS-460WS-465価格¥1,705,000¥1,540,000寸法質量材質付属品1950（L）×700（W）×275（H）mm約40kg担架面・サイドフェンス／プラスチック、フレーム･手すり／ステンレスマット、安全ベルト［セット構成例］ロベリアプラス浴槽電動昇降式ストレッチャー ST-480WS-460担架※仕様、外観は予告なく変更することがありますのでご了承ください。評価測定運動療法水治療法物理療法救急ＡＤＬ・作業療法言語療法自立支援機器衛生・防災介護用入浴機器システム組み合わせ例　入浴する方やスタッフの人数に合わせた組み合わせが可能です。ミキシング給湯 シャワーハンドシャワーガイドキャッチャーあんしんケアパック付 あんしんケアパック・プラス付あんしんケアパック付¥1,758,000¥1,588,000あんしんケアパック・プラス付¥1,808,000¥1,638,000価格1基2基4本1基1基2本ROB-460R1台 ¥9,530,0001台 ¥2,948,0001台 ¥1,705,000合計　¥14,183,000［浴槽タイプ別仕様］タイプ名入浴スイッチ片側セット¥10,107,000 ¥9,810,000 ¥9,810,000 ¥10,157,000 ¥9,860,000 ¥9,860,000 WS-460［セット構成例］ロベリアプラス浴槽電動昇降式ストレッチャー ST-480WS-460担架WS-465交 互に入 浴できるため大勢の方を効率的に入浴させることができます。ROB-460C1台 ¥9,820,0002台 ¥5,896,0002台 ¥3,410,000合計　¥19,126,000291仰臥位入浴座位 入浴AD L入浴その 他の介護用入浴機器入浴 関連商品※ 交互式セットの浴槽は、左右両側から入浴できるセンタータイプのみの組み合わせとなります。2セット1セット送料 チャーター便交互式セットロベリアプラス浴槽 スタンダードタイプ  送料 チャーター便オートスライド機構、気泡浴装置、塩素殺菌装置を標準装備したスタンダードタイプ。担架 心地良い肌触りのマットで、さらに快適な入浴を。クッション性に優れた素材を採用し、心地良い肌触りを実現しました。マット取付部は一体成形品で、マット止めピンを使わない構造です。マット取り外しは手で簡単に行えます。水をはじく素材のため、マットの冷たい感触が軽減されます。カビも付きづらく衛生面でも安心です。","ロベリアプラス浴槽 スタンダードタイプ  送料 チャーター便
オートスライド機構、気泡浴装置、塩素殺菌装置を標準装備した
スタンダードタイプ。
型式価格あんしんケアパック 付あんしんケアパック・プラス付
センタータイ プROB-460 C¥9,820,000 ¥10,107,000 ¥10,157,000 
RタイプROB-460 R¥9,530,000 ¥9,810,000 ¥9,860,000 
LタイプROB-460L¥9,530,000 ¥9,810,000 ¥9,860,000 
寸法〔ROB-460C〕外形／2648（L）×1245（W）×820〜1235（H）mm
〔ROB-460R/L〕外形／2648（L）×1130（W）×820〜1235（H）mm評価測定
浴槽内／1925（L）×735（W）×450（D）mm、担架面高さ／735mm
昇降ストローク／415mm
質量約460kg
運動療法
材質浴槽部・カバー／FRP、フレーム／スチール・粉体塗装仕上、レール台／ステンレス
浴槽容量約450L
実使用湯量約380（L入浴者165cm、65kg）
排水80A水治療法
給湯水各20A
電源三相200V 15A
電源入力1000/800VA（50/60Hz）物理療法
電力600/700W（50/60Hz）
※浴槽の装備仕様は下記の表をご覧ください。
［浴槽タイプ別仕様］救急
ミキシングハンドガイド
タイプ名入浴スイッチ
給 湯シャワーシャワーキャッチャー
ＡＤＬ・
センタータイプ2カ所1基2基4本2セット作業療法
Ｒ・Ｌタイプ1カ所1基1基2本1セット
言語療法
自立支援
機器
担架 送料 チャーター便
心地良い肌触りのマットで、さらに快適な入浴を。衛生・
クッション性に優れた素材を採用し、心地良い肌触りを実現しました。防災
マット取付部は一体成形品で、マット止めピンを使わない構造です。マット取り外し
は手で簡単に行えます。介護用
入浴機器
水をはじく素材のため、マットの冷たい感触が軽減されます。カビも付きづらく衛生
面でも安心です。
型式価格あんしんケアパック付あんしんケアパック・プラス付
WS-460¥1,705,000¥1,758,000¥1,808,000
WS-465¥1,540,000¥1,588,000¥1,638,000
寸法1950（L）×700（W）×275（H）mm
仰臥位入浴
質量約40kg
WS-460材質担架面・サイドフェンス／プラスチック、フレーム･手すり／ステンレス
座 位入浴
WS-465付属品マット、安全ベルト
A DL入浴
消耗品は
こち らP.351
そ の他の
介護用入浴機器
入 浴関連
商品
システム組み合わせ例　入浴する方やスタッフの人数に合わせた組み合わせが可能です。
交互式セット片側セット
 交互に 入浴できる
ため大勢の方を効
率的に入浴させる
ことができます。
［セット構成例］［セット構成例］
ロベリアプラス浴槽ROB-460C1 台¥9,820,000ロベリアプラス浴槽ROB-460R1 台¥9,530,000
電動昇降式ストレッチャ ーST-4802 台¥5,896,000電動昇降式ストレッチャ ーST-4801 台¥2,948,000
担架WS-4602 台¥3,410,000担架WS-4601 台¥1,705,000
合計　¥19,126,000合計　¥14,183,000
※ 交互式セットの浴槽は、左右両側から入浴できるセンタータイプのみの組み合わせとなります。
※仕様、外観は予告なく変更することがありますのでご了承ください。291"
293,MMTY4ZGTM4VZA,介護用入浴機器,仰臥位入浴,"54610575461057005400410034棚※仕様、外観は予告なく変更することがありますのでご了承ください。　評価測定運動療法水治療法物理療法救急ＡＤＬ・作業療法言語療法自立支援機器衛生・防災介護用入浴機器400415浴室脱衣コーナーベッド消耗品はこちら P.351型式ST-480寸法質量材質機能昇降回数最大使用者体重 100kg電源付属品型式ST-470寸法質量材質機能型式NW-470寸法質量材質ロベリアプラス浴槽ROB-460C340029006500送料 チャーター便送料 チャーター便送料 チャーター便配置イメージあんしんケアパック付 あんしんケアパック・プラス付あんしんケアパック付 あんしんケアパック・プラス付あんしんケアパック付 あんしんケアパック・プラス付価格¥2,948,000外形／1640（L）×682（W）×485〜720（H）mm担架面高さ／500〜735mm、キャスター：φ150mm約90kgフレーム／ステンレス・一部粉体塗装仕上、水受盤／プラスチック、中央スライド式水受盤／ステンレス・メラミン仕上キャスター／トータルロック約50回バッテリーDC24Vバッテリー（1個）、充電器価格¥1,375,000外形／1625（L）×682（W）×720（H）mm担架面高さ／735mm、キャスター：φ150mm約50kgフレーム／ステンレス・一部粉体塗装仕上、水受盤／プラスチック、中央スライド式水受盤／ステンレス・メラミン仕上キャスター／トータルロック価格¥1,430,000外形／1630（L）×795（W）×720（H）mm担架面高さ／735mm、キャスター／φ125mm約60kgフレーム／ステンレス・一部粉体塗装仕上、水受盤／プラスチック、中央スライド式水受盤／ステンレス・メラミン仕上¥3,039,000¥1,417,000¥1,474,000¥3,089,000¥1,467,000¥1,524,000292仰臥位入浴座位入浴ADL入浴その他の介護用入浴機器入浴関連商品電動昇降式ストレッチャー 移乗しやすい高さに調節できる電動昇降式。ストレッチャー リーズナブルな高さ固定タイプ。洗浄台 移乗回数を減らせるアイテム。","電動昇降式ストレッチャー 送料 チャーター便
移乗しやすい高さに調節できる電動昇降式。
型式価格あんしんケアパック 付あんしんケアパック・プラス付
ST-480¥2,948,000¥3,039,000¥3,089,000
寸法外形／1640（L）×682（W）×485〜720（H）mm
担架面高さ／500〜735mm、キャスター：φ150mm
質量約90kg
材質フレーム／ステンレス・一部粉体塗装仕上、水受盤／プラスチック、中央
スライド式水受盤／ステンレス・メラミン仕上
評価測定機能キャスター／トータルロック
昇降回数約50回
最大使用者体 重100kg
消耗品は電源バッテリーDC24V
運動療法こち らP.351
付属品バッテリー（1個）、充電器
水治療法
物理療法
ストレッチャー 送料 チャーター便
救急
リーズナブルな高さ固定タイプ。
型式価格あんしんケアパック 付あんしんケアパック・プラス付
ＡＤＬ・
作業療法ST-470¥1,375,000¥1,417,000¥1,467,000
寸法外形／1625（L）×682（W）×720（H）mm
担架面高さ／735mm、キャスター：φ150mm
言語療法質量約50kg
材質フレーム／ステンレス・一部粉体塗装仕上、水受盤／プラスチック、中央
スライド式水受盤／ステンレス・メラミン仕上
自立支援機能キャスター／トータルロック
機器
衛生・
防災
介護用
入浴機器
洗浄台 送料 チャーター便
移乗回数を減らせるアイテム。
型式価格あんしんケアパック 付あんしんケアパック・プラス付
NW-470¥1,430,000¥1,474,000¥1,524,000
寸法外形／1630（L）×795（W）×720（H）mm
仰臥位入浴担架面高さ／735mm、キャスター／φ125mm
質量約60kg
座位入浴材質フレーム／ステンレス・一部粉体塗装仕上、水受盤／プラスチック、中央
スライド式水受盤／ステンレス・メラミン仕上
ADL入浴
その他の
介護用入浴機器
入浴関連
商品
配置イメージ
ロベリアプラス浴槽
ROB-460C
34002900
057棚
1456
脱衣コーナー
000
040041500
345
414
浴室1456
057ベッド
6500
292※仕様、外観は予告なく変更することがありますのでご了承ください。　"
294,MMTY4ZI7PU0HL,介護用入浴機器,仰臥位入浴,"※チューブは、摩擦を軽減するチューブ状のカバー(青色)のことです。●   ご利用者の肩部、大腿部を押し、チューブの回転を利用して横のストレッチャーに移乗させます。●   移乗が完了したら、ボードを●  これで完了です。●  ボードを広げ、受ける側からボードの 約 3 分 の 1をご利用者の身体の下に挿入します。●   確実に頭部と足がボードに乗っているか、腕が移乗時に巻き込まれないかを確認します。ディスポーザブルチューブ SBDT202241（100枚入） 本体用チューブ SBT202131-SA 型式STY-100寸法外形／1900（L）×716（W）×695〜1073（H）mmマット／1844（L）×620（W）mmキャスター／φ150mm（トータルロック付）質量約50㎏材質フレーム／アルミニウム、マット／スポンジ（PE）、マット表生地／塩化ビニール、連結部／ステンレス機能昇降機能（ストローク378mm）、マット（ベルト固定式）、サイドフェンス（ロック付）、走行制御機能（方向ロック）昇降方式最大使用者体重 100kgハンドル回転式寸法質量材質1750(L)×500(W)mm約1.9kg(含チューブ)ポリエチレン［構成］ボード本体、本体用チューブ送料 A¥22,000※仕様、外観は予告なく変更することがありますのでご了承ください。評価測定運動療法水治療法物理療法救急ＡＤＬ・作業療法言語療法自立支援機器衛生・防災介護用入浴機器送料 チャーター便送料 B ¥125,000送料 A¥44,000オプション・交換品抱きかかえることなく、ラクに移乗することができます。移乗間に隙間がある場合でも、持ち上げることなく移乗可能。大柄な男性も移乗できる標準サイズ。2つ折りにできるため、持ち運びにも便利です。着衣ベッド 担架幅62cmと着衣がしやすいワイド設計。ベッドに合わせて高さ調節ができます。サイドフェンスが幅広く安全です。1ヶ所のペダル操作で4輪固定されるトータルロックキャスターを搭載。スライディングボード  SB202431-SA 汚れ防止用のディスポーザブルチューブを併用することで、感染等のリスクを低減できます。価格¥750,000寸法 1800(L)×520(W)mm材質 ポリエチレン取り除きます。あんしんケアパック付¥773,000あんしんケアパック・プラス付¥823,000293仰臥位入浴座位 入浴AD L入浴その 他の介護用入浴機器入浴 関連商品使用上のご注意！1. 安全にご使用頂くために、必ずベッド及びストレッチャーのキャスターを固定し、受ける側に少なくとも1人はお立ちください。2. 1人でご使用の場合は、移乗先のベッドやストレッチャーの転落防止の柵をご使用ください。寸法 1760(L)×510(W)mm材質 ポリエステルスライディングボード使用方法","着衣ベッド 送料 チャーター便
担架幅62cmと着衣がしやすいワイド設計。
ベッドに合わせて高さ調節ができます。
サイドフェンスが幅広く安全です。
1ヶ所のペダル操作で4輪固定されるトータルロックキャスターを搭載。
型式価格あんしんケアパック付あんしんケアパック・プラス付
STY-100¥750,000¥773,000¥823,000
寸法外形／1900（L）×716（W）×695〜1073（H）mm
マット／1844（L）×620（W）mm
評価測定
キャスター／φ150mm（トータルロック付）
質量約50㎏
材質フレーム／アルミニウム、マット／スポンジ（PE）、マット表生地／塩化ビ
ニール、連結部／ステンレス運動療法
機能昇降機能（ストローク378mm）、マット（ベルト固定式）、サイドフェンス
（ロック付）、走行制御機能（方向ロック）
昇降方式ハンドル回転式
水治療法
最大使用者体 重100kg
物理療法
救急
ＡＤＬ・
スライディングボード  送料 B 作業療法
SB202431-SA ¥125,000
抱きかかえることなく、ラクに移乗することができます。言語療法
移乗間に隙間がある場合でも、持ち上げることなく移乗可能。
大柄な男性も移乗できる標準サイズ。
自立支援
2つ折りにできるため、持ち運びにも便利です。機器
寸法1750(L)×500(W)mm
質量約1.9kg(含チューブ)
衛生・
材質ポリエチレン防災
［構成］ボード本体、本体用チューブ
介護用
入浴機器
仰臥位入浴
座 位入浴
オプション・交換品A DL入浴
そ の他の
本体用チューブ 送料 Aディスポーザブルチューブ 送料 A介護用入浴機器
SBT202131-SA ¥22,000SBDT202241（100枚入） ¥44,000入 浴関連
商品
寸 法1760(L)×510(W)mm汚れ防止用のディスポーザブルチューブを併用するこ
材 質ポリエステル
とで、感染等のリスクを低減できます。
※チューブは、摩擦を軽減するチューブ状のカバー(青色)のことです。
寸 法1800(L)×520(W)mm
材 質ポリエチレン
使用上のご注意！
スライディングボード使用方法
1. 安全にご使用頂くために、必ずベッド及びストレッチャーのキャスターを固定し、受ける側に少なくとも1人はお立ちください。
2. 1人でご使用の場合は、移乗先のベッドやストレッチャーの転落防止の柵をご使用ください。
 ●ボ ードを広げ、受ける側か ●  確実に頭部と足がボードに ●ご  利用者の肩部、大腿部を ●  移乗が完了したら、ボードを ● これで完了です。
らボード の 約 3 分 の1をご乗っているか、腕が移乗時押し、チューブの回転を利用取り除きます。
利用者の身体の下に挿入しに巻き込まれないかを確認して横のストレッチャーに移
ます。します。乗させます。
※仕様、外観は予告なく変更することがありますのでご了承ください。293"
295,MMTY4ZK2N4F1E,介護用入浴機器,仰臥位入浴,00955610050023002100210003棚※仕様、外観は予告なく変更することがありますのでご了承ください。　評価測定運動療法水治療法物理療法救急ＡＤＬ・作業療法言語療法自立支援機器衛生・防災介護用入浴機器300445浴室脱衣室単品カタログ28003000両側から交互に入浴できる、効率のよいコンパクト浴槽。動画はこちら浴槽上昇時連結完了表示ランプ313㎜エレベートバスCET-10028003000294腰を曲げずに担架を送り込める 「ハーフスライド方式」。仰臥位入浴座位入浴ADL入浴その他の介護用入浴機器入浴関連商品操作パネルストレッチャーの幅が313mmとコンパクトなため、腰を曲げずに担架を送り込むことができます。配置イメージ自動給湯システムを採用。入浴準備はワンタッチで行えます。温度調節はボタン１つで簡単操作。―電子制御ミキシング入浴時間計を標準装備。もしもの場合も安心。温度管理システムが火傷事故を防ぎます。（給湯温度が 46℃以上になると給湯が自動的にストップ。さらに、浴槽内湯温が44℃以上の場合、浴槽が上昇しない安全機構を備えています。)ストレッチャーの連結は連結完了ランプで確認でき安心です。担 架 が 適 正 位 置 にな いと浴 槽 が 上 昇しな い インターロック機構を標準装備。塩素殺菌装置、気泡浴装置はオプションでお選びいただけます。簡単操作。充実の安全装備。エレベートバス,"動画はこちら
両側から交互に入浴できる、効率のよいコンパクト浴槽。
単品
エレベートバス  カタログ
評価測定
運動療法
水治療法
物理療法
救急
ＡＤＬ・浴槽上昇時
作業療法
言語療法
腰を曲げずに担架を送り込める 簡単操作。
自立支援「ハーフスライド方式」。自動給湯システムを採用。入浴準備
機器
ストレッチャーの幅が313mmとコンパクトはワンタッチで行えます。
なため、腰を曲げずに担架を送り込むこと温度調節はボタン１つで簡単操作。
衛生・
防災ができます。―電子制御ミキシング
操作パネル
介護用
入浴機器
充実の安全装備。
入浴時間計を標準装備。
もしもの場合も安心。温度管理システムが火傷事故を防ぎます。
313㎜
（給湯温度 が46℃以上になると給湯が自動的にストップ。さらに、浴槽内湯温
が44℃以上の場合、浴槽が上昇しない安全機構を備えています。)
仰臥位入浴
ストレッチャーの連結は連結完了ランプで確認
座位入浴でき安心です。
 担 架 が 適 正 位 置に ないと 浴 槽 が 上昇し ない 
ADL入浴
インターロック機構を標準装備。
その他の
塩素殺菌装置、気泡浴装置はオプションでお選
介護用入浴機器
入浴関連びいただけます。
商品
連結完了表示ランプ
配置イメージ
エレベートバス
CET-100
28002800
005棚
300445脱衣室
0
000
020
012
33
155600
浴室00912
30003000
294※仕様、外観は予告なく変更することがありますのでご了承ください。　"
296,MMTY4ZMLP4LB0,介護用入浴機器,仰臥位入浴,"消耗品はこちら P.352ベルト用パッド SD3C5863E 片側セットCET-100エレベートバスEWS-100担架高さ調節式ストレッチャー EST-100型式CET-100寸法外形／2053（L）×944（W）×760〜1200（H）mm浴槽内／1783（L）×714（W）×460（D）mm、浴槽縁高／640mm質量約320kg材質フレーム／スチール･一部粉体塗装仕上、浴槽部・カバー／FRP浴槽容量約415L実使用湯量約340L（入浴者165cm、65kg）排水80A掘込給湯水各20A昇降方式電動油圧式電源単相100V（50/60Hz）電源入力600VA/860VA（680VA/915VA：バブラーオプション付）（50/60Hz）電力560W/800W（640W/880W：バブラーオプション付）（50/60Hz）その他連結完了ランプ、温度管理システム、電子制御ミキシング型式EWS-100寸法質量材質1807（L）×599（W）×263（H）mm約45kg フレーム／ステンレス、マット／プラスチック（EVAスポンジ）、サイドフェンス／プラスチック（ポリプロピレン）調節式足当て付属品型式EST-100寸法外形／1264（L）×724（W）×404〜687（H）mm担架面高さ／453〜736mm、キャスター（前輪）／φ100mmキャスター（後輪）／φ125mm約85kgフレーム／ステンレス・一部粉体塗装仕上、水受盤／プラスチック（ポリプロピレン）質量材質機能キャスター／前2輪個別ロック、後2輪トータルロック昇降回数約50回昇降方式電動アクチュエーター最大使用者体重 100kg電源DC24V塩素殺菌装置 CEL-20気泡浴装置 CEL-10※仕様、外観は予告なく変更することがありますのでご了承ください。評価測定運動療法水治療法物理療法救急ＡＤＬ・作業療法言語療法自立支援機器衛生・防災介護用入浴機器送料 チャーター便送料 チャーター便送料 チャーター便送料 チャーター便送料 A¥5,500／1個オプションシステム組み合わせ例あんしんケアパック付 あんしんケアパック・プラス付あんしんケアパック付 あんしんケアパック・プラス付あんしんケアパック付 あんしんケアパック・プラス付あんしんケアパック付 あんしんケアパック・プラス付1台 ¥8,085,0001台 ¥1,408,0001台 ¥2,497,000合計　¥11,990,000価格¥8,085,000価格¥1,408,000価格¥2,497,000型式価格¥286,000¥286,000［必要数（1台）］2個¥8,357,000¥1,458,000¥2,585,000¥296,000¥296,000¥8,407,000¥1,508,000¥2,635,000¥306,000¥306,000295塩素殺菌装置  送料 チャーター便 気泡浴装置 エレベートバス 担架 大型サイドフェンスと手すりを標準装備。移乗や移動、側臥位での洗身も安心です。ご利用者の体格に合わせられる調節式足当てが入浴姿勢を優しく保持します。スライド式ヘッドレストは幅が40cmと広く、どこに頭を乗せても安心です。高さ調節式ストレッチャー 充電はバッテリー着脱式で簡単。ストレッチャーをコンセント位置まで動かして充電するわずらわしさを解消しました。バッテリー残量はインジケータによりひと目で確認でき安心です。操作しやすい2輪トータルロック付キャスターを採用。仰臥位入浴座位 入浴AD L入浴その 他の介護用入浴機器入浴 関連商品","エレベートバス 送料 チャーター便
型式価格あんしんケアパック 付あんしんケアパック・プラス付
CET-100¥8,085,000¥8,357,000¥8,407,000
寸法外形／2053（L）×944（W）×760〜1200（H）mm
浴槽内／1783（L）×714（W）×460（D）mm、浴槽縁高／640mm
質量約320kg
材質フレーム／スチール･一部粉体塗装仕上、浴槽部・カバー／FRP
浴槽容量約415L
実使用湯量約340（L入浴者165cm、65kg）
排水80A掘込評価測定
給湯水各20A
昇降方式電動油圧式
電源単相100V（50/60Hz）
運動療法
電源入力600VA/860VA（680VA/915VA：バブラーオプション付（）50/60Hz）
電力560W/800W（640W/880W：バブラーオプション付（）50/60Hz）
その他連結完了ランプ、温度管理システム、電子制御ミキシング
水治療法
物理療法
担架 送料 チャーター便救急
大型サイドフェンスと手すりを標準装備。
移乗や移動、側臥位での洗身も安心です。ＡＤＬ・
ご利用者の体格に合わせられる調節式足当てが入浴姿勢を優しく保持し作業療法
ます。
スライド式ヘッドレストは幅が40cmと広く、どこに頭を乗せても安心です。
言語療法
型式価格あんしんケアパック 付あんしんケアパック・プラス付
EWS-100¥1,408,000¥1,458,000¥1,508,000
寸法1807（L）×599（W）×263（H）mm自立支援
機器
質量約45kg 
材質フレーム／ステンレス、マット／プラスチック（EVAスポンジ）、サイドフェ
ンス／プラスチック（ポリプロピレン）
衛生・
付属品調節式足当て防災
介護用
入浴機器
高さ調節式ストレッチャー 送料 チャーター便
充電はバッテリー着脱式で簡単。
ストレッチャーをコンセント位置まで動かして充電するわずらわしさを解
消しました。仰臥位入浴
バッテリー残量はインジケータによりひと目で確認でき安心です。
座 位入浴
操作しやすい2輪トータルロック付キャスターを採用。
型式価格あんしんケアパック 付あんしんケアパック・プラス付
A DL入浴
EST-100¥2,497,000¥2,585,000¥2,635,000
寸法外形／1264（L）×724（W）×404〜687（H）mmそ の他の
介護用入浴機器
担架面高さ／453〜736mm、キャスター（前輪）／φ100mm
消こ耗ち品 はらP.352キャスター（後輪）／φ125mm入 浴関連
質量約85kg商品
材質フレーム／ステンレス・一部粉体塗装仕上、水受盤／プラスチック（ポリ
プロピレン）
機能キャスター／前2輪個別ロック、後2輪トータルロック
昇降回数約50回
昇降方式電動アクチュエーター
最大使用者体 重100kg
電源DC24V
システム組み合わせ例オプション
片側セット塩素殺菌装置  送料 チャーター 便気泡浴装置 送料 チャーター便
エレベートバスCET-1001 台¥8,085,000
型式価格あんしんケアパック 付あんしんケアパック・プラス付
担架EWS-1001 台¥1,408,000
高さ調節式ストレッチャ ーEST-1001 台¥2,497,000塩素殺菌装 置CEL-20¥286,000¥296,000¥306,000
気泡浴装 置CEL-10¥286,000¥296,000¥306,000
合計　¥11,990,000
ベルト用パッド 送料 A
SD3C5863E ¥5,500／1個
［必要数（1台）］2個
※仕様、外観は予告なく変更することがありますのでご了承ください。295"
297,MMTY4ZQ75DF4G,介護用入浴機器,仰臥位入浴,カタログ仰臥位でも、長座位でも、幅広い入浴スタイルを1台で。動画はこちら長座位入浴296仰臥位入浴座位入浴ADL入浴その他の介護用入浴機器入浴関連商品仰臥位入浴長座位入浴仰臥位入浴※仕様、外観は予告なく変更することがありますのでご了承ください。　評価測定運動療法水治療法物理療法救急ＡＤＬ・作業療法言語療法自立支援機器衛生・防災介護用入浴機器ワンタッチで仰臥位・長座位を選択できるので、1 台で幅広いご利用者に対応できます。回転アームはなめらかな動きのため、安心して入浴できます。専用入浴ストレッチャーが不要なため、浴槽のすぐそばで入浴介助ができます。担架を水平に15°スイングさせることができるため、両側から洗身介助ができます。温度設定や適正水位までの湯はりをワンタッチで操作できます。また、入浴時間計により適切な入浴管理ができます。給湯温度が 46℃以上になると、湯はりを自動停止。さらに浴槽内湯温が 44℃以上では、担架が旋回しない二重の安全機構です。担架上で安心して介助ができます。安全にお使い頂くための情報を画面で確認できます。わかりやすい液晶タッチパネル。温度管理システム。上肢用・下肢用サイドフェンス。液晶パネルでのお知らせ機能。仰臥位・長座位が選べる2WAY浴槽。介助しやすい設計。スーパーラダリバス／スーパーラダリバスデュアル   単品,"動画はこちら
仰臥位でも、長座位でも、幅広い入浴スタイルを1台で。
単品
スーパーラダリバス／スーパーラダリバスデュアル   カタログ
評価測定
運動療法
水治療法
物理療法
救急
仰臥位入浴長座位入浴
ＡＤＬ・
作業療法
仰臥位・長座位が選べる2WAY浴槽。わかりやすい液晶タッチパネル。
言語療法ワンタッチで仰臥位・長座位を選択できるので、 1台で幅広い温度設定や適正水位までの湯はりをワンタッチで操作でき
ご利用者に対応できます。回転アームはなめらかな動きのたます。また、入浴時間計により適切な入浴管理ができます。
自立支援め、安心して入浴できます。
機器
衛生・
防災
介護用
入浴機器
液晶パネルでのお知らせ
機能。
仰臥位入浴
安全にお使い頂くための情報を
座位入浴画面で確認できます。
ADL入浴
その他の
介護用入浴機器
入浴関連仰臥位入浴長座位入浴
商品温度管理システム。
給湯温度 が46℃以上になると、湯はりを自動停止。さらに浴
介助しやすい設計。槽内湯温 が44℃以上では、担架が旋回しない二重の安全機
専用入浴ストレッチャーが不要なため、浴槽のすぐそばで入構です。
浴介助ができます。担架を水平に15°スイングさせることが
できるため、両側から洗身介助ができます。
上肢用・下肢用サイドフェンス。
担架上で安心して介助ができます。
296※仕様、外観は予告なく変更することがありますのでご了承ください。　"
298,MMTY4ZSN6RDC0,介護用入浴機器,仰臥位入浴,"5931005558009300210073棚※仕様、外観は予告なく変更することがありますのでご了承ください。評価測定運動療法水治療法物理療法救急ＡＤＬ・作業療法言語療法自立支援機器衛生・防災介護用入浴機器770300脱衣コーナー浴室消耗品はこちら P.353補助手すり RAL-33R/L RAL-400スーパーラダリバスRAL-300R390024006500塩素殺菌装置  送料 チャーター便送料 チャーター便オプション配置イメージあんしんケアパック付 あんしんケアパック・プラス付あんしんケアパック付 あんしんケアパック・プラス付型式Rタイプ RAL-300R ¥11,440,000  ¥11,788,000 Lタイプ RAL-300L ¥11,440,000  ¥11,788,000 寸法質量材質約640kg、浴槽／約250kg、リフト部／約350kg、担架／約40kg浴槽/フレーム／スチール・粉体塗装仕上げ、浴槽部・カバー／FRP、リフト部/フレーム／ステンレス、支柱／ステンレス、回転アーム／ステンレス、担架固定アーム／ステンレス、カバー／FRP、担架/フレーム／ステンレス、担架面／プラスチック（ポリプロピレン）、手すり／ステンレス・プラスチック（PVC）、サイドフェンス／プラスチック浴槽容量 600L実使用湯量 480L電源三相200V 20A電源入力 1130VA/1180VA（50/60Hz）RAL-300R電力760W/970W（50/60Hz）昇降方式 電動油圧・回転アーム式型式RAL-400寸法質量材質浴槽容量実使用湯量電源電源入力電力昇降方式送料 B¥176,000立位での洗身介助が担架近くで行えるため、介助動線を大幅に短縮。型式気泡浴装置 RAL-31塩素殺菌装置 RAL-32価格価格¥19,870,000外形（担架が浴槽外の時）／2829（L）×2615（W）×1597〜1897（H）mm浴槽／2295（L）×1000（W）×825（H）mm浴槽内／2030（L）×780（W）×630（H）mmリフト部／922（L）×1460（W）×1365〜1897（H）mm担架／1855（L）×688（W）mm、担架面最大高さ／1034mm約1030kg、浴槽／約250kg、リフト部／約350kg（1台分）、担架／約40kg浴槽/フレーム／スチール・粉体塗装仕上げ、浴槽部・カバー／FRP、リフト部/フレーム／ステンレス、支柱／ステンレス、回転アーム／ステンレス、担架固定アーム／ステンレス、カバー／FRP、担架/フレーム／ステンレス、担架面／プラスチック（ポリプロピレン）、手すり／ステンレス・プラスチック（PVC）、サイドフェンス／プラスチック600L480L三相200V・20A1130VA/1180VA（50/60Hz）760W/970W（50/60Hz）電動油圧・回転アーム式送料 チャーター便価格¥286,000¥286,000あんしんケアパック付 あんしんケアパック・プラス付¥20,373,000¥295,000¥295,000297気泡浴装置 スーパーラダリバス スーパーラダリバスデュアル  送料 チャーター便リフト部を2基にした交互入浴ができるタイプ。仰臥位入浴座位 入浴AD L入浴その 他の介護用入浴機器入浴 関連商品¥11,838,000 ¥11,838,000 外形（担架が浴槽外の時）／2829（L）×1808（W）×1597〜1897（H）mm浴槽／2295（L）×1000（W）×825（H）mm浴槽内／2030（L）×780（W）×630（H）mmリフト部／922（L）×875（W）×1365〜1897（H）mm担架／1855（L）×688（W）mm、担架面最大高さ／1034mm¥20,423,000¥305,000¥305,000","スーパーラダリバス 送料 チャーター便
型式価格あんしんケアパック 付あんしんケアパック・プラス付
Rタイ プRAL-300 R¥11,440,000  ¥11,788,000 ¥11,838,000 
Lタイ プRAL-300 L¥11,440,000  ¥11,788,000 ¥11,838,000 
寸法外形（担架が浴槽外の時）／2829（L）×1808（W）×1597〜1897（H）mm
浴槽／2295（L）×1000（W）×825（H）mm
浴槽内／2030（L）×780（W）×630（H）mm
リフト部／922（L）×875（W）×1365〜1897（H）mm
担架／1855（L）×688（W）mm、担架面最大高さ／1034mm
質量約640kg、浴槽／約250kg、リフト部／約350kg、担架／約40kg
評価測定
材質浴槽/フレーム／スチール・粉体塗装仕上げ、浴槽部・カバー／FRP、リフト部/フレー
ム／ステンレス、支柱／ステンレス、回転アーム／ステンレス、担架固定アーム／ス
テンレス、カバー／FRP、担架/フレーム／ステンレス、担架面／プラスチック（ポリプ
ロピレン）、手すり／ステンレス・プラスチック（PVC）、サイドフェンス／プラスチック
運動療法
浴槽容 量600L
実使用湯 量480L
電源三相200V 20A
電源入 力1130VA/1180VA（50/60Hz）水治療法
電力760W/970W（50/60Hz）
RAL-300R
昇降方 式電動油圧・回転アーム式
物理療法
スーパーラダリバスデュアル  送料 チャーター便
救急
リフト部を2基にした交互入浴ができるタイプ。
型式価格あんしんケアパック 付あんしんケアパック・プラス付
ＡＤＬ・
RAL-400¥19,870,000¥20,373,000¥20,423,000作業療法
寸法外形（担架が浴槽外の時）／2829（L）×2615（W）×1597〜1897（H）mm
浴槽／2295（L）×1000（W）×825（H）mm
浴槽内／2030（L）×780（W）×630（H）mm言語療法
リフト部／922（L）×1460（W）×1365〜1897（H）mm
担架／1855（L）×688（W）mm、担架面最大高さ／1034mm
質量約1030kg、浴槽／約250kg、リフト部／約350k（g1台分）、担架／約40kg
自立支援
材質浴槽/フレーム／スチール・粉体塗装仕上げ、浴槽部・カバー／FRP、リ
機器
フト部/フレーム／ステンレス、支柱／ステンレス、回転アーム／ステン
レス、担架固定アーム／ステンレス、カバー／FRP、担架/フレーム／ス
テンレス、担架面／プラスチック（ポリプロピレン）、手すり／ステンレス・
衛生・
プラスチック（PVC）、サイドフェンス／プラスチック
防災
浴槽容量600L
実使用湯量480L
電源三相200V・20A介護用
電源入力1130VA/1180VA（50/60Hz）入浴機器
電力760W/970W（50/60Hz）
RAL-400昇降方式電動油圧・回転アーム式
消耗品は
こち らP.353
仰臥位入浴
オプション
座 位入浴
補助手すり 送料 B気泡浴装置 送料 チャーター便塩素殺菌装置  送料 チャーター便
A DL入浴
RAL-33R/L ¥176,000型式価格あんしんケアパック 付あんしんケアパック・プラス付
立位での洗身介助が担架近くで行えるた気泡浴装 置RAL-31¥286,000¥295,000¥305,000そ の他の
介護用入浴機器
め、介助動線を大幅に短縮。塩素殺菌装 置RAL-32¥286,000¥295,000¥305,000
入 浴関連
商品
配置イメージ
スーパーラダリバス
RAL-300R
39002400
558005棚
300770
00
00
7脱衣コーナー9
33
0
0
2
1
1359浴室
6500
※仕様、外観は予告なく変更することがありますのでご了承ください。297"
299,MMTY4ZU6AZ9GW,介護用入浴機器,仰臥位入浴,538100010003002100210082棚※仕様、外観は予告なく変更することがありますのでご了承ください。　評価測定運動療法水治療法物理療法救急ＡＤＬ・作業療法言語療法自立支援機器衛生・防災介護用入浴機器300440浴室脱衣室単品カタログアリッサムALM-7002800300028003000コンパクトで「高機能」、小さくても「ゆったり」入浴、しかも「新湯」で快適入浴。動画はこちら313㎜298新湯式仰臥位浴槽 アリッサム  腰を曲げずに担架を送り込める 「ハーフスライド方式」。仰臥位入浴座位入浴ADL入浴その他の介護用入浴機器入浴関連商品ストレッチャーの幅が 313 mmとコンパクトなため、腰を曲げずに担架を送り込むことができます。配置イメージ貯湯タンクから毎回新しいお湯を供給。常に清潔な入浴が楽しめます。安定した入浴姿勢が保て、ご利用者一人ひとりの体格に合わせた水位調節が可能です。タンクへの供給、浴槽への送湯、差し湯をセンターパネルで安全に制御します。昇降扉の開閉操作とストレッチャー連結完了ランプ、半ドアランプを操作しやすい位置にレイアウトしました。100%新湯方式と電動昇降扉を採用。チルト機能でゆったり入浴。わかりやすいコントロールパネル。,"動画はこちら
コンパクトで「高機能」、小さくても「ゆったり」入浴、しかも「新湯」で快適入浴。
単品
新湯式仰臥位浴槽 アリッサム  カタログ
100%新湯方式と電動昇降扉を採用。
貯湯タンクから毎回新しいお湯を供給。
評価測定常に清潔な入浴が楽しめます。
運動療法
水治療法
物理療法
救急
チルト機能でゆったり入浴。
ＡＤＬ・
作業療法安定した入浴姿勢が保て、ご利用者一人ひとりの体格に合わ
せた水位調節が可能です。
言語療法
自立支援
機器
衛生・
防災
介護用腰を曲げずに担架を送り込める 
入浴機器
「ハーフスライド方式」。
ストレッチャーの幅 が31 3mmとわかりやすいコントロールパネル。
コンパクトなため、
タンクへの供給、浴槽への送湯、差し湯をセンターパネルで
腰を曲げずに担架を
安全に制御します。昇降扉の開閉操作とストレッチャー連結完
送り込むことができます。
仰臥位入浴了ランプ、半ドアランプを操作しやすい位置にレイアウトしま
した。
座位入浴
ADL入浴
その他の
介護用入浴機器
入浴関連
商品
313㎜
配置イメージ
アリッサム
ALM-700
28002800
棚
300440
脱衣室
0
008012000
21358003
0001浴室12
30003000
298※仕様、外観は予告なく変更することがありますのでご了承ください。　"
300,MMTY4ZVM0TJF4,介護用入浴機器,仰臥位入浴,"消耗品はこちら P.354ST-710ALM-700アリッサム浴槽WS-700リクライナー高さ調節式ストレッチャー ST-7101台 ¥6,930,0001台 ¥1,485,0001台 ¥2,497,000合計　¥10,912,000型式ALM-700寸法外形／2060（L）×954（W）×1145（H）mm浴槽内／1690（L）×670（W）×530（D）mm質量約340kg材質フレーム／スチール・粉体塗装仕上、タンク／ステンレススチール、浴槽・扉・カバー／FRP構造扉開閉方式・シール方式（電動）安全機構温度管理システム、漏電ブレーカー浴槽容量約390L実使用湯量約300L（入浴者160cm、57kg）貯湯タンク容量 約310L電源（ALM-700）単相100V（50/60Hz）15A、（ALM-700＋ALM-10）単相100V（50/60Hz）20A電源入力1000VA（50Hz）、1100VA（60Hz）、1300VA（50Hz）、1400VA（60Hz）電力750W（50Hz）、1080W（60Hz）、900W（50Hz）、1280W（60Hz）型式WS-700寸法質量材質1755（L）×575（W）×270（H）mm約25kgフレーム／ステンレス、リクライナー面／ポリプロピレン・ポリエチレン、サイドフェンス／ポリプロピレン型式高さ調節式 ST-710ST-700固定式［ST-710］寸法外形／1300（L）×790（W）×405〜720（H）mm担架面高さ／455〜770mm、キャスター／φ150mm約80kgフレーム／ステンレススチール・一部粉体塗装仕上、バッテリーカバー／プラスチック（ABS）、水受盤／プラスチック（ポリプロピレン）高さ調節式（電動アクチュエーター式）リクライナースライド防止機能、キャスター／前2輪個別ロック、後2輪トータルロック昇降回数 約70回最大使用者体重 100kg付属品質量材質構造機能バッテリーDC24V（1個）、充電器、リモコンスイッチ［ST-700］寸法外形／1300（L）×790（W）×720（H）mm担架面高さ／770mm、キャスター／φ150mm質量約40kg材質フレーム／ステンレススチール・一部粉体塗装仕上、水受盤／プラスチック（ポリプロピレン）機能リクライナースライド防止機能、キャスター／前2輪個別ロック、後2輪トータルロック型式気泡浴装置 ALM-10ハンドシャワー ALM-30※仕様、外観は予告なく変更することがありますのでご了承ください。評価測定運動療法水治療法物理療法救急ＡＤＬ・作業療法言語療法自立支援機器衛生・防災介護用入浴機器ハンドシャワー  送料 チャーター便送料 チャーター便送料 チャーター便送料 チャーター便オプションシステム組み合わせ例あんしんケアパック付 あんしんケアパック・プラス付あんしんケアパック付 あんしんケアパック・プラス付あんしんケアパック付 あんしんケアパック・プラス付安心の大型サイドフェンスは入浴中や移動時の不安を軽減し、手すりとしても活用できます。肌にやさしい熱圧成形マットを採用。価格¥6,930,000価格¥1,485,000価格¥2,497,000¥1,188,000送料 チャーター便価格¥319,000¥110,000あんしんケアパック付 あんしんケアパック・プラス付送料 チャーター便¥277,000¥7,186,000¥1,543,000¥2,594,000¥1,235,000¥332,000¥115,000¥7,236,000¥1,593,000¥2,644,000¥1,285,000¥342,000¥125,000299気泡浴装置 背面カバー ALM-20 アリッサム浴槽 リクライナー（担架） ストレッチャー 仰臥位入浴座位 入浴AD L入浴その 他の介護用入浴機器入浴 関連商品","アリッサム浴槽 送料 チャーター便
型式価格あんしんケアパック 付あんしんケアパック・プラス付
ALM-700¥6,930,000¥7,186,000¥7,236,000
寸法外形／2060（L）×954（W）×1145（H）mm
浴槽内／1690（L）×670（W）×530（D）mm
質量約340kg
材質フレーム／スチール・粉体塗装仕上、タンク／ステンレススチール、浴
槽・扉・カバー／FRP
構造扉開閉方式・シール方式（電動）
安全機構温度管理システム、漏電ブレーカー
評価測定
浴槽容量約390L
実使用湯量約300（L入浴者160cm、57kg）
貯湯タンク容 量約310L
電源（ALM-700）単相100V（50/60Hz）15A（、ALM-700＋ALM-10）単相運動療法
100V（50/60Hz）20A
電源入力1000VA（50Hz）、1100VA（60Hz）、1300VA（50Hz）、1400VA
（60Hz）
水治療法
電力750W（50Hz）、1080W（60Hz）、900W（50Hz）、1280W（60Hz）
物理療法
救急
リクライナー（担架） 送料 チャーター便
安心の大型サイドフェンスは入浴中や移動時の不安を軽減し、手すりとＡＤＬ・
しても活用できます。肌にやさしい熱圧成形マットを採用。作業療法
型式価格あんしんケアパック 付あんしんケアパック・プラス付
WS-700¥1,485,000¥1,543,000¥1,593,000言語療法
寸法1755（L）×575（W）×270（H）mm
質量約25kg
材質フレーム／ステンレス、リクライナー面／ポリプロピレン・ポリエチレン、自立支援
サイドフェンス／ポリプロピレン機器
衛生・
防災
介護用
入浴機器
ストレッチャー 送料 チャーター便
型式価格あんしんケアパック 付あんしんケアパック・プラス付
高さ調節 式ST-710¥2,497,000¥2,594,000¥2,644,000
固定式ST-700¥1,188,000¥1,235,000¥1,285,000
［ST-710］
寸法外形／1300（L）×790（W）×405〜720（H）mm仰臥位入浴
担架面高さ／455〜770mm、キャスター／φ150mm
質量約80kg
座 位入浴
材質フレーム／ステンレススチール・一部粉体塗装仕上、バッテリーカバー／プラ
スチック（ABS）、水受盤／プラスチック（ポリプロピレン）
A DL入浴
構造高さ調節式（電動アクチュエーター式）
機能リクライナースライド防止機能、キャスター／前2輪個別ロック、後2輪トータそ の他の
ルロック介護用入浴機器
昇降回 数約70回入 浴関連
ST-710最大使用者体 重100kg商品
付属品バッテリーDC24V（1個）、充電器、リモコンスイッチ
［ST-700］
寸法外形／1300（L）×790（W）×720（H）mm
担架面高さ／770mm、キャスター／φ150mm
質量約40kg
材質フレーム／ステンレススチール・一部粉体塗装仕上、水受盤／プラスチック
（ポリプロピレン）
機能リクライナースライド防止機能、キャスター／前2輪個別ロック、後2輪トータ
ルロック
消耗品は
こち らP.354
システム組み合わせ例オプション
気泡浴装置 送料 チャーター便ハンドシャワー  送料 チャーター便
アリッサム浴槽ALM-7001 台¥6,930,000
リクライナーWS-7001 台¥1,485,000型式価格あんしんケアパック 付あんしんケアパック・プラス付
高さ調節式ストレッチャ ーST-7101 台¥2,497,000
気泡浴装 置ALM-10¥319,000¥332,000¥342,000
合計　¥10,912,000ハンドシャワ ーALM-30¥110,000¥115,000¥125,000
背面カバー 送料 チャーター便
ALM-20 ¥277,000
※仕様、外観は予告なく変更することがありますのでご了承ください。299"
301,MMTY4ZXF16TVG,介護用入浴機器,仰臥位入浴,カタログ動画はこちら300仰臥位入浴座位入浴ADL入浴その他の介護用入浴機器入浴関連商品※仕様、外観は予告なく変更することがありますのでご了承ください。　評価測定運動療法水治療法物理療法救急ＡＤＬ・作業療法言語療法自立支援機器衛生・防災介護用入浴機器リフト アンド バス リクシー     単品上質で豊かな時間。コンパクト浴槽のその先へ。,"動画はこちら
リフト アンド バス 
単品
リクシ ー    カタログ
評価測定
運動療法
水治療法
上質で豊かな時間。
物理療法
コンパクト浴槽のその先へ。
救急
ＡＤＬ・
作業療法
言語療法
自立支援
機器
衛生・
防災
介護用
入浴機器
仰臥位入浴
座位入浴
ADL入浴
その他の
介護用入浴機器
入浴関連
商品
300※仕様、外観は予告なく変更することがありますのでご了承ください。　"
302,MMTY4ZZ19KGOC,介護用入浴機器,仰臥位入浴,浴槽自体はコンパクトでも、浴槽内は広々。浴槽内は1915×830mmあり、大柄な方でもゆったり入浴できます。ストレッチャーの脚部が浴槽下部に潜り込むので、介助する方は入浴する方の真横まで近づくことが可能です。また、浴槽の縁高は80cm。腰をかがめずに楽な姿勢で介助できます。301広々とした浴槽内でゆったり入浴。より近くで安全に。仰臥位入浴座位 入浴AD L入浴その 他の介護用入浴機器入浴 関連商品担架幅は最大58cmのワイド設計。※仕様、外観は予告なく変更することがありますのでご了承ください。評価測定運動療法水治療法物理療法救急ＡＤＬ・作業療法言語療法自立支援機器衛生・防災介護用入浴機器,"広々とした浴槽内でゆったり入浴。
浴槽自体はコンパクトでも、浴槽内は広々。
浴槽内は1915×830mmあり、大柄な方でもゆったり入浴
できます。
評価測定
運動療法
水治療法
物理療法
救急
ＡＤＬ・
作業療法
言語療法
自立支援
機器
衛生・
担架幅は最大58cmのワイド設計。防災
介護用
入浴機器
より近くで安全に。
仰臥位入浴
ストレッチャーの脚部が浴槽下部に潜り込むので、介助する方
は入浴する方の真横まで近づくことが可能です。また、浴槽の縁座 位入浴
高は80cm。腰をかがめずに楽な姿勢で介助できます。
A DL入浴
そ の他の
介護用入浴機器
入 浴関連
商品
※仕様、外観は予告なく変更することがありますのでご了承ください。301"
303,MMTY500LCCLWO,介護用入浴機器,仰臥位入浴,皮膚温の変化量℃汗)(※仕様、外観は予告なく変更することがありますのでご了承ください。　評価測定運動療法水治療法物理療法救急ＡＤＬ・作業療法言語療法自立支援機器衛生・防災介護用入浴機器　左右独立式のため、側臥位での洗身時などは片側をはね上げて使用することも可能です。マイクロバブルでしっかりきれい。お肌のすみずみまで届くマイクロバブル※が、入浴するだけでシワや毛穴の奥の老廃物をやさしく浮き上がらせるほか、気になるニオイの元も洗い流します。左右独立式で安心安全な手すり。通常のお湯とリクシーマイクロバブルで入浴した後の体表温度を測定。水と空気でできた超微細な気泡、マイクロバブルが肌のすみずみまで包み込み、身体の芯まで温めます。入浴後もぽかぽかが持続し、湯冷めしにくいのが特長です。〈通常のお湯とマイクロバブルのお湯の体表面温度比較〉入浴中は前ずれを防いで、安定した入浴姿勢が保てる設計になっています。入浴後も温かさが持続。入浴時の姿勢保持も。マイクロバブルのお湯マイクロバブルのお湯通常のお湯302（1µm＝1/1000mm）（表皮）（真皮）汗腺※イメージマイクロバブル皮脂汚れなど皮脂腺温かさが長続き※ 室温21℃で、マイクロバブルを発生させたお湯（40℃）に5分間入浴した後、10分後に赤外線サーモグラフィで体表面温度を撮影。仰臥位入浴座位入浴ADL入浴その他の介護用入浴機器入浴関連商品※ マイクロバブルは直径100µm未満で1µm（=0.001mm）以上の泡の事（ISOで定められた国際標準規格）です。通常、水の中で出来る泡と比較しても、マイクロバブルは極めて小さく、負電位のため微小なゴミを吸着して水面に浮上させる性質を持っています。※ マイクロバブル機能は、リクシーマイクロバブル仕様 （LIX-120M・LIX-100M・LIS-110M・LIS-100M）のみ対応しています。※マイクロバブル機能は株式会社サイエンスの製品を使用しています。※上肢用サイドフェンスはオプションです。通常のお湯4.54.03.53.02.52.01.51.00.50.0入 浴 前入 浴 後１分 入 浴 後５分 入 浴 後10 分,"マイクロバブルでしっかりきれい。入浴後も温かさが持続。
※
お肌のすみずみまで届くマイクロバブルが、入浴するだけでシ通常のお湯とリクシーマイクロバブルで入浴した後の体表温度
ワや毛穴の奥の老廃物をやさしく浮き上がらせるほか、気になるを測定。水と空気でできた超微細な気泡、マイクロバブルが肌の
ニオイの元も洗い流します。すみずみまで包み込み、身体の芯まで温めます。入浴後もぽか
ぽかが持続し、湯冷めしにくいのが特長です。
（1µm＝1/1000mm）
〈通常のお湯とマイクロバブルのお湯の体表面温度比較〉
※ 室温21℃で、マイクロバブルを発生させたお湯（40℃）に5分間入浴した後、10
評価測定マイクロバブル分後に赤外線サーモグラフィで体表面温度を撮影。
運動療法
（表皮）
水治療法皮脂汚れなど汗（真皮）
汗腺
皮脂腺
※イメージ
物理療法※ マイクロバブルは直径100µm未満で1µm（=0.001mm）以上の泡の事（ISOで
定められた国際標準規格）です。通常、水の中で出来る泡と比較しても、マイクロ
バブルは極めて小さく、負電位のため微小なゴミを吸着して水面に浮上させる性
質を持っています。
救急
通常のお湯マイクロバブルのお湯
ＡＤＬ・
4.5
作業療法
4.0
皮3.5
言語療法温膚3.0温かさが
の変2.5長続き
自立支援化2.0
量
機器)1.5
℃(　1.0
衛生・0.5
防災0.0
 入 浴前 入 浴後１ 分 入 浴後５ 分 入 浴後1 0分
介護用
入浴機器マイクロバブルのお湯
通常のお湯
仰臥位入浴
座位入浴
ADL入浴
その他の※ マイクロバブル機能は、リクシーマイクロバブル仕様 
介護用入浴機器（LIX-120M・LIX-100M・LIS-110M・LIS-100M）のみ対応しています。
入浴関連※マイクロバブル機能は株式会社サイエンスの製品を使用しています。
商品
左右独立式で安心安全な手すり。入浴時の姿勢保持も。
左右独立式のため、側臥位での洗身時などは片側をはね上げて入浴中は前ずれを防いで、安定した入浴姿勢が保てる設計に
使用することも可能です。なっています。
※上肢用サイドフェンスはオプションです。
302※仕様、外観は予告なく変更することがありますのでご了承ください。　"
304,MMTY50218OVME,介護用入浴機器,仰臥位入浴,湯はりスイッチ・・・・・・・・・・・・・・・・ 適正水位まで自動給湯湯温設定・・・・・・・・・・・・・・・・・・・・・・・・ スイッチで簡単設定音声サポート・・・・・・・・・・・・・・・・・・ 操作を音声でサポート英語表記・・・・・・・・・・・・・・・・・・・・・・・・ 各スイッチに英語表記リモコン操作は上昇・下降の2つのボタンだけのシンプル設計。また、ストレッチャーの上昇・下降はリモコンと本体操作部のどちらでも行えます。移動用のグリップは、しっかりとつかめる形状となっています。担架側のグリップをつかんで移動することも可能です。４輪トータルロック機構全てのキャスターをひと踏みで同時にロック。個別にロックする手間が省けます。双輪キャスター大きめの双輪キャスターは、旋回や方向転換もスムーズ。小回りもきき、狭い場所での移動もストレスフリーです。操作内容や湯温・入浴時間がひとめでわかる大型の表示パネル。イラスト付きの操作スイッチに加え、音声やメロディによるナビゲート機能も搭載。初めて操作する方でも直感的に使いこなすことができます。バッテリーはストレッチャー上部に設置。腰をかがめずにバッテリーの着脱や残量の確認ができます。火傷を未然に防ぐため、給湯温度が46℃以上になると給湯は自動停止。同時に、表示部も点滅してアラートを出します。ストレッチャー側で高温を検知した際は、担架の下降が停止し、高温ランプが点滅して危険を知らせます。初めて使う方でもわかりやすい表示パネル。充電が簡単な着脱式バッテリー。温度管理システム。高温時下降停止機能。シンプルな操作のリモコン。持ちやすい移動用グリップ。細やかな部分も介助しやすい設計。303仰臥位入浴座位 入浴AD L入浴その 他の介護用入浴機器入浴 関連商品※LIX-130・LIX-120M・LIX-120・LIX-110・LIX-100M・LIX-100のみ。※LIX-130・LIX-120M・LIX-120・LIX-110・LIX-100M・LIX-100のみ。※仕様、外観は予告なく変更することがありますのでご了承ください。評価測定運動療法水治療法物理療法救急ＡＤＬ・作業療法言語療法自立支援機器衛生・防災介護用入浴機器残量目盛り,"シンプルな操作のリモコン。初めて使う方でもわかりやすい表示パネル。
リモコン操作は上昇・下降の2つのボタンだけのシンプル設計。操作内容や湯温・入浴時間がひとめでわかる大型の表示パネル。
また、ストレッチャーの上昇・下降はリモコンと本体操作部のどちイラスト付きの操作スイッチに加え、音声やメロディによるナビ
らでも行えます。ゲート機能も搭載。初めて操作する方でも直感的に使いこなす
ことができます。
評価測定
運動療法
湯はりスイッチ・・・・・・・・・・・・・・・・ 適正水位まで自動給湯水治療法
湯温設定・・・・・・・・・・・・・・・・・・・・・・・・ スイッチで簡単設定
音声サポート・・・・・・・・・・・・・・・・・・ 操作を音声でサポート
英語表記・・・・・・・・・・・・・・・・・・・・・・・・ 各スイッチに英語表記物理療法
※LIX-130・LIX-120M・LIX-120・LIX-110・LIX-100M・LIX-100のみ。
救急
ＡＤＬ・
作業療法
持ちやすい移動用グリップ。充電が簡単な着脱式バッテリー。
移動用のグリップは、しっかりとつかめる形状となっています。バッテリーはストレッチャー上部に設置。腰をかがめずにバッテ言語療法
担架側のグリップをつかんで移動することも可能です。リーの着脱や残量の確認ができます。
自立支援
機器
衛生・
防災
介護用
入浴機器
仰臥位入浴
残量目盛り
座 位入浴
A DL入浴
そ の他の
介護用入浴機器
入 浴関連
細やかな部分も介助しやすい設計。温度管理システム。
商品
４輪トータルロック機構火傷を未然に防ぐため、給湯温度が46℃以上になると給湯は自
全てのキャスターをひと踏みで同動停止。同時に、表示部も点滅してアラートを出します。
時にロック。※LIX-130・LIX-120M・LIX-120・LIX-110・LIX-100M・LIX-100のみ。
個別にロックする手間が省けます。
高温時下降停止機能。
ストレッチャー側で高温を検知した際は、担架の下降が停止し、
高温ランプが点滅して危険を知らせます。
双輪キャスター
大きめの双輪キャスターは、旋回
や方向転換もスムーズ。小回りも
きき、狭い場所での移動もストレス
フリーです。
※仕様、外観は予告なく変更することがありますのでご了承ください。303"
305,MMTY507K5PJX5,介護用入浴機器,仰臥位入浴,"スタンダードシンプル̶̶̶̶̶̶●●●̶̶̶̶̶̶̶̶●̶̶●̶●̶●̶●̶̶●̶̶̶̶̶̶●●●●●●̶̶̶̶̶̶̶̶̶̶●●̶̶●●●●̶̶̶̶̶̶※仕様、外観は予告なく変更することがありますのでご了承ください。　評価測定運動療法水治療法物理療法救急ＡＤＬ・作業療法言語療法自立支援機器衛生・防災介護用入浴機器消耗品はこちら P.355型式LIX-130LIX-120MLIX-120LIX-110LIX-100MLIX-100 ［共通仕様］寸法質量材質浴槽容量実使用湯量付属品［共通仕様］寸法質量材質浴槽容量実使用湯量付属品湯温調節電子制御ミキシング気泡浴装置LIX-130LIS-110［仕様］型式電源80W/100W 320W/320W 30W/30W 80W/90W 310W/310W 20W/20W 290W/290W電力（50Hz/60Hz）電源入力120VA/130VA 370VA/370VA 50VA/50VA 110VA/120VA 340VA/340VA 40VA/50VA 290VA/290VA（50Hz/60Hz）［機能対応表］※マイクロバブルの操作は音声サポートに対応していませんLIX-130LIX-130LIX-120MLIX-120LIX-110LIX-100MLIX-100 LIS-110MLIS-110LIS-100MLIS-100 LIX-110LIX-100MLIX-100 LIX-120MLIX-120LIS-110MLIS-110LIS-100MLIS-100 送料 チャーター便単相100V（50Hz/60Hz）290W/290W290VA/290VAハンドシャワー標準1基 ＋オプション1基標準1基 ＋オプション1基●※標準1基 ＋オプション1基標準1基 ＋オプション1基●※標準1基 ＋オプション1基標準1基 ＋オプション1基標準1基 ＋オプション1基標準1基 ＋オプション1基あんしんケアパック付 あんしんケアパック・プラス付あんしんケアパック付 あんしんケアパック・プラス付価格¥2,893,000¥3,300,000¥2,585,000¥2,585,000¥2,992,000¥2,277,000外形／2127(L)×890（W）×869（H）mm浴槽内／1915（L）×830（W）×500（D）mm約160kg浴槽・カバー／FRP、フレーム／スチール製・粉体塗装仕上約436L約330L（入浴者165cm、65kg）ハンドシャワー（1本）、浴槽クリーナーA、アワスプレー価格¥2,110,000¥1,460,000¥1,810,000¥1,160,000外形／2127(L)×890（W）×869（H）mm浴槽内／1915（L）×830（W）×500（D）mm約140kg浴槽・カバー／FRP、フレーム／スチール製・粉体塗装仕上約436L約330L（入浴者165cm、65kg）ハンドシャワー（1本）［LIS-110M、LIS-110のみ］浴槽クリーナーA、アワスプレー湯温調節レバー式ミキシング表示パネル機能音声サポート・入浴時間計・デジタル温度表示・湯温管理システム¥3,112,000¥3,549,000¥2,781,000¥2,781,000¥3,218,000¥2,449,000¥2,286,000¥1,582,000¥1,961,000¥1,257,000¥3,162,000¥3,599,000¥2,831,000¥2,831,000¥3,268,000¥2,499,000¥2,336,000¥1,632,000¥2,011,000¥1,307,000304仰臥位入浴座位入浴ADL入浴その他の介護用入浴機器入浴関連商品単相100V（50Hz/60Hz）塩素殺菌装置マイクロバブルリクシー スタンダードタイプ 浴槽  送料 チャーター便湯温がワンタッチで設定できる電子制御ミキシングや入浴時間計、音声サポートを標準装備したスタンダードタイプ。リクシー シンプルタイプ 浴槽 レバー式ミキシングを標準装備した浴槽と浴槽のみのシンプルタイプ。型式LIS-110MLIS-110LIS-100MLIS-100","リクシー スタンダードタイプ 浴槽  送料 チャーター便
湯温がワンタッチで設定できる電子制御ミキシングや入浴時
間計、音声サポートを標準装備したスタンダードタイプ。
型式価格あんしんケアパック 付あんしんケアパック・プラス付
LIX-130¥2,893,000¥3,112,000¥3,162,000
LIX-120M¥3,300,000¥3,549,000¥3,599,000
LIX-120¥2,585,000¥2,781,000¥2,831,000
LIX-110¥2,585,000¥2,781,000¥2,831,000
評価測定LIX-100M¥2,992,000¥3,218,000¥3,268,000
LIX-100 ¥2,277,000¥2,449,000¥2,499,000
LIX-130
［共通仕様］
運動療法
寸法外形／2127(L)×890（W）×869（H）mm
浴槽内／1915（L）×830（W）×500（D）mm
質量約160kg
水治療法材質浴槽・カバー／FRP、フレーム／スチール製・粉体塗装仕上
浴槽容量約436L
実使用湯量約330（L入浴者165cm、65kg）
物理療法付属品ハンドシャワー（1本）、浴槽クリーナーA、アワスプレー
救急
リクシー シンプルタイプ 浴槽 送料 チャーター便
ＡＤＬ・レバー式ミキシングを標準装備した浴槽と浴槽のみのシンプ
作業療法ルタイプ。
型式価格あんしんケアパック 付あんしんケアパック・プラス付
言語療法LIS-110M¥2,110,000¥2,286,000¥2,336,000
LIS-110¥1,460,000¥1,582,000¥1,632,000
LIS-100M¥1,810,000¥1,961,000¥2,011,000
自立支援
LIS-100 ¥1,160,000¥1,257,000¥1,307,000
機器
［共通仕様］
寸法外形／2127(L)×890（W）×869（H）mm
衛生・
浴槽内／1915（L）×830（W）×500（D）mm
防災
質量約140kg
LIS-110
材質浴槽・カバー／FRP、フレーム／スチール製・粉体塗装仕上
介護用浴槽容量約436L
入浴機器実使用湯量約330（L入浴者165cm、65kg）
消こ耗ち品 はらP.355付属品ハンドシャワー（1本［）LIS-110M、LIS-110のみ］
浴槽クリーナーA、アワスプレー
［仕様］
仰臥位入浴型式LIX-130LIX-120MLIX-120LIX-110LIX-100MLIX-100 LIS-110MLIS-110LIS-100MLIS-100 
単相100V
座位入浴電源単相100V（50Hz/60Hz）̶（50Hz/60Hz）̶
電力
ADL入浴（50Hz/60Hz）80W/100 W320W/320 W30W/30 W80W/90 W310W/310 W20W/20 W290W/290W̶290W/290W̶
電源入力
その他の（50Hz/60Hz）120VA/130V A370VA/370V A50VA/50V A110VA/120V A340VA/340V A40VA/50V A290VA/290VA̶290VA/290VA̶
介護用入浴機器
入浴関連
商品
［機能対応表］
表示パネル機能
塩素殺菌装置マイクロバブル気泡浴装置湯温調節湯温調節音声サポート・入浴時間計・ハンドシャワー
電子制御ミキシングレバー式ミキシングデジタル温度表示・
湯温管理システム
標準1基 ＋
LIX-130●̶●●̶●
オプション1基
標準1基 ＋
LIX-120M●●̶●̶●※
オプション1基
ス標準1基 ＋
タンLIX-120●̶̶●̶●オプション1基
ダ標準1基 ＋
ーLIX-110̶̶●●̶●
ドオプション1基
標準1基 ＋
LIX-100M̶●̶●̶●※
オプション1基
標準1基 ＋
LIX-100 ̶̶̶●̶●
オプション1基
標準1基 ＋
LIS-110M̶●̶̶●̶
オプション1基
標準1基 ＋
シンLIS-110̶̶̶̶●̶オプション1基
プ
ルLIS-100M̶●̶̶̶̶̶
LIS-100 ̶̶̶̶̶̶̶
※マイクロバブルの操作は音声サポートに対応していません
304※仕様、外観は予告なく変更することがありますのでご了承ください。　"
306,MMTY50AEKKQTX,介護用入浴機器,仰臥位入浴,"00501914380053052100330521棚※仕様、外観は予告なく変更することがありますのでご了承ください。評価測定運動療法水治療法物理療法救急ＡＤＬ・作業療法言語療法自立支援機器衛生・防災介護用入浴機器300420浴室消耗品はこちら P.355型式LIX-40価格¥110,000型式LWT-100寸法外形／1880（L）×1010（W）×1100〜1575（H）mm担架面高さ／435mm〜910mm質量約120kg最大使用者体重 115㎏電源バッテリーDC24V材質フレーム／ステンレス・一部粉体塗装仕上駆動部カバー／プラスチック担架カバー／プラスチックマット／プラスチック（EVAスポンジ）背当てリクライニング、4輪トータルロック、高温時停止機能、脚部ギャッジ機能機能付属品マット、安全ベルト、バッテリー（1個）、充電器送料 A型式LWT-20リクシーLIX-1302800300028003000送料 チャーター便送料 Cオプション配置イメージ上肢用サイドフェンスを取り付けることで、身体が担架からはみ出るのを防ぐので、安心して介助が行えます。あんしんケアパック付¥120,000あんしんケアパック・プラス付¥130,000脱衣室価格¥3,300,000価格¥165,000あんしんケアパック付¥3,562,000あんしんケアパック付¥179,000あんしんケアパック・プラス付¥3,612,000あんしんケアパック・プラス付¥189,000305ハンドシャワー 上肢用サイドフェンス 片持型ストレッチャー 仰臥位入浴座位 入浴AD L入浴その 他の介護用入浴機器入浴 関連商品","片持型ストレッチャー 送料 チャーター便
型式価格あんしんケアパック付あんしんケアパック・プラス付
LWT-100¥3,300,000¥3,562,000¥3,612,000
寸法外形／1880（L）×1010（W）×1100〜1575（H）mm
担架面高さ／435mm〜910mm
質量約120kg
最大使用者体 重115㎏
電源バッテリーDC24V
材質フレーム／ステンレス・一部粉体塗装仕上
駆動部カバー／プラスチック
評価測定
担架カバー／プラスチック
マット／プラスチック（EVAスポンジ）
機能背当てリクライニング、4輪トータルロック、
高温時停止機能、脚部ギャッジ機能運動療法
付属品マット、安全ベルト、バッテリー（1個）、充電器
水治療法
物理療法
消耗品は
こち らP.355
救急
オプション
ＡＤＬ・
作業療法
言語療法
自立支援
機器
衛生・
防災
ハンドシャワー 送料 A上肢用サイドフェンス 送料 C介護用
入浴機器
型式価格あんしんケアパック付あんしんケアパック・プラス付上肢用サイドフェンスを取り付けることで、身体が担架からはみ出るのを
LIX-40¥110,000¥120,000¥130,000防ぐので、安心して介助が行えます。
型式価格あんしんケアパック付あんしんケアパック・プラス付
LWT-20¥165,000¥179,000¥189,000
仰臥位入浴
座 位入浴
A DL入浴
そ の他の
介護用入浴機器
配置イメージ入 浴関連
商品
リクシー
LIX-130
28002800
005棚
300420脱衣室
003301250035
011905
348浴室12
30003000
※仕様、外観は予告なく変更することがありますのでご了承ください。305"
307,MMTY50CS1WOO2,介護用入浴機器,仰臥位入浴,カタログ動画はこちら306仰臥位入浴座位入浴ADL入浴その他の介護用入浴機器入浴関連商品※仕様、外観は予告なく変更することがありますのでご了承ください。　評価測定運動療法水治療法物理療法救急ＡＤＬ・作業療法言語療法自立支援機器衛生・防災介護用入浴機器シャワー浴槽P AO 単品ミストシャワーと洗髪機能でもっとここちよく。これまでにない入浴ケアを全ての方へ。,"動画はこちら
シャワー浴槽
単品
 PA Oカタログ
評価測定
ミストシャワーと洗髪機能でもっとここちよく。
運動療法
これまでにない入浴ケアを全ての方へ。
水治療法
物理療法
救急
ＡＤＬ・
作業療法
言語療法
自立支援
機器
衛生・
防災
介護用
入浴機器
仰臥位入浴
座位入浴
ADL入浴
その他の
介護用入浴機器
入浴関連
商品
306※仕様、外観は予告なく変更することがありますのでご了承ください。　"
308,MMTY50FIX16XG,介護用入浴機器,仰臥位入浴,307仰臥位入浴座位 入浴AD L入浴その 他の介護用入浴機器入浴 関連商品PAO入浴後〔当社調べ〕入浴時間：5分間　湯温：40℃10分後の表面温度をサーモグラフィ計測※仕様、外観は予告なく変更することがありますのでご了承ください。評価測定運動療法水治療法物理療法救急ＡＤＬ・作業療法言語療法自立支援機器衛生・防災介護用入浴機器湯につかる入浴後粒子の異なるシャワーノズルを効率よく配置し、担架プレートに独自の工夫を施すことでミストをドーム全体に行き渡らせ全身をくまなく温めます。小柄な女性でも介助しやすい高さのワイドな観察窓と介助口を設けました。また、カーテンを閉めたまま洗身可能なので、水はねを気にせず安心して入浴ケアが行えます。※観察窓高さ従来比 –110mm、介助口従来比６２％大型化ボ タ ン１つ の 操 作 で 、シャン プ ー から す す ぎ ま で 自 動 洗 髪 。 これまでにない、快適な入浴ケアが可能になりました。※重度の円背の方など、対象者の制限があります。平均粒子250μmの柔らかなミストシャワー。だれでも介助しやすい。日本初の自動洗髪機能を搭載。,"平均粒子250μmの柔らかなミストシャワー。
粒子の異なるシャワーノズルを効率よく配置し、担架プレート
に独自の工夫を施すことでミストをドーム全体に行き渡らせ
全身をくまなく温めます。
評価測定
運動療法
水治療法
物理療法
救急
ＡＤＬ・
作業療法
PAO入浴後湯につかる入浴後
言語療法
自立支援
機器
衛生・
〔当社調べ〕入浴時間：5分間　湯温：40℃防災
10分後の表面温度をサーモグラフィ計測
介護用
入浴機器
仰臥位入浴
だれでも介助しやすい。
座 位入浴
小柄な女性でも介助しやすい高さのワイドな観察窓と介助口を
設けました。また、カーテンを閉めたまま洗身可能なので、水はねA DL入浴
を気にせず安心して入浴ケアが行えます。そ の他の
※観察窓高さ従来比 –110mm、介助口従来比６２％大型化介護用入浴機器
入 浴関連
商品
日本初の自動洗髪機能を搭載。
 ボ タン１ つ の 操 作 で、シャ ン プ ーか ら す す ぎ ま で 自 動 洗 髪。 
これまでにない、快適な入浴ケアが可能になりました。
※重度の円背の方など、対象者の制限があります。
※仕様、外観は予告なく変更することがありますのでご了承ください。307"
309,MMTY50IU81QJR,介護用入浴機器,仰臥位入浴,"01415030001005300210033棚※仕様、外観は予告なく変更することがありますのでご了承ください。　評価測定運動療法水治療法物理療法救急ＡＤＬ・作業療法言語療法自立支援機器衛生・防災介護用入浴機器4003335浴室兼脱衣コーナーPAOシャワードームPAO-220洗髪機能付高さ調節式ストレッチャー PAS-210ＰＡＯシャワードーム洗髪機能付　PAO-220580060001227mm225mm適温低温高温1台 ¥8,660,0001台 ¥3,058,000合計　¥11,718,000308仰臥位入浴座位入浴ADL入浴その他の介護用入浴機器入浴関連商品進入口と介助口には、気密性を高めるスリット式カーテンを採用。ご利用者の身体を冷やさず、介助が行えます。また、カーテンを閉めたまま洗身可能なので、水はねを気にせず入浴ケアを行えます。操作は、パネルの案内に従ってタッチするだけ。入浴時間もひと目でわかります。洗身や移動、ドームへの進入が安心して行えます。※従来比全長+327mm担架マットは四つ角を差し込むだけで、簡単に取り外しが行えます。配置イメージ担架面は身体が沈み込まないプレート式なので、側臥位での洗身や移乗が無理なく行え介助負担を軽減できます。ドームにはミストシャワーの温度がひと目で分かる、LEDアラームランプ付き。設定温度との差がある場合は、赤や青でお知らせします。ペダルひと踏みの簡単操作で、4 輪すべての車輪をロックし、しっかり固定できます。システム組み合わせ例気密性が高いスリット式カーテン。簡単操作のタッチパネル。大型フェンスを標準搭載。取り外しやすいマット。プレート式の担架を採用。温度の状態がひと目でわかる「LEDアラームランプ」。4輪トータルロックキャスター。","気密性が高いスリット式カーテン。プレート式の担架を採用。
進入口と介助口には、気密性を高めるスリット式カーテンを採担架面は身体が沈み込まないプレート式なので、側臥位での洗
用。ご利用者の身体を冷やさず、介助が行えます。また、カーテ身や移乗が無理なく行え介助負担を軽減できます。
ンを閉めたまま洗身可能なので、水はねを気にせず入浴ケアを
行えます。
評価測定
運動療法
水治療法
簡単操作のタッチパネル。温度の状態がひと目でわかる「LEDアラームランプ」。
操作は、パネルの案内に従ってタッチするだけ。入浴時間もひドームにはミストシャワーの温度がひと目で分かる、LEDアラー
物理療法
と目でわかります。ムランプ付き。設定温度との差がある場合は、赤や青でお知ら
せします。
救急
適温低温高温
ＡＤＬ・
作業療法
言語療法
4輪トータルロックキャスター。
自立支援
機器ペダルひと踏みの簡単操作で、 4輪すべての車輪をロックし、
しっかり固定できます。
大型フェンスを標準搭載。
衛生・
防災洗身や移動、ドームへの進入が安心して行えます。
※従来比全長+327mm
介護用1227mm
入浴機器
225mm
仰臥位入浴
座位入浴
ADL入浴
取り外しやすいマット。システム組み合わせ例
その他の
介護用入浴機器担架マットは四つ角を差し込
入浴関連PAOシャワードーム
むだけで、簡単に取り外しが
商品洗髪機能付PAO-2201 台¥8,660,000
行えます。高さ調節式ストレッチャ ーPAS-2101 台¥3,058,000
合計　¥11,718,000
配置イメージ
ＰＡＯシャワードーム洗髪機能付　PAO-220
5800
0001035棚
040033350
00
35
33
浴室兼
0114脱衣コーナー002
1
6000
308※仕様、外観は予告なく変更することがありますのでご了承ください。　"
310,MMTY50KYKP2K3,介護用入浴機器,仰臥位入浴,"消耗品はこちら P.356PAS-200送料 チャーター便あんしんケアパック付 あんしんケアパック・プラス付寸法シャワードーム内に組み込み質量材質約5㎏ボトルホルダー／ステンレス、ボトル／プラスチック（ポリエチレン）容量ボトル／約2LPAS-210型式PAO-20価格¥462,000型式PAO-220価格¥8,660,000寸法質量約275kg材質フレーム／ステンレス、水受け浴槽／FRP、本体・正面・背面カバー／FRP、サイドカバー／プラスチック（ABS）、観察窓／プラスチック（塩ビ）、ネック・サイドカーテン／ポリエステル布、タンク／ステンレス、洗髪ユニットカバー／FRP、洗髪ノズル／ステンレス、洗髪カバー／プラスチック（塩ビ）、洗髪マット／プラスチック（EVAスポンジ）シャワーノズル数 上側10基（5個/2列）、横側6基（3個/2列）実使用湯量 約16L毎分貯湯タンク容量 約80L電源単相100V(50/60Hz)15A、アース付電源入力 340VA(50Hz)、440VA(60Hz)電力340W(50Hz)、450W(60Hz)付属品浴槽クリーナーA、アワスプレーその他貯湯タンクユニット付、洗浄ユニット付型式PAO-210タンク付タンクなし PAO-200［PAO-210］約237kgタンク／ステンレス質量材質実使用湯量 約10L毎分貯湯タンク容量 約80L電源入力 340VA(50Hz)、470VA(60Hz)電力その他325W(50Hz)、465W(60Hz)貯湯タンクユニット付［PAO-200］約200kg質量実使用湯量 約10L毎分（給湯水圧力200kPa時）電源入力 70VA(50Hz/60Hz)70W(50Hz/60Hz) 電力［共通］寸法外形／2060(L)×980(W)×1553(H)mmドーム内／1630(L)×700(W)×670(H)mmフレーム／ステンレス、水受け浴槽／FRP、本体・正面・背面カバー／FRP、サイドカバー／プラスチック（ABS）、観察窓／プラスチック（塩ビ）、ネック・サイドカーテン／ポリエステル布シャワーノズル数 上側10基（5個/2列）、横側6基（3個/2列）電源付属品材質単相100V(50/60Hz)15A、アース付浴槽クリーナーA、アワスプレー型式高さ調節式 PAS-210PAS-200固定式［PAS-210］寸法外形／1937(L)×675(W)×749〜989(H)mm、キャスター／φ150mm質量約100kg材質フレーム（昇降部）／ステンレス、担架面／プラスチック（ポリプロピレン）、サイドフェンス／プラスチック（ポリプロピレン）、マット／プラスチック（EVAスポンジ）、水受盤／プラスチック（ABS)機能キャスター／4輪トータルロック駆動方式 電動アクチュエーター方式昇降回数 約50回最大使用者体重 100kg付属品バッテリー（1個）、充電器［PAS-200］寸法外形／1937(L)×675(W)×989(H)mm、キャスター／φ150mm質量約60kg材質フレーム／ステンレス、担架面／プラスチック（ポリプロピレン）、サイドフェンス／プラスチック（ポリプロピレン）、マット／プラスチック（EVAスポンジ）、水受盤／プラスチック（ABS)機能最大使用者体重 100kgキャスター／4輪トータルロック※仕様、外観は予告なく変更することがありますのでご了承ください。評価測定運動療法水治療法物理療法救急ＡＤＬ・作業療法言語療法自立支援機器衛生・防災介護用入浴機器PAOシャワードーム  洗髪機能付  送料 チャーター便PAOシャワードーム ストレッチャー 送料 チャーター便送料 チャーター便オプションあんしんケアパック付 あんしんケアパック・プラス付価格¥7,050,000 ¥6,180,000 あんしんケアパック付 あんしんケアパック・プラス付¥7,335,000 ¥6,437,000 価格¥3,058,000¥1,595,000あんしんケアパック付 あんしんケアパック・プラス付ボディーシャンプーまたは殺菌液をシャワー（本体）に混ぜるためのユニット。¥478,000¥488,000¥9,001,000¥3,216,000¥1,701,000309洗浄ユニット 仰臥位入浴座位 入浴AD L入浴その 他の介護用入浴機器入浴 関連商品¥8,951,000外形／2512(L)×980(W)×1553(H)mm開扉時／2972(L)×1619(W)×1553(H)mmドーム内／1630(L)×700(W)×670(H)mm¥7,285,000 ¥6,387,000 ¥3,166,000¥1,651,000","PAOシャワードーム  洗髪機能付  送料 チャーター便
型式価格あんしんケアパック 付あんしんケアパック・プラス付
PAO-220¥8,660,000¥8,951,000¥9,001,000
寸法外形／2512(L)×980(W)×1553(H)mm
開扉時／2972(L)×1619(W)×1553(H)mm
ドーム内／1630(L)×700(W)×670(H)mm
質量約275kg
材質フレーム／ステンレス、水受け浴槽／FRP、本体・正面・背面カバー／FRP、サ
イドカバー／プラスチック（ABS）、観察窓／プラスチック（塩ビ）、ネック・サ
イドカーテン／ポリエステル布、タンク／ステンレス、洗髪ユニットカバー／
評価測定
FRP、洗髪ノズル／ステンレス、洗髪カバー／プラスチック（塩ビ）、洗髪マット
／プラスチック（EVAスポンジ）
シャワーノズル 数上側10基（5個/2列）、横側6基（3個/2列）
実使用湯 量約16L毎分運動療法
貯湯タンク容 量約80L
電源単相100V(50/60Hz)15A、アース付
電源入 力340VA(50Hz)、440VA(60Hz)
水治療法
電力340W(50Hz)、450W(60Hz)
付属品浴槽クリーナーA、アワスプレー
その他貯湯タンクユニット付、洗浄ユニット付
物理療法
PAOシャワードーム 送料 チャーター便救急
型式価格あんしんケアパック 付あんしんケアパック・プラス付
ＡＤＬ・
タンク付PAO-210¥7,050,000 ¥7,285,000 ¥7,335,000 
作業療法
タンクな しPAO-200¥6,180,000 ¥6,387,000 ¥6,437,000 
［PAO-210］
質量約237kg言語療法
材質タンク／ステンレス
実使用湯 量約10L毎分
自立支援
貯湯タンク容 量約80L
機器
電源入 力340VA(50Hz)、470VA(60Hz)
電力325W(50Hz)、465W(60Hz)
その他貯湯タンクユニット付衛生・
防災
［PAO-200］
質量約200kg
実使用湯 量約10L毎分（給湯水圧力200kPa時）介護用
電源入 力70VA(50Hz/60Hz)入浴機器
電力70W(50Hz/60Hz) 
［共通］
寸法外形／2060(L)×980(W)×1553(H)mm
ドーム内／1630(L)×700(W)×670(H)mm
材質フレーム／ステンレス、水受け浴槽／FRP、本体・正面・背面カバー／FRP、サ
イドカバー／プラスチック（ABS）、観察窓／プラスチック（塩ビ）、ネック・サイ
ドカーテン／ポリエステル布仰臥位入浴
シャワーノズル 数上側10基（5個/2列）、横側6基（3個/2列）
電源単相100V(50/60Hz)15A、アース付座 位入浴
付属品浴槽クリーナーA、アワスプレー
A DL入浴
PAS-210
そ の他の
介護用入浴機器
ストレッチャー 送料 チャーター便入 浴関連
商品
型式価格あんしんケアパック 付あんしんケアパック・プラス付
高さ調節 式PAS-210¥3,058,000¥3,166,000¥3,216,000
固定式PAS-200¥1,595,000¥1,651,000¥1,701,000
PAS-200［PAS-210］
寸法外形／1937(L)×675(W)×749〜989(H)mm、キャスター／φ150mm
質量約100kg
材質フレーム（昇降部）／ステンレス、担架面／プラスチック（ポリプロピレン）、サ
イドフェンス／プラスチック（ポリプロピレン）、マット／プラスチック（EVAス
オプションポンジ）、水受盤／プラスチック（ABS)
機能キャスター／4輪トータルロック
駆動方 式電動アクチュエーター方式
洗浄ユニット 送料 チャーター便
昇降回 数約50回
ボディーシャンプーまたは殺菌液をシャワー（本体）に混ぜるためのユ最大使用者体 重100kg
ニット。付属品バッテリー（1個）、充電器
［PAS-200］
型式価格あんしんケアパック 付あんしんケアパック・プラス付
寸法外形／1937(L)×675(W)×989(H)mm、キャスター／φ150mm
PAO-20¥462,000¥478,000¥488,000
質量約60kg
寸法シャワードーム内に組み込み
材質フレーム／ステンレス、担架面／プラスチック（ポリプロピレン）、サイドフェン
質量約5㎏ス／プラスチック（ポリプロピレン）、マット／プラスチック（EVAスポンジ）、
材質ボトルホルダー／ステンレス、ボトル／水受盤／プラスチック（ABS)
プラスチック（ポリエチレン）機能キャスター／4輪トータルロック
容量ボトル／約2L最大使用者体 重100kg
消耗品は
こち らP.356
※仕様、外観は予告なく変更することがありますのでご了承ください。309"
311,MMTY50NA7MZKK,介護用入浴機器,座位入浴,カタログ動画はこちら310仰臥位入浴座位入浴ADL入浴その他の介護用入浴機器入浴関連商品※仕様、外観は予告なく変更することがありますのでご了承ください。　評価測定運動療法水治療法物理療法救急ＡＤＬ・作業療法言語療法自立支援機器衛生・防災介護用入浴機器顔が見える。やさしさと安心の「対面入浴」。フェイス トゥ バス ライラックプラス  単品,"動画はこちら
フェイス トゥ バス 
単品
ライラックプラス  カタログ
評価測定
運動療法
顔が見える。
水治療法
やさしさと安心の「対面入浴」。
物理療法
救急
ＡＤＬ・
作業療法
言語療法
自立支援
機器
衛生・
防災
介護用
入浴機器
仰臥位入浴
座位入浴
ADL入浴
その他の
介護用入浴機器
入浴関連
商品
310※仕様、外観は予告なく変更することがありますのでご了承ください。　"
312,MMTY50OUT6NZ4,介護用入浴機器,座位入浴,介助者とご利用者が向かい合うことにより表情から状況の確認ができ、安全な入浴が可能です。足元のゆとり空間が広くなり、大柄な方や足を曲げる事が難しい方も入浴しやすくなりました。また、湯量もスイッチひとつで必要な分だけたし湯ができるので、ご利用者に合わせた水深を調節できます。上下一体構造の車椅子で浴槽への進入が安全に行えます。また、対面式のため浴槽へ進入する際も、介助者とご利用者の安心感が高まります。311ゆったりした入浴空間でリラックス。対面入浴を実現する車椅子。浴槽へのアプローチもスムーズに。仰臥位入浴座位 入浴AD L入浴その 他の介護用入浴機器入浴 関連商品※仕様、外観は予告なく変更することがありますのでご了承ください。評価測定運動療法水治療法物理療法救急ＡＤＬ・作業療法言語療法自立支援機器衛生・防災介護用入浴機器,"ゆったりした入浴空間でリラックス。
足元のゆとり空間が広くなり、大柄な方や足を曲げる事が難しい
方も入浴しやすくなりました。また、湯量もスイッチひとつで必
要な分だけたし湯ができるので、ご利用者に合わせた水深を調節
できます。
評価測定
運動療法
水治療法
物理療法
救急
ＡＤＬ・
対面入浴を実現する車椅子。作業療法
介助者とご利用者が向かい合うことにより表情から状況の確認が
言語療法
でき、安全な入浴が可能です。
自立支援
機器
衛生・
防災
介護用
入浴機器
仰臥位入浴
座 位入浴
A DL入浴
そ の他の
介護用入浴機器
入 浴関連
商品
浴槽へのアプローチもスムーズに。
上下一体構造の車椅子で浴槽への進入が安全に行えます。また、
対面式のため浴槽へ進入する際も、介助者とご利用者の安心感が
高まります。
※仕様、外観は予告なく変更することがありますのでご了承ください。311"
313,MMTY50Q88WX0S,介護用入浴機器,座位入浴,"ライラックプラス浴槽 マイクロバブル仕様 送料 チャーター便※BWC-160のみ。※BWC-160のみ。※BWC-160のみ。右扉 LA-560MR ¥11,780,000 左扉 LA-560ML ¥11,780,000 寸法質量材質機能浴槽容量 約428L実使用湯量 約305L（入浴者165cm、65kg）貯湯タンク容量 約400L排水給湯水電源電源入力 1300VA（50Hz）、1700VA（60Hz）電力入浴に必要なスイッチをサイドパネルに集約したことで、介助動線が短くなりました。イラスト付きのスイッチで迷わず一目で操作できます。手順を音声でサポートしますので、はじめて使用する方でもスムーズに操作できます。洗いにくい配管内もボタン1つで洗浄できます。清掃時に機器を殺菌する「殺菌（清掃時）」と入浴中のお湯を殺菌する「殺菌（入浴中）」を搭載。チルト機能によって、臀部にかかる体圧を背中に分散でき姿勢を安定させます。チルト時も2段階の背もたれ角度が選べます。　車椅子がフルリクライニングするので、臀部の洗身が1人で行えます。洗身時は転落を防止、入浴時は適切な姿勢をサポートします。水と空気でできた超微細な気泡が、肌のすみずみまで包み、身体の芯まで温めます。また、汚れや毛穴の奥の老廃物などを浮き上がらせるほか、気になるニオイの元も洗い流します。型式価格外形／2622（L）×1047（W）×1200（H）mm浴槽内／1295〜1310（L）×700（W）×635（D）mm約400kgフレーム／スチール＋粉体塗装、貯湯タンク／ステンレス、浴槽・扉・カバー／FRP自動給湯システム、塩素殺菌装置、マイクロバブル発生装置、温度管理システム（高・低温時給湯/送湯停止）、扉自動一時停止機能、漏電ブレーカー、緊急排水機能80A掘込内2カ所各20A三相200V（50/60Hz）20A1150W（50Hz）、1550W（60Hz）通常のお湯マイクロバブルを発生させたお湯（38℃）に5分間の入浴した後、15分後に赤外線サーモグラフィで体表温度を撮影。あんしんケアパック付 あんしんケアパック・プラス付¥12,187,000 ¥12,187,000 ¥12,137,000 ¥12,137,000 312サイドパネルで介助動線を効率化。操作に迷わない「ケアサポートパネル」。スムーズに操作ができる音声サポート。普段のお手入れにプラスワン「配管洗浄機能」。2つの塩素殺菌システム。姿勢を安定させるチルト機能。フルリクライニングで1人でも洗身可能。上肢用サイドサポートで転落を防止。仰臥位入浴座位入浴ADL入浴その他の介護用入浴機器入浴関連商品1ccあたり約12,000個の　超微細な泡が発生しています。※仕様、外観は予告なく変更することがありますのでご了承ください。　評価測定運動療法水治療法物理療法救急ＡＤＬ・作業療法言語療法自立支援機器衛生・防災介護用入浴機器約3ミクロンマイクロバブルのお湯","サイドパネルで介助動線を効率化。2つの塩素殺菌システム。
入浴に必要なスイッチをサイドパネルに集約したことで、清掃時に機器を殺菌する「殺菌（清掃時）」と入浴中のお湯を
介助動線が短くなりました。殺菌する「殺菌（入浴中）」を搭載。
姿勢を安定させるチルト機能。
チルト機能によって、臀部
評価測定にかかる体圧を背中に分
散でき姿勢を安定させま
す。チルト時も2段階の背
運動療法
もたれ角度が選べます。　
※BWC-160のみ。
水治療法
フルリクライニングで1人でも洗身可能。
物理療法
操作に迷わない「ケアサポートパネル」。車椅子がフルリクライニ
ングするので、臀部の洗身
救急イラスト付きのスイッチ
が1人で行えます。
で迷わず一目で操作で
※BWC-160のみ。
ＡＤＬ・きます。
作業療法
言語療法
自立支援スムーズに操作ができる音声サポート。上肢用サイドサポートで転落を防止。
機器
手順を音声でサポートしますので、はじめて使用する方でも洗身時は転落を防止、入浴
衛生・スムーズに操作できます。時は適切な姿勢をサポー
防災
トします。
※BWC-160のみ。
介護用
入浴機器普段のお手入れにプラスワン「配管洗浄機能」。
洗いにくい配管内もボタン1つで洗浄できます。
ライラックプラス浴槽 マイクロバブル仕様 送料 チャーター便
仰臥位入浴水と空気でできた超微細な気泡が、肌のすみずみまで包み、身体の芯ま
で温めます。また、汚れや毛穴の奥の老廃物などを浮き上がらせるほか、
座位入浴気になるニオイの元も洗い流します。
型式価格あんしんケアパック 付あんしんケアパック・プラス付
ADL入浴
右 扉LA-560M R¥11,780,000 ¥12,137,000 ¥12,187,000 
その他の左 扉LA-560M L¥11,780,000 ¥12,137,000 ¥12,187,000 
介護用入浴機器
寸法外形／2622（L）×1047（W）×1200（H）mm
入浴関連浴槽内／1295〜1310（L）×700（W）×635（D）mm
商品
質量約400kg
材質フレーム／スチール＋粉体塗装、貯湯タンク／ステンレス、浴槽・扉・カバー
／FRP
機能自動給湯システム、塩素殺菌装置、マイクロバブル発生装置、温度管理シス
テム（高・低温時給湯/送湯停止）、扉自動一時停止機能、漏電ブレーカー、緊
急排水機能
浴槽容 量約428L
実使用湯 量約305（L入浴者165cm、65kg）
貯湯タンク容 量約400L
排水80A掘込内2カ所
給湯水各20A
電源三相200V（50/60Hz）20A
電源入 力1300VA（50Hz）、1700VA（60Hz）
電力1150W（50Hz）、1550W（60Hz）
約3ミクロン
通常のお湯マイクロバブルのお湯
1ccあたり約12,000個の　マイクロバブルを発生させたお湯（38℃）に5分間の入浴し
超微細な泡が発生しています。た後、15分後に赤外線サーモグラフィで体表温度を撮影。
312※仕様、外観は予告なく変更することがありますのでご了承ください。　"
314,MMTY50S5Y3OFH,介護用入浴機器,座位入浴,"56310050013002100210092棚※仕様、外観は予告なく変更することがありますのでご了承ください。評価測定運動療法水治療法物理療法救急ＡＤＬ・作業療法言語療法自立支援機器衛生・防災介護用入浴機器200205脱衣室浴室消耗品はこちら P.358レッグサポートベルト  送料 A¥17,600BWC-10   BWC-160足の脱落が心配な方へ。ライラックプラス　LA-560R4400460023002500送料 チャーター便送料 Fオプションシステム組み合わせ例配置イメージ型式右扉 LA-560R ¥11,320,000 左扉 LA-560L ¥11,320,000 寸法外形／2622（L）×1047（W）×1200（H）mm浴槽内／1295〜1310（L）×700（W）×635（D）mm質量約400kg材質フレーム／スチール＋粉体塗装、貯湯タンク／ステンレス、浴槽・扉・カバー／FRP機能自動給湯システム、塩素殺菌装置、気泡発生装置、温度管理システム（高・低温時給湯/送湯停止）、扉自動一時停止機能、漏電ブレーカー、緊急排水機能浴槽容量 約428L実使用湯量 約305L（入浴者165cm、65kg）貯湯タンク容量 約400L排水80A掘込内2カ所給湯水各20A電源三相200V（50/60Hz）20A電源入力 1300VA（50Hz）、1600VA（60Hz）電力1000W（50Hz）、1400W（60Hz）型式チルト式 BWC-150チルト&リクライニング式［BWC-150］寸法質量外形／チルト時1264(L)×567(W)×1162(H)mm 約41kg［BWC-160］寸法チルト時1274（L）×567（W）×1162（H）mmチルト+リクライニング時／1501（L）×567（W）×1020（H）mmフルリクライニング時／1708（L）×567（W）×987（H）mm約47kgマット（サイドサポート）／プラスチック（EVA）、サポートハンドル／ステンレス質量材質［共通］寸法材質外形／1014（L）×567（W）×1269（H）mm、キャスター／φ100 フレーム／ステンレス、ヘッドレスト／プラスチック（PE）、フットレスト／プラスチック（PP）、マット（背もたれ、座面）／プラスチック（EVA）、マット（レッグサポート）／プラスチック（PE）、アームサポート／ステンレス、パッド／プラスチック（PE）、踵受け／プラスチック（EVA）455mmキャスター／4輪ストッパー座面高機能価格価格¥1,265,000¥1,595,000あんしんケアパック付 あんしんケアパック・プラス付¥11,712,000 ¥11,712,000 あんしんケアパック付 あんしんケアパック・プラス付¥11,662,000 ¥11,662,000 ¥1,305,000¥1,646,000BWC-150ライラックプラス浴槽入浴用車椅子（チルト＆リクライニング式）BWC-160¥1,355,000¥1,696,000LA-560RBWC-160LA-560R1台 ¥11,320,0001台 ¥1,595,000合計　¥12,915,000313ライラックプラス浴槽 入浴用車椅子 仰臥位入浴座位 入浴AD L入浴その 他の介護用入浴機器入浴 関連商品","ライラックプラス浴槽 送料 チャーター便
型式価格あんしんケアパック 付あんしんケアパック・プラス付
右 扉LA-560 R¥11,320,000 ¥11,662,000 ¥11,712,000 
左 扉LA-560 L¥11,320,000 ¥11,662,000 ¥11,712,000 
寸法外形／2622（L）×1047（W）×1200（H）mm
浴槽内／1295〜1310（L）×700（W）×635（D）mm
質量約400kg
材質フレーム／スチール＋粉体塗装、貯湯タンク／ステンレス、浴槽・扉・カバー
／FRP
機能自動給湯システム、塩素殺菌装置、気泡発生装置、温度管理システム（高・低評価測定
温時給湯/送湯停止）、扉自動一時停止機能、漏電ブレーカー、緊急排水機能
浴槽容 量約428L
実使用湯 量約305（L入浴者165cm、65kg）
貯湯タンク容 量約400L運動療法
排水80A掘込内2カ所
給湯水各20A
LA-560R
電源三相200V（50/60Hz）20A水治療法
電源入 力1300VA（50Hz）、1600VA（60Hz）
電力1000W（50Hz）、1400W（60Hz）
物理療法
入浴用車椅子 送料 F
救急
型式価格あんしんケアパック 付あんしんケアパック・プラス付
チルト 式BWC-150¥1,265,000¥1,305,000¥1,355,000
チルト&BWC-160¥1,595,000¥1,646,000¥1,696,000ＡＤＬ・
リクライニング式作業療法
［BWC-150］
寸法外形／チルト時1264(L)×567(W)×1162(H)mm 
質量約41kg言語療法
［BWC-160］
寸法チルト時1274（L）×567（W）×1162（H）mm自立支援
チルト+リクライニング時／1501（L）×567（W）×1020（H）mm機器
フルリクライニング時／1708（L）×567（W）×987（H）mm
質量約47kg
材質マット（サイドサポート）／プラスチック（EVA）、サポートハンドル／ステンレス衛生・
防災
［共通］
BWC-150
寸法外形／1014（L）×567（W）×1269（H）mm、キャスター／φ100 
材質フレーム／ステンレス、ヘッドレスト／プラスチック（PE）、フットレスト／プラ介護用
スチック（PP）、マット（背もたれ、座面）／プラスチック（EVA）、マット（レッグ入浴機器
サポート）／プラスチック（PE）、アームサポート／ステンレス、パッド／プラス
チック（PE）、踵受け／プラスチック（EVA）
座面高455mm
BWC-160機能キャスター／4輪ストッパー
消耗品は
こち らP.358
仰臥位入浴
座 位入浴
システム組み合わせ例オプション
A DL入浴
ライラックプラス浴槽LA-560R1 台¥11,320,000レッグサポートベルト  送料 A
入浴用車椅子そ の他の
BWC-10   ¥17,600介護用入浴機器
（チルト＆リクライニング式）BWC-1601 台¥1,595,000
足の脱落が心配な方へ。入 浴関連
合計　¥12,915,000商品
配置イメージ
ライラックプラス　LA-560R
44002300
200005205棚
脱衣室
000
000
921
213
1356浴室002
1
46002500
※仕様、外観は予告なく変更することがありますのでご了承ください。313"
315,MMTY50U8ZIYS1,介護用入浴機器,座位入浴,単品カタログフルリクライニング機能を備えたコンパクトな座位浴槽。動画はこちら314スクーピングバス カトレア  仰臥位入浴座位入浴ADL入浴その他の介護用入浴機器入浴関連商品※入浴用車椅子の写真は旧仕様（BWC-130）です。※仕様、外観は予告なく変更することがありますのでご了承ください。　評価測定運動療法水治療法物理療法救急ＡＤＬ・作業療法言語療法自立支援機器衛生・防災介護用入浴機器入浴用車椅子をフルリクライニングさせることで、臀部洗身が１人で行えます。（※チルト＆フルリクライニング式のみ）サポートマットが、入浴時の姿勢を保持し、洗身時の転落を防止するため安心です。（※チルト&フルリクライニング式のみ）介助者とご利用者が向かい合う進入方式なので、ご利用者の状況を確認しやすく、より安全に入浴できます。お１人ごとにタンクから毎回新しいお湯を供給。入浴する時は、入浴用車椅子を浴槽に進入させ、入浴スイッチを押すだけ。簡単に操作できます。大 柄 な 方 も 肩 ま で ゆ ったり浸 か れます（ 従 来 比 +95mm）。浴槽への湯はりは浅い位置でいったん自動停止。その後は必要なだけたし湯できるので、スイッチ１つであらゆる方に適した水位が設定できます。視認性に優れた大型操作パネルを採用。遠くからでも入浴時間を確認できます。入浴用車椅子が分離しない構造のため、音や振動が少ない スムーズなアプローチで安心して入浴していただけます。チルト機能により、ご利用者の姿勢を安定させることができます。洗身が行いやすいフルリクライニング機能。転落を防止。安全・安心の対面入浴。100％新湯方式で衛生的。シンプル操作。肩までゆったり 浸かれる浴槽水深。小柄な方も安心の自動湯はり／たし湯機能。入浴時間計を標準装備。スムーズな浴槽アプローチ。安心の姿勢保持機能。,"動画はこちら
フルリクライニング機能を備えたコンパクトな座位浴槽。
単品
スクーピングバス カトレア  カタログ
安全・安心の対面入浴。
介助者とご利用者が向かい合う進入方式なので、ご利用者の
評価測定状況を確認しやすく、より安全に入浴できます。
運動療法
水治療法
物理療法
救急
ＡＤＬ・
作業療法
言語療法
100％新湯方式で衛生的。
自立支援お１人ごとにタンクから毎回新しいお湯を供給。
機器
シンプル操作。
衛生・入浴する時は、入浴用車椅子を浴槽に進入させ、入浴スイッ
防災
チを押すだけ。簡単に操作できます。
介護用
肩までゆったり 
入浴機器
洗身が行いやすいフルリクライニング機能。
浸かれる浴槽水深。
入浴用車椅子をフルリクライニングさせることで、臀部洗身
 大 柄 な 方 も 肩 ま で ゆっ
が１人で行えます。（※チルト＆フルリクライニング式のみ）
たり 浸 かれます （ 従 来比 
+95mm）。
仰臥位入浴
小柄な方も安心の自動湯はり／たし湯機能。
座位入浴浴槽への湯はりは浅い位置でいったん自動停止。その後は必
要なだけたし湯できるので、スイッチ１つであらゆる方に適し
ADL入浴
た水位が設定できます。
その他の
介護用入浴機器
入浴時間計を標準装備。
入浴関連
商品視認性に優れた大型操作パネルを
採用。遠くからでも入浴時間を確認
できます。
スムーズな浴槽アプローチ。
入浴用車椅子が分離しない構造のため、音や振動が少ない 
スムーズなアプローチで安心して入浴していただけます。
安心の姿勢保持機能。
チルト機能により、ご利用者の姿勢
転落を防止。
を安定させることができます。
サポートマットが、入浴時の姿勢
を保持し、洗身時の転落を防止す
るため安心です。（※チルト&フル
リクライニング式のみ）
※入浴用車椅子の写真は旧仕様（BWC-130）です。
314※仕様、外観は予告なく変更することがありますのでご了承ください。　"
316,MMTY50W4VVV2X,介護用入浴機器,座位入浴,"棚※仕様、外観は予告なく変更することがありますのでご了承ください。評価測定運動療法水治療法物理療法救急ＡＤＬ・作業療法言語療法自立支援機器衛生・防災介護用入浴機器 00500110082002100210062200浴室脱衣室消耗品はこちら P.358シールカバー CTA-20 BWC-165カトレア浴槽入浴用車椅子（チルト＆フルリクライニング式）BWC-165BWC-1551台 ¥5,780,000CTA-2001台 ¥1,485,000合計　¥7,265,000型式CTA-200寸法外形／２１71（Ｌ）×１１０5（W）×１423（H）mm浴槽内／１648（Ｌ）×６1２（W）×５77（D）mm質量約３１５kg材質浴槽・カバー／FRP、フレーム／スチール製・粉体塗装仕上浴槽容量約２８３L実使用湯量約１8２L（入浴者165cm、65kg）貯湯タンク容量約２７０L排水給湯水80A掘込内２ヶ所各２５A電源単相１００Ｖ（50/60Hz）15A電源入力640VA（50Hz）、780VA（60Hz）電力450W（50Hz） 670W（60Hz）型式BWC-165寸法外形／1014（L）×567（W）×1269（H）mmチルト時／1286（L）×567（W）×1162（H）mmフルリクライニング時／1709（L）×567（W）×987（H）mm座面高／455mm、キャスター／φ100mm質量約47kg材質フレーム／ステンレス、ヘッドレスト・フットレスト・マット・パッド・踵受け／プラスチックキャスター／4輪ストッパー安全ベルト、マット機能付属品型式BWC-155寸法外形／1014（L）×567（W）×1269（H）mmチルト時／1264（L）×567（W）×1162（H）mm座面高／455mm、キャスター／φ100mm約41kgフレーム・アームサポート／ステンレス、ヘッドレスト・フットレスト・マット・パッド・踵受け／プラスチックキャスター／4輪ストッパー安全ベルト、マット質量材質機能付属品型式CTA-10カトレア　CTA-2003900410023002500送料 チャーター便送料 F送料 チャーター便送料 A¥33,000浴槽底面シール用のカバーです。オプションシステム組み合わせ例配置イメージあんしんケアパック付 あんしんケアパック・プラス付あんしんケアパック付 あんしんケアパック・プラス付あんしんケアパック付 あんしんケアパック・プラス付あんしんケアパック付 あんしんケアパック・プラス付価格¥5,780,000価格¥1,485,000価格¥1,265,000価格¥341,000¥6,038,000¥1,554,000¥1,324,000¥357,000¥6,088,000¥1,604,000¥1,374,000¥367,000315気泡浴装置 カトレア浴槽 入浴用車椅子（チルト&フルリクライニング式）  送料 F入浴用車椅子（チルト式） 仰臥位入浴座位 入浴AD L入浴その 他の介護用入浴機器入浴 関連商品","カトレア浴槽 送料 チャーター便
型式価格あんしんケアパック 付あんしんケアパック・プラス付
CTA-200¥5,780,000¥6,038,000¥6,088,000
寸法外形／２１71（Ｌ）×１１０5（W）×１423（H）mm
浴槽内／１648（Ｌ）×６1２（W）×５77（D）mm
質量約３１５kg
材質浴槽・カバー／FRP、フレーム／スチール製・粉体塗装仕上
浴槽容量約２８３L
実使用湯量約１8２（L入浴者165cm、65kg）
貯湯タンク容量約２７０L
評価測定
排水80A掘込内２ヶ所
給湯水各２５A
電源単相１００Ｖ（50/60Hz）15A
電源入力640VA（50Hz）、780VA（60Hz）運動療法
電力450W（50Hz） 670W（60Hz）
水治療法
入浴用車椅子（チルト&フルリクライニング式）  送料 F
型式価格あんしんケアパック 付あんしんケアパック・プラス付
物理療法
BWC-165¥1,485,000¥1,554,000¥1,604,000
寸法外形／1014（L）×567（W）×1269（H）mm
チルト時／1286（L）×567（W）×1162（H）mm
フルリクライニング時／1709（L）×567（W）×987（H）mm救急
座面高／455mm、キャスター／φ100mm
質量約47kg
材質フレーム／ステンレス、ヘッドレスト・フットレスト・マット・パッド・踵受ＡＤＬ・
け／プラスチック作業療法
機能キャスター／4輪ストッパー
付属品安全ベルト、マット
言語療法
入浴用車椅子（チルト式） 送料 F
自立支援
型式価格あんしんケアパック 付あんしんケアパック・プラス付機器
BWC-155¥1,265,000¥1,324,000¥1,374,000
寸法外形／1014（L）×567（W）×1269（H）mm
BWC-165衛生・
チルト時／1264（L）×567（W）×1162（H）mm
防災
座面高／455mm、キャスター／φ100mm
質量約41kg
材質フレーム・アームサポート／ステンレス、ヘッドレスト・フットレスト・介護用
マット・パッド・踵受け／プラスチック入浴機器
機能キャスター／4輪ストッパー
付属品安全ベルト、マット
BWC-155消耗品は
こち らP.358
システム組み合わせ例オプション仰臥位入浴
カトレア浴槽CTA-2001 台¥5,780,000気泡浴装置 送料 チャーター便座 位入浴
入浴用車椅子
型式価格あんしんケアパック 付あんしんケアパック・プラス付
（チルト＆フルリクライニング式）BWC-1651 台¥1,485,000A DL入浴
CTA-10¥341,000¥357,000¥367,000
合計　¥7,265,000そ の他の
介護用入浴機器
シールカバー 送料 A入 浴関連
商品
CTA-20  ¥33,000
浴槽底面シール用のカバーです。
配置イメージ
カトレア　CTA-200
39002300
005棚
000
000
262000011浴室12脱衣室001228
41002500
※仕様、外観は予告なく変更することがありますのでご了承ください。315"
317,MMTY50ZC4QK12,介護用入浴機器,座位入浴,カタログWEBはこちら※仕様、外観は予告なく変更することがありますのでご了承ください。　評価測定運動療法水治療法物理療法救急ＡＤＬ・作業療法言語療法自立支援機器衛生・防災介護用入浴機器シャワーポッド アラエル 単品316仰臥位入浴座位入浴ADL入浴その他の介護用入浴機器入浴関連商品アラエルだから、洗える。入浴介助をアップデート。,"単品
シャワーポッド アラエル カタログ
評価測定
アラエルだから、洗える。
運動療法
入浴介助をアップデート。
水治療法
WEBはこちら
物理療法
救急
ＡＤＬ・
作業療法
言語療法
自立支援
機器
衛生・
防災
介護用
入浴機器
仰臥位入浴
座位入浴
ADL入浴
その他の
介護用入浴機器
入浴関連
商品
316※仕様、外観は予告なく変更することがありますのでご了承ください。　"
318,MMTY512UOGPOW,介護用入浴機器,座位入浴,汗評価測定運動療法水治療法物理療法救急ＡＤＬ・作業療法言語療法自立支援機器衛生・防災介護用入浴機器アラエルの一番の魅力は、 その名の通り、「洗える」力に優れていることです。 洗いたいところ・洗うべきところ・洗いにくいところにしっかりシャワーが当たる位置や角度を導き出し、 シャワーノズルを配置しました。アラエルが「洗える」力に優れている、もう一つの理由。それがウルトラファインバブルシャワーによる洗浄力です。 直径が1μm（マイクロメートル）未満の肉眼では見えない泡が、 シワや毛穴の奥まで入り込み、汚れをしっかり落とします。ウルトラファインバブル皮脂汚れなど貯湯式とアラエルに5分間入浴した後の表面温度を測定。 シャワードームの気密性と、ウルトラファインバブルの超微細な気泡により、身体の芯まで温め、入浴後もぽかぽかが持続します。317絶妙な位置に配置されたシャワーノズルで、 全身くまなく洗える。ウルトラファインバブルでしっかりきれい。 シャワー浴なのに身体の芯まで温かい。仰臥位入浴座位 入浴AD L入浴その 他の介護用入浴機器入浴 関連商品皮脂腺貯湯式　10分後※仕様、外観は予告なく変更することがありますのでご了承ください。※ウルトラファインバブル機能は株式会社サイエンスの製品を使用しています。※「ファインバブル」「ウルトラファインバブル」は一般社団法人ファインバブル産業会の登録商標です。ミストアラエル　10分後（表皮）（真皮）汗腺※イメージ,"絶妙な位置に配置されたシャワーノズルで、 
全身くまなく洗える。
アラエルの一番の魅力は、 その名の通り、「洗える」力に優れて
いることです。 洗いたいところ・洗うべきところ・洗いにくいと
ころにしっかりシャワーが当たる位置や角度を導き出し、 シャ
ワーノズルを配置しました。
評価測定
運動療法
水治療法
物理療法
救急
ＡＤＬ・
作業療法
言語療法
ウルトラファインバブルでしっかりきれい。 自立支援
機器
アラエルが「洗える」力に優れている、もう一つの理由。それがウ
ルトラファインバブルシャワーによる洗浄力です。 直径が1μm衛生・
防災
（マイクロメートル）未満の肉眼では見えない泡が、 シワや毛穴
の奥まで入り込み、汚れをしっかり落とします。
介護用
入浴機器
ミスト
ウルトラファインバブル
仰臥位入浴
（表皮）座 位入浴
皮脂汚れなど汗（真皮）
汗腺A DL入浴
皮脂腺※イメージそ の他の
介護用入浴機器
入 浴関連
商品
シャワー浴なのに身体の芯まで温かい。
貯湯式とアラエルに5分間入浴した後の表面温度を測定。 シャ
ワードームの気密性と、ウルトラファインバブルの超微細な気
泡により、身体の芯まで温め、入浴後もぽかぽかが持続します。
貯湯式　10分後アラエル　10分後
※仕様、外観は予告なく変更することがありますのでご了承ください。
※ウルトラファインバブル機能は株式会社サイエンスの製品を使用しています。
※「ファインバブル「」ウルトラファインバブル」は一般社団法人ファインバブル産業会の登録商標です。317"
319,MMTY515J14QRZ,介護用入浴機器,座位入浴,00605101310023000300210021棚※仕様、外観は予告なく変更することがありますのでご了承ください。　評価測定運動療法水治療法物理療法救急ＡＤＬ・作業療法言語療法自立支援機器衛生・防災介護用入浴機器100100浴室脱衣室※当社個浴タイプと比較　※実使用湯量は入浴時間とご利用者の体格により変動します。ウルトラファインバブル350037002500〔1名が3分間入浴した場合の使用湯量〕318AR（拡張現実）で実際の空間に「アラエル」を設置したイメージを確認できます。ボタン一つでしっかり洗えて、 負担は軽減。左右、正面、どこからでも出入りできる。軽い力で誰でも簡単に操作できる、4段階リクライニング機能。貯湯式より少ない湯量でOK。 光熱費の削減にも。ケアがしやすい介助口と観察窓。質量約25㎏の軽量設計、安定感にも優れた入浴用車椅子。仰臥位入浴座位入浴ADL入浴その他の介護用入浴機器入浴関連商品1名が3分間入浴した場合の使用湯量は、当社個浴タイプの貯湯式浴槽と比較すると85％の削減に。  少ない湯量でしっかり身体を洗えるのも、アラエルの大きな特長です。スリット式カーテンを装着した介助口。水はねを気にせず 入 浴 ケ ア を 行 え ま す 。また、広々とした観察窓でドームの中の様子がしっかり視認できるので、  介助時の見守りに最適です。アラエル　ARA-100「おまかせ洗身」ボタンを押すだけで、「予洗い」「洗身」「洗い流し」まで完了できる「おまかせモード」を搭載。 シャワー式なので湯を貯める必要もありません。進入口に開閉扉がついていないため、  シャワードームへの出入りもフレキシブル。アラエル45ℓ貯湯式300ℓ配置イメージおまかせモード（3min）予洗い洗身ウルトラファインバブルシャワーのみボディシャンプー混合洗い流しウルトラファインバブルシャワーのみ使用湯量85%カット！,"貯湯式より少ない湯量でOK。 ボタン一つでしっかり洗えて、 
光熱費の削減にも。負担は軽減。
1名が3分間入浴した場合の使用湯量は、当社個浴タイプの貯湯式「おまかせ洗身」ボタンを押すだけで「、予洗い「」洗身「」洗い流し」ま
浴槽と比較すると85％の削減に。  少ない湯量でしっかり身体をで完了できる「おまかせモード」を搭載。 
洗えるのも、アラエルの大きな特長です。シャワー式なので湯を貯める必要もありません。
〔1名が3分間入浴した場合の使用湯量〕
おまかせモード（3min）
使用湯量
評価測定
85%カット！
貯湯式アラエル
運動療法300ℓ45ℓ
予洗い洗身洗い流し
ウルトラファインバブルウルトラファインバブルウルトラファインバブル
水治療法
※当社個浴タイプと比較　※実使用湯量は入浴時間とご利用者の体格により変動します。シャワーのみボディシャンプー混合シャワーのみ
物理療法
ケアがしやすい介助口と観察窓。左右、正面、どこからでも出入りできる。
救急スリット式カーテンを装着進入口に開閉扉がついていない
した介助口。水はねを気にせため、  シャワードームへの出入
ＡＤＬ・ ず 入 浴 ケ ア を 行 え ま す。まりもフレキシブル。
作業療法
た、広々とした観察窓でドー
ムの中の様子がしっかり視
言語療法認できるので、  介助時の見守
りに最適です。
自立支援
機器
衛生・
防災
質量約25㎏の軽量設計、軽い力で誰でも簡単に操作できる、
介護用安定感にも優れた入浴用車椅子。4段階リクライニング機能。
入浴機器
仰臥位入浴
座位入浴
ADL入浴
その他の
介護用入浴機器
入浴関連
商品
配置イメージ
アラエル　ARA-100
3500
015棚
0113浴室
100
00
00
00脱衣室2
303
20
10
2
1000061
37002500
AR（拡張現実）で実際の空間に「アラエル」を設置したイメージを確認できます。
318※仕様、外観は予告なく変更することがありますのでご了承ください。　"
320,MMTY518US0FV7,介護用入浴機器,座位入浴,"消耗品はこちら P.360消耗品はこちら P.359消耗品はこちら P.359ウルトラファインバブル生成シャワーヘッド  ミラブルzero mirablezero 型式ARA-100寸法外形／1750（Ｌ）×1130（W）×1137（H）mm給湯ユニット／590（Ｌ）×600（W）×640（H）mm浴槽内／１605（Ｌ）×742（W）×1004（H）mm質量シャワードーム／約８５kg、給湯ユニット／約55kg材質シャワードームカバー／プラスチック（PP）フレーム／ステンレススチール給湯ユニットカバー、観察窓／プラスチック（塩ビ）カーテン／ポリエステル布実使用湯量約15L/分（給湯水圧力0.3MPa時）電源単相１００Ｖ（50/60Hz）15A、アース付電源入力電力400ＶＡ（50/60Hz）260Ｗ（50/60Hz）シャワーノズル数 上部6基、サイド部10基、後部4基、下部2基型式ARA-110C寸法質量材質背もたれ角度座面角度付属品型式ARA-100C寸法外形／1023（Ｌ）×621（W）×1240（H）mmチルト時／1263（Ｌ）×621（W）×976（H）mm座面高／446mmキャスター／前輪φ151.5mm、後輪φ300mm約15kgフレーム／アルミニウム＋粉体塗装仕上げヘッドレスト／プラスチック（PP＋PA＋PE）メッシュシート／プラスチック（塩ビ）マット／プラスチック（EVA）100°標準姿勢時／0°、チルト時／25°マットピンフォーク質量材質背もたれ角度座面角度付属品※仕様、外観は予告なく変更することがありますのでご了承ください。評価測定運動療法水治療法物理療法救急ＡＤＬ・作業療法言語療法自立支援機器衛生・防災介護用入浴機器 送料 チャーター便送料 F送料 御見積¥44,900毛穴の奥まで届くウルトラファインバブルを生成する優れた洗浄効果を持つシャワーです。シャワーヘッドを取り替えるだけで、洗顔や洗髪はもちろん、浴室のお掃除にも効果を発揮します。標準付属消耗品オプションあんしんケアパック付 あんしんケアパック・プラス付あんしんケアパック付 あんしんケアパック・プラス付あんしんケアパック付 あんしんケアパック・プラス付ドーム洗浄用 除菌洗浄剤 ネオアルベストAC 送料 B¥8,000SP523037 ドーム内外の汚染除去にも適した第4級アンモニウム塩配合の環境用除菌洗浄剤。アラエル専用 ボディシャンプーS 4L 送料 B¥3,400SP523036A ¥13,600S21B0008（4本入） 泡立ち、泡切れが良く、お肌と同じ弱酸性ボディシャンプー。価格¥5,850,000価格¥1,080,000価格¥650,000¥6,109,000¥681,000¥6,159,000¥1,184,000¥1,134,000リクライニング角度1段目／1050（Ｌ）×599（W）×1095（H）mmリクライニング角度2段目／1367（Ｌ）×599（W）×963（H）mmリクライニング角度3段目／1468（Ｌ）×599（W）×879（H）mmリクライニング角度4段目／1630（Ｌ）×599（W）×593（H）mm約25kgフレーム／ステンレス（ミガキ仕上げ）ヘッドレスト／プラスチック（PA）メッシュシート／プラスチック（PA）マット／プラスチック（EVA）93°／120°／131°／165°17°／15°／14°／8°シリコングリス、刷毛¥731,000319シャワードーム 入浴用車椅子 リクライニング式  NEW  送料 F入浴用車椅子 仰臥位入浴座位 入浴AD L入浴その 他の介護用入浴機器入浴 関連商品","シャワードーム 送料 チャーター便
型式価格あんしんケアパック 付あんしんケアパック・プラス付
ARA-100¥5,850,000¥6,109,000¥6,159,000
寸法外形／1750（Ｌ）×1130（W）×1137（H）mm
給湯ユニット／590（Ｌ）×600（W）×640（H）mm
浴槽内／１605（Ｌ）×742（W）×1004（H）mm
質量シャワードーム／約８５kg、給湯ユニット／約55kg
材質シャワードームカバー／プラスチック（PP）
フレーム／ステンレススチール
給湯ユニットカバー、観察窓／プラスチック（塩ビ）
カーテン／ポリエステル布評価測定
実使用湯量約15L/分（給湯水圧力0.3MPa時）
電源単相１００Ｖ（50/60Hz）15A、アース付
電源入力400ＶＡ（50/60Hz）
運動療法
電力260Ｗ（50/60Hz）
消耗品はシャワーノズル 数上部6基、サイド部10基、後部4基、下部2基
こち らP.360
水治療法
物理療法
入浴用車椅子 リクライニング式  NE W 送料 F
救急
型式価格あんしんケアパック 付あんしんケアパック・プラス付
ARA-110C¥1,080,000¥1,134,000¥1,184,000
寸法リクライニング角度1段目／1050（Ｌ）×599（W）×1095（H）mmＡＤＬ・
リクライニング角度2段目／1367（Ｌ）×599（W）×963（H）mm作業療法
リクライニング角度3段目／1468（Ｌ）×599（W）×879（H）mm
リクライニング角度4段目／1630（Ｌ）×599（W）×593（H）mm
質量約25kg
言語療法
材質フレーム／ステンレス（ミガキ仕上げ）
ヘッドレスト／プラスチック（PA）
メッシュシート／プラスチック（PA）
マット／プラスチック（EVA）自立支援
背もたれ角度93°／120°／131°／165°機器
消耗品は座面角度17°／15°／14°／8°
こち らP.359
付属品シリコングリス、刷毛衛生・
防災
介護用
入浴機器
入浴用車椅子 送料 F
型式価格あんしんケアパック 付あんしんケアパック・プラス付
ARA-100C¥650,000¥681,000¥731,000
寸法外形／1023（Ｌ）×621（W）×1240（H）mm
仰臥位入浴
チルト時／1263（Ｌ）×621（W）×976（H）mm
座面高／446mm
キャスター／前輪φ151.5mm、後輪φ300mm座 位入浴
質量約15kg
材質フレーム／アルミニウム＋粉体塗装仕上げA DL入浴
ヘッドレスト／プラスチック（PP＋PA＋PE）
メッシュシート／プラスチック（塩ビ）そ の他の
マット／プラスチック（EVA）介護用入浴機器
背もたれ角度100°入 浴関連
消耗品は座面角度標準姿勢時／0°、チルト時／25°商品
こち らP.359
付属品マットピンフォーク
標準付属消耗品
アラエル専用 ドーム洗浄用 
ボディシャンプーS 4L 送料 B除菌洗浄剤 ネオアルベストAC 送料 B
SP523036A ¥3,400SP523037 ¥8,000
S21B0008（4本入） ¥13,600ドーム内外の汚染除去にも適した第4級アンモ
泡立ち、泡切れが良く、お肌と同じ弱酸性ボニウム塩配合の環境用除菌洗浄剤。
ディシャンプー。
オプション
ウルトラファインバブル生成シャワーヘッド  
ミラブルzero 送料 御見積
mirablezero  ¥44,900
毛穴の奥まで届くウルトラファインバブルを生成する優れた洗浄効果を
持つシャワーです。シャワーヘッドを取り替えるだけで、洗顔や洗髪はも
ちろん、浴室のお掃除にも効果を発揮します。
※仕様、外観は予告なく変更することがありますのでご了承ください。319"
321,MMTY51BFDJBNB,介護用入浴機器,座位入浴,単品カタログすぐ横でご利用者の表情まで確認できる、片側フレームのコンパクトな横移動型。WEBはこちら320仰臥位入浴座位入浴ADL入浴その他の介護用入浴機器入浴関連商品※仕様、外観は予告なく変更することがありますのでご了承ください。　評価測定運動療法水治療法物理療法救急ＡＤＬ・作業療法言語療法自立支援機器衛生・防災介護用入浴機器車椅子の進入から連結・椅子上部の切り離し作業を自動化し、極めてスムーズなリフト式介助入浴を実現しました。車椅子の連結・解除をランプでお知らせ。操作手順もシンプルで誤操作を予防します。レッグレストに凹みをつけ、フットレストを外側に回転させることで、足もとのスペースを広く確保。しっかり支えて踏み込みやすくなりました。ロックペダルでキャスター後輪を同時にしっかりロックできるので、移乗の際の安全性がより高くなりました。介助者がすぐ横に立てるのでサポートや確認がしやすくなっています。介助する方、浴槽が常にご利用者の視界の中にありより大きな安心感が得られます。車椅子を当てるだけで万全の連結、ロック。シンプルな操作手順を実現し、誤操作を予防。「座り直し」不要のレッグレスト。キャスターロックペダルで安全性アップ。介助しやすい片側フレーム。横移動型ライナーリフト （横移動型）,"WEBはこちら
すぐ横でご利用者の表情まで確認できる、片側フレームのコンパクトな横移動型。
単品
ライナーリフト （横移動型） カタログ
評価測定介助しやすい片側フレーム。
介助者がすぐ横に立てるのでサポートや確認がしやすく
なっています。
運動療法
水治療法
横移動型
物理療法
介助する方、浴槽が常に
ご利用者の視界の中にあり
救急
より大きな安心感が得られます。
ＡＤＬ・
作業療法
言語療法
自立支援
機器
衛生・
防災
介護用
入浴機器
仰臥位入浴車椅子を当てるだけで万全の連結、ロック。「座り直し」不要のレッグレスト。
座位入浴車椅子の進入から連結・椅子上部の切り離し作業を自動化し、レッグレストに凹みをつけ、
極めてスムーズなリフト式介助入浴を実現しました。フットレストを外側に回転
ADL入浴
させることで、足もとの
その他のスペースを広く確保。
介護用入浴機器
しっかり支えて踏み込み
入浴関連
商品やすくなりました。
シンプルな操作手順を実現し、誤操作を予防。キャスターロックペダルで安全性アップ。
車椅子の連結・解除をランプでお知らせ。ロックペダルでキャスター後輪を同時にしっかり
操作手順もシンプルで誤操作を予防します。ロックできるので、移乗の際の安全性がより高くなりました。
320※仕様、外観は予告なく変更することがありますのでご了承ください。　"
322,MMTYAC73AX631,介護用入浴機器,座位入浴,"008400210005棚※仕様、外観は予告なく変更することがありますのでご了承ください。評価測定運動療法水治療法物理療法救急ＡＤＬ・作業療法言語療法自立支援機器衛生・防災介護用入浴機器-450-300-150±0-150+150±0イス脱衣室浴室消耗品はこちら P.357ライナーリフト　LL-420R30001200280050004800送料 チャーター便送料 F配置イメージあんしんケアパック付 あんしんケアパック・プラス付あんしんケアパック付 あんしんケアパック・プラス付型式LL-420R（右サイド用）LL-420L（左サイド用）寸法外形／1016〜1352（L）×1206（W）×1573（H）mm昇降ストローク／820mm（浴槽底面FL-550の時）質量約270kg材質フレーム／ステンレス、カバー／プラスチック機能自動送り機構昇降方式電動油圧式チェーン駆動最大使用者体重 100kg電源単相100V（50/60Hz）15A電源入力600VA（50Hz）、700VA（60Hz）電力420W（50Hz）、520W（60Hz）型式LL-420CR/L寸法外形／1018〜1398（L）×520（W）×1095〜1300（H）mmキャスター／φ150mm約50kgフレーム／ステンレス、カバー／プラスチックハーフリクライニング式、上下着脱式、高さ・角度調節式ヘッドレストキャスター／後輪2輪トータルロック安全ベルト、マット、足浮き防止ベルト質量材質機能付属品価格¥4,818,000¥4,818,000価格¥1,078,000¥5,095,000¥5,095,000¥1,140,000¥5,145,000¥5,145,000¥1,190,000321ライナーリフト本体 横移動型 入浴用車椅子（LL-420用） 上下分離式。移乗しやすいはね上げ式手すり採用。仰臥位入浴座位 入浴AD L入浴その 他の介護用入浴機器入浴 関連商品","ライナーリフト本体 横移動型 送料 チャーター便
型式価格あんしんケアパック 付あんしんケアパック・プラス付
LL-420R（右サイド用）¥4,818,000¥5,095,000¥5,145,000
LL-420L（左サイド用）¥4,818,000¥5,095,000¥5,145,000
寸法外形／1016〜1352（L）×1206（W）×1573（H）mm
昇降ストローク／820mm（浴槽底面FL-550の時）
質量約270kg
材質フレーム／ステンレス、カバー／プラスチック
機能自動送り機構
昇降方式電動油圧式チェーン駆動評価測定
最大使用者体 重100kg
電源単相100V（50/60Hz）15A
電源入力600VA（50Hz）、700VA（60Hz）
運動療法
電力420W（50Hz）、520W（60Hz）
水治療法
物理療法
救急
ＡＤＬ・
作業療法
言語療法
入浴用車椅子（LL-420用） 送料 F
上下分離式。移乗しやすいはね上げ式手すり採用。
自立支援
型式価格あんしんケアパック 付あんしんケアパック・プラス付機器
LL-420CR/L¥1,078,000¥1,140,000¥1,190,000
寸法外形／1018〜1398（L）×520（W）×1095〜1300（H）mm衛生・
キャスター／φ150mm防災
質量約50kg
材質フレーム／ステンレス、カバー／プラスチック
介護用
機能ハーフリクライニング式、上下着脱式、高さ・
入浴機器
角度調節式ヘッドレスト
キャスター／後輪2輪トータルロック
付属品安全ベルト、マット、足浮き防止ベルト
消耗品は
こち らP.357
仰臥位入浴
座 位入浴
A DL入浴
そ の他の
介護用入浴機器
入 浴関連
商品
配置イメージ
ライナーリフト　
LL-420R
30005000
イス-450
棚-300
-150
±0-150
0+1500
00±008
5脱衣室4
0
0浴室
2
1
1200
28004800
※仕様、外観は予告なく変更することがありますのでご了承ください。321"
323,MMTYAC9SRIDHJ,介護用入浴機器,座位入浴,単品カタログ車椅子とリフトの連結・介助を自動化。シンプルな操作手順で誤操作を防ぎます。WEBはこちら322仰臥位入浴座位入浴ADL入浴その他の介護用入浴機器入浴関連商品※仕様、外観は予告なく変更することがありますのでご了承ください。　評価測定運動療法水治療法物理療法救急ＡＤＬ・作業療法言語療法自立支援機器衛生・防災介護用入浴機器ご利用者へのサポートがしやすくなっています。前進方向のため、横幅のスペースを節約できます。ご利用者の身体を やさしくガードし、 不安感を解消します。車椅子の進入から連結・椅子上部の切り離し作業を自動化し、極めてスムーズなリフト式介助入浴を実現しました。車椅子の連結・解除をランプでお知らせ。操作手順もシンプルで誤操作を予防します。レッグレストに凹みをつけ、フットレストを外側に回転させることで、足もとのスペースを広く確保。しっかり支えて踏み込みやすくなりました。ロックペダルでキャスター後輪を同時にしっかりロックできるので、移乗の際の安全性がより高くなりました。「座り直し」不要のレッグレスト。キャスターロックペダルで安全性アップ。介助しやすい片側フレーム。縦移動型車椅子上部と一体で動く 大型サイドフェンス。車椅子を当てるだけで万全の連結、ロック。シンプルな操作手順を実現し、誤操作を予防。ライナーリフト （縦移動型）,"WEBはこちら
車椅子とリフトの連結・介助を自動化。シンプルな操作手順で誤操作を防ぎます。
単品
ライナーリフト （縦移動型） カタログ
介助しやすい片側フレーム。
ご利用者へのサポートがしやすくなっています。
評価測定
縦移動型
運動療法
前進方向のため、
横幅のスペースを節約できます。
水治療法
物理療法
救急
ＡＤＬ・
作業療法
言語療法
自立支援
機器
車椅子上部と一体で動く 
衛生・
防災大型サイドフェンス。
ご利用者の身体を 
介護用やさしくガードし、 
入浴機器
不安感を解消します。
仰臥位入浴
車椅子を当てるだけで万全の連結、ロック。「座り直し」不要のレッグレスト。
座位入浴
車椅子の進入から連結・椅子上部の切り離し作業を自動化し、レッグレストに凹みをつけ、
ADL入浴極めてスムーズなリフト式介助入浴を実現しました。フットレストを外側に回転
その他のさせることで、足もとの
介護用入浴機器
スペースを広く確保。
入浴関連
商品しっかり支えて踏み込み
やすくなりました。
シンプルな操作手順を実現し、誤操作を予防。キャスターロックペダルで安全性アップ。
車椅子の連結・解除をランプでお知らせ。ロックペダルでキャスター後輪を同時にしっかり
操作手順もシンプルで誤操作を予防します。ロックできるので、移乗の際の安全性がより高くなりました。
322※仕様、外観は予告なく変更することがありますのでご了承ください。　"
324,MMTYACBL1TUDS,介護用入浴機器,座位入浴,"008400210005棚※仕様、外観は予告なく変更することがありますのでご了承ください。評価測定運動療法水治療法物理療法救急ＡＤＬ・作業療法言語療法自立支援機器衛生・防災介護用入浴機器-450-300-150±0-150+150±0イス脱衣室浴室消耗品はこちら P.357ライナーリフト　LL-400R30001200280050004800送料 チャーター便送料 F送料 A配置イメージオプション　LL-400用あんしんケアパック付 あんしんケアパック・プラス付あんしんケアパック付 あんしんケアパック・プラス付あんしんケアパック付 あんしんケアパック・プラス付型式LL-400R（右サイド用）LL-400L（左サイド用）寸法質量約250kg材質フレーム／ステンレス、カバー／プラスチック機能自動送り機構昇降方式電動油圧式チェーン駆動最大使用者体重 100kg電源単相100V（50/60Hz）15A電源入力600VA（50Hz）、700VA（60Hz）電力420W（50Hz）、520W（60Hz）型式LL-400C寸法外形／1058〜1398（L）×525（W）×1095〜1300（H）mm、キャスター／φ150mm約50kgフレーム／ステンレス、カバー／プラスチックハーフリクライニング式、上下着脱式、高さ・角度調節式ヘッドレスト、キャスター／後輪2輪トータルロック安全ベルト、マット、足浮き防止ベルト質量材質機能付属品型式LL-413寸法材質130（L）×48（W）×22（H）mmプラスチックご利用者の傍で、より安心感のある入浴をサポートできます。価格¥4,488,000¥4,488,000価格¥1,078,000価格¥187,000¥4,795,000¥4,795,000¥1,190,000¥208,000323リモコンスイッチ ライナーリフト本体 縦移動型 入浴用車椅子 （LL-400用） 上下分離式。移乗しやすいはね上げ式手すり採用。キャスターロックペダルで、後輪2輪を同時にロックできます。仰臥位入浴座位 入浴AD L入浴その 他の介護用入浴機器入浴 関連商品¥4,745,000¥4,745,000外形／1126〜1596（L）×907（W）×1573（H）mm昇降ストローク／820mm（浴槽底面FL-550の時）¥1,140,000¥198,000縦移動型（LL-400R）","ライナーリフト本体 縦移動型 送料 チャーター便
型式価格あんしんケアパック 付あんしんケアパック・プラス付
LL-400R（右サイド用）¥4,488,000¥4,745,000¥4,795,000
LL-400L（左サイド用）¥4,488,000¥4,745,000¥4,795,000
寸法外形／1126〜1596（L）×907（W）×1573（H）mm
昇降ストローク／820mm（浴槽底面FL-550の時）
質量約250kg
材質フレーム／ステンレス、カバー／プラスチック
機能自動送り機構
昇降方式電動油圧式チェーン駆動評価測定
最大使用者体 重100kg
電源単相100V（50/60Hz）15A
電源入力600VA（50Hz）、700VA（60Hz）
運動療法
電力420W（50Hz）、520W（60Hz）
水治療法
物理療法
縦移動型
（LL-400R）
救急
ＡＤＬ・
入浴用車椅子 （LL-400用） 送料 F作業療法
上下分離式。移乗しやすいはね上げ式手すり採用。
キャスターロックペダルで、後輪2輪を同時にロックできます。言語療法
型式価格あんしんケアパック 付あんしんケアパック・プラス付
LL-400C¥1,078,000¥1,140,000¥1,190,000自立支援
寸法外形／1058〜1398（L）×525（W）×1095〜1300（H）mm、キャスター／φ機器
150mm
質量約50kg
衛生・
材質フレーム／ステンレス、カバー／プラスチック防災
機能ハーフリクライニング式、上下着脱式、高さ・角度調節式ヘッドレスト、キャスター
／後輪2輪トータルロック
付属品安全ベルト、マット、足浮き防止ベルト介護用
入浴機器
消耗品は
こち らP.357
オプション　LL-400用仰臥位入浴
リモコンスイッチ 送料 A座 位入浴
ご利用者の傍で、より安心感のある入浴をサポートできます。
A DL入浴
型式価格あんしんケアパック 付あんしんケアパック・プラス付
LL-413¥187,000¥198,000¥208,000そ の他の
介護用入浴機器
寸法130（L）×48（W）×22（H）mm
入 浴関連
材質プラスチック
商品
配置イメージ
ライナーリフト　
LL-400R
30005000
イス-450
棚-300
-150
±0-150
0+1500
00±008
5脱衣室4
0
0浴室
2
1
1200
28004800
※仕様、外観は予告なく変更することがありますのでご了承ください。323"
325,MMTYACDJCADEY,介護用入浴機器,ADL入浴,2400mm単品カタログユニット内のさまざまな入浴スタイルに1台で対応可能。動画はこちら2000mm324ユニット型施設向け浴槽 ユニバス 仰臥位入浴座位入浴ADL入浴その他の介護用入浴機器入浴関連商品モデル身長：160cm※仕様、外観は予告なく変更することがありますのでご了承ください。　評価測定運動療法水治療法物理療法救急ＡＤＬ・作業療法言語療法自立支援機器衛生・防災介護用入浴機器浴 槽 の「 また ぎこみ 」動 作 が 不 安 な 方は、あらかじめ座面を浴槽内に沈めて、浴槽縁をまたいで入浴します。足を伸ばしてゆったり浸かれる浴 槽の広さです。「 立ち上 がり」動 作 が 不 安な方 、入 浴 中車 椅 子を浴 槽 内に押し出す際 、一 歩 踏み込める設計になっているので、介助者は腰をかがめる必要がありません。「またぎこみ 」や「 立ち上 がり」動 作 が 不 安な方から、車 椅 子に座ったまま入浴する方まで、1 台で多様なA D Lの入浴に対応。家庭的なスタイルで、安全かつ快適に入浴できます。比較的 A D Lが低下した方の入浴でも、ユニバスなら一人で介助することが可能です。※ユニット内の限られた介助者数で効率的な入浴ケアが行えます。※ご利用者のADLレベルによります。最 小 で 2 0 0 0×2 4 0 0 m m のスペースがあれば設置可能なコンパクト設計。ユニット内の浴室に設置すれば特浴室に移動 する時 間 が 不 要になり、介助者の人手不足の解消にも貢献できます。の姿勢が安定しない方は、座面に座り、リフトを使って入浴します。自力で歩くのが難しい方は、入浴用車椅子をチルトさせ、車椅子に座ったまま入浴します。1台で幅広いADLに対応可能。 車椅子入浴の方にも、家庭的な入浴を提供できます。一人で介助できる安心設計。 マンパワーが節約でき、ユニットケアの質を高めます。ユニット内に設置できる コンパクトサイズ。座面入浴腰への負担を軽減するウォークイン構造。車椅子入浴直接入浴ゆったりした入浴姿勢。,"動画はこちら
ユニット内のさまざまな入浴スタイルに1台で対応可能。
単品
ユニット型施設向け浴槽 ユニバス カタログ
1台で幅広いADLに対応可能。 
車椅子入浴の方にも、家庭的な入浴を提供できます。
評価測定「またぎこ み」や 「立ち 上がり」 動 作 が 不安な方から、 車 椅子に
座ったまま入浴する方まで、 1台で多様な A DLの入浴に対応。家
庭的なスタイルで、安全かつ快適に入浴できます。
運動療法
水治療法
一人で介助できる安心設計。 
マンパワーが節約でき、ユニットケアの質を高めます。
物理療法
比較 的 A DLが低下した方の入浴でも、ユニバスなら一人で介助
※
することが可能です。
救急ユニット内の限られた介助者数で効率的な入浴ケアが行えます。
※ご利用者のADLレベルによります。
ＡＤＬ・
作業療法
ユニット内に設置できる 2000mm
言語療法
コンパクトサイズ。
 最 小 で 2 0 00× 2 4 0 0 m mの
自立支援
スペースがあれば設置可能な
機器2
4
コンパクト設計。ユニット内の0
0
衛生・浴室に設置すれば特浴室に移mm
防災 動する 時 間 が 不要になり、介
助者の人手不足の解消にも貢
介護用
献できます。
入浴機器
直接入浴座面入浴車椅子入浴
 浴 槽の 「ま たぎこ み」 動 作 が 不 安 な方 「立ち 上がり」 動 作 が 不安な 方、 入 浴中自力で歩くのが難しい方は、入浴用車椅
仰臥位入浴
は、あらかじめ座面を浴槽内に沈めて、の姿勢が安定しない方は、座面に座り、子をチルトさせ、車椅子に座ったまま入
座位入浴浴槽縁をまたいで入浴します。リフトを使って入浴します。浴します。
ADL入浴
その他の
介護用入浴機器
入浴関連
商品
ゆったりした入浴姿勢。腰への負担を軽減するウォークイン構造。
足を伸ばしてゆったり浸かれる 浴槽 車 椅子を 浴 槽内に押し出す 際、 一 歩踏
の広さです。み込める設計になっているので、介助者
は腰をかがめる必要がありません。
モデル身長：160cm
324※仕様、外観は予告なく変更することがありますのでご了承ください。　"
326,MMTYACF3SLA6N,介護用入浴機器,ADL入浴,"5440042001100110062棚※仕様、外観は予告なく変更することがありますのでご了承ください。評価測定運動療法水治療法物理療法救急ＡＤＬ・作業療法言語療法自立支援機器衛生・防災介護用入浴機器1355150脱衣室消耗品はこちら P.361足受けボード BEQ-10 型式UCB-10R/L価格¥203,500［構成］シャワーミキシング、ハンドシャワー、シャワー掛具型式UCB-100寸法外形／1806（L）×1073（W）×1116〜1468（H）mm浴槽内／1219（L）×574（W）×617（H）mm座面高／FLより486mm、昇降ストローク／352mm質量浴槽本体／約300kg、座面／約5kg材質フレーム・貯湯タンク／ステンレス、浴槽／FRP、扉／プラスチック（ポリプロピレン）、カバー／プラスチック（ABS）、昇降リフト／ステンレス・プラスチック（ポリアセタール）、座面／プラスチック（ポリプロピレン）浴槽容量実使用湯量約460L車椅子入浴時／約350L（入浴者165cm、65kg）座面入浴時／約380L（入浴者165cm、65kg）貯湯タンク容量約198L昇降方式電動アクチュエーター式使用可能体重100kg以下電源電源入力単相100V（50/60Hz） 15A710VA/870VA（50/60Hz）電力560Ｗ/750Ｗ（50/60Hz）型式UCB-110C寸法標準姿勢／1114（L）×577（W）×1151〜1347（H）mm入浴姿勢／1259〜1302（L）×577（W）×1060〜1229（H）mmキャスター ／φ125mm約50kgフレーム／ステンレス、手すり／ステンレス、マット・ヘッドレスト／プラスチック（EVA・ポリエチレン）、踵受け／合成ゴム、フットレスト／プラスチック（ポリプロピレン）、キャスター／ステンレス手動チルト（水平より58°）、高さ調節式枕（高さ40mm×6段階）、キャスター／前2輪個別ロック、後2輪トータルロック質量材質機能寸法 3２９（L）×５４０（W）×１５３（H）ｍｍ質量 約３．２kg材質 ステンレス、プラスチック26002400送料 チャーター便送料 チャーター便送料 F送料 B¥38,500オプション配置イメージあんしんケアパック付 あんしんケアパック・プラス付浴室小柄な方の入浴姿勢を安定させることができます。洗身時に便利なシャワーをオプションで設置することができます。（専用シャワーミキシング付）ユニバス　UCB-10020001800¥213,500¥223,500価格¥6,000,000価格¥1,375,000あんしんケアパック付¥6,255,000あんしんケアパック付¥1,439,000あんしんケアパック・プラス付¥6,305,000あんしんケアパック・プラス付¥1,489,000325ハンドシャワー 仰臥位入浴座位 入浴AD L入浴その 他の介護用入浴機器入浴 関連商品ユニバス浴槽 和のデザイン「ひのき柄」で安らぎの雰囲気を演出。入浴用車椅子 チルト機構により入浴中の姿勢が安定。","ユニバス浴槽 送料 チャーター便
和のデザイン「ひのき柄」で安らぎの雰囲気を演出。
型式価格あんしんケアパック付あんしんケアパック・プラス付
UCB-100¥6,000,000¥6,255,000¥6,305,000
寸法外形／1806（L）×1073（W）×1116〜1468（H）mm
浴槽内／1219（L）×574（W）×617（H）mm
座面高／FLより486mm、昇降ストローク／352mm
質量浴槽本体／約300kg、座面／約5kg
材質フレーム・貯湯タンク／ステンレス、浴槽／FRP、扉／プラスチック（ポリプロ
ピレン）、カバー／プラスチック（ABS）、昇降リフト／ステンレス・プラスチック評価測定
（ポリアセタール）、座面／プラスチック（ポリプロピレン）
浴槽容量約460L
実使用湯量車椅子入浴時／約350（L入浴者165cm、65kg）
座面入浴時／約380（L入浴者165cm、65kg）運動療法
貯湯タンク容量約198L
昇降方式電動アクチュエーター式
使用可能体重100kg以下水治療法
電源単相100V（50/60Hz） 15A
電源入力710VA/870VA（50/60Hz）
電力560Ｗ/750Ｗ（50/60Hz）
物理療法
入浴用車椅子 送料 F救急
チルト機構により入浴中の姿勢が安定。
型式価格あんしんケアパック付あんしんケアパック・プラス付ＡＤＬ・
作業療法
UCB-110C¥1,375,000¥1,439,000¥1,489,000
寸法標準姿勢／1114（L）×577（W）×1151〜1347（H）mm
入浴姿勢／1259〜1302（L）×577（W）×1060〜1229（H）mm
キャスター ／φ125mm言語療法
質量約50kg
材質フレーム／ステンレス、手すり／ステンレス、マット・ヘッドレスト／プラスチッ
ク（EVA・ポリエチレン）、踵受け／合成ゴム、フットレスト／プラスチック（ポリ自立支援
プロピレン）、キャスター／ステンレス機器
機能手動チルト（水平より58°）、高さ調節式枕（高さ40mm×6段階）、キャスター
／前2輪個別ロック、後2輪トータルロック
衛生・
防災
消耗品は
こち らP.361
介護用
入浴機器
オプション
仰臥位入浴
座 位入浴
A DL入浴
そ の他の
ハンドシャワー 送料 チャーター便足受けボード 送料 B介護用入浴機器
洗身時に便利なシャワーをオプションで設置することができます。（専用BEQ-10 ¥38,500入 浴関連
商品
シャワーミキシング付）小柄な方の入浴姿勢を安定させることができます。
型式価格あんしんケアパック 付あんしんケアパック・プラス付寸 法3２９（L）×５４０（W）×１５３（H）ｍｍ
質 量約３．２kg
UCB-10R/L¥203,500¥213,500¥223,500
材 質ステンレス、プラスチック
［構成］シャワーミキシング、ハンドシャワー、シャワー掛具
配置イメージ
ユニバス　UCB-100
20002600
棚445
1355
浴室
00
00
6脱衣室4
22
00
00
11
11
150
18002400
※仕様、外観は予告なく変更することがありますのでご了承ください。325"
327,MMTYACH6YGEQO,介護用入浴機器,ADL入浴,mm0022mm0022単品カタログ2200mm2200mm小規模多機能居宅介護事業所の多様な入浴ニーズにお応えします。動画はこちら326リフトインバス ホーミィイース 仰臥位入浴座位入浴ADL入浴その他の介護用入浴機器入浴関連商品跳ね上げ式フットレスト※仕様、外観は予告なく変更することがありますのでご了承ください。　評価測定運動療法水治療法物理療法救急ＡＤＬ・作業療法言語療法自立支援機器衛生・防災介護用入浴機器リフトを使わず直接入浴。リフト部のアームをつかんで安全に浴槽をまたぐことができます。最小 2200 m m×2200 m mのスペースで設置可能です。浴槽縁に座って入浴。家庭の浴槽と同じ感覚で入浴できます。質量約 32 k gの軽量設計を実現。狭い場所でもスムーズに操作できます。軽 い 力 で 簡 単に操 作 できる構 造 な ので、介助する方もひとりでラクに安心して入浴介助ができます。座 面 下 のフレー ム が 、X 型 の 形 状 、かつ、フットレストは旋回させることができるので、前 後 左 右どこからでも足 が踏み込みやすくなっています。（特許番号5797682号）座位入浴扱いやすい 軽量の入浴用車椅子。車椅子入浴全方向から踏み込みやすい マルチステップイン構造。多様な身体状況の方に家庭のような入浴を安心して提供できます。立位入浴省スペースで設置可能。,"動画はこちら
小規模多機能居宅介護事業所の多様な入浴ニーズにお応えします。
単品
リフトインバス ホーミィイース カタログ
多様な身体状況の方に家庭のような
評価測定
入浴を安心して提供できます。
運動療法
水治療法
物理療法
救急
ＡＤＬ・
作業療法
言語療法
立位入浴座位入浴車椅子入浴
自立支援
機器
リフトを使わず直接入浴。浴槽縁に座って入浴。 軽 い 力 で 簡単に 操 作できる 構 造 なの
リフト部のアームをつかんで安全に浴家庭の浴槽と同じ感覚で入浴できます。で、介助する方もひとりでラクに安心し
衛生・
防災槽をまたぐことができます。て入浴介助ができます。
介護用
入浴機器
仰臥位入浴
座位入浴
ADL入浴
その他の
介護用入浴機器
入浴関連
商品
省スペースで設置可能。扱いやすい 全方向から踏み込みやすい 
最 小220 0 mm×220 0 mmのスペー軽量の入浴用車椅子。マルチステップイン構造。
スで設置可能です。質量 約3 2 kgの軽量設計を実現。狭い 座 面 下のフレ ー ム が、 X 型 の 形 状、か
場所でもスムーズに操作できます。つ、フットレストは旋回させることがで
きるので、 前 後 左右どこからでも 足が
踏み込みやすくなっています。（特許番号
5797682号）
mm
m
0m
00
2202
2
2200mm
2200mm跳ね上げ式
フットレスト
326※仕様、外観は予告なく変更することがありますのでご了承ください。　"
328,MMTYACJ3679IT,介護用入浴機器,ADL入浴,327イージースライド方式（特許 5820864）従来の方式仰臥位入浴座位 入浴AD L入浴その 他の介護用入浴機器入浴 関連商品入浴用レッグレスト※仕様、外観は予告なく変更することがありますのでご了承ください。評価測定運動療法水治療法物理療法救急ＡＤＬ・作業療法言語療法自立支援機器衛生・防災介護用入浴機器着脱式セーフティカバー（特許 6139934）車椅子入浴の際に使うリフトは、操作の手順や姿勢に無理やムダがないかを徹底追求。介助する方がひとりでも無理なく簡単に操作できることをめざしました。浴槽縁に内蔵されているリフトは軽い力で引き出せます。リフトはスライド移動で浴槽内に進入する「イージースライド方式」を採用。最短距離で移動できるのでご利用者の不安感を軽減。また、従来のような旋回方式ではないため省スペースで設置可能です。座面下から引き出した入浴用レッグレストに足を乗せることで、スライド時にご利用者の足を抱えあげる動作を解消。足が脱落しないよう、着脱式のセーフティカバーもご用意しました。ご利用者の近くに寄り添って介助が行えます。ムダのない動作で、スムーズに動くリフト。ひとりでもラクに操作できます。1．リフトを引き出す3．リフトをスライドさせて浴槽内へ2．レッグレストに足を乗せる4．入浴する,"ムダのない動作で、スムーズに動くリフト。ひとりでもラクに操作できます。
車椅子入浴の際に使うリフトは、操作の手順や姿勢に無理やムダがないかを徹底追求。
介助する方がひとりでも無理なく簡単に操作できることをめざしました。
1．リフトを引き出す2．レッグレストに足を乗せる
評価測定
浴槽縁に内蔵されているリフトは軽い力で引き出せます。座面下から引き出した入浴用レッグレストに足を乗せることで、
スライド時にご利用者の足を抱えあげる動作を解消。足が脱落
しないよう、着脱式のセーフティカバーもご用意しました。運動療法
水治療法
着脱式セーフティカバー
（特許 6139934）
物理療法
救急
ＡＤＬ・
入浴用レッグレスト作業療法
言語療法
自立支援
機器
衛生・
防災
介護用
入浴機器
3．リフトをスライドさせて浴槽内へ4．入浴する
リフトはスライド移動で浴槽内に進入する「イージースライドご利用者の近くに寄り添って介助が行えます。
方式」を採用。最短距離で移動できるのでご利用者の不安感
仰臥位入浴
を軽減。また、従来のような旋回方式ではないため省スペー
スで設置可能です。座 位入浴
A DL入浴
イージースライド方式（特許 5820864）
そ の他の
介護用入浴機器
入 浴関連
商品
従来の方式
※仕様、外観は予告なく変更することがありますのでご了承ください。327"
329,MMTYACNYQ8A7W,介護用入浴機器,ADL入浴,"LIT7-2222LSUB-10SUB-20SUB-30SUB-40SUB-50ホーミィイース専用ユニットバス  送料 御見積ユニットバスホーミィイース専用　2222ユニットバス　Rタイプ LIT7-2222R ¥3,400,000 ¥3,400,000 ホーミィイース専用　2222ユニットバス　Lタイプ¥140,000 ¥59,500 ¥11,000 ¥103,000 ¥45,000 ユニットバス寒冷地仕様給湯用水栓換気扇換気乾燥暖房機追い炊き循環金具セット※仕様、外観は予告なく変更することがありますのでご了承ください。　評価測定運動療法水治療法物理療法救急ＡＤＬ・作業療法言語療法自立支援機器衛生・防災介護用入浴機器 型式価格合計　¥7,987,000¥3,580,000¥127,000¥880,000¥3,400,000328仰臥位入浴座位入浴ADL入浴その他の介護用入浴機器入浴関連商品浴室全体でラクで安心な入浴介助をサポートします。浴 室 の 一 角に、洗 身 時の 立 ち 上 が り を 促 すコ ー ナ ー を 設 置 。前 かが みになった 際に頭 部が あ たらな いように手すりを配置し、より立ち上 がりや すくなって います。凹凸がありクッション性のある材質で転倒のリスクを軽減します。また素足で触れてもヒヤッとしにくいのでヒートショックが起こりにくくなります。白を基 調とした 浴 室 内 で認 識しや す いよう赤 色 の手すりを採用。1203ｍｍのワイドな開口を実現し、入浴用車椅子での出入りや、横に寄り添っての歩行介助がストレスなく行えます。フラットなレールなのでつまずく心配もなく車椅子での出入りもスムーズです。（レール溝7.5mm）ユニットバスセットホーミィイース専用ユニットバス（2222サイズ）。立ち上がりを サポートする 「よいしょコーナー」 （特許 6185264）すべりにくい床材 「バスナアルティ」視認性に優れた 手すりワイドな開口の折りたたみドア 「らくなーざ」450mm450mmホーミィイース浴槽Lタイプ LIT-700L1台LIT-73L1台カバーユニットバス仕様LLTC-700入浴用車椅子1台LIT7-2222L 1台ホーミィイース専用2222ユニットバスLタイプ","ホーミィイース専用ユニットバス（2222サイズ）。
浴室全体でラクで安心な入浴介助をサポートします。
評価測定
運動療法
水治療法
445500mmmm
物理療法
救急
視認性に優れた 
ＡＤＬ・
手すり
作業療法
白を 基調とし た 浴 室 内で
 認識し や すいよう 赤 色の
言語療法
手すりを採用。
自立支援
機器
衛生・
防災
介護用
入浴機器
立ち上がりを すべりにくい床材 ワイドな開口の折りたたみドア 
サポートする 「バスナアルティ」「らくなーざ」
「よいしょコーナー」 凹凸がありクッション性のある1203ｍｍのワイドな開口を実現し、入浴用
仰臥位入浴
（特許 6185264）材質で転倒のリスクを軽減し車椅子での出入りや、横に寄り添っての歩行
座位入浴 浴 室 の 一角に、 洗 身時ます。また素足で触れてもヒ介助がストレスなく行えます。フラットなレー
ヤッとしにくいのでヒートショッルなのでつまずく心配もなく車椅子での出
 の 立 ち 上 が り を 促す
ADL入浴
クが起こりにくくなります。入りもスムーズです。（レール溝7.5mm）
 コ ー ナ ー を 設 置。 前か
その他の
介護用入浴機器 がみになっ た際に 頭部
入浴関連 が あたら ないように手
商品
すりを配置し、より立ち
 上がり やすくなっ てい
ます。
ホーミィイース専用ユニットバス  送料 御見積
ユニットバス型式価格ユニットバスセット
ホーミィイース専用　2222ユニットバス　Rタイ プLIT7-2222 R¥3,400,000 
ホーミィイース浴槽Lタイ プLIT-700L1台¥3,580,000
ホーミィイース専用　2222ユニットバス　LタイプLIT7-2222L¥3,400,000 
カバーユニットバス仕様LLIT-73L1台¥127,000
ユニットバス寒冷地仕様SUB-10¥140,000 入浴用車椅子LTC-7001台¥880,000
給湯用水栓SUB-20¥59,500 ホーミィイース専用LIT7-2222 L1台¥3,400,000
換気扇SUB-30¥11,000 2222ユニットバスLタイプ
換気乾燥暖房機SUB-40¥103,000  合計　¥7,987,000
追い炊き循環金具セットSUB-50¥45,000 
328※仕様、外観は予告なく変更することがありますのでご了承ください。　"
330,MMTYACR0JPLC9,介護用入浴機器,ADL入浴,"0022000100010042棚限※仕様、外観は予告なく変更することがありますのでご了承ください。評価測定運動療法水治療法物理療法救急ＡＤＬ・作業療法言語療法自立支援機器衛生・防災介護用入浴機器脱衣室浴室消耗品はこちら P.362ホーミィイース　LIT-700L+LIT-71L20001800送料 B価格¥38,5001台1台1台¥3,580,000¥127,000¥880,000合計　¥4,587,0001台1台1台¥3,580,000¥127,000¥880,000合計　¥4,587,00024002200送料 チャーター便送料 D価格価格※はオプション送料 Fオプション掘込仕様コーナー設置セット据置仕様コーナー設置セット配置イメージあんしんケアパック付 あんしんケアパック・プラス付あんしんケアパック付 あんしんケアパック・プラス付浴槽型式浴槽　Rタイプ LIT-700R浴槽　Lタイプ LIT-700L寸法外形（掘込仕様）／1900（L）×863〜1500（W）×700〜1290（H）mm外形（据置仕様）／1900（L）×863〜1500（W）×900〜1490（H）mm浴槽内／1285（L）×690（W）×490（H）mm質量240kg材質FRP浴槽容量約385L実使用湯量約300L（入浴者165cm、65kg）電源単相100V（50Hz/60Hz）・15Aカバー（標準）カバー掘込2面仕様Rカバー掘込2面仕様L掘込背面カバー　　※掘込側面カバー　　※カバー据置2面仕様Rカバー据置2面仕様L据置背面カバー　　※据置側面カバー　　※カバーユニットバス仕様Ｒカバーユニットバス仕様Lカバー（ひのき柄）限カバー掘込2面仕様Rひのき柄カバー掘込2面仕様Lひのき柄掘込背面カバーひのき柄　　※掘込側面カバーひのき柄　　※カバー据置2面仕様Rひのき柄カバー据置2面仕様Lひのき柄据置背面カバーひのき柄　　※据置側面カバーひのき柄　　※カバーユニットバス仕様Ｒひのき柄カバーユニットバス仕様Lひのき柄型式LTC-700寸法質量材質最大使用者体重 100kg付属品セーフティカバー（レッグレスト着脱式）¥3,811,000 ¥3,811,000 ¥938,000970〜1137（L）×605〜701（W）×1095（H）mm約32kgフレーム／ステンレス、カバー／プラスティック（PP）、プラスティック（PVC）、マット／プラスティック（PE）¥3,861,000 ¥3,861,000 ¥127,000 ¥127,000 ¥40,000 ¥29,000 ¥127,000 ¥127,000 ¥40,000 ¥29,000 ¥127,000 ¥127,000 ¥191,000 ¥191,000 ¥81,000 ¥58,000 ¥191,000 ¥191,000 ¥81,000 ¥58,000 ¥191,000 ¥191,000 ¥988,000価格¥3,580,000 ¥3,580,000 型式LIT-71RLIT-71LLIT-71BLIT-71SLIT-72RLIT-72LLIT-72BLIT-72SLIT-73RLIT-73L型式LIT-71RHLIT-71LHLIT-71BHLIT-71SHLIT-72RHLIT-72LHLIT-72BHLIT-72SHLIT-73RHLIT-73LH価格¥880,000329足受けボード　 くわしくは P.325  ホーミィイース浴槽 浴槽カバー 入浴用車椅子 仰臥位入浴座位 入浴AD L入浴その 他の介護用入浴機器入浴 関連商品掘込仕様据置仕様型式BEQ-10ホーミィイース浴槽Lタイプ LIT-700LLIT-71Lカバー掘込2面仕様LLTC-700入浴用車椅子ホーミィイース浴槽Lタイプ LIT-700LLIT-72Lカバー据置2面仕様LLTC-700入浴用車椅子：在庫商品のみの限定販売となります。在庫状況・数量をご確認ください。","ホーミィイース浴槽 送料 チャーター便
浴槽型式価格あんしんケアパック 付あんしんケアパック・プラス付
浴槽　Rタイ プLIT-700R¥3,580,000 ¥3,811,000 ¥3,861,000 
浴槽　Lタイ プLIT-700L¥3,580,000 ¥3,811,000 ¥3,861,000 
寸法外形（掘込仕様）／1900（L）×863〜1500（W）×700〜1290（H）mm
外形（据置仕様）／1900（L）×863〜1500（W）×900〜1490（H）mm
浴槽内／1285（L）×690（W）×490（H）mm
質量240kg
材質FRP
浴槽容量約385L評価測定
掘込仕様実使用湯量約300（L入浴者165cm、65kg）
電源単相100V（50Hz/60Hz）・15A
運動療法
浴槽カバー 送料 D
水治療法
カバー（標準）型式価格
カバー掘込2面仕様RLIT-71R¥127,000 
カバー掘込2面仕様LLIT-71L¥127,000 物理療法
掘込背面カバー　　※LIT-71B¥40,000 
掘込側面カバー　　※LIT-71S¥29,000 
カバー据置2面仕様RLIT-72R¥127,000 救急
カバー据置2面仕様LLIT-72L¥127,000 
据置仕様据置背面カバー　　※LIT-72B¥40,000 
ＡＤＬ・
据置側面カバー　　※LIT-72S¥29,000 
作業療法
カバーユニットバス仕様ＲLIT-73R¥127,000 
カバーユニットバス仕様LLIT-73L¥127,000 
言語療法
カバー（ひのき柄）限型式価格
オプション
カバー掘込2面仕様Rひのき柄LIT-71RH¥191,000 
足受けボード 　くわしく はP.32 5 送料 Bカバー掘込2面仕様Lひのき柄LIT-71LH¥191,000 自立支援
機器
型式価格掘込背面カバーひのき柄　　※LIT-71BH¥81,000 
BEQ-10¥38,500掘込側面カバーひのき柄　　※LIT-71SH¥58,000 
カバー据置2面仕様Rひのき柄LIT-72RH¥191,000 衛生・
防災
カバー据置2面仕様Lひのき柄LIT-72LH¥191,000 
消耗品は
こち らP.362据置背面カバーひのき柄　　※LIT-72BH¥81,000 
介護用
据置側面カバーひのき柄　　※LIT-72SH¥58,000 
入浴機器
カバーユニットバス仕様Ｒひのき柄LIT-73RH¥191,000 
掘込仕様コーナー設置セットカバーユニットバス仕様Lひのき柄LIT-73LH¥191,000 
ホーミィイース浴槽Lタイ プLIT-700L1台¥3,580,000※はオプション
カバー掘込2面仕様LLIT-71L1台¥127,000
入浴用車椅子LTC-7001台¥880,000
入浴用車椅子 送料 F
合計　¥4,587,000
仰臥位入浴
型式価格あんしんケアパック 付あんしんケアパック・プラス付
据置仕様コーナー設置セットLTC-700¥880,000¥938,000¥988,000座 位入浴
寸法970〜1137（L）×605〜701（W）×1095（H）mm
ホーミィイース浴槽Lタイ プLIT-700L1台¥3,580,000質量約32kgA DL入浴
カバー据置2面仕様LLIT-72L1台¥127,000材質フレーム／ステンレス、カバー／プラスティック（PP）、プラスティック（PVC）、
入浴用車椅子LTC-7001台¥880,000マット／プラスティック（PE）そ の他の
合計　¥4,587,000最大使用者体 重100kg介護用入浴機器
付属品セーフティカバー（レッグレスト着脱式）入 浴関連
商品
配置イメージ
ホーミィイース　
LIT-700L+LIT-71L
20002400
棚
浴室
00
00
24脱衣室22
00
00
00
11
18002200
限：在庫商品のみの限定販売となります。在庫状況・数量をご確認ください。※仕様、外観は予告なく変更することがありますのでご了承ください。329"
331,MMTYACSR4W5QO,介護用入浴機器,ADL入浴,＋※仕様、外観は予告なく変更することがありますのでご了承ください。　評価測定運動療法水治療法物理療法救急ＡＤＬ・作業療法言語療法自立支援機器衛生・防災介護用入浴機器単品カタログユニットバスに設置可能。ADLの変化に応じたサポート機能を選べます。WEBはこちらトランスファー手すり移乗台基本セット（浴槽は3タイプ）オプション（自立を支援するオプション）トランスファー手すりをプラスすれば、片足立ちの際の重心移動が、スムーズに行えます。背当てと安全ベルトが腰部を固定し、入浴中も姿勢を維持しやすくなります。昇降ユニット浴槽手すり浴槽手すりとの組み合わせで安心して入浴できます。昇降ユニットを利用すれば、少しの手助けで浴槽内に入れます。パーソナルセットスタンダードセット330パーソナルケア浴槽 パンジーi 仰臥位入浴座位入浴ADL入浴その他の介護用入浴機器入浴関連商品シンプルセットとりづらい方には入浴中の姿勢が保ちにくい方にはバランスがひとりで歩けるけれど「またぎこみ」動作が不安な方には立ち上がり動作が不安な方にはひとりひとりの日常生活動作レベルに合った入浴を、多様な組み合わせでサポート。,"WEBはこちら
ユニットバスに設置可能。ADLの変化に応じたサポート機能を選べます。
単品
パーソナルケア浴槽 パンジーi カタログ
ひとりひとりの日常生活動作レベルに合った入浴を、多様な組み合わせでサポート。
評価測定浴槽手すりとの組み合わせでトランスファー手すりをプラスすれば、
ひとりで安心して入浴できます。片足立ちの際の重心移動が、
スムーズに行えます。
歩けるけれどバランスが
運動療法
「またぎこみ」動作がとりづらい方には
不安な方には
水治療法
物理療法
救急
ＡＤＬ・
作業療法
言語療法
自立支援
機器
衛生・昇降ユニットを利用すれば、背当てと安全ベルトが腰部を固定し、
防災少しの手助けで入浴中も姿勢を維持しやすくなります。
浴槽内に入れます。
立ち上がり動作が入浴中の姿勢が
介護用
入浴機器不安な方には保ちにくい方には
仰臥位入浴
座位入浴
ADL入浴
その他の
介護用入浴機器
入浴関連
商品
基本セット（浴槽は3タイプ）オプション（自立を支援するオプション）
昇降ユニットトランスファー手すり
シンプルセットパーソナルセット
＋
浴槽手すり移乗台
スタンダードセット
330※仕様、外観は予告なく変更することがありますのでご了承ください。　"
332,MMTYACU82GMJF,介護用入浴機器,ADL入浴,331介護ユニットバスシリーズ 仰臥位入浴座位 入浴AD L入浴その 他の介護用入浴機器入浴 関連商品高齢者施設向けユニットバス「アクアハート」介護浴室システム「wells」※ユニットバスに設置する場合、専用の取付部品が必要です。（有料）※設置可能なユニットバスについてはお問い合わせ下さい。※仕様、外観は予告なく変更することがありますのでご了承ください。評価測定運動療法水治療法物理療法救急ＡＤＬ・作業療法言語療法自立支援機器衛生・防災介護用入浴機器積水ホームテクノ株式会社　パナソニック株式会社　TOTO株式会社　座面シートは、濡れても冷たさを感じない、肌触りのよい材質を採用。入浴中の姿勢を保持できるよう、背当てと安全ベルトは標準装備しています。昇降ユニットは、麻痺のある方など、入浴する方の状態に合わせて浴槽の左右どちらにも動かせます（スタンダードセットPN S-310のみ）。深さは、590mmなので大柄な方でもゆったりつかれます。座面マットは、昇降ユニットから取り外して清掃できます。また、スライドシートは、折りたためるので、浴槽清掃時に便利です。ゆったりつかれる深い浴槽。清掃が簡単。座り心地と安定感のよいシート。スライドする昇降ユニット。介護用ユニットバスにも設置可能です。,"座り心地と安定感のよいシート。ゆったりつかれる深い浴槽。
座面シートは、濡れても冷たさを感じない、肌触りのよい材質深さは、590mmなので大柄な方でもゆったりつかれます。
を採用。入浴中の姿勢を保持できるよう、背当てと安全ベル
トは標準装備しています。
評価測定
運動療法
水治療法
物理療法
救急
ＡＤＬ・
作業療法
言語療法
スライドする昇降ユニット。清掃が簡単。
自立支援
昇降ユニットは、麻痺のある方など、入浴する方の状態に合座面マットは、昇降ユニットから取り外して清掃できます。ま機器
わせて浴槽の左右どちらにも動かせます（スタンダードセットた、スライドシートは、折りたためるので、浴槽清掃時に便利
P NS-310のみ）。です。衛生・
防災
介護用
入浴機器
仰臥位入浴
座 位入浴
A DL入浴
そ の他の
介護用入浴機器
入 浴関連
商品
介護用ユニットバスにも設置可能です。
積水ホームテクノ株式会社　パナソニック株式会社　TOTO株式会社　
介護浴室システム「wells」高齢者施設向けユニットバス「アクアハート」介護ユニットバスシリーズ 
※ユニットバスに設置する場合、専用の取付部品が必要です。（有料）
※設置可能なユニットバスについてはお問い合わせ下さい。
※仕様、外観は予告なく変更することがありますのでご了承ください。331"
333,MMTYACVKZBZRM,介護用入浴機器,ADL入浴,"消耗品はこちら P.363PNS-300PNS-320PNS-310H※写真はひのき柄です。※仕様、外観は予告なく変更することがありますのでご了承ください。　評価測定運動療法水治療法物理療法救急ＡＤＬ・作業療法言語療法自立支援機器衛生・防災介護用入浴機器型式PNS-300PNS-300AC価格¥1,488,000 ¥1,691,000 ¥1,557,000 ¥1,760,000 型式PNS-320PNS-320AC価格¥2,027,000 ¥2,230,000 ¥2,096,000 ¥2,299,000 型式PNS-310PNS-310AC価格¥2,247,000 ¥2,450,000 ¥2,316,000 ¥2,519,000 送料 チャーター便あんしんケアパック付 あんしんケアパック・プラス付¥1,681,000 ¥1,631,000 ¥1,904,000 ¥1,854,000 ¥1,750,000 ¥1,700,000 ¥1,973,000 ¥1,923,000 送料 チャーター便あんしんケアパック付 あんしんケアパック・プラス付¥2,274,000 ¥2,224,000 ¥2,494,000 ¥2,444,000 ¥2,343,000 ¥2,293,000 ¥2,563,000 ¥2,513,000 送料 チャーター便あんしんケアパック付 あんしんケアパック・プラス付¥2,514,000 ¥2,464,000 ¥2,733,000 ¥2,683,000 ¥2,583,000 ¥2,533,000 ¥2,802,000 ¥2,752,000 332パンジーi シンプルセット パンジーi パーソナルセット パンジーi スタンダードセット 仰臥位入浴座位入浴ADL入浴その他の介護用入浴機器入浴関連商品DC仕様AC仕様DC仕様ひのき柄 PNS-300HAC仕様ひのき柄 PNS-300ACH寸法外形／1300（L）×812（W）×947（H）mm浴槽内／1140（L）×628（W）×590（D）mm質量約70kg材質浴槽容量浴槽・カバー／FRP、フレーム／ステンレス約345L実使用湯量約295L（入浴者155cm、56kg）排水65A目皿電源DC24V、AC仕様／単相100V15A電源入力AC仕様／65VA（50/60Hz）電力AC仕様／65W（50/60Hz）［構成］パンジーi 浴槽PN-300・１台、コントロールユニットPN-301・1台DC仕様AC仕様DC仕様ひのき柄 PNS-320HAC仕様ひのき柄 PNS-320ACH寸法外形／1300（L）×812（W）×942（H）mm浴槽内／1140（L）×628（W）×590（D）mm約110kg浴槽・カバー／FRP、フレーム／ステンレス約345L約290L（入浴者155cm、56kg）65A目皿DC仕様／約40回質量材質浴槽容量実使用湯量排水昇降回数最大使用者体重 100kg電源電源入力電力DC24V、AC仕様／単相100V15AAC仕様／130VA（50/60Hz）AC仕様／130W（50/60Hz）［構成］パンジーi 浴槽PN-300・１台、固定式昇降ユニットPN-320・１台DC仕様AC仕様DC仕様ひのき柄 PNS-310HAC仕様ひのき柄 PNS-310ACH寸法外形／1300（L）×812（W）×942（H）mm浴槽内／1140（L）×628（W）×590（D）mm質量約110kg材質浴槽・カバー／FRP、フレーム／ステンレス浴槽容量約345L実使用湯量約290L（入浴者155cm、56kg）排水昇降回数65A目皿DC仕様／約40回最大使用者体重 100kg電源DC24V、AC仕様／単相100V15A電源入力AC仕様／130VA（50/60Hz）電力AC仕様／130W（50/60Hz）［構成］パンジーi 浴槽PN-300・１台、移動式昇降ユニットPN-310・1台","パンジーi シンプルセット 送料 チャーター便
型式価格あんしんケアパック 付あんしんケアパック・プラス付
DC仕様PNS-300¥1,488,000 ¥1,631,000 ¥1,681,000 
AC仕様PNS-300AC¥1,691,000 ¥1,854,000 ¥1,904,000 
DC仕様ひのき 柄PNS-300H¥1,557,000 ¥1,700,000 ¥1,750,000 
AC仕様ひのき 柄PNS-300ACH¥1,760,000 ¥1,923,000 ¥1,973,000 
寸法外形／1300（L）×812（W）×947（H）mm
浴槽内／1140（L）×628（W）×590（D）mm
質量約70kg
評価測定
材質浴槽・カバー／FRP、フレーム／ステンレス
浴槽容量約345L
実使用湯量約295（L入浴者155cm、56kg）
運動療法排水65A目皿
電源DC24V、AC仕様／単相100V15A
PNS-300電源入力AC仕様／65VA（50/60Hz）
水治療法電力AC仕様／65W（50/60Hz）
［構成］パンジーi 浴槽PN-300・１台、コントロールユニットPN-301・1台
物理療法
救急
ＡＤＬ・
作業療法
言語療法パンジーi パーソナルセット 送料 チャーター便
型式価格あんしんケアパック 付あんしんケアパック・プラス付
自立支援DC仕様PNS-320¥2,027,000 ¥2,224,000 ¥2,274,000 
機器
AC仕様PNS-320AC¥2,230,000 ¥2,444,000 ¥2,494,000 
DC仕様ひのき 柄PNS-320H¥2,096,000 ¥2,293,000 ¥2,343,000 
衛生・AC仕様ひのき 柄PNS-320ACH¥2,299,000 ¥2,513,000 ¥2,563,000 
防災
寸法外形／1300（L）×812（W）×942（H）mm
浴槽内／1140（L）×628（W）×590（D）mm
介護用質量約110kg
入浴機器材質浴槽・カバー／FRP、フレーム／ステンレス
浴槽容量約345L
実使用湯量約290（L入浴者155cm、56kg）
排水65A目皿
昇降回数DC仕様／約40回
最大使用者体 重100kg
PNS-320電源DC24V、AC仕様／単相100V15A
仰臥位入浴電源入力AC仕様／130VA（50/60Hz）
電力AC仕様／130W（50/60Hz）
座位入浴［構成］パンジーi 浴槽PN-300・１台、固定式昇降ユニットPN-320・１台
ADL入浴
その他の
介護用入浴機器
入浴関連
商品
パンジーi スタンダードセット 送料 チャーター便
型式価格あんしんケアパック 付あんしんケアパック・プラス付
DC仕様PNS-310¥2,247,000 ¥2,464,000 ¥2,514,000 
AC仕様PNS-310AC¥2,450,000 ¥2,683,000 ¥2,733,000 
DC仕様ひのき 柄PNS-310H¥2,316,000 ¥2,533,000 ¥2,583,000 
AC仕様ひのき 柄PNS-310ACH¥2,519,000 ¥2,752,000 ¥2,802,000 
寸法外形／1300（L）×812（W）×942（H）mm
浴槽内／1140（L）×628（W）×590（D）mm
質量約110kg
材質浴槽・カバー／FRP、フレーム／ステンレス
浴槽容量約345L
実使用湯量約290（L入浴者155cm、56kg）
排水65A目皿
昇降回数DC仕様／約40回
最大使用者体 重100kg
PNS-310H
電源DC24V、AC仕様／単相100V15A
※写真はひのき柄です。電源入力AC仕様／130VA（50/60Hz）
消耗品は電力AC仕様／130W（50/60Hz）
こち らP.363
［構成］パンジーi 浴槽PN-300・１台、移動式昇降ユニットPN-310・1台
332※仕様、外観は予告なく変更することがありますのでご了承ください。　"
334,MMTYACX295ENT,介護用入浴機器,ADL入浴,"0002000100010022棚※仕様、外観は予告なく変更することがありますのでご了承ください。評価測定運動療法水治療法物理療法救急ＡＤＬ・作業療法言語療法自立支援機器衛生・防災介護用入浴機器脱衣室浴室浴槽手すり PN-220 トランスファー手すり PN-230 送料 C寸法質量22002000オプション配置イメージ短時間で、給湯が完了します。大勢での入浴に最適です。入出浴時のバランスを保ちます。スライドシートに移乗するときに便利です。42〜48cmに高さを調節できます。パンジーi　　PNS-310DC20001800昇降ユニット 移動式昇降ユニットPN-310DC PN-310AC 固定式昇降ユニット¥814,000PN-320DC ¥913,000PN-320AC シンプルセット（PNS-300）に後付け可能です。移乗台 PN-250 送料 C¥170,500シートへのトランスファー時や、洗身時の立位保持、姿勢保持をアシストします。回転して左右どちらのアプローチにも使用可能です。440（L）×700（W）×870（H）mm約20kg送料 B¥88,000型式PN-330寸法質量470（L）×715（W）×1410（H）mm約70kg貯湯タンク容量 約90L333¥1,034,000¥1,133,000送料 A¥71,500送料 チャーター便送料 C¥57,200¥99,000送料 A¥49,500給湯ユニット 背面カバー PN-10K PN-10KH（ひのき柄） バルブ付給湯カラン PN-380 仰臥位入浴座位 入浴AD L入浴その 他の介護用入浴機器入浴 関連商品寸法質量530（L）×350（W）×420〜480（H）mm約3.5kg寸法550（L）×90（W）×285（H）mm質量約2kg価格¥429,000あんしんケアパック付¥475,000あんしんケアパック・プラス付¥525,000","オプション
評価測定
昇降ユニット 送料 Cトランスファー手すり 送料 C浴槽手すり 送料 A
運動療法
移動式昇降ユニット
PN-230 ¥170,500PN-220 ¥71,500
PN-310DC ¥1,034,000
シートへのトランスファー時や、洗身時の立位入出浴時のバランスを保ちます。
PN-310AC ¥1,133,000
保持、姿勢保持をアシストします。寸法550（L）×90（W）×285（H）mm水治療法
固定式昇降ユニット
回転して左右どちらのアプローチにも使用可質量約2kg
PN-320DC ¥814,000
PN-320AC ¥913,000能です。
シンプルセット（PNS-300）に後付け可能です。寸法440（L）×700（W）×870（H）mm物理療法
質量約20kg
救急
ＡＤＬ・
作業療法
言語療法
自立支援
機器
衛生・
防災
移乗台 送料 B給湯ユニット 送料 チャーター便
PN-250 ¥88,000短時間で、給湯が完了します。大勢での入浴に最適です。
介護用
スライドシートに移乗するときに便利です。型式価格あんしんケアパック付あんしんケアパック・プラス付入浴機器
42〜48cmに高さを調節できます。PN-330¥429,000¥475,000¥525,000
寸法530（L）×350（W）×420〜480（H）mm寸法470（L）×715（W）×1410（H）mm
質量約3.5kg質量約70kg
貯湯タンク容 量約90L
仰臥位入浴
背面カバー 送料 C
PN-10K ¥57,200座 位入浴
PN-10KH（ひのき柄） ¥99,000
A DL入浴
そ の他の
バルブ付給湯カラン 送料 A介護用入浴機器
PN-380 ¥49,500入 浴関連
商品
配置イメージ
パンジーi　　
PNS-310DC
20002200
棚
浴室
00
00
20
200脱衣室002
00
11
18002000
※仕様、外観は予告なく変更することがありますのでご了承ください。333"
335,MMTYAD09DDJJM,介護用入浴機器,ADL入浴,"棚※仕様、外観は予告なく変更することがありますのでご了承ください。　評価測定運動療法水治療法物理療法救急ＡＤＬ・作業療法言語療法自立支援機器衛生・防災介護用入浴機器    5130081000200820003±0-200102010201200単品カタログあんしんケアパック付 あんしんケアパック・プラス付CH-100H ¥716,000 ¥793,000 ¥843,000¥46,200外形／1370（L）×755（W）×420（H）（FLから上）mm、浴槽内／1105（L）×605（W）×555（D）mm、掘込ピット／1220（L）±5×650浴室脱衣室※別途埋込工事（建築施工）が必要となります。※別途埋込工事（建築施工）が必要となります。※ホーミィリフト（LIT-401）との併用はできません。CH-50A（浴槽取付金具） 取付金具（ホーミィリフト用）  送料 B¥39,600CH-50B CH-100HCH-50ACH-10CH-20CH-30CH-401台1台1台1台2台1台¥716,000¥46,200¥39,600¥77,000¥176,000¥170,500合計　¥1,225,300送料 A¥39,600浴槽凹部に差し込んで、長さを4段階に調節します。寸法 530（L）×357（W）×400〜450（H）mm質量 約3.5kg材質 ステンレス、プラスチック送料 B¥77,000浴槽内に置き、水深を約20〜25cm浅くします。寸法 470（L）×650（W）×775（H）mm質量 約15kg材質 ステンレスCH-100H［セット構成］浴槽取付金具仕切りボード槽内台移乗台手すり寸法 530（L）×357（W）×185（H）mm質量 約1.5kg材質 プラスチック寸法 530（L）×357（W）×200〜250（H）mm質量 約3kg材質 ステンレス、プラスチック280010003000コンパクトADLバス チェリー  送料 チャーター便チェリー　CH-100幅広いADL入浴への対応が、省スペースで実現できます。配置イメージ型式寸法（W）±5×200（H）mm質量材質浴槽容量 約325L70kg浴槽・浴槽カバー／FRP実使用湯量 約265L（入浴者165cm、65kg、ホーミィリフト使用時）80A（掘込内）排水給湯水 各15A寸法質量材質520（L）×190（W）×185（H）mm約3.5kgステンレス送料 B¥88,00040〜45cmに高さを調節。手すりと組み合わせると身体のバランスがより保ちやすくなります。送料 C¥170,500移乗台と組み合わせるとさらに入出浴がしやすくなります。334コンパクトADLバス チェリー 仰臥位入浴座位入浴ADL入浴その他の介護用入浴機器入浴関連商品写真はチェリー浴槽本体とオプションの手すり、仕切りボード、移乗台の組み合わせ例です。操作部写真価格ホーミィリフトや入浴補助オプションと組み合わせて使用できます。四方どこからでも入浴でき、介助もしやすいアイランド方式での設置が可能です。入浴補助オプションとのシステム組み合わせ例浴槽のフチに脚が届かず、入浴姿勢が不安定になる方に。仕切りボード CH-10 立ち座りが困難な方に。水深を浅く立上りやすくします。槽内台 CH-20 腰掛けた姿勢で浴槽に出入りできます。移乗台 CH-30 浴槽に出入りするときの体のバランスが保てます。手すり CH-40 居宅復帰を目指すＡＤＬ入浴訓練に対応可能。オプションとの組み合わせで、自立補助入浴をサポート。","幅広いADL入浴への対応が、省スペースで実現できます。
単品
コンパクトADLバス チェリー カタログ
居宅復帰を目指すＡＤＬ入浴訓練に対応可能。操作部写真
ホーミィリフトや入浴補助オプションと組み合わせて使
評価測定用できます。四方どこからでも入浴でき、介助もしやす
いアイランド方式での設置が可能です。
運動療法
水治療法
物理療法
救急CH-100H
ＡＤＬ・写真はチェリー浴槽本体と
作業療法オプションの手すり、仕切りボード、
移乗台の組み合わせ例です。
言語療法
入浴補助オプションとのシステム組み合わせ例
コンパクトADLバス チェリー  送料 チャーター便
［セット構成］
型式価格あんしんケアパック 付あんしんケアパック・プラス付
自立支援浴槽CH-100H1台¥716,000
機器取付金具CH-50A1台¥46,200CH-100 H¥716,00 0¥793,00 0¥843,000
仕切りボードCH-101台¥39,600CH-50A（浴槽取付金具） ¥46,200
衛生・槽内台CH-201台¥77,000寸法外形／1370（L）×755（W）×420（H（）FLか
防災移乗台CH-302台¥176,000ら上）mm、浴槽内／1105（L）×605（W）×
手すりCH-401台¥170,500555（D）mm、掘込ピット／1220（L）±5×650
（W）±5×200（H）mm
介護用合計　¥1,225,300質量70kg
入浴機器
材質浴槽・浴槽カバー／FRP
浴槽容 量約325L
オプションとの組み合わせで、自立補助入浴をサポート。実使用湯 量約265（L入浴者165cm、65kg、ホーミィリフト
使用時）
排水80A（掘込内）
浴槽のフチに脚が届かず、腰掛けた姿勢で
給湯 水各15A
入浴姿勢が不安定になる方に。浴槽に出入りできます。
※別途埋込工事（建築施工）が必要となります。
仰臥位入浴
取付金具（ホーミィリフト用）  送料 B
座位入浴
CH-50B  ¥39,600
ADL入浴寸法520（L）×190（W）×185（H）mm
質量約3.5kg
その他の
介護用入浴機器仕切りボード 送料 A移乗台 送料 B材質ステンレス
※別途埋込工事（建築施工）が必要となります。
入浴関連
商品CH-10  ¥39,600CH-30 ¥88,000
浴槽凹部に差し込んで、長さを4段階に調節し40〜45cmに高さを調節。手すりと組み合わせ配置イメージ
ます。ると身体のバランスがより保ちやすくなります。
チェリー　CH-100
寸 法530（L）×357（W）×185（H）mm寸 法530（L）×357（W）×400〜450（H）mm
質 量約1.5kg質 量約3.5kg
材 質プラスチック材 質ステンレス、プラスチック
2800
立ち座りが困難な方に。浴槽に出入りするときの135
水深を浅く立上りやすくします。体のバランスが保てます。
±0
0-2000
00
08
3102010202
浴室
槽内台 送料 B手すり 送料 C
1200
CH-20  ¥77,000CH-40  ¥170,5000棚0
00
浴槽内に置き、水深を約20〜25cm浅くします。移乗台と組み合わせるとさらに入出浴がしや0脱衣室8
21
寸 法530（L）×357（W）×200〜250（H）mmすくなります。
質 量約3kg寸 法470（L）×650（W）×775（H）mm
材 質ステンレス、プラスチック質 量約15kg1000
材 質ステンレス
3000
※ホーミィリフト（LIT-401）との併用はできません。
334※仕様、外観は予告なく変更することがありますのでご了承ください。　"
336,MMTYAD1XGSJVQ,介護用入浴機器,ADL入浴,"単品カタログ消耗品はこちら P.364LIT-401R［セット構成］浴槽取付金具ホーミィリフト取付金具CH-100HCH-50ALIT-401RCH-50BLIT-400R※仕様、外観は予告なく変更することがありますのでご了承ください。評価測定運動療法水治療法物理療法救急ＡＤＬ・作業療法言語療法自立支援機器衛生・防災介護用入浴機器個別浴槽と組み合わせて、フレキシブルに座位入浴をアシスト。あんしんケアパック付 あんしんケアパック・プラス付価格型式LIT-400R/L（据置型）LIT-401R/L（アンカー固定型）¥2,100,000 ¥2,272,000 ¥2,322,000［LIT-400］寸法外形／1374（L）×1055（W）×1220〜1820（H）mm昇降ストローク／600mm約235kgステンレス、プラスチック電動油圧式質量材質駆動方式最大使用者体重 100kg電源電源入力電力単相100V15A330VA（50Hz）、370VA（60Hz）290W（50Hz）、370W（60Hz）付属品マット、胸部安全ベルト、腹部安全ベルト［LIT-401］寸法1374（L）×978（W）×1220〜1820（H）mm質量約95kgその他の仕様はLIT-400と同様¥716,0001台¥46,2001台¥2,100,0001台¥39,6001台合計　¥2,901,800¥2,300,000 ¥2,492,000 ¥2,542,000335個別浴槽対応型リフト ホーミィリフト 仰臥位入浴座位 入浴AD L入浴その 他の介護用入浴機器入浴 関連商品ホーミィリフトを使用することで、チェリーでの座位補助入浴も可能になります。椅子部分はコンパクトに折りたためますので、リフトを使用しない入浴時の妨げになりません。※手すり（CH-40）との併用はできません。チェリーとのシステム組み合わせ例個別浴槽対応型リフト ホーミィリフト 送料 チャーター便さまざまな浴室環境や浴槽の配置に対応が可能。施工方法は据置型とアンカー固定型の2種類。市販の浴槽や既設の浴槽に組み合わせて、使 用 可 能 。コンパクトA D Lバス「チェリー 」と組み合わせれば、介助が必要な座位入浴から居宅復帰を目指すリハビリテーションまで、幅広い用途に利用できます。リフトのシリンダと椅子 の 背 部 の２カ 所 の回 転 支 点 により動 きが ス ム ー ズ 。回 転 ストッパ ーは２カ所で自動ロック。手狭な浴室でも介 助 者 一 人で安全 に 効 率 よく入 浴 介助ができる設計です。腹 部 安 全 ベ ルトに 加え、胸部安全ベルトも標 準 装 備 。よりご 利用 者 の 安 全に配 慮しました。使 用しな い ときに は椅 子 座 面 を 折りた たんで駆 動 部 の 上に収納できるので、リフトを 利 用しな い 入 浴 の妨げになりません。ＡＤＬ入浴にも対応できます。さまざまな配置にフレキシブルに 対応可能。2軸回転機構で動きがスムーズ。安全性を重視したリフト椅子。コンパクト収納でリフトを使わない入浴にも対応。チェリーとの組み合わせで、座位補助入浴にも対応。","個別浴槽と組み合わせて、フレキシブルに座位入浴をアシスト。
単品
個別浴槽対応型リフト ホーミィリフト カタログ
さまざまな配置にフレキシブルに 
対応可能。
市販の浴槽や既設の浴槽に組み合わせて、評価測定
 使 用 可 能。コンパクト A DLバス「チェリ ー」
と組み合わせれば、介助が必要な座位入浴
運動療法
から居宅復帰を目指すリハビリテーションま
で、幅広い用途に利用できます。
水治療法
2軸回転機構で動きがスムーズ。
リフトのシリンダと椅
物理療法
 子 の 背 部の２ カ 所の
 回 転 支 点により 動き
 が ス ム ー ズ。 回 転ス救急
LIT-400R
トッ パーは２カ所で自
動ロック。手狭な浴室
ＡＤＬ・
でも 介 助 者 一人で安作業療法
 全 に 効 率よく 入 浴介
助ができる設計です。言語療法
安全性を重視したリフト椅子。
自立支援
 腹 部 安 全 ベルト に加機器
え、胸部安全ベルトも
 標 準 装 備。より ご利衛生・
防災
 用 者 の 安全に 配慮し
個別浴槽対応型リフト ホーミィリフト 送料 チャーター便ました。介護用
入浴機器
さまざまな浴室環境や浴槽の配置に対応が可能。
施工方法は据置型とアンカー固定型の2種類。コンパクト収納で
型式価格あんしんケアパック 付あんしんケアパック・プラス付リフトを使わない入浴にも対応。
LIT-400R/L
（据置型）¥2,300,00 0¥2,492,00 0¥2,542,000 使用し な いとき には
LIT-401R/L
（アンカー固定型）¥2,100,00 0¥2,272,00 0¥2,322,000 椅 子 座 面 を折り たた
仰臥位入浴
［LIT-400］んで 駆 動 部 の上に収
LIT-401R
寸法外形／1374（L）×1055（W）×1220〜1820（H）mm納できるので、リフト座 位入浴
昇降ストローク／600mm
質量約235kg を 利用し な い 入 浴のA DL入浴
材質ステンレス、プラスチック妨げになりません。Ａ
駆動方式電動油圧式そ の他の
ＤＬ入浴にも対応でき介護用入浴機器
最大使用者体 重100kg
電源単相100V15Aます。入 浴関連
商品
電源入力330VA（50Hz）、370VA（60Hz）
電力290W（50Hz）、370W（60Hz）
付属品マット、胸部安全ベルト、腹部安全ベルト
［LIT-401］消こ耗ち品 はらP.364
寸法1374（L）×978（W）×1220〜1820（H）mm
質量約95kg
その他の仕様はLIT-400と同様
チェリーとの組み合わせで、座位補助入浴にも対応。
ホーミィリフトを使用することで、チェリーでの座位補助入
浴も可能になります。椅子部分はコンパクトに折りたためま
すので、リフトを使用しない入浴時の妨げになりません。
※手すり（CH-40）との併用はできません。
チェリーとのシステム組み合わせ例
［セット構成］
浴槽CH-100H1台¥716,000
取付金具CH-50A1台¥46,200
ホーミィリフトLIT-401R1台¥2,100,000
取付金具CH-50B1台¥39,600
合計　¥2,901,800
※仕様、外観は予告なく変更することがありますのでご了承ください。335"
337,MMTYAD3OCRLW6,介護用入浴機器,その他の介護用入浴機器,"型式LIT-150H寸法外形／743（L）×894（D）×1470〜2220（H）mmベース部／480（W）×470（D）×270（H）mm昇降ストローク／750mm約170kg支柱・アーム／ステンレス、駆動部カバー／FRP電動油圧式質量材質昇降方式最大使用者体重 100kg電源電源入力電力アーム旋回単相100V（50/60Hz）15A350VA（50Hz）、430VA（60Hz）330W（50Hz）、410W（60Hz）360°全旋回（任意位置ロック付）価格型式外形／1037（L）×573（D）×2200（H）mmベース部／510（W）×530（D）mm昇降ストローク／1150mm質量約220kg材質支柱・アーム／ステンレス、駆動部カバー／FRP昇降方式最大使用者体重 100kg電動油圧式電源単相100V（50/60Hz）15A電源入力340VA（50Hz）、380VA（60Hz）電力290W（50Hz）、370W（60Hz）アーム旋回360°全旋回、90°および180°選択（旋回ロック付）※仕様、外観は予告なく変更することがありますのでご了承ください。　評価測定運動療法水治療法物理療法救急ＡＤＬ・作業療法言語療法自立支援機器衛生・防災介護用入浴機器送料 チャーター便寸法質量材質昇降方式最大使用者体重 100kg電源電源入力電力アーム旋回LIT-2000ⅡHとLTC-100Ⅱの組み合わせ送料 チャーター便価格油圧式でスムーズに昇降するシンプルなリフト。長い昇降ストロークで、さまざまな形の一般浴槽に対応。型式LIT-100Ⅱ価格¥2,860,000外形／1430（L）×510（D）×1470〜2220（H）mmベース部／480（W）×470（D）×270（H）mm昇降ストローク／750mm約190kg支柱・アーム／ステンレス、駆動部カバー／FRP、椅子部／プラスチック電動油圧式単相100V（50/60Hz） 15A350VA（50Hz）、430VA（60Hz）330W（50Hz）、410W（60Hz）360°全旋回（任意位置ロック付）型式外形／560（W）×880（D）×860（H）mmキャスター／φ125mm質量約30kg材質椅子部／プラスチック、フレーム／ステンレス機能昇降連動型自動着脱、足受引出式、キャスター／ブレーキ付付属品マット、胸部安全ベルト、腹部安全ベルトあんしんケアパック付 あんしんケアパック・プラス付あんしんケアパック付 あんしんケアパック・プラス付LIT-2000ⅡH ¥4,180,000 ¥4,431,000 ¥4,481,000寸法あんしんケアパック付 あんしんケアパック・プラス付LIT-2000 ⅡH、LIT-150H用 入浴リフト用車椅子  送料 F車椅子上部と下部が着脱する構造。リフトのアームにジョイントさせると下部が外れます。背面と座面、足受けに着脱可能な滑り防止マットを装備しています。¥2,449,000¥2,499,000¥3,034,000¥3,084,000336仰臥位入浴座位入浴ADL入浴その他の介護用入浴機器入浴関連商品あんしんケアパック付 あんしんケアパック・プラス付LTC-100Ⅱ ¥968,000 ¥1,027,000 ¥1,077,000寸法LIT-150HとLTC-100Ⅱの組み合わせ価格¥2,310,000送料 チャーター便左右両方向 360°回転方式のアームと足踏みスイッチによりスムーズなアプローチを実現。回転ストッパー機能によりアームの回転を止めたまま昇降が可能です。左右両方向 360°回転のアームと足踏みスイッチによって、スムーズな介助アプローチを実現しました。浴槽の深さやフチの高さなどが違う、さまざまな形の浴槽に対応できるよう昇降ストロークを長くし操作性を高めています。椅子着脱式ハイアリフト 椅子はリフトから離して、シャワーチェアとして使用可能。椅子着脱式スケアリフト 椅子はリフトから離して、 シャワーチェアとして使用可能。椅子回転式ハイアリフト 椅子が左右に90°回転する、トランスファーしやすいタイプ。ハイアリフトスケアリフト","油圧式でスムーズに昇降するシンプルなリフト。
ハイアリフト
左右両方 向360°回転方式のアームと足踏みスイッチによりスムーズなアプローチを実現。回転ストッパー機能によりアームの回転
を止めたまま昇降が可能です。
評価測定
運動療法
水治療法
物理療法
救急
ＡＤＬ・
作業療法
椅子着脱式椅子回転式
LIT-150HとLTC-100Ⅱの組み合わせ
言語療法ハイアリフト 送料 チャーター便ハイアリフト 送料 チャーター便
椅子はリフトから離して、シャワーチェアとして使用可能。椅子が左右に90°回転する、トランスファーしやすいタイプ。
自立支援型式価格あんしんケアパック 付あんしんケアパック・プラス付型式価格あんしんケアパック 付あんしんケアパック・プラス付
機器
LIT-150H¥2,310,000¥2,449,000¥2,499,000LIT-100Ⅱ¥2,860,000¥3,034,000¥3,084,000
寸法外形／743（L）×894（D）×1470〜2220（H）mm寸法外形／1430（L）×510（D）×1470〜2220（H）mm
衛生・ベース部／480（W）×470（D）×270（H）mmベース部／480（W）×470（D）×270（H）mm
防災昇降ストローク／750mm昇降ストローク／750mm
質量約170kg質量約190kg
材質支柱・アーム／ステンレス、駆動部カバー／FRP材質支柱・アーム／ステンレス、駆動部カバー／FRP、椅子部／プラス
介護用昇降方式電動油圧式チック
入浴機器最大使用者体 重100kg昇降方式電動油圧式
電源単相100V（50/60Hz）15A最大使用者体 重100kg
電源入力350VA（50Hz）、430VA（60Hz）電源単相100V（50/60Hz） 15A
電力330W（50Hz）、410W（60Hz）電源入力350VA（50Hz）、430VA（60Hz）
アーム旋回360°全旋回（任意位置ロック付）電力330W（50Hz）、410W（60Hz）
アーム旋回360°全旋回（任意位置ロック付）
仰臥位入浴
長い昇降ストロークで、さまざまな形の一般浴槽に対応。
座位入浴
ADL入浴
スケアリフト
その他の
介護用入浴機器
入浴関連左右両方 向360°回転のアームと足踏みスイッ
商品
チによって、スムーズな介助アプローチを実現
しました。浴槽の深さやフチの高さなどが違う、
さまざまな形の浴槽に対応できるよう昇降スト
ロークを長くし操作性を高めています。
椅子着脱式
スケアリフト 送料 チャーター便LIT-2000Ⅱ H、LIT-150H用 
椅子はリフトから離して、 入浴リフト用車椅子  送料 F
シャワーチェアとして使用可能。
車椅子上部と下部が着脱する構造。
型式価格あんしんケアパック 付あんしんケアパック・プラス付リフトのアームにジョイントさせると下部が外
LIT-2000Ⅱ H¥4,180,00 0¥4,431,00 0¥4,481,000れます。背面と座面、足受けに着脱可能な滑り
寸法外形／1037（L）×573（D）×2200（H）mm防止マットを装備しています。
ベース部／510（W）×530（D）mm
昇降ストローク／1150mm型式価格あんしんケアパック 付あんしんケアパック・プラス付
質量約220kgLTC-100 Ⅱ¥968,00 0¥1,027,00 0¥1,077,000
材質支柱・アーム／ステンレス、駆動部カバー／FRP
寸法外形／560（W）×880（D）×860（H）mm
昇降方式電動油圧式キャスター／φ125mm
最大使用者体 重100kg質量約30kg
電源単相100V（50/60Hz）15A材質椅子部／プラスチック、フレーム／ステンレス
電源入力340VA（50Hz）、380VA（60Hz）機能昇降連動型自動着脱、足受引出式、キャス
電力290W（50Hz）、370W（60Hz）ター／ブレーキ付
アーム旋回360°全旋回、90°および180°選択（旋回ロック付）LIT-2000ⅡHとLTC-100Ⅱの組み合わせ付属品マット、胸部安全ベルト、腹部安全ベルト
336※仕様、外観は予告なく変更することがありますのでご了承ください。　"
338,MMTYAD5LZ9HZQ,介護用入浴機器,入浴関連商品,御見積御見積御見積御見積電動シャワーストレッチャー  背上げ機能・電動昇降機能付 NS-700 シャワーストレッチャー  背上げ機能付 NS-600 浴槽セット Assy NS70-491-000-1 （NS-700用） NS60-491-000-4 （NS-600用）  送料 御見積送料 御見積送料 御見積オプションストレッチャーが電動で昇降し、介助の負担を軽減。背と腰の連動は、レバー操作で単独へ切替でき、様々な身体状況の方に対応できます。ガードは2段階の角度調整が可能。頭側は開閉でき、洗髪の際に便利です。ブレーキは4輪同時ロックができる安全設計です。ガードは2段階の角度調整が可能。頭側は開閉でき、洗髪の際に便利です。ブレーキは4輪同時ロックができる安全設計です。ハンドル操作でボトム部分が昇降。移乗から洗体まで、その時々に最適な高さが選べるようになっており、介護負担の軽減と腰痛予防に役立ちます。浴槽セットを併用することで、特浴設備が無くても簡易的な入浴や部分浴ができ、導入コストやリスクも軽減できます。四方が囲まれているため、シャワー浴のときもお湯が飛び散りません。お湯が拭き取リやすく、次のご利用者に冷たさが残りません。337仰臥位入浴座位 入浴AD L入浴その 他の介護用入浴機器入浴 関連商品寸法外形／2030（L）×705（W）×785〜1095（H）mm座面高／505〜815（H）mmフレーム高さ／180mmキャスター／φ125mm質量約81kg材質ステンレス、ポリエチレン、ポリプロピレン耐荷重背受け角度充電時間電源約220kg0〜35゜（ガスシリンダ一方式）約4時間バッテリー寸法外形／2030（L）×705（W）×770〜1090（H）mm座面高／495〜815（H）mmフレーム高さ／180mmキャスター／φ125mm約75kgステンレス、ポリエチレン、ポリプロピレン約220kg0〜35゜（ガスシリンダ一方式）質量材質耐荷重背受け角度満水量220ℓ排水ホース材質1.9m 付EVA排水時間約90秒（150ℓ）※仕様、外観は予告なく変更することがありますのでご了承ください。評価測定運動療法水治療法物理療法救急ＡＤＬ・作業療法言語療法自立支援機器衛生・防災介護用入浴機器  ガードブレーキガードブレーキシャワーストレッチャー," 
シャワーストレッチャ ー
ガード
電動シャワーストレッチャー  
背上げ機能・電動昇降機能付 送料 御見積評価測定
NS-700  御見積
ストレッチャーが電動で昇降し、介助の負担を軽減。運動療法
背と腰の連動は、レバー操作で単独へ切替でき、様々な身体状況の方に
対応できます。
水治療法
ガードは2段階の角度調整が可能。
頭側は開閉でき、洗髪の際に便利です。ブレーキは4輪同時ロックができ
る安全設計です。物理療法
寸法外形／2030（L）×705（W）×785〜1095（H）mm
座面高／505〜815（H）mm
フレーム高さ／180mm
キャスター／φ125mm救急
質量約81kg
材質ステンレス、ポリエチレン、ポリプロピレン
耐荷重約220kgＡＤＬ・
背受け角度0〜35（゜ガスシリンダ一方式）作業療法
充電時間約4時間
ブレーキ
電源バッテリー
言語療法
自立支援
ガード機器
シャワーストレッチャー  
背上げ機能付 送料 御見積
衛生・
NS-600  御見積防災
ガードは2段階の角度調整が可能。
介護用
頭側は開閉でき、洗髪の際に便利です。ブレーキは4輪同時ロックができ
入浴機器
る安全設計です。
ハンドル操作でボトム部分が昇降。
移乗から洗体まで、その時々に最適な高さが選べるようになっており、介
護負担の軽減と腰痛予防に役立ちます。
寸法外形／2030（L）×705（W）×770〜1090（H）mm
座面高／495〜815（H）mm
仰臥位入浴
フレーム高さ／180mm
キャスター／φ125mm
質量約75kg座 位入浴
材質ステンレス、ポリエチレン、ポリプロピレン
耐荷重約220kgA DL入浴
ブレーキ背受け角度0〜35（゜ガスシリンダ一方式）そ の他の
介護用入浴機器
入 浴関連
商品
オプション
浴槽セット Assy 送料 御見積
NS70-491-000-1 （NS-700用） 御見積
NS60-491-000-4 （NS-600用）  御見積
浴槽セットを併用することで、特浴設備が無くても簡易的な入浴や部分
浴ができ、導入コストやリスクも軽減できます。
四方が囲まれているため、シャワー浴のときもお湯が飛び散りません。
お湯が拭き取リやすく、次のご利用者に冷たさが残りません。
満水量220ℓ
排水ホース1.9m 付
材質EVA
排水時間約90秒（150ℓ）
※仕様、外観は予告なく変更することがありますのでご了承ください。337"
339,MMTYAD7DEZJS0,介護用入浴機器,入浴関連商品,"※仕様、外観は予告なく変更することがありますのでご了承ください。　評価測定運動療法水治療法物理療法救急ＡＤＬ・作業療法言語療法自立支援機器衛生・防災介護用入浴機器 消耗品　SK-4808P用消耗品　SK-4933P、4934P、4935P用338送料 A¥4,000送料 A¥5,300送料 A¥730送料 B¥18,000送料 B¥23,000送料 B¥33,000送料 A¥6,000送料 A¥4,000送料 A¥730仰臥位入浴座位入浴ADL入浴その他の介護用入浴機器入浴関連商品シャワーチェア R型背もたれ SK-00195 ※U型共通シャワーチェア U型座面 SK-00214 シャワーチェア ゴム脚E（GY） SK-00183 シャワーチェア ワイド座面 SK-4991P シャワーチェア 背もたれ SK-4992P シャワーチェア ゴム脚B SK-00226 ベース／49.5（W）×45〜54（D）×63〜73（H）cm座面／45（W）×32.5（D）cm、座面高／35〜45cm 6段階調節脚部径／φ28mm4.7kgポリエチレン、EVA樹脂、ポリアセタール、アルミ、合成ゴム、ポリプロピレン、エラストマー52（W）×51（D）×35〜45（H）cm、座面／50（W）×32.5（D）cm座面高／35〜45cm 5段階調節、脚部径／φ28mm2.5kgポリエチレン、EVA樹脂、アルミ52（W）×54（D）×70〜80（H）cm、座面／50（W）×32.5（D）cm座面高／35〜45cm 5段階調節、脚部径／φ28mm3.5kgポリエチレン、EVA樹脂、アルミ52（W）×54（D）×70〜80（H）cm、座面／50（W）×32.5（D）cm座面高／35〜45cm 5段階調節、脚部径／φ28mm5.6kgポリエチレン、EVA樹脂、アルミ、エラストマー質量材質最大使用者体重 100kg寸法質量材質最大使用者体重 100kg寸法質量材質最大使用者体重 100kg寸法質量材質最大使用者体重 100kg折りたたみシャワーチェア U型 肘掛付  送料 B¥35,000SK-4808P 座面がU型で、陰部が洗いやすいバスチェアです。折りたたみできるので、省スペースです。寸法やわらかシャワーチェア SK-4933P  やわらかシャワーチェア 背付 SK-4934P やわらかシャワーチェア 肘掛付 SK-4935P","折りたたみシャワーチェア U型 肘掛付  送料 B
SK-4808P  ¥35,000
座面がU型で、陰部が洗いやすいバスチェアです。折りたた
みできるので、省スペースです。
寸法ベース／49.5（W）×45〜54（D）×63〜73（H）cm
座面／45（W）×32.5（D）cm、座面高／35〜45cm 6段階調節
脚部径／φ28mm
質量4.7kg
材質ポリエチレン、EVA樹脂、ポリアセタール、アルミ、合成ゴム、ポリプロピ
評価測定レン、エラストマー
最大使用者体 重100kg
消耗品　SK-4808P用
運動療法
シャワーチェア R型背もたれ 送料 A
水治療法SK-00195 ¥4,000
※U型共通
シャワーチェア U型座面 送料 A
物理療法
SK-00214 ¥5,300
救急シャワーチェア ゴム脚E（GY） 送料 A
SK-00183 ¥730
ＡＤＬ・
作業療法
言語療法
やわらかシャワーチェア 送料 B
自立支援
機器SK-4933P  ¥18,000
寸法52（W）×51（D）×35〜45（H）cm、座面／50（W）×32.5（D）cm
衛生・座面高／35〜45cm 5段階調節、脚部径／φ28mm
防災質量2.5kg
材質ポリエチレン、EVA樹脂、アルミ
最大使用者体 重100kg
介護用
入浴機器
やわらかシャワーチェア 背付 送料 B
仰臥位入浴
SK-4934P ¥23,000
座位入浴寸法52（W）×54（D）×70〜80（H）cm、座面／50（W）×32.5（D）cm
座面高／35〜45cm 5段階調節、脚部径／φ28mm
質量3.5kg
ADL入浴
材質ポリエチレン、EVA樹脂、アルミ
その他の最大使用者体 重100kg
介護用入浴機器
入浴関連
商品
やわらかシャワーチェア 肘掛付 送料 B
SK-4935P ¥33,000
寸法52（W）×54（D）×70〜80（H）cm、座面／50（W）×32.5（D）cm
座面高／35〜45cm 5段階調節、脚部径／φ28mm
質量5.6kg
材質ポリエチレン、EVA樹脂、アルミ、エラストマー
最大使用者体 重100kg
消耗品　SK-4933P、4934P、4935P用
シャワーチェア ワイド座面 送料 A
SK-4991P ¥6,000
シャワーチェア 背もたれ 送料 A
SK-4992P ¥4,000
シャワーチェア ゴム脚B 送料 A
SK-00226 ¥730
338※仕様、外観は予告なく変更することがありますのでご了承ください。　"
340,MMTYAD9ASETQW,介護用入浴機器,入浴関連商品,"シャワーウィール チェアー  MH-2 （手押式） 吸着すべり止めマットC／S 535-128 レッド（2枚入） 535-448 レッド ［535-128］シャワーウィール チェアー  MH-1 （自操式） シャワーキャリー（簡単折りたたみタイプ）  送料 御見積¥180,000SC-161 339送料 御見積非課税品  ¥136,000送料 御見積非課税品  ¥112,000送料 A¥5,800¥6,300外形／51（W）×92.5（D）×90（H）cm、座面高／前座高46.5cm、後座高44cm13.1kg本体／アルミニウム、底面／ウレタン 質量材質寸法28（L）×36（W）×0.8（H）cm質量0.3㎏/1枚あたり材質エラストマー［535-448］寸法55（L）×36（W）×0.8（H）cm質量0.5㎏材質エラストマー※仕様、外観は予告なく変更することがありますのでご了承ください。評価測定運動療法水治療法物理療法救急ＡＤＬ・作業療法言語療法自立支援機器衛生・防災介護用入浴機器仰臥位入浴座位 入浴AD L入浴その 他の介護用入浴機器入浴 関連商品外形／60（W）×99.5（D）×90（H）cm、座面高／前座高46.5cm、後座高44.5cm14.5kg本体／アルミニウム、底面／ウレタン質量材質寸法50（W）×79〜87（D）×87（H）cm、折りたたみ時／40.5（D）×99.5（H）cm座面高／45.5cm質量15kg材質ステンレス、ポリエチレン座面を外せば折りたたみ可。寸法簡単に折りたたみできるコンパクトサイズ。はね上げ式の肘掛けやチルト機能により、洗身が簡単にできます。後輪が小さい介護型。寸法","評価測定
運動療法
水治療法
物理療法
救急
ＡＤＬ・
作業療法
シャワーウィール チェアー  送料 御見積シャワーウィール チェアー  送料 御見積
MH-1（ 自操式） 非課税 品 ¥136,000MH-2（ 手押式） 非課税 品 ¥112,000
言語療法
座面を外せば折りたたみ可。後輪が小さい介護型。
寸法外形／60（W）×99.5（D）×90（H）cm、寸法外形／51（W）×92.5（D）×90（H）cm、
座面高／前座高46.5cm、後座高44.5cm座面高／前座高46.5cm、後座高44cm自立支援
質量14.5kg質量13.1kg機器
材質本体／アルミニウム、底面／ウレタン材質本体／アルミニウム、底面／ウレタン 
衛生・
防災
介護用
入浴機器
仰臥位入浴
座 位入浴
A DL入浴
そ の他の
介護用入浴機器
入 浴関連
商品
シャワーキャリー（簡単折りたたみタイプ）  送料 御見積吸着すべり止めマットC／S 送料 A
SC-161 ¥180,000535-128 レッド（2枚入） ¥5,800
535-448 レッド ¥6,300
簡単に折りたたみできるコンパクトサイズ。
［535-128］
はね上げ式の肘掛けやチルト機能により、洗身が簡単にできます。
寸法28（L）×36（W）×0.8（H）cm
寸法50（W）×79〜87（D）×87（H）cm、
質量0.3㎏/1枚あたり
折りたたみ時／40.5（D）×99.5（H）cm
座面高／45.5cm材質エラストマー
質量15kg［535-448］
材質ステンレス、ポリエチレン寸法55（L）×36（W）×0.8（H）cm
質量0.5㎏
材質エラストマー
※仕様、外観は予告なく変更することがありますのでご了承ください。339"
341,MMTYADBOB52Q3,介護用入浴機器,入浴関連商品,"あたたまりうるおいあたたまりうるおい洗浄範囲洗浄力水の勢い洗浄範囲洗浄力水の勢いミラブルzero mirablezero ミラブル艶 つや FBSM-AC5-GMMSC いままで体験したことのない新感覚のうるおいや洗い心地をすべての方へ。送料 御見積¥44,900これまでにないウルトラファインバブルを含んだ３つの水流。毛穴の細かい所や、隙間までウルトラファインバブルが入り込み、汚れをキレイに落としていることが分かります。送料 A¥40,800肌のエイジングが気になる世代へ。うるおい、ハリ、温まりを叶え、艶やかな肌へと導きます。これまでにないデザインで入浴をより贅沢な時間に。340リングストレートスプラッシュストレート トルネードミストマイクロトルネードミストリングストレートスプラッシュストレート高密度トルネードミストストレッチストレートウォームストレート仰臥位入浴座位入浴ADL入浴その他の介護用入浴機器入浴関連商品110（D）×70（W）×220（H）mm約350gリングストレート：6.0L/minスプラッシュストレート：8.5L/minマイクロトルネードミスト：4.0L/minリングストレート：約6000万個/ccスプラッシュストレート：約5700万個/ccマイクロトルネードミスト：約7000万個/cc本体／ポリカーボネート及びABS及びPOM、ネジ及びバネ／ステンレス、パッキン／EPDM90（D）×50（W）×168（H）mm約150g高密度トルネードミスト：5.5L/minストレッチストレート：7.0L/minウォームストレート：7.5L/min高密度トルネードミスト：3500万個/mLストレッチストレート：2300万個/mLウォームストレート：2000万個/mLABS樹脂、ポリカーボネート、POM、ゴム(EPDM）、ステンレス、メッキ寸法質量吐出量ウルトラファインバブル材質寸法質量吐出量ウルトラファインバブル材質※仕様、外観は予告なく変更することがありますのでご了承ください。　評価測定運動療法水治療法物理療法救急ＡＤＬ・作業療法言語療法自立支援機器衛生・防災介護用入浴機器直径約0.001mmの超微細な泡「ウルトラファインバブル」が毛穴の奥まで入り込み、汚れや皮脂を吸着してキレイに洗い流します｡ウルトラファインバブルとは、直径約0.001mm未満の超微細な泡のこと。毛穴や細かな部分に入り込んで汚れを吸着し、浮かせて取り除いてくれます。さらに、水分が肌に浸透することで肌にうるおいを与え、高い保温効果があります。〈ミラブルzeroの水流〉ミラブルシリーズ","いままで体験したことのない新感覚のうるおいや洗い心地をすべての方へ。
ミラブルシリーズ
直径約0.001mmの超微細な泡「ウルトラファインバブル」
が毛穴の奥まで入り込み、汚れや皮脂を吸着してキレイに洗
い流します｡
評価測定
ウルトラファインバブルとは、直径約0.001mm未満の超微細な泡のこ
と。毛穴や細かな部分に入り込んで汚れを吸着し、浮かせて取り除いてく
れます。さらに、水分が肌に浸透することで肌にうるおいを与え、高い保
運動療法
温効果があります。
水治療法
〈ミラブルzeroの水流〉
物理療法
救急
リングストレートスプラッシュストレー トトルネードミスト
ＡＤＬ・
作業療法
言語療法
マイクロトルネードミストミラブルzero 送料 御見積
自立支援
機器mirablezero ¥44,900
リングストレート
これまでにないウルトラファインバブルを含んだ３つの
衛生・スプラッシュストレート水流。
防災
毛穴の細かい所や、隙間までウルトラファインバブルが入り込み、汚れ
洗浄範囲をキレイに落としていることが分かります。
介護用
入浴機器寸法110（D）×70（W）×220（H）mm
質量約350g
あたたまり洗浄力
吐出量リングストレート：6.0L/min
スプラッシュストレート：8.5L/min
マイクロトルネードミスト：4.0L/min
ウルトラファインリングストレート：約6000万個/cc
バブルスプラッシュストレート：約5700万個/cc
マイクロトルネードミスト：約7000万個/cc
うるおい水の勢い
仰臥位入浴材質本体／ポリカーボネート及びABS及びPOM、
ネジ及びバネ／ステンレス、パッキン／EPDM
座位入浴
ADL入浴
その他の
介護用入浴機器
入浴関連
商品
高密度トルネードミストミラブル艶 つや 送料 A
FBSM-AC5-GMMSC ¥40,800
ストレッチストレート
肌のエイジングが気になる世代へ。
ウォームストレートうるおい、ハリ、温まりを叶え、艶やかな肌へと導きます。
これまでにないデザインで入浴をより贅沢な時間に。
洗浄範囲寸法90（D）×50（W）×168（H）mm
質量約150g
吐出量高密度トルネードミスト：5.5L/min
あたたまり洗浄力ストレッチストレート：7.0L/min
ウォームストレート：7.5L/min
ウルトラファイン高密度トルネードミスト：3500万個/mL
バブルストレッチストレート：2300万個/mL
ウォームストレート：2000万個/mL
材質ABS樹脂、ポリカーボネート、POM、ゴム(EPDM）、ステンレス、
うるおい水の勢いメッキ
340※仕様、外観は予告なく変更することがありますのでご了承ください。　"
342,MMTYADD7KYQMT,介護用入浴機器,入浴関連商品,"洗浄範囲あたたまりうるおい水の勢い洗浄範囲あたたまりうるおい水の勢い洗浄力洗浄力ミラブル潤 うる FBSM-AC3-CPSC ミラブル爽 さら FBSM-AC2-WSC どこでもミラバスポータブル  交換品（全機種共通）肌の乾燥が気になる世代へ。うるおいと洗浄力を兼ね備えた「うるおい洗浄」を楽しめます。節水力もあり、家計にもやさしいマルチモデル。肌のべたつきが気になる世代へ。広範囲を包み込み、すっきりとした洗い上がりを実現。しっかり浴びたいときも、短時間でサッと浴びたいときも使うことができます。マイクロバブルの洗浄力。水と空気でできた0.003ミリの超微細な気泡が、肌の汚れや毛穴の奥の老廃物などを浮き上がらせるほか、気になるニオイの元も洗い流します。外角度トルネードミストネットワークストレートトルネードミストワイドドームストレート341送料 A¥36,000送料 A¥27,000送料 A¥2,900送料 サ¥298,000トルネードスティック 約173g外角度トルネードミスト5.0L/minネットワークストレート6.0L/min外角度トルネードミスト：3600万個/mLネットワークストレート：約2300万個/mLABS樹脂、ポリカーボネート、POM、ゴム（EPDM）、ステンレス、メッキ寸法 29（W）×72（L）mm接続 G1/2材質 本体／ポリカーボネート及びPP、バッキン／EPDMろ材 亜硫酸カルシウム本体／280（W）×160（D）×370（H）mm電源ボックス／146（W）×235（D）×86（H）mm本体／7kg、電源ボックス／1.6kgAC100V DC変換380W約12L/分15分オートオフ温度保護 ポンプロック 空転保護1.4m4.5m1.4m仰臥位入浴座位 入浴AD L入浴その 他の介護用入浴機器入浴 関連商品寸法181（D）×φ57×182（H）mm質量吐出量ウルトラファインバブル材質寸法質量吐出量81.3（D）×φ100×174（H）mm約253gトルネードミストワイド：7.0L/minドームストレート：6.0L/minトルネードミストワイド：3200万個/mLドームストレート：約2000万個/mLABS樹脂、ポリカーボネート、POM、ゴム（EPDM）、ステンレスウルトラファインバブル材質寸法質量電源消費電力吐出量運転時間保護装置電源ケーブル操作ケーブル吐出ノズルホース吸込みノズルホース 1.4m※仕様、外観は予告なく変更することがありますのでご了承ください。評価測定運動療法水治療法物理療法救急ＡＤＬ・作業療法言語療法自立支援機器衛生・防災介護用入浴機器","外角度トルネードミストミラブル潤 うる 送料 A
FBSM-AC3-CPSC ¥36,000
ネットワークストレート
肌の乾燥が気になる世代へ。
うるおいと洗浄力を兼ね備えた「うるおい洗浄」を楽しめます。
洗浄範囲
節水力もあり、家計にもやさしいマルチモデル。
あたたまり洗浄力
寸法181（D）×φ57×182（H）mm
質量約173g
吐出量外角度トルネードミスト5.0L/min評価測定
ネットワークストレート6.0L/min
ウルトラファイン外角度トルネードミスト：3600万個/mL
うるおい水の勢いバブルネットワークストレート：約2300万個/mL
材質ABS樹脂、ポリカーボネート、POM、ゴム（EPDM）、ステンレス、運動療法
メッキ
水治療法
物理療法
救急
トルネードミストワイドミラブル爽 さら 送料 A
FBSM-AC2-WSC ¥27,000
ドームストレートＡＤＬ・
肌のべたつきが気になる世代へ。作業療法
広範囲を包み込み、すっきりとした洗い上がりを実現。
洗浄範囲
しっかり浴びたいときも、短時間でサッと浴びたいときも使うことがで
言語療法
きます。
あたたまり洗浄力
寸法81.3（D）×φ100×174（H）mm
質量約253g自立支援
吐出量トルネードミストワイド：7.0L/min機器
ドームストレート：6.0L/min
ウルトラファイントルネードミストワイド：3200万個/mL
衛生・
うるおい水の勢いバブルドームストレート：約2000万個/mL
防災
材質ABS樹脂、ポリカーボネート、POM、ゴム（EPDM）、ステンレス
介護用
入浴機器
交換品（全機種共通）
トルネードスティック 送料 A
 ¥2,900仰臥位入浴
寸 法29（W）×72（L）mm
接 続G1/2座 位入浴
材 質本体／ポリカーボネート及びPP、バッキン／EPDM
ろ 材亜硫酸カルシウムA DL入浴
そ の他の
介護用入浴機器
入 浴関連
商品
どこでもミラバスポータブル  送料 サ
  ¥298,000
マイクロバブルの洗浄力。
水と空気でできた0.003ミリの超微細な気泡が、肌の汚れや毛穴の奥の
老廃物などを浮き上がらせるほか、気になるニオイの元も洗い流します。
寸法本体／280（W）×160（D）×370（H）mm
電源ボックス／146（W）×235（D）×86（H）mm
質量本体／7kg、電源ボックス／1.6kg
電源AC100V DC変換
消費電力380W
吐出量約12L/分
運転時間15分オートオフ
保護装置温度保護 ポンプロック 空転保護
電源ケーブル1.4m
操作ケーブル4.5m
吐出ノズルホース1.4m
吸込みノズルホー ス1.4m
※仕様、外観は予告なく変更することがありますのでご了承ください。341"
343,MMTYADEMHGSSC,介護用入浴機器,入浴関連商品,"サBサ※仕様、外観は予告なく変更することがありますのでご了承ください。　評価測定運動療法水治療法物理療法救急ＡＤＬ・作業療法言語療法自立支援機器衛生・防災介護用入浴機器100%80%60%40%20%0%通常入浴入浴3時間後-0.2%ご利用者ご利用者改善しない改善しない※使用方法によって消費量は変動します入浴前0.0%-1.0%-2.0%肌水分量を測定KINUAMI浴通常入浴スタッフスタッフ軽減しない軽減しないK01-1211 御見積K01-1202 御見積K01-1210 御見積泡シャワー KINUAMI Care K03-1102 入浴介助が笑顔溢れるバスタイムに。29%29%お肌の調子がお肌の調子が改善改善ご利用者の71％がお肌の調子改善を実感寸法質量ソープタンク容量 600ml ※1回20秒の泡モード使用で約60回分［構成］本体、給水ホース（1ｍ）、吐水ホース（2.5ｍ）、専用シャワーヘッド、専用電池パック、専用充電器、水栓接続アダプタ―、落下防止フック、取扱説明書※必ず専用ボディソープ（別売）をお使いください。※壁面にマグネットがつくかご確認ください。※タイル壁面などマグネットがつかない場合の設置にはマウントパーツ（別売）が必要です。※壁面の仕様によってはマウントパーツを設置できない場合がありますので、別途ご相談ください。※マウントパーツの設置については、専門の施工業者へご相談ください。※自立型の専用スタンド（別売）もご用意しています。容量使用の目安KINUAMI専用スタンド専用電池パック（バッテリー）タイル壁設置用ビス固定マウントパーツ10%10%負担が負担が軽減軽減スタッフの90％が身体的負担軽減を実感258（W）×138(D）×350(H）mm2.75kg（タンクが空の状態）4L／１本1回20秒の泡モード使用 　約10ml消費品名84%71%71%90%90%01汚れ除去率の比較02保湿能力の実証03ご利用者満足度消耗品オプション入浴による乾燥を防止作業負担軽減342モニター期間71日間［対象者］　2施設合計　介助者11名　被介助者16名［検証数］　150回　通常入浴49回　KINUAMI101回送料 サ¥132,000送料 C¥20,000型式価格送料仰臥位入浴座位入浴ADL入浴その他の介護用入浴機器入浴関連商品従来の入浴と同等以上の洗浄能力を実証取り付け簡単なマグネット仕様。本体の背面はマグネット仕様です。工事が不要で簡単に取り付けることができます。浴室空間がタイル壁の場合はオプション品の「タイル壁用マウントパーツ」を取り付けることで設置が可能です。※バッテリー方式で駆動するため、電源接続も不要です。フル充電で20-30人洗身できます。-1.6%KINUAMI浴KINUAMI業務用専用ボディソープ4本入（16L） MD1005-00010 「KINUAMI  Care」はレバー操作ひとつで簡単にやわらかく暖かい泡をつくりだすことができる泡シャワーです。シャワーヘッドから出る濃密な泡が身体中を一瞬で包み込み、手軽な身体洗いを実現します。洗いづらい箇所もシャワーからの泡でくまなく、やさしく。双方の負担を軽減し、入浴介助をサポートします。身体中を泡で包み込んだら、あとはサッとなでれば身体洗いは完了！シャワーから出る泡で身体をくまなく洗えます。泡立ての手間がないので、入浴時間を短縮できます。濃密泡が汚れをしっかり落とします。少量のソープで、大量のきめ細かな泡を生成します。泡立て作業が不要になり、泡で包み込んで、流すだけの次世代の入浴介助が実現できます。専用ボディソープは弱酸性の低刺激な成分で、保湿成分も配合、お肌に潤いをもたらします。介護ロボット等モニター調査事業の結果69%泡シャワー KIN UA MI  Care","入浴介助が笑顔溢れるバスタイムに。
泡シャワー KI NU AMI  Care
「KINUAMI  Care」はレバー操作ひとつで簡単にやわらかく
暖かい泡をつくりだすことができる泡シャワーです。
シャワーヘッドから出る濃密な泡が身体中を一瞬で包み込み、手軽な身
評価測定
体洗いを実現します。
洗いづらい箇所もシャワーからの泡でくまなく、やさしく。
運動療法
双方の負担を軽減し、入浴介助をサポートします。
身体中を泡で包み込んだら、あとはサッと
水治療法なでれば身体洗いは完了！
シャワーから出る泡で身体をくまなく洗え
ます。
泡立ての手間がないので、入浴時間を短
物理療法
縮できます。
救急
ＡＤＬ・濃密泡が汚れをしっかり落とします。取り付け簡単なマグネット仕様。
作業療法少量のソープで、大量のきめ細かな泡を本体の背面はマグネット仕様です。
生成します。泡立て作業が不要になり、泡工事が不要で簡単に取り付けることができま
で包み込んで、流すだけの次世代の入浴す。浴室空間がタイル壁の場合はオプション品
言語療法
介助が実現できます。専用ボディソープの「タイル壁用マウントパーツ」を取り付けるこ
は弱酸性の低刺激な成分で、保湿成分もとで設置が可能です。※
自立支援配合、お肌に潤いをもたらします。バッテリー方式で駆動するため、電源接続も不
機器要です。フル充電で20-30人洗身できます。
衛生・
防災
介護ロボット等モニター調査事業の結果
介護用01汚れ除去率の比較02保湿能力の実証03ご利用者満足度作業負担軽減モニター期間71日間
入浴機器
［対象者］
100%入浴前入浴3時間後ごご利利用用者者ススタタッッフフ
0.0%2299%%1100%%　2施設合計
80%-0.2%　介助者11名
60%改改善善ししなないい7711%%9900%%　被介助者16名
40%69%84%-1.0%軽軽減減ししなないい［検証数］
20%肌水分量を測定おお肌肌のの調調子子がが負負担担がが　150回
-1.6%　通常入浴49回
仰臥位入浴0%通常入浴KINUAMI浴-2.0%通常入浴KINUAMI浴改改善善軽軽減減　KINUAMI101回
座位入浴従来の入浴と同等以上の洗浄能力を入浴による乾燥を防止ご利用者の71％がスタッフの90％が
実証お肌の調子改善を実感身体的負担軽減を実感
ADL入浴
その他の
介護用入浴機器泡シャワー KINUAMI Care 送料 サ
入浴関連
K03-1102 ¥132,000
商品
寸法258（W）×138(D）×350(H）mm
質量2.75kg（タンクが空の状態）
ソープタンク容 量600ml ※1回20秒の泡モード使用で約60回分
［構成］本体、給水ホース（1ｍ）、吐水ホース（2.5ｍ）、専用シャワーヘッド、専用電池パック、
専用充電器、水栓接続アダプタ―、落下防止フック、取扱説明書
※必ず専用ボディソープ（別売）をお使いください。
※壁面にマグネットがつくかご確認ください。
※タイル壁面などマグネットがつかない場合の設置にはマウントパーツ（別売）が必要です。
※壁面の仕様によってはマウントパーツを設置できない場合がありますので、別途ご相談ください。
※マウントパーツの設置については、専門の施工業者へご相談ください。
※自立型の専用スタンド（別売）もご用意しています。
消耗品
KINUAMI業務用専用ボディソープ4本入（16L） 送料 C
MD1005-00010 ¥20,000
容量4L／１本
使用の目安1回20秒の泡モード使用 　約10ml消費
※使用方法によって消費量は変動します
オプション
品名型式価格送料
KINUAMI専用スタンドK01-121 1御見積サ
専用電池パック（バッテリー）K01-120 2御見積B
タイル壁設置用ビス固定マウントパーツK01-121 0御見積サ
342※仕様、外観は予告なく変更することがありますのでご了承ください。　"
344,MMTYADG4ECF5V,介護用入浴機器,入浴関連商品,"バスクッション ピロー　シングル／ダブル  送料 B/A¥16,000BCP-1  （本体・シングルカバー付） ¥2,900BCP-1C （シングルカバー） ¥30,000BCP-2  （本体・ダブルカバー付） ¥3,300BCP-2C （ダブルカバー） バスクッション ポジショナー BCT-1  （本体・クッションカバー・中袋付） BCT-1C （クッションカバー） 入浴介護の現場で使える制菌加工のクッション。343仰臥位入浴座位 入浴AD L入浴その 他の介護用入浴機器入浴 関連商品送料 A¥15,000¥3,900入浴中の姿勢をやさしくサポート。タオルを差し込む感覚で、簡便にご使用いただけます。32（L）×23（W）×11（H）cm寸法寸法質量62（L）×42（W）×7（H）cm約0.9kg［BCP-2］寸法質量62（L）×42（W）×14（H）cm約1.8kgダブル［共通］材質クッション／指定外繊維（ポリエーテルエステル系繊維）100％、カバー／ポリエステル100%（セラミックス複合機能材料Earth plus加工）ストラップ長 60cm質量約0.4kg材質クッション／指定外繊維（ポリエーテルエステル系繊維）100％、クッションカバー／ポリエステル100%（セラミックス複合機能材料Earth  plus加工）※ストラップ除く、中袋／ポリエステル100％※仕様、外観は予告なく変更することがありますのでご了承ください。評価測定運動療法水治療法物理療法救急ＡＤＬ・作業療法言語療法自立支援機器衛生・防災介護用入浴機器シングル体圧分散効果に優れたクッション。クッション材には、高い機能をほこるブレスエアーⓇを採用。三次元スプリング構造による高反発性で体圧の集中を防ぎます。耐久性にもすぐれているため、繰り返し使っても高い機能を保ちます。抗菌・抗ウイルス・消臭加工のカバー。臨床実験でもその高い効果が実証されている、薬剤に頼らない抗菌材料「アースプラス」加工を施しています。制菌加工のクッション。SEK認証を取得した信頼の制菌素材を使用。細菌の繁殖を抑えます。介護用入浴機器の枕に最適です。［BCP-1］バスクッションシリーズ","入浴介護の現場で使える制菌加工のクッション。
バスクッションシリーズ
体圧分散効果に優れたクッション。制菌加工のクッション。
Ⓡ
クッション材には、高い機能をほこるブレスエアーを採用。三次元スプリSEK認証を取得した信頼の制菌素材を使用。細菌の繁殖を
ング構造による高反発性で体圧の集中を防ぎます。抑えます。
耐久性にもすぐれているため、繰り返し使っても高い機能を保ちます。評価測定
運動療法
抗菌・抗ウイルス・消臭加工のカバー。
臨床実験でもその高い効果が実証されている、薬剤に頼ら
ない抗菌材料「アースプラス」加工を施しています。
水治療法
物理療法
バスクッション ピロー　シングル／ダブル  送料 B/A救急
BCP-1  （本体・シングルカバー付） ¥16,000
BCP-1C （シングルカバー） ¥2,900
ＡＤＬ・
BCP-2  （本体・ダブルカバー付） ¥30,000作業療法
シングルBCP-2C （ダブルカバー） ¥3,300
介護用入浴機器の枕に最適です。
言語療法
［BCP-1］
寸法62（L）×42（W）×7（H）cm
質量約0.9kg
自立支援
［BCP-2］機器
寸法62（L）×42（W）×14（H）cm
ダブル質量約1.8kg
衛生・
［共通］防災
材質クッション／指定外繊維（ポリエーテルエステル系繊維）100％、カバー／ポ
リエステル100%（セラミックス複合機能材料Earth plus加工）
介護用
入浴機器
仰臥位入浴
座 位入浴
A DL入浴
そ の他の
介護用入浴機器
入 浴関連
商品
バスクッション ポジショナー 送料 A
BCT-1  （本体・クッションカバー・中袋付） ¥15,000
BCT-1C（ クッションカバー） ¥3,900
入浴中の姿勢をやさしくサポート。タオルを差し込む感覚で、
簡便にご使用いただけます。
寸法32（L）×23（W）×11（H）cm
ストラップ 長60cm
質量約0.4kg
材質クッション／指定外繊維（ポリエーテルエステル系繊維）100％、クッションカ
バー／ポリエステル100%（セラミックス複合機能材料Earth  plus加工）※
ストラップ除く、中袋／ポリエステル100％
※仕様、外観は予告なく変更することがありますのでご了承ください。343"
345,MMTYADHBS824X,介護用入浴機器,入浴関連商品,"着衣用マルチベッド TMB-100  ベッドセンサーシステムベーシック   送料 サ F21-0071-S01 御見積ハンガー掛付脱衣カゴ（ホワイト）  送料 御見積¥22,600TB-73-28 2段用脱衣カゴ（ホワイト）  送料 御見積¥16,500TB-73-06 脱衣カゴ（ホワイト） TB-73-02 動画はこちらセンサーユニット※仕様、外観は予告なく変更することがありますのでご了承ください。　評価測定運動療法水治療法物理療法救急ＡＤＬ・作業療法言語療法自立支援機器衛生・防災介護用入浴機器オプション入浴介助用エプロン等を干したい時に。衣類の置き場として。344寸法 525（W）×370（D）×755（H）ｍｍ質量 約4kg寸法 510（W）×370（D）×185（H）ｍｍ質量 約0.5kgコントローラージャンクションボックス仰臥位入浴座位入浴ADL入浴その他の介護用入浴機器入浴関連商品送料 E¥500,000欲しいところに、欲しいツールが揃う着衣介護専用のベッド。1920（L）× 870（W）×430〜780（H）mm（サイドフェンス取り外し時）寸法マット寸法1850（L）×800（W）mmクリーム等はベッド下に。着衣に必要な小物を置くことが可能。お手元に延長コード（標準装備）を設置できるためドライヤー等の使用が可能。※ベッド及び延長コードのプラグは、脱衣室のコンセントに差し込む必要があります。着衣質量材質最大搭載重量 300kg、120kg（昇降時）電源消費電力着衣にぴったりのマット幅800mm。移乗用ボードをベッド下に収納可能。送料 御見積¥1,800移乗寸法質量電源参考体重計測範囲使用可能ベッド総質量約110kgフレーム／スチール・粉体塗装仕上マット／ビニールレザー（抗菌・防汚加工）、レザー色／グレーAC100V 50/60Hz最大84W/3.5Aフットスイッチによる昇降操作のため、両手は着衣に専念できます。頭部フェンスが格子状のため、ヘアブロー用品等を掛けられます。※掛け具・小物入れは付属されていません。寸法 525（W）×380（D）×1710（H）ｍｍ質量 約5.5kg参考体重測定265（L）×398（W）×25（H）ｍｍ（センサーユニット）約2.2kg（センサーユニット1台あたり）専用ACアダプタ使用、AC100V 50/60Hz、最大0.58A30〜150kg最大200kg（利用者様とベッドの総重量合計）ベッドセンサーシステムを組み合わせれば、参考体重※も計測できます。※本システムは秤ではないため、参考体重となります。","動画はこちら
着衣用マルチベッド 送料 E
TMB-100  ¥500,000
欲しいところに、欲しいツールが揃う着衣介護専用のベッド。
寸法1920（L）× 870（W）×430〜780（H）mm（サイドフェンス取り外し時）
マット寸法1850（L）×800（W）mm
質量約110kg
材質フレーム／スチール・粉体塗装仕上
マット／ビニールレザー（抗菌・防汚加工）、レザー色／グレー
最大搭載重 量300kg、120kg（昇降時）
評価測定電源AC100V 50/60Hz
消費電力最大84W/3.5A
運動療法
水治療法
物理療法
着衣にぴったりのマット幅フットスイッチによる昇降クリーム等はベッド下に。
800mm。操作のため、両手は着衣着衣に必要な小物を置く
に専念できます。ことが可能。
救急
ＡＤＬ・
作業療法
言語療法
自立支援移乗用ボードをベッド下に頭部フェンスが格子状のお手元に延長コード（標
機器収納可能。ため、ヘアブロー用品等準装備）を設置できるた
を掛けられます。めドライヤー等の使用が
※掛け具・小物入れは付属され可能。
衛生・ていません。※ベッド及び延長コードのプラ
防災グは、脱衣室のコンセントに差
し込む必要があります。
介護用オプション
入浴機器
2段用脱衣カゴ（ホワイト）  送料 御見積ハンガー掛付脱衣カゴ（ホワイト）  送料 御見積
TB-73-06 ¥16,500TB-73-28 ¥22,600
衣類の置き場として。入浴介助用エプロン等を干したい時に。
寸 法525（W）×370（D）×755（H）ｍｍ寸 法525（W）×380（D）×1710（H）ｍｍ
仰臥位入浴質 量約4kg質 量約5.5kg
座位入浴
ADL入浴脱衣カゴ（ホワイト） 送料 御見積
その他のTB-73-02 ¥1,800
介護用入浴機器
寸 法510（W）×370（D）×185（H）ｍｍ
入浴関連質 量約0.5kg
商品
※
ベッドセンサーシステムを組み合わせれば、参考体重も計測
できます。※本システムは秤ではないため、参考体重となります。
移乗参考体重測定着衣
ベッドセンサーシステムベーシック   送料 サ 
F21-0071-S01 御見積
寸法265（L）×398（W）×25（H）ｍｍ（センサーユニット）
質量約2.2kg（センサーユニット1台あたり）
電源専用ACアダプタ使用、AC100V 50/60Hz、最大0.58A
参考体重計測範囲30〜150kg
センサーユニットコントローラージャンクションボックス使用可能ベッド総質量最大200kg（利用者様とベッドの総重量合計）
344※仕様、外観は予告なく変更することがありますのでご了承ください。　"
346,MMTYADKJM2G1J,介護用入浴機器,入浴関連商品,御見積ライザーベース 03153123 ライザーベースブロックセット  送料 御見積03153134 御見積安全な立ち上がりと安定した立位をサポート。WEBはこちら送料 御見積ライザーベース専用ブロックは、踏み台を9cm高くします。工具不要で簡単に取り付け・取り外しができ、小柄な方や検査台など座面が高い場合の仕様に有効です。345仰臥位入浴座位 入浴AD L入浴その 他の介護用入浴機器入浴 関連商品寸法質量最大使用者体重付属品素材［構成］ライザーベース本体、専用ベルト、専用ブロック※仕様、外観は予告なく変更することがありますのでご了承ください。評価測定運動療法水治療法物理療法救急ＡＤＬ・作業療法言語療法自立支援機器衛生・防災介護用入浴機器立位補助に欠かせない膝当てパッド位置の高さ調整が、片手で簡単にできます。ブロックセット利用者の腰部にベルトを巻き、立ち上がりをサポート。膝当てパッドと専用ベルトで安定した立位保持をサポートしながら移動ができます。車椅子からの移乗や立ち上がり時に抱きかかえる必要がありません。付属の専用ベルトを併用し、立ち上がり介助と立位保持が介助者1名でサポートできます。630（L）×540（W）×1200（H）mm約10.7kg約170kg専用ベルトポリプロピレン左右どちらか片側のブレーキをかけると、もう片方も自動でブレーキがかかります。人間工学に基づいたデザインと機能が安全な立ち上がりを支援、移乗介助やトイレ介助の負担を軽減する立位介助補助機器です。介護負担を軽減する３つのONE（ワン）。ワン フット ブレーキワン ハンド アジャストワン パーソン サポートライザーベース,"WEBはこちら
安全な立ち上がりと安定した立位をサポート。
 
ライザーベー ス
人間工学に基づいたデザインと機能が
安全な立ち上がりを支援、移乗介助やトイレ介助の
負担を軽減する立位介助補助機器です。
評価測定
運動療法
水治療法
利用者の腰部にベルトを巻き、立ち上がりをサ
ポート。
物理療法
救急
ＡＤＬ・
作業療法
言語療法
膝当てパッドと専用ベルトで安定した立位保持を
サポートしながら移動ができます。
自立支援
機器
衛生・
防災
介護用
入浴機器
車椅子からの移乗や立ち上がり時に抱きかかえる
必要がありません。
介護負担を軽減する３つのONE（ワン）。
仰臥位入浴
ワン フット ブレーキワン ハンド アジャストワン パーソン サポート
座 位入浴
A DL入浴
そ の他の
介護用入浴機器
入 浴関連
商品
左右どちらか片側のブレーキをかけると、もう片方も自立位補助に欠かせない膝当てパッド位置の高さ調整付属の専用ベルトを併用し、立ち上がり介助と立位保
動でブレーキがかかります。が、片手で簡単にできます。持が介助者1名でサポートできます。
ライザーベース 送料 御見積
03153123 御見積
寸法630（L）×540（W）×1200（H）mm
質量約10.7kg
最大使用者体重約170kg
付属品専用ベルト
ライザーベースブロックセット  送料 御見積
03153134 御見積
ライザーベース専用ブロックは、踏み台を9cm高くします。工具
不要で簡単に取り付け・取り外しができ、小柄な方や検査台など
座面が高い場合の仕様に有効です。
素材ポリプロピレン
ブロックセット［構成］ライザーベース本体、専用ベルト、専用ブロック
※仕様、外観は予告なく変更することがありますのでご了承ください。345"
347,MMTYADNV5DFFV,介護用入浴機器,入浴関連商品,非課税品  御見積移乗サポートロボット Hug T1 T1-02 ロボット介護機器：移乗アシストROBOHELPER SASUKE  送料 御見積非課税品  御見積RS1-12Y-B ※仕様、外観は予告なく変更することがありますのでご了承ください。　評価測定運動療法水治療法物理療法救急ＡＤＬ・作業療法言語療法自立支援機器衛生・防災介護用入浴機器  送料 御見積ご自身で立ち上がることができなくなってしまった方の座位間の移乗動作、立位保持をサポート。「立つ」「座る」ボタンに加えて、胸当て部分の高さを調節するボタンが付いているため、幅広い体格の方に合わせたスタート地点から自然な立ち上がりをすることができます。ベッド⇔車椅子、ストレッチャー間の移乗をアシスト。対面の手が届く位置でベッド⇔車椅子、ストレッチャー間を自由に移動できます。簡単な操作で臥位〜座位までの適した姿勢で深く着座できます。専用シートは抜取り不要で双方の負担を軽減します。脱衣室にて入浴用ストレッチャー等への移乗の際の負担を軽減します。346仰臥位入浴座位入浴ADL入浴その他の介護用入浴機器入浴関連商品950（L）×620（W）×880 〜 1350（H）mm35kg温度／0〜40℃、湿度／20〜90％RH種類／鉛蓄電池電圧／DC24V充電時間／8時間最大使用回数／約100回 (満充電より)794〜1274（W）×842（D）×956 〜 1519（H）mm70kg（標準バッテリー装着時）120kg以下180㎝以下（140㎝以上）ISO134820〜40℃20〜80％（結露なきこと）寸法質量最大使用者体重 100kg動作条件バッテリー寸法質量適応荷重適応身長安全規格使用環境温度使用環境湿度,"移乗サポートロボット Hug T1 送料 御見積
T1-02  非課税 品 御見積
ご自身で立ち上がることができなくなってしまった方の座位
間の移乗動作、立位保持をサポート。
「立つ「」座る」ボタンに加えて、胸当て部分の高さを調節するボタンが付
いているため、幅広い体格の方に合わせたスタート地点から自然な立ち
上がりをすることができます。
寸法950（L）×620（W）×880 〜 1350（H）mm
評価測定質量35kg
最大使用者体 重100kg
動作条件温度／0〜40℃、湿度／20〜90％RH
運動療法バッテリー種類／鉛蓄電池
電圧／DC24V
充電時間／8時間
最大使用回数／約100回 (満充電より)
水治療法
物理療法
救急
ＡＤＬ・
作業療法
言語療法
自立支援
機器
衛生・
防災
ロボット介護機器：移乗アシスト
介護用
入浴機器
ROBOHELPER SASUKE  送料 御見積
RS1-12Y-B  非課税 品 御見積
ベッド⇔車椅子、ストレッチャー間の移乗をアシスト。
対面の手が届く位置でベッド⇔車椅子、ストレッチャー間を自由に移動
できます。簡単な操作で臥位〜座位までの適した姿勢で深く着座できま
仰臥位入浴す。専用シートは抜取り不要で双方の負担を軽減します。脱衣室にて入
浴用ストレッチャー等への移乗の際の負担を軽減します。
座位入浴
寸法794〜1274（W）×842（D）×956 〜 1519（H）mm
質量70kg（標準バッテリー装着時）
ADL入浴
適応荷重120kg以下
その他の適応身長180㎝以下（140㎝以上）
介護用入浴機器安全規格ISO13482
入浴関連使用環境温度0〜40℃
商品使用環境湿度20〜80％（結露なきこと）
346※仕様、外観は予告なく変更することがありますのでご了承ください。　"
348,MMTYADPRALWWF,介護用入浴機器,入浴関連商品,"専用の4点ハイバックスリングシート。ベッドや床から車椅子に移乗するときに使用します。介護をする誰もが安心して使用できる安全な機能を搭載。安全な使用を丁寧にお知らせする音声アナウンス機能、スリングシートの抜け落ちを防止するハンガー仕様、入浴介護に適した防滴・防湿性能です。床走行式リフト マイティライトⅢ  NEW    送料 J 非課税品  ¥498,000MLT-Ⅲ     コンパクトで操作性に優れた床走行式リフト。ベッドやトイレ、脱衣室など、さまざまな場面に1台で対応できます。脚の高さはわずか61mmで、低床ベッドにも対応。コンパクト設計とダブルキャスターにより、狭い場所でもスムーズに移動可能。折りたたみ可能なので収納にも便利です。マイティライト ハイバックタイプ４点式  NEW  NHS-03    シーリングリフト SOEL CX   送料 御見積 御見積347送料 D 非課税品  ¥62,000仰臥位入浴座位 入浴AD L入浴その 他の介護用入浴機器入浴 関連商品寸法1130（L）×670〜1110（W）×530〜1635（H）mm脚高さ61mm前輪後輪質量34.5kg最大吊り上げ荷重 165kgバッテリー12V-2.9Ah質量吊り重量材質0.7㎏100kgシート／ナイロン、シート強度材／ポリエステル、ストラップ／ナイロン、芯材／ポリプロピレンフリーサイズ※リフトと同時購入の場合、リフトと同数まで非課税となります。370（L）×160（W）×160（H）mm9kg寸法質量最大吊り下げ荷重 200kg昇降範囲昇降速度2200mm100kg負荷時［上昇：40mm／秒・下降：40mm／秒］バッテリーニッケル水素 24V／3.0Ahアダプタ充電方法・手元スイッチケーブル充電・エンドポイント充電（別途販売オプション）※フル充電約4時間／負荷100kgにて約40回昇降可能防水性能作動音レベル※仕様、外観は予告なく変更することがありますのでご了承ください。評価測定運動療法水治療法物理療法救急ＡＤＬ・作業療法言語療法自立支援機器衛生・防災介護用入浴機器  直径40mm ダブルキャスター直径100mm ブレーキ付き入力：100〜240V・50/60Hz本体：IPX4／手元スイッチ：IPX6最大55bB-Aリフトの誤った使用や、本体の異常・故障を検知し、 音声でお知らせします。充電残量が20%以下になると、本体操作ごとに充電残量をお知らせします。日本の入浴文化や多湿な気候に配慮した本体カバー設計で、優れた防滴・防湿性が備わっています。手元スイッチで昇降操作ができます。直接水がかかっても故障しない、優れた防水性が備わっています。","床走行式リフト マイティライトⅢ  NE W   送料 J 
MLT-Ⅲ     非課税 品 ¥498,000
コンパクトで操作性に優れた床走行式リフト。
ベッドやトイレ、脱衣室など、さまざまな場面に1台で対応で
きます。
脚の高さはわずか61mmで、低床ベッドにも対応。
コンパクト設計とダブルキャスターにより、狭い場所でもスムーズに移動
可能。
評価測定
折りたたみ可能なので収納にも便利です。
寸法1130（L）×670〜1110（W）×530〜1635（H）mm
脚高さ61mm
前輪直径40mm ダブルキャスター運動療法
後輪直径100mm ブレーキ付き
質量34.5kg
最大吊り上げ荷 重165kg水治療法
バッテリー12V-2.9Ah
物理療法
救急
マイティライト 
ハイバックタイプ４点式  NE W 送料 D ＡＤＬ・
作業療法
NHS-03    非課税 品 ¥62,000
専用の4点ハイバックスリングシート。
言語療法
ベッドや床から車椅子に移乗するときに使用します。
質量0.7㎏
吊り重量100kg自立支援
材質シート／ナイロン、シート強度材／ポリエステル、機器
ストラップ／ナイロン、芯材／ポリプロピレン
サイズフリー
衛生・
※リフトと同時購入の場合、リフトと同数まで非課税となります。防災
介護用
入浴機器
シーリングリフト SOEL CX   送料 御見積 
  御見積
仰臥位入浴
介護をする誰もが安心して使用できる安全な機能を搭載。
安全な使用を丁寧にお知らせする音声アナウンス機能、スリングシート座 位入浴
の抜け落ちを防止するハンガー仕様、入浴介護に適した防滴・防湿性能
A DL入浴
です。
寸法370（L）×160（W）×160（H）mmそ の他の
介護用入浴機器
質量9kg
最大吊り下げ荷 重200kg入 浴関連
商品
昇降範囲2200mm
昇降速度100kg負荷時［上昇：40mm／秒・下降：40mm／秒］
バッテリーニッケル水素 24V／3.0Ah
アダプタ入力：100〜240V・50/60Hz
充電方法・手元スイッチケーブル充電
・エンドポイント充電（別途販売オプション）
※フル充電約4時間／負荷100kgにて約40回昇降可能
防水性能本体：IPX4／手元スイッチ：IPX6
作動音レベル最大55bB-A
日本の入浴文化や多湿な気候に配慮した本体カバー設手元スイッチで昇降操作ができます。直接水がかかっリフトの誤った使用や、本体の異常・故障を検知し、 
計で、優れた防滴・防湿性が備わっています。ても故障しない、優れた防水性が備わっています。音声でお知らせします。充電残量が20%以下になる
と、本体操作ごとに充電残量をお知らせします。
※仕様、外観は予告なく変更することがありますのでご了承ください。347"
349,MMTYADRH0ONMR,介護用入浴機器,入浴関連商品,"くわしくは P.287バイキングボード 39580060（Mサイズ） 39580061（Lサイズ） スライディングボード  SB202431-SA リライブシャツ オリジナルブレンドした鉱石がプリントされた衣服。着るだけで元気になれる商品です。リライブウェアはオリジナルブレンドした鉱石が、人体のツボの箇所に沿ってプリントされています。さらっとした着心地で、日常生活や就寝時などにも着用いただけます。［ホワイト］移乗間に隙間がある場合でも、持ち上げることなく移乗可能。大柄な男性も移乗できる標準サイズ。2つ折りにできるため、持ち運びにも便利です。端座位がとれる方の移乗介助を安全で簡単に。膝裏にあたらない日本人の体型にあった新デザインです。4750717477656871747747507174776568717477348送料 御見積¥29,800¥36,800送料 B ¥125,000送料 A着丈 身幅 肩幅 袖丈65656868717174747777着丈 身幅 肩幅 袖丈65656868717174747777仰臥位入浴座位入浴ADL入浴その他の介護用入浴機器入浴関連商品Mサイズ／35（W）×60（L）×0.5（H）cmLサイズ／35（W）×75（L）×0.5（H）cmMサイズ／770g、Lサイズ／980gポリエチレンブラック1750(L)×500(W)mm約1.9kg(含チューブ)ポリエチレン型式価格¥8,000¥8,000¥8,000¥8,000¥8,000型式価格¥8,000¥8,000¥8,000¥8,000¥8,000ポリエステル100％寸法質量最大使用者体重 160kg材質カラー※使用の際は、必ず衣服を着用してください。寸法質量材質［構成］ボード本体、本体用チューブサイズ（身長）S（158〜168） TPC-001-WHT-SM（165〜175） TPC-001-WHT-ML（174〜184） TPC-001-WHT-LLL（176〜186） TPC-001-WHT-LL3L（180〜） TPC-001-WHT-3L［ブラック］サイズ（身長）S（158〜168） TPC-001-BLK-SM（165〜175） TPC-001-BLK-ML（174〜184） TPC-001-BLK-LLL（176〜186） TPC-001-BLK-LL3L（180〜） TPC-001-BLK-3L［共通］素材※仕様、外観は予告なく変更することがありますのでご了承ください。　評価測定運動療法水治療法物理療法救急ＡＤＬ・作業療法言語療法自立支援機器衛生・防災介護用入浴機器","バイキングボード 送料 御見積
39580060（Mサイズ） ¥29,800
39580061（Lサイズ） ¥36,800
端座位がとれる方の移乗介助を安全で簡単に。
膝裏にあたらない日本人の体型にあった新デザインです。
寸法Mサイズ／35（W）×60（L）×0.5（H）cm
Lサイズ／35（W）×75（L）×0.5（H）cm
質量Mサイズ／770g、Lサイズ／980g
評価測定
最大使用者体 重160kg
材質ポリエチレン
カラーブラック
運動療法
水治療法
物理療法
※使用の際は、必ず衣服を着用してください。
救急
ＡＤＬ・
作業療法
言語療法
スライディングボード  送料 B 
自立支援
機器SB202431-SA ¥125,000
移乗間に隙間がある場合でも、持ち上げることなく移乗可能。
衛生・大柄な男性も移乗できる標準サイズ。
防災
2つ折りにできるため、持ち運びにも便利です。
寸法1750(L)×500(W)mm
介護用質量約1.9kg(含チューブ)
入浴機器
材質ポリエチレン
［構成］ボード本体、本体用チューブ
くわしく はP.287
仰臥位入浴
座位入浴
ADL入浴
その他の
介護用入浴機器リライブシャツ 送料 A
入浴関連オリジナルブレンドした鉱石がプリントされた衣服。着るだけ
商品
で元気になれる商品です。
リライブウェアはオリジナルブレンドした鉱石が、人体のツボの箇所に
沿ってプリントされています。さらっとした着心地で、日常生活や就寝時
などにも着用いただけます。
［ホワイト］
サイズ（身長）型式価格着 丈身 幅肩 幅袖丈
S（158〜168 ）TPC-001-WHT-S¥8,00065476565
M（165〜175 ）TPC-001-WHT-M¥8,00068506868
（L174〜184 ）TPC-001-WHT-L¥8,00071717171
L（L176〜186 ）TPC-001-WHT-LL¥8,00074747474
3（L180〜 ）TPC-001-WHT-3L¥8,00077777777
［ブラック］
サイズ（身長）型式価格着 丈身 幅肩 幅袖丈
S（158〜168 ）TPC-001-BLK-S¥8,00065476565
M（165〜175 ）TPC-001-BLK-M¥8,00068506868
（L174〜184 ）TPC-001-BLK-L¥8,00071717171
L（L176〜186 ）TPC-001-BLK-LL¥8,00074747474
3（L180〜 ）TPC-001-BLK-3L¥8,00077777777
［共通］
素材ポリエステル100％
348※仕様、外観は予告なく変更することがありますのでご了承ください。　"
350,MMTYADV90Y124,介護用入浴機器,入浴関連商品,"サササササササササ※仕様、外観は予告なく変更することがありますのでご了承ください。評価測定運動療法水治療法物理療法救急ＡＤＬ・作業療法言語療法自立支援機器衛生・防災介護用入浴機器HAL®腰タイプ介護・自立支援用  送料 御見積¥1,600,000HAL-BB04-SSSJP   型式BB04-3BB04-4BB04-5BB04-6BB04-7BB04-8BB04-9BB04-10BB04-11BB04-12BB04-13BB04-14移乗介助や体位変換介助などの移乗介助や体位変換介助などの移乗介助や体位変換介助などの介護動作における介護動作における介護動作における腰部の筋肉、椎間板にかかる負荷を低減。腰部の筋肉、椎間板にかかる負荷を低減。腰部の筋肉、椎間板にかかる負荷を低減。別売消耗品349装着型サイボーグ仰臥位入浴座位 入浴AD L入浴その 他の介護用入浴機器入浴 関連商品PRESENTED BY CYBERDYNE「HAL®」はCYBERDYNE(株)の登録商標です。292（D）×450（W）×522（H）mm3.1kg（バッテリー含む）寸法重量適用身長 140〜180cm（目安）適用体重 40〜80㎏（目安）腹囲120cm以下骨盤幅39cm以下動作環境 温度：0℃〜40℃　湿度：20%〜80% ※結露しないこと防水性能 IP54（防水・防塵）品名脚部ベルト（伸縮タイプ）2本入脚部べルト（合皮タイプ）2本入サポーターベルトカフパッドベルトM（80cm）シリコン電極付ベルトL（100cm）シリコン電極付シリコン電極（3個入）腰部べルト（ナイロンタイプ）腰部ベルト（合皮タイプ）腰部延長ベルトセット 2本入バックル付腰部延長ベルトバックル介護時の負担を軽減。移乗介助・体位変換介助などの介助動作時の腰部負荷について医学的解剖学的観点から解析・シミュレーションし、より低減できる機能を実現。腰痛を引き起こすリスクを減らします。防水機能もあるため、負担の大きい入浴介助でもご使用いただけ、これまで通りの介護を楽に行うことができます。運動をアシストし、自立を促進。HAL®を装着して意思に従った運動を行うことにより、身体機能の維持・向上や自立度を高めることが期待されます。コンパクトな軽量モデルのため、施設ではグループで楽しく、訪問介護ではじっくりとなど、様々な場面で気軽に活用することができます。新制御モードでユーザービリティ向上。従来の運動時に脳から筋肉へ送られる運動意思を反映した“生体電位信号”を読み取り、意思に従った動作を実現するHybridモードに加え、サイバニクス自律制御のみのアシストを受けるモードが新たに選択できるようになりました。本モードは特に介護を行う装着者がより多くの場面で気軽にHAL®腰タイプを使えるよう、センサー貼り付けを行わなくても使うことのできるモードで、このモード使用時にはわずか１０秒ほどでの装着が可能になりました。送料サ価格¥6,400¥3,500¥7,000¥800¥8,500¥8,500¥6,200¥3,000¥2,060¥2,500 御見積¥800 御見積¥300HAL ®腰タイプ介護・自立支援用","装着型サイボーグ
®
HA L腰タイプ
介護・自立支援用
移移移乗乗乗介介介助助助ややや体体体位位位変変変換換換介介介助助助なななどどどののの
評価測定
介介介護護護動動動作作作にににおおおけけけるるる
腰腰腰部部部ののの筋筋筋肉肉肉、、、椎椎椎間間間板板板にににかかかかかかるるる負負負荷荷荷ををを低低低減減減。。。運動療法
水治療法
物理療法
救急
ＡＤＬ・
作業療法
言語療法
自立支援
機器
介護時の負担を軽減。
移乗介助・体位変換介助などの
衛生・
介助動作時の腰部負荷について防災
医学的解剖学的観点から解析・
シミュレーションし、より低減で
介護用
きる機能を実現。腰痛を引き起
入浴機器
こすリスクを減らします。防水機
能もあるため、負担の大きい入
浴介助でもご使用いただけ、こ
れまで通りの介護を楽に行うこ
とができます。
仰臥位入浴
運動をアシストし、自立を座 位入浴
促進。
®®A DL入浴
HALを装着して意思に従った運HAL腰タイプ介護・自立支援用  送料 御見積
動を行うことにより、身体機能のそ の他の
HAL-BB04-SSSJP   ¥1,600,000介護用入浴機器
維持・向上や自立度を高めるこ
寸法292（D）×450（W）×522（H）mm入 浴関連
とが期待されます。コンパクトな重量3.1kg（バッテリー含む）商品
軽量モデルのため、施設ではグ
適用身 長140〜180cm（目安）
ループで楽しく、訪問介護では
適用体 重40〜80㎏（目安）
じっくりとなど、様々な場面で気腹囲120cm以下
軽に活用することができます。骨盤幅39cm以下
動作環 境温度：0℃〜40℃　湿度：20%〜80% ※結露しないこと
防水性 能IP54（防水・防塵）
新制御モードでユーザービリティ向上。別売消耗品
従来の運動時に脳から筋肉へ送られる運動意思を反映した“生体電位信
品名型式価格送料
号”を読み取り、意思に従った動作を実現するHybridモードに加え、サイ
脚部ベルト（伸縮タイプ）2本入BB04-3¥6,400サ
バニクス自律制御のみのアシストを受けるモードが新たに選択できるよ
うになりました。本モードは特に介護を行う装着者がより多くの場面で気脚部べルト（合皮タイプ）2本入BB04-4¥3,500サ
軽にHAL®腰タイプを使えるよう、センサー貼り付けを行わなくても使うサポーターベルトBB04-5¥7,000サ
ことのできるモードで、このモード使用時にはわずか１０秒ほどでの装着カフパッドBB04-6¥800サ
が可能になりました。ベルトM（80cm）シリコン電極付BB04-7¥8,500サ
ベルト（L100cm）シリコン電極付BB04-8¥8,500サ
シリコン電極（3個入）BB04-9¥6,200サ
腰部べルト（ナイロンタイプ）BB04-10¥3,000サ
腰部ベルト（合皮タイプ）BB04-11¥2,060サ
腰部延長ベルトセット 2本入バックル付BB04-12¥2,50 0御見積
腰部延長ベルトBB04-13¥80 0御見積
PRESENTED BY CYBERDYNEバックルBB04-14¥300サ
「HAL®」はCYBERDYNE(株)の登録商標です。
※仕様、外観は予告なく変更することがありますのでご了承ください。349"
351,MMTYAE150EWGC,介護用入浴機器,入浴関連商品,"⑥③⑧①2ABBBAAAAAAAAAA⑤⑩②⑦⑩③⑧⑬④⑨⑭⑨②⑦⑫⑮A⑮⑯⑰⑤④①⑥⑪※仕様は予告なく変更になる場合があります。掲載品目は現行機種の消耗品となります。お使いの機種の消耗品につきましては、お問い合わせ下さい。評価測定運動療法水治療法物理療法救急ＡＤＬ・作業療法言語療法自立支援機器衛生・防災介護用入浴機器仰臥位入浴座位入浴ADL入浴その他の介護用入浴機器入浴関連商品本体はこちら P.282SD3Z2179SD3Z2181SD3Z2187SD3C5863ESD4D6346BSD4D3447ASD4D7729SD4D7728SP520059SD4D7768ASD4D0918SD46370BSD46371A担架　CAW-100/105高さ調節式ストレッチャー　CAS-110L/R浴槽　CAM-100①担架マクラ　※CAW-100のみ SD2C2032A②担架マット背当③担架マット腰部④担架マット脚部⑤ベルト用パッド⑥ベルト L=1700mm⑦担架用バンドA⑧ベルト L=1150mm⑨担架用バンドA⑩テープアジャスターT50⑪マットピン長⑫ワッシャ⑬止メナットA⑭止メナットB⑮バッテリーボックス⑯クリックシャワーヘッド SP500105A⑰シャワーホース白2.5m SP500115⑯ ⑰品名型式品名型式S17B0038品名型式350数量/台 送料価格¥19,500 ¥40,000 ¥28,000 ¥40,000 ¥5,500 ¥6,000 ¥2,500 ¥3,000 ¥3,500 ¥150 ¥350 ¥100 ¥200 ¥150 1 1 1 1 3 2 2 1 4 28 28 28 28 価格¥16,000 数量/台 送料1 数量/台価格¥4,500  C_4個　R/L_2個 A¥3,500  C_4個　R/L_2個 A送料サンカメリア　消耗品","掲載品目は現行機種の消耗品となります。お使いの機種の消耗品につきましては、お問い合わせ下さい。
※仕様は予告なく変更になる場合があります。
本体は
こち らP.282
サンカメリア　消耗品 
①担架　CAW-100/105
品名型式価格数量/ 台送料
⑥
①担架マクラ　※CAW-100の みSD2C2032A¥19,500 1 A
③
②担架マット背当SD3Z2179¥40,000 1 B
③担架マット腰部SD3Z2181¥28,000 1 B
評価測定⑧④担架マット脚部SD3Z2187¥40,000 1 B
⑤ベルト用パッドSD3C5863E¥5,500 3 A
②
⑥ベルト L=1700mmSD4D6346B¥6,000 2 A
運動療法⑦担架用バンドASD4D3447A¥2,500 2 A
⑦
⑧ベルト L=1150mmSD4D7729¥3,000 1 A
⑨担架用バンドASD4D7728¥3,500 2A
水治療法⑩テープアジャスターT50SP520059¥150 4 A
⑤⑪マットピン長SD4D7768A¥350 28 A
⑩
⑫ワッシャSD4D0918¥100 28 A
物理療法④⑬止メナットASD46370B¥200 28 A
⑭止メナットBSD46371A¥150 28 A
⑨
救急
ＡＤＬ・
作業療法
①②③④⑤
言語療法
自立支援
機器
⑥⑦⑧⑨⑩
衛生・
防災
介護用
入浴機器
⑪⑫⑬⑭
仰臥位入浴
座位入浴
⑮高さ調節式ストレッチャー　CAS-110L/R
ADL入浴品名型式価格数量/ 台送料
その他の⑮バッテリーボックスS17B0038¥16,000 1 A
介護用入浴機器
入浴関連
商品⑮
浴槽　CAM-100
品名型式価格数量/台送料
⑯クリックシャワーヘッ ドSP500105A¥4,500  C_4個　R/L_2 個A
 ⑯⑰⑰シャワーホース白2.5 mSP500115¥3,500  C_4個　R/L_2 個A
⑯⑰
350"
352,MMTYAE4S873N7,介護用入浴機器,入浴関連商品,"②④③⑥①⑤⑦ABBAAAA③④⑤①⑥②⑦⑧⑨⑩※仕様は予告なく変更になる場合があります。掲載品目は現行機種の消耗品となります。お使いの機種の消耗品につきましては、お問い合わせ下さい。評価測定運動療法水治療法物理療法救急ＡＤＬ・作業療法言語療法自立支援機器衛生・防災介護用入浴機器仰臥位入浴座位入浴ADL入浴その他の介護用入浴機器入浴関連商品本体はこちら P.288型式SD2C2032ASD2C1886KSD2C1887JSD3C5863ESD4D6346BSD4D3447ASP520059価格¥19,500 ¥27,000 ¥27,000 ¥5,500 ¥6,000 ¥2,500 ¥150 型式S17B0038価格¥16,000 型式価格¥4,500  C_4個　R/L_2個 A¥3,500  C_4個　R/L_2個 A担架　WS-460/465電動昇降式ストレッチャー　ST-480浴槽　ROB-460⑨ ⑩品名①担架マクラ②担架マット脚部③担架マット背当④ベルト用パッド⑤ベルト L=1700mm⑥担架用バンドA⑦テープアジャスターT50品名⑧バッテリーボックス品名⑨クリックシャワーヘッド SP500105A⑩シャワーホース白2.5m SP500115351数量/台 送料1 1 1 3 3 3 3 数量/台1 送料A数量/台送料ロベリアプラス　消耗品","掲載品目は現行機種の消耗品となります。お使いの機種の消耗品につきましては、お問い合わせ下さい。
※仕様は予告なく変更になる場合があります。
本体は
こち らP.288
ロベリアプラス　消耗品 
③
担架　WS-460/465
品名型式価格数量/ 台送料
①
①担架マクラSD2C2032A¥19,500 1 A
②
②担架マット脚部SD2C1886K¥27,000 1 B
④③担架マット背当SD2C1887J¥27,000 1 B
④ベルト用パッドSD3C5863E¥5,500 3 A評価測定
⑤ベルト L=1700mmSD4D6346B¥6,000 3 A
⑤⑥担架用バンドASD4D3447A¥2,500 3 A
⑦テープアジャスターT50SP520059¥150 3 A運動療法
⑦
水治療法
物理療法
⑥
救急
ＡＤＬ・
作業療法
①②③④⑤
言語療法
自立支援
機器
⑥⑦
衛生・
防災
介護用
入浴機器
仰臥位入浴
座位入浴
電動昇降式ストレッチャー　ST-480
品名型式価格数量/台送料ADL入浴
⑧バッテリーボックスS17B0038¥16,000 1 Aその他の
介護用入浴機器
入浴関連
商品
⑧
浴槽　ROB-460
品名型式価格数量/台送料
⑨クリックシャワーヘッ ドSP500105A¥4,500  C_4個　R/L_2 個A
⑩シャワーホース白2.5 mSP500115¥3,500  C_4個　R/L_2 個A
⑨⑩
 ⑨⑩
351"
353,MMTYAE8AM2ZFQ,介護用入浴機器,入浴関連商品,"本体はこちら P.294担架　EWS-100②①⑥③AAAAAAAA①②③④⑤⑥⑦⑧A⑨⑨⑩⑪AA※仕様は予告なく変更になる場合があります。掲載品目は現行機種の消耗品となります。お使いの機種の消耗品につきましては、お問い合わせ下さい。評価測定運動療法水治療法物理療法救急ＡＤＬ・作業療法言語療法自立支援機器衛生・防災介護用入浴機器仰臥位入浴座位入浴ADL入浴その他の介護用入浴機器入浴関連商品高さ調節式ストレッチャー　EST-100浴槽　CET-100品名①担架マクラ②担架マットA③担架マットB④担架用バンドA⑤担架用バンドB⑥マット止めピン短⑦ベルト用パッド（オプション）⑧マット固定ゴム⑨バッテリーボックス⑩クリックシャワーヘッド⑪シャワーホース白3.5m④ ⑤⑪⑩品名型式SD2C2032ASD3C7024CSD3C7025ASD4D3447ASD4D3616SD4D3362BSD3C5863ESD4D3341C品名型式S17B0038型式SP500105ASP500116352エレベートバス　消耗品写真は現在の仕様と異なります。価格¥19,500 ¥21,000 ¥13,000 ¥2,500 ¥5,500 ¥300 ¥5,500 ¥300 数量/台 送料1 1 1 2 2 16 2 16 価格¥16,000 数量/台 送料1 価格¥4,500 ¥5,000 数量/台 送料1 1","掲載品目は現行機種の消耗品となります。お使いの機種の消耗品につきましては、お問い合わせ下さい。
※仕様は予告なく変更になる場合があります。
本体は
こち らP.294
エレベートバス　消耗品
写真は現在の仕様と異なります。
 ④⑤②①⑥担架　EWS-100
品名型式価格数量/ 台送料
①担架マクラSD2C2032A¥19,500 1 A
②担架マットASD3C7024C¥21,000 1 A
③担架マットBSD3C7025A¥13,000 1 A
③
評価測定④担架用バンドASD4D3447A¥2,500 2 A
⑤担架用バンドBSD4D3616¥5,500 2 A
⑥マット止めピン短SD4D3362B¥300 16 A
運動療法⑦ベルト用パッド（オプション）SD3C5863E¥5,500 2 A
⑧マット固定ゴムSD4D3341C¥300 16 A
水治療法
物理療法
救急
ＡＤＬ・
作業療法①②③④⑤
言語療法
自立支援
機器
衛生・⑥⑦⑧
防災
介護用
入浴機器
仰臥位入浴
座位入浴
高さ調節式ストレッチャー　EST-100
ADL入浴品名型式価格数量/ 台送料
その他の⑨バッテリーボックスS17B0038¥16,000 1 A
介護用入浴機器⑨
入浴関連
商品
⑨
浴槽　CET-100
品名型式価格数量/ 台送料
⑩⑪
⑩クリックシャワーヘッドSP500105A¥4,500 1 A
⑪シャワーホース白3.5mSP500116¥5,000 1 A
⑩⑪
352"
354,MMTYAED01F7QU,介護用入浴機器,入浴関連商品,"③②①ABBAAAA⑤⑥④⑦①⑥②③④⑤⑦⑧⑨※仕様は予告なく変更になる場合があります。掲載品目は現行機種の消耗品となります。お使いの機種の消耗品につきましては、お問い合わせ下さい。評価測定運動療法水治療法物理療法救急ＡＤＬ・作業療法言語療法自立支援機器衛生・防災介護用入浴機器仰臥位入浴座位入浴ADL入浴その他の介護用入浴機器入浴関連商品本体はこちら P.296担架　RAL-300/400浴槽　RAL-300/400品名⑧ ⑨品名①担架マクラ②担架マット脚部③担架マット背当④ベルト用パッド⑤ベルト L=1500mm⑥担架用バンドA⑦テープアジャスターT50⑧クリックシャワーヘッド SP500105A ¥4,500  300_2個　400_4個 A¥5,000  300_2個　400_4個 A⑨シャワーホース白3.5m SP500116353数量/台 送料1 1 1 3 3 3 9 数量/台送料スーパーラダリバス　消耗品 写真は現在の仕様と異なります。型式SD2C2032ASD2C1886KSD2C1887JSD3C5863ESD4D4319SD4D3447ASP520059価格¥19,500 ¥27,000 ¥27,000 ¥5,500 ¥3,500 ¥2,500 ¥150 型式価格","掲載品目は現行機種の消耗品となります。お使いの機種の消耗品につきましては、お問い合わせ下さい。
※仕様は予告なく変更になる場合があります。
本体は
こち らP.296
スーパーラダリバス　消耗品 
写真は現在の仕様と異なります。
①担架　RAL-300/400
③品名型式価格数量/ 台送料
①担架マクラSD2C2032A¥19,500 1 A
②担架マット脚部SD2C1886K¥27,000 1 B
③担架マット背当SD2C1887J¥27,000 1 B
②
④ベルト用パッドSD3C5863E¥5,500 3 A評価測定
⑤ベルト L=1500mmSD4D4319¥3,500 3 A
⑥担架用バンドASD4D3447A¥2,500 3 A
⑦テープアジャスターT50SP520059¥150 9 A運動療法
⑤
水治療法
⑥
物理療法
④⑦
救急
ＡＤＬ・
①②③④⑤作業療法
言語療法
自立支援
機器
⑥⑦衛生・
防災
介護用
入浴機器
仰臥位入浴
浴槽　RAL-300/400
座位入浴
品名型式価格数量/台送料
⑧クリックシャワーヘッ ドSP500105 A¥4,500  300_2個　400_4 個AADL入浴
⑨シャワーホース白3.5 mSP500116¥5,000  300_2個　400_4 個A
その他の
介護用入浴機器
入浴関連
商品
⑧⑨
 ⑧⑨
353"
355,MMTYAEGDJBJIV,介護用入浴機器,入浴関連商品,"①③④②ABBAAAA③④⑤A⑧⑨⑩AA②⑦⑧①⑥※仕様は予告なく変更になる場合があります。掲載品目は現行機種の消耗品となります。お使いの機種の消耗品につきましては、お問い合わせ下さい。評価測定運動療法水治療法物理療法救急ＡＤＬ・作業療法言語療法自立支援機器衛生・防災介護用入浴機器仰臥位入浴座位入浴ADL入浴その他の介護用入浴機器入浴関連商品本体はこちら P.298リクライナー　WS-700高さ調節式ストレッチャー　ST-710浴槽　ALM-700①担架マクラ②担架マット脚部③担架マット背当④ベルト用パッド⑤ベルト L=1500mm⑥担架用バンドA⑦テープアジャスターT50⑧バッテリーボックス⑨クリックシャワーヘッド⑩シャワーホース白3.5m⑤ ⑥⑨ ⑩品名型式SD2C2032ASD2C2020ESD2C2021ESD3C5863ESD4D4319SD4D3447ASP520059品名型式S17B0038品名型式SP500105ASP500116354アリッサム　消耗品 写真は現在の仕様と異なります。価格¥19,500 ¥25,000 ¥25,000 ¥5,500 ¥3,500 ¥2,500 ¥150 数量/台 送料1 1 1 2 2 2 5 価格¥16,000 数量/台 送料1 価格¥4,500 ¥5,000 数量/台 送料1 1","掲載品目は現行機種の消耗品となります。お使いの機種の消耗品につきましては、お問い合わせ下さい。
※仕様は予告なく変更になる場合があります。
本体は
こち らP.298
アリッサム　消耗品 
写真は現在の仕様と異なります。
 ⑤⑥リクライナー　WS-700
①
品名型式価格数量/ 台送料
①担架マクラSD2C2032A¥19,500 1 A
③②担架マット脚部SD2C2020E¥25,000 1 B
③担架マット背当SD2C2021E¥25,000 1 B
④
評価測定④ベルト用パッドSD3C5863E¥5,500 2 A
②⑤ベルト L=1500mmSD4D4319¥3,500 2 A
⑥担架用バンドASD4D3447A¥2,500 2 A
運動療法⑦テープアジャスターT50SP520059¥150 5 A
水治療法
物理療法
救急
ＡＤＬ・
作業療法
言語療法①②③④⑤
自立支援
機器
衛生・
防災
⑥⑦
介護用
入浴機器
仰臥位入浴
高さ調節式ストレッチャー　ST-710
座位入浴
品名型式価格数量/ 台送料
ADL入浴⑧バッテリーボックスS17B0038¥16,000 1 A
その他の
介護用入浴機器
入浴関連⑧
商品
⑧
浴槽　ALM-700
品名型式価格数量/ 台送料
⑨クリックシャワーヘッドSP500105A¥4,500 1 A
⑩シャワーホース白3.5mSP500116¥5,000 1 A
⑨⑩
 ⑨⑩
354"
356,MMTYAEIJITO73,介護用入浴機器,入浴関連商品,"⑥②①⑤③⑤①④ABAAAAAAAA②③④⑥⑦⑧⑨⑩AA⑪⑫※仕様は予告なく変更になる場合があります。掲載品目は現行機種の消耗品となります。お使いの機種の消耗品につきましては、お問い合わせ下さい。評価測定運動療法水治療法物理療法救急ＡＤＬ・作業療法言語療法自立支援機器衛生・防災介護用入浴機器仰臥位入浴座位入浴ADL入浴その他の介護用入浴機器入浴関連商品本体はこちら P.300型式SD2C2032ASD2C2993BSD4D6346BSD4D3447ASD3C5863ES24B0014SD4D5515SD4D0918SD46370BSD46371A価格¥19,500 ¥45,000 ¥6,000 ¥2,500 ¥5,500 ¥19,000 ¥150 ¥100 ¥200 ¥150 型式SP500105ASP500116価格¥4,500 ¥5,000 片持型ストレッチャー　LWT-100浴槽　LIX-130/120/110/100/LIS-110品名①担架マクラ②担架マット③ベルト L=1700mm④担架用バンドA⑤ベルト用パッド⑥バッテリー⑦マット止めピン⑧ワッシャ⑨止メナットA⑩止メナットB品名⑪クリックシャワーヘッド⑫シャワーホース白3.5m355数量/台 送料1 1 2 2 2 1 24 24 24 24 数量/台 送料1 1 リクシー　消耗品","掲載品目は現行機種の消耗品となります。お使いの機種の消耗品につきましては、お問い合わせ下さい。
※仕様は予告なく変更になる場合があります。
本体は
こち らP.300
リクシー　消耗品 
片持型ストレッチャー　LWT-100
③⑤①品名型式価格数量/ 台送料
⑥
①担架マクラSD2C2032A¥19,500 1 A
②担架マットSD2C2993B¥45,000 1 B
③ベルト L=1700mmSD4D6346B¥6,000 2 A
④担架用バンドASD4D3447A¥2,500 2 A評価測定
⑤ベルト用パッドSD3C5863E¥5,500 2 A
⑥バッテリーS24B0014¥19,000 1 A
⑦マット止めピンSD4D5515¥150 24 A運動療法
②④⑧ワッシャSD4D0918¥100 24 A
⑨止メナットASD46370B¥200 24 A
⑩止メナットBSD46371A¥150 24 A水治療法
物理療法
救急
ＡＤＬ・
作業療法
①②③④言語療法
自立支援
機器
衛生・
防災
⑤⑥⑦⑧⑨⑩介護用
入浴機器
仰臥位入浴
座位入浴
浴槽　LIX-130/120/110/100/LIS-110ADL入浴
品名型式価格数量/ 台送料その他の
介護用入浴機器
⑪クリックシャワーヘッドSP500105A¥4,500 1 A
⑫シャワーホース白3.5mSP500116¥5,000 1 A入浴関連
商品
⑪⑫
355"
357,MMTYAEK3I9EZ1,介護用入浴機器,入浴関連商品,"ABAAAAA③①⑥②⑦①②③④⑤⑥⑦⑩⑪AAAA⑧⑨⑩⑪※仕様は予告なく変更になる場合があります。掲載品目は現行機種の消耗品となります。お使いの機種の消耗品につきましては、お問い合わせ下さい。評価測定運動療法水治療法物理療法救急ＡＤＬ・作業療法言語療法自立支援機器衛生・防災介護用入浴機器仰臥位入浴座位入浴ADL入浴その他の介護用入浴機器入浴関連商品本体はこちら P.306S17B0038ストレッチャー　PAS-200/210シャワードーム　PAO-220/210/200①担架マクラ②担架マット③ベルト用パッド④担架用バンドA⑤担架用バンドB⑥テープアジャスターT50⑦バッテリーボックス　※PAS-210のみ⑧クリックシャワーヘッド⑨シャワーホース白2.5m⑩ネックカーテン⑪サイドカーテン④⑤⑧ ⑨品名型式SD3C8445SD3C8211BSD3C5863ESD4D3447ASD4D3616SP520059品名型式SP500105ASP500115SD3C9272SD3C9273¥16,000 価格¥29,000 ¥20,000 ¥5,500 ¥2,500 ¥5,500 ¥150 数量/台 送料1 1 2 2 2 2 1 価格¥4,500 ¥3,500 ¥12,500 ¥36,500 数量/台 送料2 2 1 2 356PAO　消耗品","掲載品目は現行機種の消耗品となります。お使いの機種の消耗品につきましては、お問い合わせ下さい。
※仕様は予告なく変更になる場合があります。
本体は
こち らP.306
PAO　消耗品
ストレッチャー　PAS-200/210
④⑤③①
品名型式価格数量/ 台送料
①担架マクラSD3C8445¥29,000 1 A
②担架マットSD3C8211B¥20,000 1 B
③ベルト用パッドSD3C5863E¥5,500 2 A
評価測定④担架用バンドASD4D3447A¥2,500 2 A
⑤担架用バンドBSD4D3616¥5,500 2 A
⑥⑥テープアジャスターT50SP520059¥150 2 A
運動療法⑦バッテリーボックス
S17B0038¥16,000 1 A
　※PAS-210のみ
水治療法
物理療法②
救急
⑦
ＡＤＬ・
作業療法
①②③④⑤
言語療法
自立支援
機器
衛生・
防災
介護用⑥⑦
入浴機器
仰臥位入浴
座位入浴
⑪
ADL入浴シャワードーム　PAO-220/210/200
その他の品名型式価格数量/ 台送料
介護用入浴機器
⑧クリックシャワーヘッドSP500105A¥4,500 2 A
入浴関連⑩⑨シャワーホース白2.5mSP500115¥3,500 2 A
商品
⑩ネックカーテンSD3C9272¥12,500 1 A
⑪サイドカーテンSD3C9273¥36,500 2 A
 ⑧⑨
⑧⑨⑩⑪
356"
358,MMTYAELHN6CZN,介護用入浴機器,入浴関連商品,"AABAAAAAAAA④⑨⑤⑩①②⑦⑤⑧③④⑨①⑥⑪②⑥⑦⑩③⑧※仕様は予告なく変更になる場合があります。掲載品目は現行機種の消耗品となります。お使いの機種の消耗品につきましては、お問い合わせ下さい。評価測定運動療法水治療法物理療法救急ＡＤＬ・作業療法言語療法自立支援機器衛生・防災介護用入浴機器仰臥位入浴座位入浴ADL入浴その他の介護用入浴機器入浴関連商品本体はこちら P.320入浴用車椅子　LL-400C/420C品名①マクラ用マット②背当マット③座面マット④足受マット⑤マット踵受け（取付金具付）⑥ベルトL=1550mm⑦バックル付ベルト260⑧ベルト用パッド⑨レッグレストL⑩レッグレストR⑪足浮き防止ベルト357数量/台 送料1 1 1 1 2 2 2 2 1 1 1 ライナーリフト　消耗品 写真は現在の仕様と異なります。型式SD3C5708DSD2C1856CSD2C1855DSD2C1871BS06S0003SD4D6968BSP203101SD3C5863ESD2C1942ASD2C1943ASD3C6185C価格¥16,000 ¥12,000 ¥13,000 ¥15,500 ¥8,000 ¥8,000 ¥3,000 ¥5,500 ¥18,000 ¥18,000 ¥12,000","掲載品目は現行機種の消耗品となります。お使いの機種の消耗品につきましては、お問い合わせ下さい。
※仕様は予告なく変更になる場合があります。
本体は
こち らP.320
ライナーリフト　消耗品 
写真は現在の仕様と異なります。
入浴用車椅子　LL-400C/420C
品名型式価格数量/ 台送料
①
①マクラ用マットSD3C5708D¥16,000 1 A
②背当マットSD2C1856C¥12,000 1 A
②③座面マットSD2C1855D¥13,000 1 B
④足受マットSD2C1871B¥15,500 1 A評価測定
⑥
⑤マット踵受け（取付金具付）S06S0003¥8,000 2 A
⑥ベルトL=1550mmSD4D6968B¥8,000 2 A
⑧⑦バックル付ベルト260SP203101¥3,000 2 A運動療法
⑦
⑧ベルト用パッドSD3C5863E¥5,500 2 A
③
⑨レッグレストLSD2C1942A¥18,000 1 A
⑩レッグレストRSD2C1943A¥18,000 1 A水治療法
④
⑪足浮き防止ベルトSD3C6185C¥12,000 1 A
⑨
物理療法
⑩
救急
⑤
ＡＤＬ・
作業療法
①②③④⑤
言語療法
自立支援
機器
衛生・
防災
⑥⑦⑧⑨⑩介護用
入浴機器
仰臥位入浴
⑪座位入浴
ADL入浴
その他の
介護用入浴機器
入浴関連
商品
357"
359,MMTYAEOFF7S4N,介護用入浴機器,入浴関連商品,"⑥①⑨⑤②③④⑤⑦⑧⑨AAAAAAAAAAAAAA④②⑦⑧①⑥⑩⑪⑫⑬⑭⑮AA⑯⑰⑱⑲AA※仕様は予告なく変更になる場合があります。掲載品目は現行機種の消耗品となります。お使いの機種の消耗品につきましては、お問い合わせ下さい。評価測定運動療法水治療法物理療法救急ＡＤＬ・作業療法言語療法自立支援機器衛生・防災介護用入浴機器仰臥位入浴座位入浴ADL入浴その他の介護用入浴機器入浴関連商品本体はこちら P.310 P.314BWC-160SD3C8766A ¥10,000 SD3C8762A ¥10,000 ¥4,000 SD4D7038SD4D6968B ¥8,000  BWC-160/2個　SD4D3447A ¥2,500  BWC-160/2個　SD2C2032A ¥19,500 SD2C1871B ¥15,500 ¥8,000 SD3C5863E¥5,500  BWC-160/2個　SD4D3362BSD4D3341CSD4D0918SD4D5515SD46370BSD46371A¥300 ¥300 ¥100 ¥150 ¥200 ¥150 入浴用車椅子　BWC-150/160/155/165ライラックプラス浴槽　LA-560カトレア浴槽　CTA-200品名⑱ ⑲数量/台1 送料A1 2 BWC-150・155・165/1個BWC-150・155・165/1個1 1 2 BWC-150・155・165/1個14 14 15 7 7 7 価格¥4,500 ¥5,000 数量/台 送料1 1 価格¥4,500 ¥5,000 数量/台 送料1 1 ⑩ ⑪③⑯ ⑰品名①背面マット t15②座面マット t15③サポートマット④ベルトL=1550mm⑤担架用バンドA⑥担架マクラ⑦足受マット⑧マット踵受け（取付金具付） S06S0003⑨ベルト用パッド⑩マット止めピン短⑪マット固定ゴム⑫ワッシャ⑬マット止めピン⑭止メナットA⑮止メナットB⑯クリックシャワーヘッド⑰シャワーホース白3.5m⑱クリックシャワーヘッド⑲シャワーホース白3.5m358型式価格品名型式SP500105ASP500116型式SP500105ASP500116ライラックプラス／カトレア　消耗品","掲載品目は現行機種の消耗品となります。お使いの機種の消耗品につきましては、お問い合わせ下さい。
※仕様は予告なく変更になる場合があります。
本体は
こち らP.31 0P.314
ライラックプラス／カトレア　消耗品
入浴用車椅子　BWC-150/160/155/165
⑥
品名型式価格数量/台送料
①背面マット t15SD3C8766 A¥10,000 1 A
②座面マット t15SD3C8762 A¥10,000 1 A
 ⑩⑪①③サポートマットSD4D7038¥4,000 2 A
評価測定③④ベルトL=1550mmSD4D6968 B¥8,000  BWC-160/2個　A
BWC-150・155・165/1個
⑨
BWC-160/2個　
⑤担架用バンドASD4D3447 A¥2,500  A
運動療法BWC-150・155・165/1個
④
⑥担架マクラSD2C2032 A¥19,500 1 A
⑤
②⑦足受マットSD2C1871 B¥15,500 1 A
水治療法⑧マット踵受け（取付金具付 ）S06S0003¥8,000 2 A
BWC-160/2個　
⑨ベルト用パッドSD3C5863E¥5,500  A
⑦BWC-150・155・165/1個
物理療法⑩マット止めピン短SD4D3362B¥300 14 A
⑪マット固定ゴムSD4D3341C¥300 14 A
⑫ワッシャSD4D0918¥100 15 A
救急
⑬マット止めピンSD4D5515¥150 7 A
BWC-160⑭止メナットASD46370B¥200 7 A
ＡＤＬ・⑧⑮止メナットBSD46371A¥150 7 A
作業療法
①②③④⑤
言語療法
自立支援
機器
衛生・
防災
⑥⑦⑧⑨
介護用
入浴機器
⑩⑪⑫⑬⑭⑮
仰臥位入浴
座位入浴
ライラックプラス浴槽　LA-560
ADL入浴
品名型式価格数量/ 台送料
その他の
介護用入浴機器⑯クリックシャワーヘッドSP500105A¥4,500 1 A
⑰シャワーホース白3.5mSP500116¥5,000 1 A
入浴関連
商品
⑯⑰
 ⑯⑰
カトレア浴槽　CTA-200
品名型式価格数量/ 台送料
⑱クリックシャワーヘッドSP500105A¥4,500 1 A
⑲シャワーホース白3.5mSP500116¥5,000 1 A
⑱⑲
 ⑱⑲
358"
360,MMTYAERNGU35X,介護用入浴機器,入浴関連商品,"①④⑦⑧⑤①⑥①⑤①③②⑤⑥②AAAAAAAA③②③④⑤⑦⑧⑥④AAAAAAAAAA②③④⑥⑦⑧⑨⑩※仕様は予告なく変更になる場合があります。掲載品目は現行機種の消耗品となります。お使いの機種の消耗品につきましては、お問い合わせ下さい。評価測定運動療法水治療法物理療法救急ＡＤＬ・作業療法言語療法自立支援機器衛生・防災介護用入浴機器仰臥位入浴座位入浴ADL入浴その他の介護用入浴機器入浴関連商品本体はこちら P.316型式SP821056SD3C9443BSD3C9444BSP821057SP821058SP821059SP821052SP821051価格¥51,000 ¥13,500 ¥9,000 ¥112,500 ¥43,000 ¥8,500 ¥2,500 ¥13,500 型式SP821015SD3C9207SP821016SD3C9195SP821020SP821017SD4D5515SD4D0918SD46370BSD46371A価格¥26,000 ¥4,500 ¥23,000 ¥9,000 ¥29,000 ¥9,000 ¥150 ¥100 ¥200 ¥150 入浴用車椅子リクライニング式　ARA-110C入浴用車椅子　ARA-100C品名品名①ヘッドレスト②背当マット(t=10.5)③座面マット(t=10.5)④メッシュシート⑤レッグサポート⑥背面ハンドルカバー⑦アームサポート用カバー⑧安全ベルト①ヘッドレスト②背当マット③背もたれメッシュシート④座面マット⑤レッグサポート⑥安全ベルト（2本入）⑦マット止めピン⑧ワッシャ⑨止メナットA⑩止メナットB359数量/台 送料1 1 1 1 1 1 2 2 数量/台 送料1 1 1 1 1 1 12 12 12 12 アラエル　消耗品","掲載品目は現行機種の消耗品となります。お使いの機種の消耗品につきましては、お問い合わせ下さい。
※仕様は予告なく変更になる場合があります。
本体は
こち らP.316
アラエル　消耗品 
⑥
入浴用車椅子リクライニング式　ARA-110C
①
品名型式価格数量/ 台送料
①ヘッドレストSP821056¥51,000 1 A
④
②背当マット(t=10.5)SD3C9443B¥13,500 1 A
③座面マット(t=10.5)SD3C9444B¥9,000 1 A
⑦②④メッシュシートSP821057¥112,500 1 A評価測定
⑤レッグサポートSP821058¥43,000 1 A
⑥背面ハンドルカバーSP821059¥8,500 1 A
⑧⑦アームサポート用カバーSP821052¥2,500 2 A運動療法
⑧安全ベルトSP821051¥13,500 2 A
⑤水治療法
③物理療法
救急
①②③④⑤
ＡＤＬ・
作業療法
言語療法
自立支援
機器
⑥⑦⑧
衛生・
防災
介護用
入浴機器
入浴用車椅子　ARA-100C
①品名型式価格数量/ 台送料
①ヘッドレストSP821015¥26,000 1 A
仰臥位入浴
③②背当マットSD3C9207¥4,500 1 A
③背もたれメッシュシートSP821016¥23,000 1 A座位入浴
④座面マットSD3C9195¥9,000 1 A
⑥⑤レッグサポートSP821020¥29,000 1 AADL入浴
②⑥安全ベルト（2本入）SP821017¥9,000 1 Aその他の
⑦マット止めピンSD4D5515¥150 12 A介護用入浴機器
⑧ワッシャSD4D0918¥100 12 A入浴関連
商品
⑨止メナットASD46370B¥200 12 A
④
⑩止メナットBSD46371A¥150 12 A
⑤
①②③④
⑤⑥⑦⑧⑨⑩
359"
361,MMTYAEU91CFPD,介護用入浴機器,入浴関連商品,"⑤③AAAAA④①②③④⑤※仕様は予告なく変更になる場合があります。掲載品目は現行機種の消耗品となります。お使いの機種の消耗品につきましては、お問い合わせ下さい。評価測定運動療法水治療法物理療法救急ＡＤＬ・作業療法言語療法自立支援機器衛生・防災介護用入浴機器仰臥位入浴座位入浴ADL入浴その他の介護用入浴機器入浴関連商品本体はこちら P.316型式SP500105ASP500115SD3C9203CSD3C9204ASD3C9205C①クリックシャワーヘッド②シャワーホース白2.5m③ネックカーテン④進入口カーテン⑤サイドカーテン① ②シャワードーム　ARA-100品名価格¥4,500 ¥3,500 ¥25,000 ¥18,500 ¥8,500 数量/台 送料1 1 1 1 2 360アラエル　消耗品","掲載品目は現行機種の消耗品となります。お使いの機種の消耗品につきましては、お問い合わせ下さい。
※仕様は予告なく変更になる場合があります。
本体は
こち らP.316
アラエル　消耗品 
⑤ ①②シャワードーム　ARA-100
品名型式価格数量/ 台送料
①クリックシャワーヘッドSP500105A¥4,500 1 A
②シャワーホース白2.5mSP500115¥3,500 1 A
③ネックカーテンSD3C9203C¥25,000 1 A
③
評価測定④進入口カーテンSD3C9204A¥18,500 1 A
⑤サイドカーテンSD3C9205C¥8,500 2 A
運動療法
水治療法
物理療法
④
救急
ＡＤＬ・
作業療法
①②③④⑤
言語療法
自立支援
機器
衛生・
防災
介護用
入浴機器
仰臥位入浴
座位入浴
ADL入浴
その他の
介護用入浴機器
入浴関連
商品
360"
362,MMTYJZBALV0FV,介護用入浴機器,入浴関連商品,"①③⑤⑥⑨④①⑥②⑦⑪②⑩AAAAAAAAAAAAAAAA③④⑤⑧⑨⑩⑪⑫⑬⑭⑮⑯⑳⑲⑱⑰⑳⑱㉑AAAAA⑲※仕様は予告なく変更になる場合があります。掲載品目は現行機種の消耗品となります。お使いの機種の消耗品につきましては、お問い合わせ下さい。評価測定運動療法水治療法物理療法救急ＡＤＬ・作業療法言語療法自立支援機器衛生・防災介護用入浴機器仰臥位入浴座位入浴ADL入浴その他の介護用入浴機器入浴関連商品本体はこちら P.324SD2C2032A ¥19,500 ¥5,500 SD3C5863E¥7,000 SD3C7519SD3C7294D ¥11,000 SD2C1871B ¥15,500 SD2C1942A ¥18,000 SD2C1943A ¥18,000 ¥8,000 S06S0003¥8,000 SD4D6968B¥3,000 SP203101¥300 SD4D3362B¥300 SD4D3341C¥150 SD4D5515¥100 SD4D0918¥200 SD46370B¥150 SD46371ASD3C7044C ¥35,500 ¥3,500 SD4D4319¥3,000 SD4D3725B¥5,500 SD3C5863E¥150 SP520059①担架マクラ②ベルト用パッド③背当マットEVA④座面マットEVA⑤足受マット⑥レッグレストL⑦レッグレストR⑧マット踵受け（取付金具付）⑨ベルトL=1550mm⑩バックル付ベルト260⑪マット止めピン短⑫マット固定ゴム⑬マット止めピン⑭ワッシャ⑮止メナットA⑯止メナットB⑰リフト座面マット⑱ベルト L=1500mm⑲ベルトL=250A⑳ベルト用パッド㉑テープアジャスターT50⑰㉑⑦⑧入浴用車椅子　UCB-110C品名浴槽　UCB-100品名361数量/台 送料1 1 1 1 1 1 1 2 1 1 6 6 6 6 6 6 数量/台 送料2 1 1 1 3 ユニバス　消耗品写真は現在の仕様と異なります。型式価格型式価格","掲載品目は現行機種の消耗品となります。お使いの機種の消耗品につきましては、お問い合わせ下さい。
※仕様は予告なく変更になる場合があります。
本体は
こち らP.324
ユニバス　消耗品
写真は現在の仕様と異なります。
①入浴用車椅子　UCB-110C
品名型式価格数量/ 台送料
①担架マクラSD2C2032 A¥19,500 1 A
②ベルト用パッドSD3C5863E¥5,500 1 A
③背当マットEVASD3C7519¥7,000 1 A
⑪
④座面マットEVASD3C7294 D¥11,000 1 A評価測定
③⑤足受マットSD2C1871 B¥15,500 1 A
⑤②⑥レッグレストLSD2C1942 A¥18,000 1 A
⑥⑨⑦レッグレストRSD2C1943 A¥18,000 1 A運動療法
⑧マット踵受け（取付金具付）S06S0003¥8,000 2 A
⑩
⑨ベルトL=1550mmSD4D6968B¥8,000 1 A
⑩バックル付ベルト260SP203101¥3,000 1 A水治療法
⑪マット止めピン短SD4D3362B¥300 6 A
⑫マット固定ゴムSD4D3341C¥300 6 A
⑬マット止めピンSD4D5515¥150 6 A物理療法
⑭ワッシャSD4D0918¥100 6 A
⑮止メナットASD46370B¥200 6 A
救急
⑯止メナットBSD46371A¥150 6 A
⑧⑦④ＡＤＬ・
作業療法
①②③④⑤
言語療法
自立支援
機器
衛生・
防災
⑥⑦⑧⑨⑩
介護用
入浴機器
⑪⑫⑬⑭⑮⑯
仰臥位入浴
座位入浴
ADL入浴
その他の
介護用入浴機器
入浴関連
浴槽　UCB-100
商品
⑳
品名型式価格数量/ 台送料
⑰リフト座面マットSD3C7044 C¥35,500 2 A
⑱ベルト L=1500mmSD4D4319¥3,500 1 A
⑲ベルトL=250ASD4D3725B¥3,000 1 A
⑲
⑳ベルト用パッドSD3C5863E¥5,500 1 A
㉑テープアジャスターT50SP520059¥150 3 A
⑱
⑰⑱⑲
⑳㉑
㉑⑰
361"
363,MMTYJZEI23ZK4,介護用入浴機器,入浴関連商品,"⑤④BBAAAAAAAA②③④⑥⑦⑧⑨⑩①③②①⑤※仕様は予告なく変更になる場合があります。掲載品目は現行機種の消耗品となります。お使いの機種の消耗品につきましては、お問い合わせ下さい。評価測定運動療法水治療法物理療法救急ＡＤＬ・作業療法言語療法自立支援機器衛生・防災介護用入浴機器仰臥位入浴座位入浴ADL入浴その他の介護用入浴機器入浴関連商品本体はこちら P.326型式SD2C2563CSD3Z2185ASD4D6968BSP203101SD3C5863ESD4D7768ASD4D5515SD4D0918SD46370BSD46371A①背当マット②座面マット③ベルトL=1550mm④バックル付ベルト260⑤ベルト用パッド⑥マットピン長⑦マット止めピン⑧ワッシャ⑨止メナットA⑩止メナットB入浴用車椅子　LTC-700品名362ホーミィイース　消耗品 写真は現在の仕様と異なります。価格¥18,000 ¥27,000 ¥8,000 ¥3,000 ¥5,500 ¥350 ¥150 ¥100 ¥200 ¥150 数量/台 送料1 1 2 2 2 2 2 4 4 4","掲載品目は現行機種の消耗品となります。お使いの機種の消耗品につきましては、お問い合わせ下さい。
※仕様は予告なく変更になる場合があります。
本体は
こち らP.326
ホーミィイース　消耗品 
写真は現在の仕様と異なります。
入浴用車椅子　LTC-700
品名型式価格数量/ 台送料
①背当マットSD2C2563C¥18,000 1 B
②座面マットSD3Z2185A¥27,000 1 B
③ベルトL=1550mmSD4D6968B¥8,000 2 A
評価測定④バックル付ベルト260SP203101¥3,000 2 A
①⑤ベルト用パッドSD3C5863E¥5,500 2 A
⑥マットピン長SD4D7768A¥350 2 A
⑤
運動療法⑦マット止めピンSD4D5515¥150 2 A
③
⑧ワッシャSD4D0918¥100 4 A
④
⑨止メナットASD46370B¥200 4 A
②
水治療法⑩止メナットBSD46371A¥150 4 A
物理療法
救急
ＡＤＬ・
作業療法
①②③④
言語療法
自立支援
機器
衛生・
防災
⑤⑥⑦⑧⑨⑩
介護用
入浴機器
仰臥位入浴
座位入浴
ADL入浴
その他の
介護用入浴機器
入浴関連
商品
362"
364,MMTYJZG2G3C6B,介護用入浴機器,入浴関連商品,"⑦②AAAAAAAA①②⑦③⑧①⑥④⑤※仕様は予告なく変更になる場合があります。掲載品目は現行機種の消耗品となります。お使いの機種の消耗品につきましては、お問い合わせ下さい。評価測定運動療法水治療法物理療法救急ＡＤＬ・作業療法言語療法自立支援機器衛生・防災介護用入浴機器仰臥位入浴座位入浴ADL入浴その他の介護用入浴機器入浴関連商品本体はこちら P.330S17B0038¥16,000 SD4D3470¥7,000 PNS-300/310/320③ ④ ⑤品名①座面マット②背当マット③ベルト用パッド④ベルト L=1500mm⑤バックル付ベルト260⑥テープアジャスターT50⑦バッテリーボックス　※DCタイプのみ⑧ストッパーマット363数量/台 送料1 1 1 1 1 2 1 1 パンジーi　消耗品 写真は現在の仕様と異なります。型式SD2C2071DSD4D3251ASD3C5863ESD4D4319SP203101SP520059価格¥21,000 ¥5,000 ¥5,500 ¥3,500 ¥3,000 ¥150","掲載品目は現行機種の消耗品となります。お使いの機種の消耗品につきましては、お問い合わせ下さい。
※仕様は予告なく変更になる場合があります。
本体は
こち らP.330
パンジーi　消耗品 
写真は現在の仕様と異なります。
PNS-300/310/320
⑦品名型式価格数量/ 台送料
①座面マットSD2C2071D¥21,000 1 A
②背当マットSD4D3251A¥5,000 1 A
③ベルト用パッドSD3C5863E¥5,500 1 A
④ベルト L=1500mmSD4D4319¥3,500 1 A評価測定
⑤バックル付ベルト260SP203101¥3,000 1 A
⑥テープアジャスターT50SP520059¥150 2 A
⑦バッテリーボックス運動療法
②S17B0038¥16,000 1 A
　※DCタイプのみ
⑧ストッパーマットSD4D3470¥7,000 1 A
水治療法
物理療法
救急
ＡＤＬ・
① ③ ④⑤作業療法
言語療法
①②③④⑤
自立支援
機器
衛生・
防災
介護用
入浴機器
⑥⑦⑧
仰臥位入浴
座位入浴
ADL入浴
その他の
介護用入浴機器
入浴関連
商品
363"
365,MMTYJZHRYRZC1,介護用入浴機器,入浴関連商品,"③④①AAAAAAAAAAAA③⑧④⑨⑤⑩①⑥⑪②⑦⑫※仕様は予告なく変更になる場合があります。掲載品目は現行機種の消耗品となります。お使いの機種の消耗品につきましては、お問い合わせ下さい。評価測定運動療法水治療法物理療法救急ＡＤＬ・作業療法言語療法自立支援機器衛生・防災介護用入浴機器仰臥位入浴座位入浴ADL入浴その他の介護用入浴機器入浴関連商品本体はこちら P.335アワスプレー SP523012 （浴槽クリーナーA用）シリコーングリース G501 送料 A¥3,500SP040001 スナップボタン外し SD4A0589C ピューラックス®-S SP523022 浴槽クリーナーA SP523010A 浴槽クリーナー 徳用 SP523013 LIT-400/LIT-401⑤ ⑥①座面マット②ベルト用パッド③マクラ用マット④背当マット⑤ベルトL=1500mm⑥ベルト L＝260mm（胸用）⑦ベルト L＝160mm（腰用）⑧テープアジャスターT50⑨マット止めピン⑩ワッシャ⑪止メナットA⑫止メナットB送料 A¥500送料 A¥800送料 A¥1,500送料 B¥43,400介護用入浴機器　共通消耗品品名型式SD2C0999DSD3C5863ESD3C2876ESD3C2877CSD4D4693SD4D4695SD4D4694SP520059SD4D5515SD4D0918SD46370BSD46371A容量：80g364ホーミィリフト　消耗品 [適用機種]EWS-100、UCB-110C、 LIT-400/401容量：600㎖※軽減税率対象品容量：500㎖容量：18ℓ写真は現在の仕様と異なります。価格¥15,000 ¥5,500 ¥11,000 ¥12,000 ¥3,500 ¥4,000 ¥3,500 ¥150 ¥150 ¥100 ¥200 ¥150 数量/台 送料1 2 1 1 2 1 1 4 12 12 12 12 送料 A¥200","掲載品目は現行機種の消耗品となります。お使いの機種の消耗品につきましては、お問い合わせ下さい。
※仕様は予告なく変更になる場合があります。
本体は
こち らP.335
ホーミィリフト　消耗品 
写真は現在の仕様と異なります。
LIT-400/LIT-401
品名型式価格数量/ 台送料
①座面マットSD2C0999D¥15,000 1 A
②ベルト用パッドSD3C5863E¥5,500 2 A
③マクラ用マットSD3C2876E¥11,000 1 A
③
評価測定④背当マットSD3C2877C¥12,000 1 A
⑤ベルトL=1500mmSD4D4693¥3,500 2 A
⑥ベルト L＝260mm（胸用）SD4D4695¥4,000 1 A
④
運動療法⑦ベルト L＝160mm（腰用）SD4D4694¥3,500 1 A
⑧テープアジャスターT50SP520059¥150 4 A
⑨マット止めピンSD4D5515¥150 12 A
 ⑤⑥
水治療法⑩ワッシャSD4D0918¥100 12 A
①⑪止メナットASD46370B¥200 12 A
⑫止メナットBSD46371A¥150 12 A
物理療法
救急
ＡＤＬ・
作業療法
①②③④⑤
言語療法
自立支援
機器
衛生・
防災⑥⑦⑧⑨⑩
介護用
入浴機器
⑪⑫
仰臥位入浴
座位入浴
ADL入浴介護用入浴機器　共通消耗品
その他の
介護用入浴機器
入浴関連スナップボタン外し 送料 Aアワスプレー 送料 A
商品
SD4A0589C ¥500SP523012 ¥200
（浴槽クリーナーA用）
[適用機種]EWS-100、UCB-110C、 
LIT-400/401
®
ピューラックス-S 送料 Aシリコーングリース G501 送料 A
SP523022 ¥800SP040001 ¥3,500
容量：600㎖容量：80g
※軽減税率対象品
浴槽クリーナーA 送料 A
SP523010A ¥1,500
容量：500㎖
浴槽クリーナー 徳用 送料 B
SP523013 ¥43,400
容量：18ℓ
364"
366,MMTYJZJVLIT4K,資料,,P.366P.378施設基準簡易一覧表 P.3 73品名インデックスP.3 79減価償却・法定耐用年数 P. 377型式インデックスP. 386プラン図企業情報資 料・索 引," 資料・ 索引
プラン図P.366施設基準簡易一覧 表P. 373減価償却・法定耐用年 数P .377
企業情報P.378品名インデックスP. 379型式インデックスP .386"
367,MMTYJZLYGCGIT,資料,プラン図,路行歩Ｍ01004600260085Ｅ1４4236６7ＥＥＥＥ9９ＥSAKAImedでは、ご施設様のニーズに合わせ、個々にご提案を行なっております。お気軽にご相談ください。ＥＥ２０Ａ２ＰＥ食器棚収納棚7473ベンチ6566ベンチ２Ｅ２Ｅ収納棚642867２Ｅ２Ｅ484947２Ｅ２０Ａ２ＰＥベンチベンチ２Ｅ２Ｅ２Ｅ２Ｅ4139373937２Ｅ２Ｅ２Ｅ２Ｅ2643２Ｅ２Ｅ40２Ｅ２Ｅ303024253116収納棚56収納棚２Ｅ収納棚２Ｅ56ベンチ２Ｅベンチ２Ｅ11２Ｅ和室756563２Ｅ２Ｅ２Ｅ484846337077RC7568 〜72101656351554848525052504674736566776499286753 53484952505250182244 4529 323838424030302425311736171656595615151514141410101011413937393734 35272727432619232120600060001400評価測定コーナー運動療法コーナー6000ＡＤＬ作業療法コーナースプリントコーナー物理療法コーナー水治療コーナー475800言語療法室（集団）言語療法室言語療法室心大血管リハコーナー60003000366プラン図病 院 リハビリテーション室（590㎡） 「脳血管疾患等 Ⅰ」 「運動器 Ⅰ」 「呼吸器 Ⅰ」 「心大血管 Ⅰ」の施設基準を取得した総合的なリハビリテーション室のプラン。,"プラン図
病 院 リハビリテーション室（590㎡） 
「脳血管疾患等 Ⅰ」「 運動器 Ⅰ」「 呼吸器 Ⅰ」「 心大血管 Ⅰ」の施設基準を取得した総合的なリハビリテーション室のプラン。
1400
和室77337744ＥＥ２２０ＰＡＥ食器棚収納棚1２Ｅ２２０ＰＡＥ4 4452 932言語療法室5566言（語集療団法収）納室棚
ベンチベンチ4４収納棚59２Ｅ
002756655評価測定コーナー収納棚２Ｅ
675
Ｅ6666ベンチベンチ25566
6 8〜72
２Ｅ6６２Ｅ73２Ｅ言語療法室
ＡＤＬ作業療法２Ｅ２Ｅ77
コーナー収納棚２Ｅ２Ｅ２Ｅ
運動療法コーナー
1016655664444113939337738151515
0
0
58スプリントコーナー3939337738141414
2288
6633２Ｅ6637377077RC993 43542
２Ｅ２Ｅ２Ｅ２Ｅ２Ｅ２Ｅ272727２Ｅ２Ｅ4400２Ｅ２Ｅ行路ベンチ２Ｅ２Ｅベンチ
448851448855448844995 3534343330033002244225501歩Ｍ
525252522266
50505050101010
0046水治物療理コ療ー法ナコーーナー1736173311心大血管リハコーナー
4466447718221923212011661111
9９
２Ｅ
ＥＥＥＥＥ
580060006000600060003000
366SAKAImedでは、ご施設様のニーズに合わせ、個々にご提案を行なっております。お気軽にご相談ください。"
368,MMTYJZNN3S5QM,資料,プラン図,"PHV-2P-5DSP-SONOPPW01-S2PPS01PPM01PPL01PPLL01GZ-900NSA-1J+ANIMO-ⅢST-01SOT-5000SOT-3000MT-1200MSD-2211KCF-1500AST-8502ASOT-1801AD-100AD-130AD-140AD-110LAD-110RSAS-900SAD-100LSOT-700WI-1.0A962-090A962-541A962-40091566041A434-2AA9462LAAA9463LAAA9466HAA349-61AA6028LBTAH-1202A3160AA4004AS-2120AS-2121091046713NBN-170RSN-100※上記品目リストには、備品・消耗品は含まれておりません。評価測定コーナー❶ 自動血圧計❷ タニタハンドレール付き体重計❸ インボディ❹ バイオデックスシステム4❺ ウルティウム 8chセット❻ 重心バランスシステム❼ HM70 EVO❽ モービィ ZⅡ心大血管リハ室❾ エクササイズベッド バイク 総合呼吸機能自動解析システム(トレッドミル含) 心電計 ホルターレコーダ長時間心電図記録装置運動療法コーナー プレステップ プレラインU キネヴィア デュオ ゲイトトレーニングシステム3.1 ホリゾンタルレッグプレス レッグエクステンション トーソフレクション ヒップアブダクション ローイング チェストプレス プラットホームマット(ワイド） プラットホームマット(コンパクト） ケーブルカラムS1 トリートメントテーブル ボバーステーブル エアレックスマット（ヘラクレス） プラットホームマット(ワイドキャスター付) SPR-546 ディジョックボードSPR-2600 バランスパッド・エリート バランスビーム チルトテーブル フットスイッチ付リモコンスタンド アンウェイシステム ネクステップ 昇降式平行棒(支持台) 連動昇降式平行棒シンクロレール エクササイズミラー エクササイズブロック 歩行訓練用階段 エスカート トランスファー手すり CDダンベル用ラック CDダンベルセット水治療室 ワールプール（上肢用） ワールプール（下肢用）物理療法コーナー エクササイズベッド トリートメントテーブル小計　¥6,657,000 小計　¥77,500   小計　¥51,862,800  ¥636,000 HBP-9035×2PH-550ARS ×1380 ¥208,000 ×1  ¥1,450,000 ×1  ¥23,000,000 EM-U810MM8 ×1  ¥7,200,000 ×1  ¥5,600,000 JK-101Ⅲ御見積AES-322BDX-4X×1×3  ¥1,020,000 小計　¥39,114,000 MT-202SPR-1068LG ×1 ¥77,500 ×3×1×1×1COP-STEP×3  ¥5,940,000 ×3  ¥1,020,000 ×1  ¥2,400,000 BDX-GTM3.1 ×2  ¥12,600,000 ×1  ¥2,020,000 COP-503×1  ¥1,420,000 ×1  ¥1,420,000 ×1  ¥1,420,000 ×1  ¥1,320,000 ×1  ¥1,420,000  ¥270,000 PL-900KINVD01COP-504COP-506COP-505COP-502COP-501 ×1SPR-545 ¥250,000 ×1COP-3500SR ×1  ¥1,380,000 ×3  ¥4,350,000 PM-315×1  ¥1,350,000  ¥372,000 SPR-547PM-153AMF-330WB ×6×2 ¥580,000 ×1AMB-ELITE ×12AMB-BM ¥269,000  ¥187,200  ¥80,400 ×3×1  ¥3,050,000  ¥190,000 SPR-7000D×1BDX-UWNX ×1  ¥3,500,000 ×2  ¥1,331,000 SP-380×2  ¥1,460,000  ¥440,000 SPR-8002SP-735H×2SPR-5130EXB-100×1 ¥200,000 SP-100×1 ¥910,000 SPR-595N×1 ¥120,000 TT-100×1 ¥120,000 CDRP-10×1 ¥275,000 CD1-10×1 ¥198,200 WP-700×1  ¥1,554,000 ×1  ¥2,040,000 小計　¥3,594,000  WP-800SPR-1068LG ×3PM-313 ¥232,500 ×1  ¥1,350,000 SAKAImedでは、ご施設様のニーズに合わせ、個々にご提案を行なっております。お気軽にご相談ください。 -  -  -  - 手用ロボット型運動訓練装置 ウーベルト TM-OV100×4  ¥2,512,000 ×1  ¥2,380,000 ×4  ¥2,792,000 ×2  ¥1,420,000  ¥39,600 ×6×12 ¥175,200 ×12 ¥272,400  ¥352,800 ×12P-RF-PROS ×1  ¥3,000,000 小計　¥14,526,500 ×2 ¥681,000 ×2 ¥320,000  ¥676,000 ×2×1  ¥4,300,000  ¥680,000 ×1×1 ¥220,000 ×1 ¥220,000 ×1 ¥274,600 ×1 ¥236,500 ×2 ¥620,800 ×1 ¥650,000 ×1 ¥420,000 ×1 ¥530,000 ×1 ¥105,000 ×1 ¥205,000 ×1 ¥700,000  ¥700,000 ×1×1  ¥1,502,000 ×1  ¥3,480,000  ¥150,000 ×1EM-U810BF2 ×1  ¥1,100,000  ¥220,000 NR-2014×1×1 ¥450,000 ×1 ¥16,600 ×1 ¥17,200 ×1 ¥13,000 ×1 ¥17,000 ×1 ¥7,300 ×1 ¥6,700 ×1 ¥11,400 ×1 ¥9,500 ×1 ¥10,100 ×109116-6032 ×1AS-S10 ¥19,800  ¥20,700 ×1 ¥1,970 ×1×1 ¥108,000 ×1 ¥17,000  ¥6,000 ×1 ¥6,000 ×1 ¥6,000 ×1 ¥19,500 ×1HRR840RP225P ×1SOT-178 ¥3,470  ¥5,800 ×1 ¥195,000  ¥220,000 ×1×1  ¥6,800,000 小計　  ¥19,321,940  367合計 ¥135,153,740 （御見積商品、消費税、取付工事費別途） フィジオアクティブHV2 フィジオ5Dセット フィジオソノ フィジオパックウォーマー ワゴンセット フィジオパック S フィジオパック M フィジオパック L フィジオパック LL フィジオラジオスティムプロセット言語療法室 言語療法テーブル スマートオージオ 花鼓-Ⅲ パスリーダーアーム付きカートセット（嚥下セット） PL-CTA 言語機能評価システム STELAADL作業療法コーナー 上肢機能検査 MFT 簡易上肢機能検査 ステフ ハイローテーブル 作業台 ハイローテーブル スタンディングテーブル サンディングセット 昇降ユニット トイレユニット 立上り椅子ユニット 壁面ユニット(左用) 壁面ユニット(右用) 開放型浴室セット ADLキッチン ストレートタイプ リーチング･エクササイザー ウルティウム フィードバックセットV2 アクティーモNR ウィルモ アクアプラストT アクアプラストT アクアプラストT ポリクッション ストッキネット ベルクロループ ベルクロループ ベルクロフック ソフトストラップ エラスティックループ ネオプレン ステンレス線 ヒートパン ヒートガン スプリントカッター スプリントハサミ（直） スプリントハサミ（曲） 万能バサミ ネバノン リボルビングパンチプライヤー スプリントカート ローゼンスコア","評価測定コーナー フィジオアクティブHV2PHV-2× 4 ¥2,512,000 
 フィジオ5DセットP-5DS× 1 ¥2,380,000 
 ❶自動血圧計HBP-9035×2 ¥636,000 
 フィジオソノP-SONO× 4 ¥2,792,000 
 ❷タニタハンドレール付き体重計PH-550AR S×1 ¥208,000 
 フィジオパックウォーマー ワゴンセットPPW01-S2× 2 ¥1,420,000 
 ❸インボディ380× 1 ¥1,450,000 
 フィジオパック SPPS01×6 ¥39,600 
 ❹バイオデックスシステム4BDX-4X× 1 ¥23,000,000 
 フィジオパック MPPM01×12 ¥175,200 
 ❺ウルティウム 8chセットEM-U810MM 8× 1 ¥7,200,000 
 フィジオパック LPPL01×12 ¥272,400 
 ❻重心バランスシステムJK-101Ⅲ× 1 ¥5,600,000 
 フィジオパック LLPPLL01×12 ¥352,800 
 ❼HM70 EVOAES-322×1御見積
 フィジオラジオスティムプロセットP-RF-PRO S× 1 ¥3,000,000 
 ❽モービ ィZⅡMT-202× 3 ¥1,020,000 
小計　¥14,526,500 
小計　¥39,114,000 
言語療法室
心大血管リハ室 言語療法テーブルGZ-900N×2 ¥681,000 
 スマートオージオSA-1J+×2 ¥320,000 
 ❾エクササイズベッドSPR-1068L G×1 ¥77,500 
 花鼓-ⅢANIMO-Ⅲ×2 ¥676,000 
 バイク×3 - 
 パスリーダーアーム付きカートセット（嚥下セット ）PL-CTA× 1 ¥4,300,000 
 総合呼吸機能自動解析システム(トレッドミル含)×1 - 
 言語機能評価システム STELAST-01×1 ¥680,000 
 心電計×1 - 
 ホルターレコーダ長時間心電図記録装置×1 - 小計　¥6,657,000 
小計　¥77,500   ADL作業療法コーナー
 上肢機能検査 MFTSOT-5000×1 ¥220,000 
運動療法コーナー 簡易上肢機能検査 ステフSOT-3000×1 ¥220,000 
 ハイローテーブルMT-1200M×1 ¥274,600 
 プレステップCOP-STEP× 3 ¥5,940,000 
 作業台SD-2211K×1 ¥236,500 
 プレラインUPL-900× 3 ¥1,020,000 
 ハイローテーブルCF-1500A×2 ¥620,800 
 キネヴィア デュオKINVD01× 1 ¥2,400,000 
 スタンディングテーブルST-8502A×1 ¥650,000 
 ゲイトトレーニングシステム3.1BDX-GTM3. 1× 2 ¥12,600,000 
 サンディングセットSOT-1801×1 ¥420,000 
 ホリゾンタルレッグプレスCOP-503× 1 ¥2,020,000 
 昇降ユニットAD-100×1 ¥530,000 
 レッグエクステンションCOP-504× 1 ¥1,420,000 
 トイレユニットAD-130×1 ¥105,000 
 トーソフレクションCOP-506× 1 ¥1,420,000 
 立上り椅子ユニットAD-140×1 ¥205,000 
 ヒップアブダクションCOP-505× 1 ¥1,420,000 
 壁面ユニット(左用)AD-110L×1 ¥700,000 
 ローイングCOP-502× 1 ¥1,320,000 
 壁面ユニット(右用)AD-110R×1 ¥700,000 
 チェストプレスCOP-501 × 1 ¥1,420,000 
 開放型浴室セットSAS-900× 1 ¥1,502,000 
 プラットホームマット(ワイド）SPR-545×1 ¥270,000 
 ADLキッチン ストレートタイプSAD-100L× 1 ¥3,480,000 
 プラットホームマット(コンパクト）SPR-547×1 ¥250,000 
 リーチング･エクササイザーSOT-700×1 ¥150,000 
 ケーブルカラムS1COP-3500S R× 1 ¥1,380,000 
 ウルティウム フィードバックセットV2EM-U810BF 2× 1 ¥1,100,000 
 トリートメントテーブルPM-315× 3 ¥4,350,000 
 アクティーモNRNR-2014×1 ¥220,000 
 ボバーステーブルPM-153× 1 ¥1,350,000 
 ウィルモWI-1.0×1 ¥450,000 
 エアレックスマット（ヘラクレス）AMF-330W B×6 ¥372,000 
 アクアプラストTA962-090×1 ¥16,600 
 プラットホームマット(ワイドキャスター付 )SPR-546×2 ¥580,000 
 アクアプラストTA962-541×1 ¥17,200 
 ディジョックボードSPR-2600×1 ¥269,000 
 アクアプラストTA962-40×1 ¥13,000 
 バランスパッド・エリートAMB-ELIT E×12 ¥187,200 
 ポリクッション091566041×1 ¥17,000 
 バランスビームAMB-BM×3 ¥80,400 
 ストッキネットA434-2×1 ¥7,300 
 チルトテーブルSPR-7000D× 1 ¥3,050,000 
 ベルクロループAA9462LA×1 ¥6,700 
 フットスイッチ付リモコンスタンドSPR-8002×1 ¥190,000 
 ベルクロループAA9463LA×1 ¥11,400 
 アンウェイシステム ネクステップBDX-UWN X× 1 ¥3,500,000 
 ベルクロフックAA9466HA×1 ¥9,500 
 昇降式平行棒(支持台)SP-380× 2 ¥1,331,000 
 ソフトストラップA349-61×1 ¥10,100 
 連動昇降式平行棒シンクロレールSP-735H× 2 ¥1,460,000 
 エラスティックループAA6028LB×1 ¥19,800 
 エクササイズミラーSPR-5130×2 ¥440,000 
 ネオプレン09116-603 2×1 ¥20,700 
 エクササイズブロックEXB-100×1 ¥200,000 
 ステンレス線AS-S10×1 ¥1,970 
 歩行訓練用階段SP-100×1 ¥910,000 
 ヒートパンTAH-1202×1 ¥108,000 
 エスカートSPR-595N×1 ¥120,000 
 ヒートガンA3160×1 ¥17,000 
 トランスファー手すりTT-100×1 ¥120,000 
 スプリントカッターAA4004×1 ¥6,000 
 CDダンベル用ラックCDRP-10×1 ¥275,000 
 スプリントハサミ（直）AS-2120×1 ¥6,000 
 CDダンベルセットCD1-10×1 ¥198,200 
 スプリントハサミ（曲）AS-2121×1 ¥6,000 
小計　¥51,862,800  万能バサミ091046713×1 ¥19,500 
 ネバノンNBN-170×1 ¥3,470 
水治療室 リボルビングパンチプライヤーHRR840RP225 P×1 ¥5,800 
 スプリントカートSOT-178×1 ¥195,000 
 ワールプール（上肢用）WP-700× 1 ¥1,554,000 
 ローゼンスコアRSN-100×1 ¥220,000 
 ワールプール（下肢用）WP-800× 1 ¥2,040,000 
手用ロボット型運動訓練装置 ウーベル トTM-OV100× 1 ¥6,800,000 
小計　¥3,594,000  
小計　  ¥19,321,940  
物理療法コーナー
合計 ¥135,153,740 
 エクササイズベッドSPR-1068L G×3 ¥232,500 （御見積商品、消費税、取付工事費別途）
 トリートメントテーブルPM-313× 1 ¥1,350,000 
※上記品目リストには、備品・消耗品は含まれておりません。
SAKAImedでは、ご施設様のニーズに合わせ、個々にご提案を行なっております。お気軽にご相談ください。367"
369,MMTYJZPUH8CI4,資料,プラン図,00032２1１00063３5５00068８9９8８0001２Ｅ２Ｅ２Ｅ２Ｅコピー機ＥＥ２０Ａ２ＰＥ２０Ａ２ＰＥ受付２ＥＥＥ棚ＥＥＥ棚棚SAKAImedでは、ご施設様のニーズに合わせ、個々にご提案を行なっております。お気軽にご相談ください。ベンチ 待合コーナー２Ｅ２Ｅ２Ｅ２Ｅ２Ｅ２ＥSS1490LDSS1490LDSS1490LD1400ＡＤＬ作業療法コーナー6000スタッフルームスプリントコーナー評価・測定コーナー6000言語療法室物理療法コーナー6000水治療コーナーリハビリ室運動療法コーナー368プラン図病 院 リハビリテーション室（245㎡） 「脳血管疾患等Ⅰ」「運動器Ⅰ」の施設基準を取得した一般的なリハビリテーション室のプラン。161627272727141424242626242411112525232318181212121219196 〜６131313131313131310101010121212126 〜６15 2828154747484822222929303017174040212139393232202041414242〜454546465555545431313838,"プラン図
病 院 リハビリテーション室（245㎡） 
「脳血管疾患等Ⅰ「」運動器Ⅰ」の施設基準を取得した一般的なリハビリテーション室のプラン。
1400
ＥＥ
0149DLSS
受付0
ベン チ待合コーナー棚0
1１2２0149DLSS03
言語療法室
0001水治療コーナー0149DLSS
リハビリ室
スタッフルームコピー機
Ｅ
1133運動療法コーナー
11 552288ＥＥ２２０ＰＡＥ
11331166222277774477441100
1133ＡＤＬ作業療法コーナー442206
〜Ｅ
11444455
11332244
4466
22664488棚
1111２Ｅ35３５２Ｅ２Ｅ２Ｅ２Ｅ22442222Ｅスプリントコーナー5555
２Ｅ2255棚
2233
110022995544
3300
２Ｅ
物理療法コーナー
1100評価・測定コーナー00
1188331106
17174400
11992211２Ｅ
11221122112211223399２０Ａ２ＰＥ
2200
 6６〜8８9９６ 6〜8８3322
２Ｅ3388
２Ｅ２Ｅ
600060006000
368SAKAImedでは、ご施設様のニーズに合わせ、個々にご提案を行なっております。お気軽にご相談ください。"
370,MMTYJZSUDY108,資料,プラン図,"WP-700×1  ¥1,554,000 ×1  ¥2,040,000 小計　¥3,594,000   WP-800PPW-02×1 ¥688,000 PPS01×3 ¥19,800 PPM01×6 ¥87,600 PPL01×6 ¥136,200 PPLL01×6 ¥176,400 PW-PP1 ¥22,000 ×1×2  ¥1,396,000  ¥40,000 P-SONOP-SONO-W×2×2  ¥1,256,000 P-RF-PROS ×1  ¥3,000,000 ×2  ¥2,900,000 PM-315×1  ¥1,350,000  ¥310,000 PHV-2PM-153SPR-1068LG ×4AMF-330WB ×4SPR-545 ¥248,000 ×1 ¥270,000 SP-725H×1 ¥710,000  ¥220,000 SPR-5130×1×1  ¥2,020,000 ×1  ¥1,420,000 ×1  ¥1,420,000 ×1  ¥1,420,000 ×1  ¥1,320,000 COP-3500SR ×1  ¥1,380,000 ×1  ¥1,980,000 COP-STEP×2  ¥4,800,000  ¥520,000 COP-503COP-504COP-505COP-506COP-502KINVD01SP-220×1×1  ¥3,050,000  ¥39,600 SPR-7000DAMB-SLD×2REHA ¥128,000 ×1BDX-GTM3.1 ×1  ¥6,300,000 BDX-UWNX ×1  ¥3,500,000 小計　¥30,745,600 SAKAImedでは、ご施設様のニーズに合わせ、個々にご提案を行なっております。お気軽にご相談ください。×1  ¥23,000,000 ×1  ¥5,600,000 JK-101ⅢEM-U810MM8 ×1  ¥7,200,000  ¥340,000 MT-202×1×1 ¥78,000 ×1 ¥79,000 ×1 ¥165,000 御見積×1×1  ¥1,450,000  ¥318,000 ×1×1  ¥3,480,000  ¥530,000 ×1×1 ¥105,000  ¥205,000 ×1×2  ¥1,976,000  ¥300,900 ×1×1 ¥220,000 ×1 ¥498,000 ×1 ¥220,000 ×1 ¥220,000 ×1 ¥220,000 ×1 ¥35,000 ×1 ¥68,000 ×1 ¥313,600 ×1 ¥195,000 ×1 ¥17,000 ×1 ¥108,000 ×1 ¥16,600 ×1 ¥17,200 ×1 ¥13,000 ×1 ¥17,000 ×1 ¥7,300 ×1 ¥6,700 ×1 ¥9,500 ×109116-6032 ×1AS-2120 ¥19,800  ¥20,700 ×1 ¥6,000 ×1 ¥6,000 ×1 ¥19,500 ×1 ¥3,470 ×1 ¥6,000 BDX-4XMT-250MT-240MT-230AES-322380HBP-9035SAD-100LAD-100AD-130AD-140AD-110UMT-1500ANR-2014ST-8501GRSN-100SOT-3000SOT-5000SOT-8641SOT-600KT-1200MSOT-178A3160TAH-1202A962-090A962-541A962-40091566041A434-2AA9462LAAA9466HAAA6028LBAS-2121091046713NBN-170AA4004※上記品目リストには、備品・消耗品は含まれておりません。評価測定コーナー バイオデックス システム4 重心バランスシステム ウルティウム 8chセット モービィ ZⅡ プルセンサー ピンチセンサー 握力センサー HM70 EVO インボディ 自動血圧計ADL作業療法コーナー ADLキッチン ストレートタイプ 昇降ユニット トイレユニット 立上り椅子ユニット 壁面ユニット U ハイローテーブル アクティーモNR スタンディングテーブル ローゼンスコア 簡易上肢機能検査 ステフ 上肢機能検査MFT 振動覚音叉セット 弁別能力検査器スプリントコーナー ハイローテーブル スプリントカート ヒートガン ヒートパン アクアプラストT アクアプラストT アクアプラストT ポリクッション ストッキネット ベルクロループ ベルクロフック エラスティックループ ネオプレン スプリントハサミ（直） スプリントハサミ（曲） 万能バサミ ネバノン スプリントカッター水治療室❶ ワールプール(上肢用)❷ ワールプール(下肢用)物理療法コーナー❸ フィジオパックウォーマー❹ フィジオパック S❹ フィジオパック M❹ フィジオパック L❹ フィジオパック LL❺ フィジオワゴン❻ フィジオソノ❼ フィジオソノ ワゴン❽ フィジオアクティブHV2❾ フィジオラジオスティムプロセット トリートメントテーブル ボバーステーブル エクササイズベッド運動療法コーナー エアレックスマット（ヘラクレス） プラットホームマット(ワイド) 連動昇降式平行棒シンクロレール エクササイズミラー ホリゾンタルレッグプレス レッグエクステンション ヒップアブダクション トーソフレクション ローイング ケーブルカラムS1 プレステップ キネヴィアデュオ 歩行訓練用階段 チルトテーブル バランスパッド・ソリッド リハウォーカー ゲイトトレーニングシステム3.1 アンウェイシステム ネクステップ小計　¥11,382,000 小計　¥38,230,000 小計　¥8,077,900 小計　¥802,370 369合計 ¥92,831,870 （消費税、取付工事費別途）","水治療室評価測定コーナー
 ❶ワールプール(上肢用)WP-700× 1 ¥1,554,000  バイオデックス システム4BDX-4X× 1 ¥23,000,000 
 ❷ワールプール(下肢用)WP-800× 1 ¥2,040,000  重心バランスシステムJK-101Ⅲ× 1 ¥5,600,000 
 ウルティウム 8chセットEM-U810MM 8× 1 ¥7,200,000 
小計　¥3,594,000   
 モービ ィZⅡMT-202×1 ¥340,000 
 プルセンサーMT-250×1 ¥78,000 
 ピンチセンサーMT-240×1 ¥79,000 
物理療法コーナー
 握力センサーMT-230×1 ¥165,000 
 ❸フィジオパックウォーマーPPW-02×1 ¥688,000 
 HM70 EVOAES-322×1御見積
 ❹フィジオパック SPPS01×3 ¥19,800 
 インボディ380× 1 ¥1,450,000 
 ❹フィジオパック MPPM01×6 ¥87,600 
 自動血圧計HBP-9035×1 ¥318,000 
 ❹フィジオパック LPPL01×6 ¥136,200 
小計　¥38,230,000 
 ❹フィジオパック LLPPLL01×6 ¥176,400 
 ❺フィジオワゴンPW-PP1×1 ¥22,000 
 ❻フィジオソノP-SONO× 2 ¥1,396,000 
ADL作業療法コーナー
 ❼フィジオソノ ワゴンP-SONO-W×2 ¥40,000 
 ❽フィジオアクティブHV2PHV-2× 2 ¥1,256,000  ADLキッチン ストレートタイプSAD-100L× 1 ¥3,480,000 
 ❾フィジオラジオスティムプロセットP-RF-PRO S× 1 ¥3,000,000  昇降ユニットAD-100×1 ¥530,000 
 トリートメントテーブルPM-315× 2 ¥2,900,000  トイレユニットAD-130×1 ¥105,000 
 ボバーステーブルPM-153× 1 ¥1,350,000  立上り椅子ユニットAD-140×1 ¥205,000 
 エクササイズベッドSPR-1068L G×4 ¥310,000  壁面ユニット UAD-110U× 2 ¥1,976,000 
 ハイローテーブルMT-1500A×1 ¥300,900 
小計　¥11,382,000 
 アクティーモNRNR-2014×1 ¥220,000 
 スタンディングテーブルST-8501G×1 ¥498,000 
 ローゼンスコアRSN-100×1 ¥220,000 
運動療法コーナー
 簡易上肢機能検査 ステフSOT-3000×1 ¥220,000 
 エアレックスマット（ヘラクレス）AMF-330W B×4 ¥248,000 
 上肢機能検査MFTSOT-5000×1 ¥220,000 
 プラットホームマット(ワイド)SPR-545×1 ¥270,000 
 振動覚音叉セットSOT-8641×1 ¥35,000 
 連動昇降式平行棒シンクロレールSP-725H×1 ¥710,000 
 弁別能力検査器SOT-600×1 ¥68,000 
 エクササイズミラーSPR-5130×1 ¥220,000 
小計　¥8,077,900 
 ホリゾンタルレッグプレスCOP-503× 1 ¥2,020,000 
 レッグエクステンションCOP-504× 1 ¥1,420,000 
 ヒップアブダクションCOP-505× 1 ¥1,420,000 
スプリントコーナー
 トーソフレクションCOP-506× 1 ¥1,420,000 
 ローイングCOP-502× 1 ¥1,320,000  ハイローテーブルKT-1200M×1 ¥313,600 
 ケーブルカラムS1COP-3500S R× 1 ¥1,380,000  スプリントカートSOT-178×1 ¥195,000 
 プレステップCOP-STEP× 1 ¥1,980,000  ヒートガンA3160×1 ¥17,000 
 キネヴィアデュオKINVD01× 2 ¥4,800,000  ヒートパンTAH-1202×1 ¥108,000 
 歩行訓練用階段SP-220×1 ¥520,000  アクアプラストTA962-090×1 ¥16,600 
 チルトテーブルSPR-7000D× 1 ¥3,050,000  アクアプラストTA962-541×1 ¥17,200 
 バランスパッド・ソリッドAMB-SLD×2 ¥39,600  アクアプラストTA962-40×1 ¥13,000 
 リハウォーカーREHA×1 ¥128,000  ポリクッション091566041×1 ¥17,000 
 ゲイトトレーニングシステム3.1BDX-GTM3. 1× 1 ¥6,300,000  ストッキネットA434-2×1 ¥7,300 
 アンウェイシステム ネクステップBDX-UWN X× 1 ¥3,500,000  ベルクロループAA9462LA×1 ¥6,700 
 ベルクロフックAA9466HA×1 ¥9,500 
小計　¥30,745,600 
 エラスティックループAA6028LB×1 ¥19,800 
 ネオプレン09116-603 2×1 ¥20,700 
 スプリントハサミ（直）AS-2120×1 ¥6,000 
 スプリントハサミ（曲）AS-2121×1 ¥6,000 
 万能バサミ091046713×1 ¥19,500 
 ネバノンNBN-170×1 ¥3,470 
 スプリントカッターAA4004×1 ¥6,000 
小計　¥802,370 
合計 ¥92,831,870 
（消費税、取付工事費別途）
※上記品目リストには、備品・消耗品は含まれておりません。
SAKAImedでは、ご施設様のニーズに合わせ、個々にご提案を行なっております。お気軽にご相談ください。369"
371,MMTYJZVT05LBL,資料,プラン図,"チンベチンベ00360036876１3棚棚棚542SAKAImedでは、ご施設様のニーズに合わせ、個々にご提案を行なっております。お気軽にご相談ください。２Ｅベンチ２Ｅ２Ｅ２Ｅ２Ｅ受付２Ｅ２Ｅ２Ｅ1311 1114129 10運動療法コーナー161619192026×1  ¥2,020,000 ×1  ¥1,420,000 ×1  ¥1,420,000 ×1  ¥1,320,000 COP-3500SR ×1  ¥1,380,000  ¥340,000 PL-900×1 ¥390,000 ×1×1  ¥1,980,000  ¥710,000 ×1×1 ¥128,000 ×3 ¥59,400 ×1 ¥26,800  ¥220,000 ×1AMF-330WB ×3SP-220 ¥186,000  ¥520,000 ×1×1 ¥270,000 1718小計　¥12,390,2001235014001114 14評価・測定コーナー232415物理療法コーナー202020222721COP-503COP-506COP-501 COP-502PL-300COP-STEPSP-725HREHAAMB-SLDAMB-BMSPR-5130SPR-545評価測定コーナー 自動血圧計 インボディ物理療法コーナー トリートメントテーブル エクササイズベッド フィジオラジオスティムプロセット フィジオソノ 平型固定プローブセット フィジオパックウォーマー フィジオワゴン フィジオパック S フィジオパック M フィジオパック L フィジオパック LL フィジオ5Dセット フィジオアクティブHV2運動療法コーナー❶ ホリゾンタルレッグプレス❷ トーソフレクション❸ チェストプレス❹ ローイング❺ ケーブルカラムS1❻ プレラインU❼ プレラインR❽ プレステップ❾ 連動昇降式平行棒シンクロレール リハウォーカー バランスパッド・ソリッド バランスビーム エクササイズミラー エアレックスマット（ヘラクレス） 歩行訓練用階段 プラットホームマット（ワイド）プラン図小計　¥10,895,800 ¥318,000 ×1×1  ¥1,450,000 小計　¥1,768,000HBP-9035380PM-313×2  ¥2,700,000  ¥310,000 SPR-1068LG ×4P-RF-PROS ×1  ¥3,000,000  ¥747,800 P-SONO-S-B001 ×1PPW-02 ¥688,000 ×1PW-PP1×1 ¥22,000 PPS01×3 ¥19,800 PPM01×6 ¥87,600 PPL01×6 ¥136,200 PPLL01 ¥176,400 ×6×1  ¥2,380,000  ¥628,000 P-5DSPHV-2×1370クリニック リハビリテーション室（150㎡） 合計 ¥25,054,000    （消費税、取付工事費別途）※上記品目リストには、備品・消耗品は含まれておりません。整形疾患を中心とするクリニックに、物理療法＋運動療法で効果的なリハビリテーションのプラン。","プラン図
クリニック リハビリテーション室（150㎡） 
整形疾患を中心とするクリニックに、物理療法＋運動療法で効果的なリハビリテーションのプラン。
12350
1400
131２7Ｅチベン受付
1 111ベンチ18チベン
01214111 414評価・測定
03 910コーナー
6
棚1166
棚
8
棚２Ｅ
23
7２Ｅ19
24２Ｅ
15
5619
２Ｅ
00運動療法コーナー物理療法コーナー
32
6
4
１32022202020
272126
２Ｅ２Ｅ２Ｅ
運動療法コーナー評価測定コーナー
 ❶ホリゾンタルレッグプレスCOP-503× 1 ¥2,020,000  自動血圧計HBP-9035×1 ¥318,000 
 ❷トーソフレクションCOP-506× 1 ¥1,420,000  インボディ380× 1 ¥1,450,000 
 ❸チェストプレスCOP-501 × 1 ¥1,420,000 
小計　¥1,768,000
 ❹ローイングCOP-502× 1 ¥1,320,000 
 ❺ケーブルカラムS1COP-3500S R× 1 ¥1,380,000 
物理療法コーナー
 ❻プレラインUPL-900×1 ¥340,000 
 ❼プレラインRPL-300×1 ¥390,000  トリートメントテーブルPM-313× 2 ¥2,700,000 
 ❽プレステップCOP-STEP× 1 ¥1,980,000  エクササイズベッドSPR-1068L G×4 ¥310,000 
 ❾連動昇降式平行棒シンクロレールSP-725H×1 ¥710,000  フィジオラジオスティムプロセットP-RF-PRO S× 1 ¥3,000,000 
 リハウォーカーREHA×1 ¥128,000  フィジオソノ 平型固定プローブセットP-SONO-S-B00 1×1 ¥747,800 
 バランスパッド・ソリッドAMB-SLD×3 ¥59,400  フィジオパックウォーマーPPW-02×1 ¥688,000 
 バランスビームAMB-BM×1 ¥26,800  フィジオワゴンPW-PP1×1 ¥22,000 
 エクササイズミラーSPR-5130×1 ¥220,000  フィジオパック SPPS01×3 ¥19,800 
 エアレックスマット（ヘラクレス）AMF-330W B×3 ¥186,000  フィジオパック MPPM01×6 ¥87,600 
 歩行訓練用階段SP-220×1 ¥520,000  フィジオパック LPPL01×6 ¥136,200 
 プラットホームマット（ワイド）SPR-545×1 ¥270,000  フィジオパック LLPPLL01×6 ¥176,400 
 フィジオ5DセットP-5DS× 1 ¥2,380,000 
小計　¥12,390,200
 フィジオアクティブHV2PHV-2×1 ¥628,000 
小計　¥10,895,800
合計 ¥25,054,000    
（消費税、取付工事費別途）
※上記品目リストには、備品・消耗品は含まれておりません。
370SAKAImedでは、ご施設様のニーズに合わせ、個々にご提案を行なっております。お気軽にご相談ください。"
372,MMTYJZY31RISH,資料,プラン図,"0066246137589SAKAImedでは、ご施設様のニーズに合わせ、個々にご提案を行なっております。お気軽にご相談ください。２Ｅ２Ｅ２ＥCOP-501 COP-502COP-503COP-504COP-505COP-506COP-STEPWB-150P※上記品目リストには、備品・消耗品は含まれておりません。6300360010101400小計　¥11,937,000 ×1  ¥1,420,000 ×1  ¥1,320,000 ×1  ¥2,020,000 ×1  ¥1,420,000 ×1  ¥1,420,000 ×1  ¥1,420,000 ×1  ¥1,980,000  ¥318,000 ×1×1 ¥550,000 ×1 ¥69,000 371プラン図デイサービス （60㎡） 合計 ¥11,937,000 （消費税、取付工事費別途）❶ チェストプレス❷ ローイング❸ ホリゾンタルレッグプレス❹ レッグエクステンション❺ ヒップアブダクション❻ トーソフレクション❼ プレステップ❽ 自動血圧計HBP-9035❾ タニタデジタル手動身長計付き体組成計 BH-300A-N タニタ精密体重計マシントレーニングに特化したデイサービス（通所介護・地域密着型通所介護）のプラン。","プラン図
デイサービス（ 60㎡） 
マシントレーニングに特化したデイサービス（通所介護・地域密着型通所介護）のプラン。
63003600
２Ｅ
1
37
2
04
0
6
6
6
8
11009
5
２Ｅ２Ｅ
1400
 ❶チェストプレスCOP-501 × 1 ¥1,420,000 
 ❷ローイングCOP-502× 1 ¥1,320,000 
 ❸ホリゾンタルレッグプレスCOP-503× 1 ¥2,020,000 
 ❹レッグエクステンションCOP-504× 1 ¥1,420,000 
 ❺ヒップアブダクションCOP-505× 1 ¥1,420,000 
 ❻トーソフレクションCOP-506× 1 ¥1,420,000 
 ❼プレステップCOP-STEP× 1 ¥1,980,000 
 ❽自動血圧計HBP-9035×1 ¥318,000 
 ❾タニタデジタル手動身長計付き体組成 計BH-300A-N×1 ¥550,000 
 タニタ精密体重計WB-150P×1 ¥69,000 
小計　¥11,937,000 
合計 ¥11,937,000 
（消費税、取付工事費別途）
※上記品目リストには、備品・消耗品は含まれておりません。
SAKAImedでは、ご施設様のニーズに合わせ、個々にご提案を行なっております。お気軽にご相談ください。371"
373,MMTYK00GUMM25,資料,プラン図,"00255棚93336278SAKAImedでは、ご施設様のニーズに合わせ、個々にご提案を行なっております。お気軽にご相談ください。２Ｅ２Ｅ２Ｅ２Ｅ２ＥP-SONO ¥698,000  ¥588,800 -  PHV-2KTPR150/JB ×4P-RF-PROS ×1  ¥3,000,000  ¥340,000 PL-900×1 ¥390,000 PL-300×1×1  ¥2,380,000 小計　¥8,716,000 P-5DS1 462001400372プラン図整骨院・接骨院・トレーナールーム（29.4㎡） 合計 ¥8,716,000 （消費税、取付工事費別途）※上記品目リストには、備品・消耗品は含まれておりません。❶ フィジオソノ×1❷ フィジオパックウォーマー (ミニ)パックワゴンセット PPW-M01-B ×1❸ DXマッサージベッド×3❹ フィジオアクティブHV2×2  ¥1,256,000 ❺ KT TAPE PRO ジャンボロールタイプ  ¥63,200 ❻ フィジオラジオスティムプロセット❼ プレラインU❽ プレラインR❾ フィジオ5Dセット可動域改善や疼痛緩和、急性・慢性疾患に対する総合的な物理療法機器のプラン。","プラン図
整骨院・接骨院・トレーナールーム（29.4㎡） 
可動域改善や疼痛緩和、急性・慢性疾患に対する総合的な物理療法機器のプラン。
6200
２Ｅ２Ｅ２Ｅ
96
 14
333
0
0２Ｅ
2
5２Ｅ
28
7
棚5
1400
 ❶フィジオソノP-SONO×1 ¥698,000 
 ❷フィジオパックウォーマ ー(ミニ)パックワゴンセッ トPPW-M01- B×1 ¥588,800 
 ❸DXマッサージベッド×3-  
 ❹フィジオアクティブHV2PHV-2× 2 ¥1,256,000 
 ❺KT TAPE PRO ジャンボロールタイプ KTPR150/J B×4 ¥63,200 
 ❻フィジオラジオスティムプロセットP-RF-PRO S× 1 ¥3,000,000 
 ❼プレラインUPL-900×1 ¥340,000 
 ❽プレラインRPL-300×1 ¥390,000 
 ❾フィジオ5DセットP-5DS× 1 ¥2,380,000 
小計　¥8,716,000 
合計 ¥8,716,000 
（消費税、取付工事費別途）
※上記品目リストには、備品・消耗品は含まれておりません。
372SAKAImedでは、ご施設様のニーズに合わせ、個々にご提案を行なっております。お気軽にご相談ください。"
374,MMTYK03NU1WKG,資料,施設基準簡易一覧表,ⅡSAKAImedでは、ご施設様のニーズに合わせ、個々にご提案を行なっております。お気軽にご相談ください。           疾患別リハビリテーション施設基準簡易一覧表373注１）届出保健医療機関は循環器科又は心臓血管外科を標榜しているものに限る。注2）急性期リハビリテーション加算の対象患者 ア ADLの評価であるBIが10点以下のもの。 イ 認知症高齢者の日常生活自立度がランクM以上に該当するもの。 ウ  以下に示す処置等が実施されているもの。 ①動脈圧測定（動脈ライン）②シリンジポンプの管理 ③中心静脈圧測定（中心静脈ライン）④人工呼吸器の管理 ⑤輸血や血液製剤の管理 ⑥特殊な治療法等（CHDF、IABP、PCPS、補助人工心臓、ICP測定、ECMO）エ 「 A220-2」特定感染症入院医療管理加算の対象となる感染症、感染症法第6条第3項に規定する二類感染症及び同法同条第7項に規定する新型インフルエンザ等感染症の患者及び当該感染症を疑う患者。ただし、類似症患者については初日に限り算定する。注3） 平成26年３月31日において、現に当該リハビリテーション料の届出を行っている保険医療機関については、当該機能訓練室の増築又は全面的な改築を行うまでの間は、内法の規定を満たしているものとする。 注4） 循環器科又は心臓血管外科の医師が、心大血管疾患リハビリテーションを実施している時間帯において常時勤務しており、心大血管疾患リハビリテーションの経験を有する専任の常勤医師が１名以上勤務していること。この場合において、心大血管疾患リハビリテーションを受ける患者の急変時等に連絡を受けるとともに、当該保険医療機関又は連携する保険医療機関において適切な対応ができるような体制を有すること。なお、週３日以上常態として勤務しており、かつ、所定労働時間が週22時間以上の勤務を行っている専任の非常勤医師（心大血管疾患リハビリテーションの経験を有する医師に限る。）を２名以上組み合わせることにより、常勤医師の勤務時間帯と同じ時間帯にこれらの非常勤医師が配置されている場合には、当該基準を満たしていることとみなすことができる。 注5） 週３日以上常態として勤務しており、かつ、所定労働時間が週22時間以上の勤務を行っている専従の非常勤理学療法士又は専従の非常勤看護師（心大血管疾患リハビリテーションの経験を有する理学療法士又は看護師に限る。）をそれぞれ２名以上組み合わせることにより、常勤理学療法士又は常勤看護師の勤務時間帯と同じ時間帯にこれらの非常勤理学療法士又は非常勤看護師がそれぞれ配置されている場合には、これらの非常勤理学療法士又は非常勤看護師の実労働時間を常勤換算し常勤理学療法士数又は常勤看護師数にそれぞれ算入することができる。ただし、常勤換算し常勤理学療法士数又は常勤看護師数に算入することができるのは、常勤配置のうち１名までに限る。 一覧表は2024年6月現在の情報での簡易一覧です。内容の詳細や最新の情報は最寄りの営業所にお問い合わせください。 Ｈ000心大血管疾患リハビリテーション料150日以内13単位/1月１単位／25点＊発症、手術、急性増悪から起算して7日目又は治療開始日のいずれか早いものから起算して30日間に限り＊入院中の患者に限る1単位／45点＊発症、手術、急性増悪から起算して7日目又は治療開始日のいずれか早いものから起算して14日間に限り＊入院中の患者に限る1単位／50点＊発症、手術、急性増悪から起算して7日目又は治療開始日のいずれか早いものから起算して14日間に限り＊入院中の患者に限る病院：30㎡以上、診療所：20㎡以上＊内法による測定実施時間帯内兼用・兼任不可循環器科又は心臓血管外科を担当する医師（非常勤を含む）及び経験を有する医師（非常勤を含む）　１名以上カ. 救急カートイ 理学療法士による場合 125点ロ 作業療法士による場合 125点ハ 医師による場合 125点二 看護師による場合 125点ホ 集団療法による場合 125点次の条件で1名以上経験を有する専従の理学療法士経験を有する専従の看護師（必要に応じて経験作業療法士が勤務することが望ましい）点数基準算定日数基準算定日数超過早期リハビリテーション加算初期加算急性期リハビリテーション加算  注2）施設面積  注3）兼任兼用循環器科又は心臓血管外科の医師が実施時間帯において常時勤務しており、経験を有する専任の常勤医師1名以上医師  注4）セラピスト 注5）患者１人につき１日６単位（別に厚生労働大臣が定める患者については１日９単位）に限り算定できるものとする。標準的な実施時間１回１時間（３単位）程度とするが、入院中の患者以外の患者については、１日当たり１時間（３単位）以上、１週３時間（９単位）を標準とする。算定心大リハに実際に従事した時間20分を1単位とみなした上で、従事者１人につき１日18単位を標準とし、週108単位までとする。ア　急性発症した心大血管疾患又は心大血管疾患の手術後の患者　　（急性心筋梗塞、狭心症、開心術後、経カテーテル大動脈弁置換術後、大血管疾患）　　※ 心大リハ（Ⅱ）を算定する場合…急性心筋梗塞及び大血管疾患は発症後（手術をした場合は手術後）、１ヶ月以上経過し対象患者イ　慢性心不全、末梢動脈閉塞性疾患その他の慢性の心大血管の疾患により、一定程度以上の呼吸循環機能の低下及び　　日常生活能力の低下を来している患者ア. 酸素供給装置 エ. トレッドミル又はエルゴメータ  オ. 血圧計 器械・器具（施設内に運動負荷試験装置）Ⅰ　注1）イ 理学療法士による場合 205点ロ 作業療法士による場合 205点ハ 医師による場合 205点二 看護師による場合 205点ホ 集団療法による場合 205点次の条件で2名以上で、一方が2名以上でも可経験を有する専従の常勤理学療法士経験を有する専従の常勤看護師（必要に応じて経験作業療法士が勤務することが望ましい）たものに限る。イ. 除細動器  ウ. 心電図モニター装置,"疾患別リハビリテーション施設基準簡易一覧表
Ｈ000
心大血管疾患リハビリテーション料
Ⅰ　注1）Ⅱ
イ 理学療法士による場合 205点イ 理学療法士による場合 125点
ロ 作業療法士による場合 205点ロ 作業療法士による場合 125点
点数ハ 医師による場合 205点ハ 医師による場合 125点
二 看護師による場合 205点二 看護師による場合 125点
ホ 集団療法による場合 205点ホ 集団療法による場合 125点
基準算定日数150日以内
基準算定日数超過13単位/1月
早期１単位／25点
リハビリテーション＊発症、手術、急性増悪から起算して7日目又は治療開始日のいずれか早いものから起算して30日間に限り
加算＊入院中の患者に限る
1単位／45点
初期加算＊発症、手術、急性増悪から起算して7日目又は治療開始日のいずれか早いものから起算して14日間に限り
＊入院中の患者に限る
急性期1単位／50点
リハビリテーション＊発症、手術、急性増悪から起算して7日目又は治療開始日のいずれか早いものから起算して14日間に限り
加算  注2）＊入院中の患者に限る
病院：30㎡以上、診療所：20㎡以上
施設面積  注3）
＊内法による測定
兼任兼用実施時間帯内兼用・兼任不可
循環器科又は心臓血管外科の医師が実施時間帯において常循環器科又は心臓血管外科を担当する医師（非常勤を含む）
医師  注4）時勤務しており、経験を有する専任の常勤医師及び経験を有する医師（非常勤を含む）　
1名以上１名以上
次の条件で2名以上で、一方が2名以上でも可次の条件で1名以上
セラピスト 注5）経験を有する専従の常勤理学療法士経験を有する専従の理学療法士
経験を有する専従の常勤看護師経験を有する専従の看護師
（必要に応じて経験作業療法士が勤務することが望ましい）（必要に応じて経験作業療法士が勤務することが望ましい）
患者１人につき１日６単位（別に厚生労働大臣が定める患者については１日９単位）に限り算定できるものとする。
標準的な実施時間１回１時間（３単位）程度とするが、入院中の患者以外の患者については、１日当たり１時間（３単位）以上、
１週３時間（９単位）を標準とする。
算定
心大リハに実際に従事した時間20分を1単位とみなした上で、従事者１人につき１日18単位を標準とし、週108単位までとす
る。
ア　急性発症した心大血管疾患又は心大血管疾患の手術後の患者
　　（急性心筋梗塞、狭心症、開心術後、経カテーテル大動脈弁置換術後、大血管疾患）
　　※ 心大リハ（Ⅱ）を算定する場合…急性心筋梗塞及び大血管疾患は発症後（手術をした場合は手術後）、１ヶ月以上経過し
対象患者
たものに限る。
イ　慢性心不全、末梢動脈閉塞性疾患その他の慢性の心大血管の疾患により、一定程度以上の呼吸循環機能の低下及び
　　日常生活能力の低下を来している患者
ア. 酸素供給装置 イ. 除細動器  ウ. 心電図モニター装置
エ. トレッドミル又はエルゴメータ  オ. 血圧計 カ. 救急カート
器械・器具
（施設内に運動負荷試験装置）
注１）届出保健医療機関は循環器科又は心臓血管外科を標榜しているものに限る。
注2）急性期リハビリテーション加算の対象患者 
 ア ADLの評価であるBIが10点以下のもの。 
 イ 認知症高齢者の日常生活自立度がランクM以上に該当するもの。 
 ウ  以下に示す処置等が実施されているもの。 
①動脈圧測定（動脈ライン）②シリンジポンプの管理 ③中心静脈圧測定（中心静脈ライン）④人工呼吸器の管理 ⑤輸血や血液製剤の管理 
⑥特殊な治療法等（CHDF、IABP、PCPS、補助人工心臓、ICP測定、ECMO）
 エ「  A220-2」特定感染症入院医療管理加算の対象となる感染症、感染症法第6条第3項に規定する二類感染症及び同法同条第7項に規定する新型インフルエンザ等感染
症の患者及び当該感染症を疑う患者。ただし、類似症患者については初日に限り算定する。
注3） 平成26年３月31日において、現に当該リハビリテーション料の届出を行っている保険医療機関については、当該機能訓練室の増築又は全面的な改築を行うまでの間は、内
法の規定を満たしているものとする。   
注4） 循環器科又は心臓血管外科の医師が、心大血管疾患リハビリテーションを実施している時間帯において常時勤務しており、心大血管疾患リハビリテーションの経験を有する
専任の常勤医師が１名以上勤務していること。この場合において、心大血管疾患リハビリテーションを受ける患者の急変時等に連絡を受けるとともに、当該保険医療機関又は
連携する保険医療機関において適切な対応ができるような体制を有すること。なお、週３日以上常態として勤務しており、かつ、所定労働時間が週22時間以上の勤務を行っ
ている専任の非常勤医師（心大血管疾患リハビリテーションの経験を有する医師に限る。）を２名以上組み合わせることにより、常勤医師の勤務時間帯と同じ時間帯にこれら
の非常勤医師が配置されている場合には、当該基準を満たしていることとみなすことができる。  
注5） 週３日以上常態として勤務しており、かつ、所定労働時間が週22時間以上の勤務を行っている専従の非常勤理学療法士又は専従の非常勤看護師（心大血管疾患リハビリ
テーションの経験を有する理学療法士又は看護師に限る。）をそれぞれ２名以上組み合わせることにより、常勤理学療法士又は常勤看護師の勤務時間帯と同じ時間帯にこれ
らの非常勤理学療法士又は非常勤看護師がそれぞれ配置されている場合には、これらの非常勤理学療法士又は非常勤看護師の実労働時間を常勤換算し常勤理学療法士数
又は常勤看護師数にそれぞれ算入することができる。ただし、常勤換算し常勤理学療法士数又は常勤看護師数に算入することができるのは、常勤配置のうち１名までに限る。 
  
一覧表は2024年6月現在の情報での簡易一覧です。内容の詳細や最新の情報は最寄りの営業所にお問い合わせください。   
SAKAImedでは、ご施設様のニーズに合わせ、個々にご提案を行なっております。お気軽にご相談ください。373"
375,MMTYK067WM9QB,資料,施設基準簡易一覧表,"疾患別リハビリテーション施設基準簡易一覧表374注１）脳血管疾患等リハ（Ⅰ）（Ⅱ）（Ⅲ）の届出を行った保険医療機関においては、廃用症候群リハの届出を行う必要はない。注2） 脳血管疾患等リハ（Ⅱ）（Ⅲ）の届出を行った保険医療機関において、理学療法士及び作業療法士又は言語聴覚士以外に、運動療法機能訓練技能講習会を受講するとともに、定期的に適切な研修を修了したあん摩マッサージ指圧師等の従事者が訓練を行った場合については、当該療法を実施するに当たり、医師又は理学療法士が事前に指示を行い、かつ事後に当該療法に係る報告を受ける場合であって他の算定条件を満たす場合に限り、脳血管疾患等リハ料（Ⅲ）の所定点数を算定できる。注3）急性期リハビリテーション加算の対象患者 ア ADLの評価であるBIが10点以下のもの。 イ 認知症高齢者の日常生活自立度がランクM以上に該当するもの。 ウ  以下に示す処置等が実施されているもの。 ①動脈圧測定（動脈ライン）②シリンジポンプの管理 ③中心静脈圧測定（中心静脈ライン）④人工呼吸器の管理 ⑤輸血や血液製剤の管理 ⑥特殊な治療法等（CHDF、IABP、PCPS、補助人工心臓、ICP測定、ECMO）エ 「 A220-2」特定感染症入院医療管理加算の対象となる感染症、感染症法第6条第3項に規定する二類感染症及び同法同条第7項に規定する新型インフルエンザ等感染症の患者及び当該感染症を疑う患者。ただし、類似症患者については初日に限り算定する。注4） 平成26年３月31日において、現に当該リハビリテーション料の届出を行っている保険医療機関については、当該機能訓練室の増築又は全面的な改築を行うまでの間は、内法の規定を満たしているものとする。 注5） 週３日以上常態として勤務しており、かつ、所定労働時間が週22時間以上の勤務を行っている専任の非常勤医師を２名以上組み合わせることにより、常勤医師の勤務時間帯と同じ時間帯にこれらの非常勤医師が配置されている場合には、当該医師の実労働時間を常勤換算し常勤医師数に算入することができる。ただし、脳血管疾患等のリハビリテーション医療に関する３年以上の臨床経験又は脳血管疾患等のリハビリテーション医療に関する研修会、講習会の受講歴（又は講師歴）を有する常勤医師についてこれらの非常勤医師による常勤換算を行う場合にあっては、当該経験又は受講歴（又は講師歴）を有する非常勤医師に限る。注6） 週３日以上常態として勤務しており、かつ、所定労働時間が週22時間以上の勤務を行っている専従の非常勤セラピストをそれぞれ２名以上組み合わせることにより、常勤セラピストの勤務時間帯と同じ時間帯にこれらの非常勤セラピストがそれぞれ配置されている場合には、これらの非常勤セラピストの実労働時間を常勤換算し常勤セラピスト数にそれぞれ算入することができる。ただし、常勤換算し常勤セラピスト数に算入することができるのは、（Ⅰ）では常勤配置のうち理学療法士は４名、作業療法士は２名、言語聴覚士は１名までに限る。（Ⅱ）では各１名まで。一覧表は2024年6月現在の情報での簡易一覧です。内容の詳細や最新の情報は最寄りの営業所にお問い合わせください。 イ 理学療法士による場合 245点（180点） イ 理学療法士による場合 200点（146点） イ 理学療法士による場合 100点（77点）ロ 作業療法士による場合 245点（180点） ロ 作業療法士による場合 200点（146点） ロ 作業療法士による場合 100点（77点）ハ 言語聴覚士による場合 245点（180点） ハ 言語聴覚士による場合 200点（146点） ハ 言語聴覚士による場合 100点（77点）二 医師による場合 245点（180点）180日以内　注） 180日を越えた場合 病院・診療所：いずれも160㎡以上＊内法による測定専任の常勤医師　２名以上（そのうち１名は、３年以上の臨床経験又は研修会・講習会の受講歴（講師歴）を有すること。）次の条件で合計10名以上専従の常勤理学療法士　５名以上専従の常勤作業療法士　３名以上言語聴覚療法を行う場合は、専従の常勤言語聴覚士1名以上患者１人につき１日６単位（別に厚生労働大臣が定める患者については１日９単位）に限り算定できるものとする。従事者１人につき１日18単位を標準とし、週108単位までとする。ただし、１日24単位を上限とする。ア　急性発症した脳血管疾患又はその手術後の患者　イ　急性発症した中枢神経疾患又はその手術後の患者ウ　神経疾患の患者エ　慢性の神経筋疾患の患者オ　失語症、失認及び失行症、高次脳機能障害の患者カ　 難聴や人工内耳植込手術等に伴う聴覚・言語機能の 障害を有する患者歩行補助具、訓練マット、治療台、砂嚢などの重錘、各種測定用器具（角度計・握力計等）、血圧計、平行棒、傾斜台、姿勢矯正用鏡、各種車椅子、各種歩行補助具、各種装具（長・短下肢装具等）、家事用設備、各種日常生活動作用設備 等言語聴覚療法を行う場合は聴力検査機器、音声録音再生装置、ビデオ録画システム 等必要に応じ、麻痺側の関節の屈曲・伸展を補助し運動量を増加させるためのリハ用医療機器ホ イから二まで以外の場合 100点 注2）Ⅰ 147点、  Ⅱ 120点、  Ⅲ 60点廃用症候群120日を越えた場合  Ⅰ 108点、  Ⅱ 88点、  Ⅲ 46点病院：100㎡以上、診療所：45㎡以上＊内法による測定専任の常勤医師　１名以上キ　顎・口腔の先天異常に伴う構音障害を有する患者ク　舌悪性腫瘍等の手術による構音障害を有する患者ケ　 リハビリテーションを要する患者であって、一定程度以上の基本動作能力、応用動作能力、言語聴覚能力及び日常生活能力の低下を来している患者歩行補助具、訓練マット、治療台,砂嚢などの重錘、各種測定用器具 等（77点）次の条件で1名以上専従の常勤理学療法士専従の常勤作業療法士専従の常勤言語聴覚士Ｈ001脳血管疾患等リハビリテーション料（廃用症候群リハビリテーション料  注１）ⅠⅡⅢ―――          二 医師による場合 200点 注2）（146点） 二 医師による場合 100点（77点）13単位/1月１単位／25点　＊発症、手術、急性憎悪から30日間に限り1単位／45点　＊発症、手術、急性憎悪から14日間に限り１単位／50点　＊発症、手術、急性憎悪から14日間に限り＊入院中の患者に限る言語聴覚療法を行う場合は8㎡以上の個別療法室1室以上スペース兼用・スタッフ兼任可次の条件で合計4名以上専従の常勤理学療法士　１名以上専従の常勤作業療法士　１名以上言語聴覚療法を行う場合は、専従の常勤言語聴覚士　1名以上点数（廃用症候群）基準算定日数基準算定日数超過早期リハビリテーション加算初期加算急性期リハビリテーション加算  注３）施設面積  注4）兼任兼用医師  注5）セラピスト 注6）算定対象患者器械・器具","疾患別リハビリテーション施設基準簡易一覧表
Ｈ001
脳血管疾患等リハビリテーション料（廃用症候群リハビリテーション料  注１）
ⅠⅡⅢ
イ 理学療法士による場合 245点（180点 ）イ 理学療法士による場合 200点（146点 ）イ 理学療法士による場合 100点（77点）
ロ 作業療法士による場合 245点（180点 ）ロ 作業療法士による場合 200点（146点 ）ロ 作業療法士による場合 100点（77点）
点数ハ 言語聴覚士による場合 245点（180点 ）ハ 言語聴覚士による場合 200点（146点 ）ハ 言語聴覚士による場合 100点（77点）
（廃用症候群）
二 医師による場合 245点（180点）二 医師による場合 200点 注2（）146点 ）二 医師による場合 100点（77点）
ホ イから二まで以外の場合 100点 注2）
――
 （77点）
180日以内　注） 180日を越えた場合 Ⅰ 147点、  Ⅱ 120点、  Ⅲ 60点
基準算定日数
 廃用症候群120日を越えた場合  Ⅰ 108点、  Ⅱ 88点、  Ⅲ 46点
基準算定日数超過13単位/1月
早期リハビリ
１単位／25点　＊発症、手術、急性憎悪から30日間に限り
テーション加算
初期加算1単位／45点　＊発症、手術、急性憎悪から14日間に限り
急性期リハビリ１単位／50点　＊発症、手術、急性憎悪から14日間に限り
テーション加算  注３）＊入院中の患者に限る
病院・診療所：いずれも160㎡以上病院：100㎡以上、診療所：45㎡以上
施設面積  注4）＊内法による測定＊内法による測定
言語聴覚療法を行う場合は8㎡以上の個別療法室1室以上
兼任兼用スペース兼用・スタッフ兼任可
専任の常勤医師　２名以上専任の常勤医師　１名以上
（そのうち１名は、３年以上の臨床経験
医師  注5）
又は研修会・講習会の受講歴（講師歴）
を有すること。）
次の条件で合計10名以上次の条件で合計4名以上次の条件で1名以上
専従の常勤理学療法士　５名以上専従の常勤理学療法士　１名以上専従の常勤理学療法士
セラピスト 注6）
専従の常勤作業療法士　３名以上専従の常勤作業療法士　１名以上専従の常勤作業療法士
言語聴覚療法を行う場合は、言語聴覚療法を行う場合は、専従の常勤言語聴覚士
専従の常勤言語聴覚士1名以上専従の常勤言語聴覚士　1名以上
患者１人につき１日６単位（別に厚生労働大臣が定める患者については１日９単位）に限り算定できるものとする。
算定
従事者１人につき１日18単位を標準とし、週108単位までとする。ただし、１日24単位を上限とする。
ア　急性発症した脳血管疾患又はその手術後の患者　キ　顎・口腔の先天異常に伴う構音障害を有する患者
イ　急性発症した中枢神経疾患又はその手術後の患者ク　舌悪性腫瘍等の手術による構音障害を有する患者
ウ　神経疾患の患者ケ　 リハビリテーションを要する患者であって、一定程度以
対象患者エ　慢性の神経筋疾患の患者上の基本動作能力、応用動作能力、言語聴覚能力及び
オ　失語症、失認及び失行症、高次脳機能障害の患者日常生活能力の低下を来している患者
カ　 難聴や人工内耳植込手術等に伴う聴覚・言語機能の 
障害を有する患者
歩行補助具、訓練マット、治療台、砂嚢などの重錘、各種測定用器具（角度計・握力歩行補助具、訓練マット、治療台,砂嚢
計等）、血圧計、平行棒、傾斜台、姿勢矯正用鏡、各種車椅子、各種歩行補助具、各などの重錘、各種測定用器具 等
種装具（長・短下肢装具等）、家事用設備、各種日常生活動作用設備 等
器械・器具言語聴覚療法を行う場合は聴力検査機器、音声録音再生装置、ビデオ録画システム 等
必要に応じ、麻痺側の関節の屈曲・伸
展を補助し運動量を増加させるための―
リハ用医療機器
注１）脳血管疾患等リハ（Ⅰ（）Ⅱ（）Ⅲ）の届出を行った保険医療機関においては、廃用症候群リハの届出を行う必要はない。
注2）脳 血管疾患等リハ（Ⅱ（）Ⅲ）の届出を行った保険医療機関において、理学療法士及び作業療法士又は言語聴覚士以外に、運動療法機能訓練技能講習会を受講するとともに、定
期的に適切な研修を修了したあん摩マッサージ指圧師等の従事者が訓練を行った場合については、当該療法を実施するに当たり、医師又は理学療法士が事前に指示を行い、
かつ事後に当該療法に係る報告を受ける場合であって他の算定条件を満たす場合に限り、脳血管疾患等リハ料（Ⅲ）の所定点数を算定できる。
注3）急性期リハビリテーション加算の対象患者 
 ア ADLの評価であるBIが10点以下のもの。 
 イ 認知症高齢者の日常生活自立度がランクM以上に該当するもの。 
 ウ  以下に示す処置等が実施されているもの。 
①動脈圧測定（動脈ライン）②シリンジポンプの管理 ③中心静脈圧測定（中心静脈ライン）④人工呼吸器の管理 ⑤輸血や血液製剤の管理 
⑥特殊な治療法等（CHDF、IABP、PCPS、補助人工心臓、ICP測定、ECMO）
 エ「  A220-2」特定感染症入院医療管理加算の対象となる感染症、感染症法第6条第3項に規定する二類感染症及び同法同条第7項に規定する新型インフルエンザ等感染
症の患者及び当該感染症を疑う患者。ただし、類似症患者については初日に限り算定する。
注4） 平成26年３月31日において、現に当該リハビリテーション料の届出を行っている保険医療機関については、当該機能訓練室の増築又は全面的な改築を行うまでの間は、内
法の規定を満たしているものとする。   
注5） 週３日以上常態として勤務しており、かつ、所定労働時間が週22時間以上の勤務を行っている専任の非常勤医師を２名以上組み合わせることにより、常勤医師の勤務時間帯
と同じ時間帯にこれらの非常勤医師が配置されている場合には、当該医師の実労働時間を常勤換算し常勤医師数に算入することができる。ただし、脳血管疾患等のリハビリ
テーション医療に関する３年以上の臨床経験又は脳血管疾患等のリハビリテーション医療に関する研修会、講習会の受講歴（又は講師歴）を有する常勤医師についてこれらの
非常勤医師による常勤換算を行う場合にあっては、当該経験又は受講歴（又は講師歴）を有する非常勤医師に限る。
注6） 週３日以上常態として勤務しており、かつ、所定労働時間が週22時間以上の勤務を行っている専従の非常勤セラピストをそれぞれ２名以上組み合わせることにより、常勤セラ
ピストの勤務時間帯と同じ時間帯にこれらの非常勤セラピストがそれぞれ配置されている場合には、これらの非常勤セラピストの実労働時間を常勤換算し常勤セラピスト数
にそれぞれ算入することができる。ただし、常勤換算し常勤セラピスト数に算入することができるのは（、Ⅰ）では常勤配置のうち理学療法士は４名、作業療法士は２名、言語聴
覚士は１名までに限る。（Ⅱ）では各１名まで。
一覧表は2024年6月現在の情報での簡易一覧です。内容の詳細や最新の情報は最寄りの営業所にお問い合わせください。   
374"
376,MMTYK0A6Q9W4M,資料,施設基準簡易一覧表,375注１） 運動器リハビリテーション料（Ⅰ）・（Ⅱ）の届出を行った保険医療機関において、理学療法士及び作業療法士以外に、適切な運動器リハビリテーションに係る研修を修了したあん摩マッサージ指圧師等の従事者が訓練を行った場合については、当該療法を実施するに当たり、医師又は理学療法士が事前に指示を行い、かつ事後に当該療法に係る報告を受ける場合であって他の算定条件を満たす場合に限り、運動器リハビリテーション料（Ⅲ）の所定点数を算定できる。注2） 運動器リハビリテーション料（Ⅲ）の届出を行った保険医療機関において、理学療法士及び作業療法士以外に、運動療法機能訓練技能講習会を受講するとともに、定期的に適切な研修を修了しているあん摩マッサージ指圧師等の従事者が訓練を行った場合については、当該療法を実施するに当たり、医師又は理学療法士が事前に指示を行い、かつ事後に当該療法に係る報告を受ける場合であって他の算定条件を満たす場合に限り、運動器リハビリテーション料（Ⅲ）の所定点数を算定できる。注3）急性期リハビリテーション加算の対象患者 ア ADLの評価であるBIが10点以下のもの。 イ 認知症高齢者の日常生活自立度がランクM以上に該当するもの。 ウ  以下に示す処置等が実施されているもの。 ①動脈圧測定（動脈ライン）②シリンジポンプの管理 ③中心静脈圧測定（中心静脈ライン）④人工呼吸器の管理 ⑤輸血や血液製剤の管理 ⑥特殊な治療法等（CHDF、IABP、PCPS、補助人工心臓、ICP測定、ECMO）エ 「 A220-2」特定感染症入院医療管理加算の対象となる感染症、感染症法第6条第3項に規定する二類感染症及び同法同条第7項に規定する新型インフルエンザ等感染症の患者及び当該感染症を疑う患者。ただし、類似症患者については初日に限り算定する。注4） 平成26年３月31日において、現に当該リハビリテーション料の届出を行っている保険医療機関については、当該機能訓練室の増築又は全面的な改築を行うまでの間は、内法の規定を満たしているものとする。 注5） 週３日以上常態として勤務しており、かつ、所定労働時間が週22時間以上の勤務を行っている運動器リハビリテーションの経験を有する専任の非常勤医師を２名以上組み合わせることにより、常勤医師の勤務時間帯と同じ時間帯にこれらの非常勤医師が配置されている場合には、当該基準を満たしていることとみなすことができる。 注6） 週３日以上常態として勤務しており、かつ、所定労働時間が週22時間以上の勤務を行っている専従の非常勤理学療法士又は非常勤作業療法士をそれぞれ２名以上組み合わせることにより、常勤理学療法士又は常勤作業療法士の勤務時間帯と同じ時間帯にこれらの非常勤理学療法士又は非常勤作業療法士がそれぞれ配置されている場合には、これらの非常勤理学療法士又は非常勤作業療法士の実労働時間を常勤換算し常勤理学療法士数又は常勤作業療法士数にそれぞれ算入することができる。ただし、常勤換算し常勤理学療法士数又は常勤作業療法士数に算入することができるのは、常勤配置のうちそれぞれ１名までに限る。 一覧表は2024年6月現在の情報での簡易一覧です。内容の詳細や最新の情報は最寄りの営業所にお問い合わせください。 病院：100㎡以上、診療所：45㎡以上＊内法による測定経験を有する専任の常勤医師　１名以上次の条件で 合計4名以上専従の常勤理学療法士専従の常勤作業療法士Ｈ002運動器リハビリテーション料ⅠⅡⅢ――        イ 理学療法士による場合 170点ロ 作業療法士による場合 170点ハ 医師による場合 170点150日以内＊150日を超えた場合 Ⅰ 111点　 Ⅱ 102点　Ⅲ 51点13単位/1月１単位／25点 ＊発症、手術、急性増悪から30日間に限り1単位／45点＊発症、手術、急性増悪から14日間に限り1単位／50点＊発症、手術、急性増悪から14日間に限り＊入院中の患者に限るスペース兼用・スタッフ兼任可次の条件で合計2名以上専従の常勤理学療法士専従の常勤作業療法士イ 理学療法士による場合 85点ロ 作業療法士による場合 85点ハ 医師による場合 85点二 イからハまで以外の場合 85点注1）注2）病院・診療所：いずれも45㎡以上＊内法による測定専任の常勤医師　１名以上次の条件で合計１名以上専従の常勤理学療法士専従の常勤作業療法士歩行補助具、訓練マット、治療台、砂嚢などの重錘、各種測定用器具 等イ 理学療法士による場合 185点ロ 作業療法士による場合 185点点数ハ 医師による場合 185点基準算定日数基準算定日数超過早期リハビリテーション加算初期加算急性期リハビリテーション加算  注3）施設面積  注4）兼任兼用医師  注5）セラピスト 注6）算定患者１人につき１日６単位（別に厚生労働大臣が定める患者については１日９単位）に限り算定できるものとする。従事者１人につき１日18単位を標準とし、週108単位までとする。ただし、１日24単位を上限とする。対象患者ア　急性発症した運動器疾患又はその手術後の患者イ　慢性の運動器疾患により、一定程度以上の運動機能の低下及び日常生活能力の低下を来している患者各種測定用器具（角度計、握力計等）、血圧計、平行棒、姿勢矯正用鏡、各種車椅子、各種歩行補助具 等器械・器具,"Ｈ002
運動器リハビリテーション料
ⅠⅡⅢ
イ 理学療法士による場合 185点イ 理学療法士による場合 170点イ 理学療法士による場合 85点
ロ 作業療法士による場合 185点ロ 作業療法士による場合 170点ロ 作業療法士による場合 85点
点数ハ 医師による場合 185点ハ 医師による場合 170点ハ 医師による場合 85点
二 イからハまで以外の場合 85点
――
注1）注2）
150日以内
基準算定日数
＊150日を超えた場合 Ⅰ 111点　 Ⅱ 102点　Ⅲ 51点
基準算定日数超過13単位/1月
早期
１単位／25点 
リハビリテーション
＊発症、手術、急性増悪から30日間に限り
加算
1単位／45点
初期加算
＊発症、手術、急性増悪から14日間に限り
急性期1単位／50点
リハビリテーション＊発症、手術、急性増悪から14日間に限り
加算  注3）＊入院中の患者に限る
病院：100㎡以上、診療所：45㎡以上病院・診療所：いずれも45㎡以上
施設面積  注4）
＊内法による測定＊内法による測定
兼任兼用スペース兼用・スタッフ兼任可
医師  注5）経験を有する専任の常勤医師　１名以上専任の常勤医師　１名以上
次の条件で 合計4名以上次の条件で合計2名以上次の条件で合計１名以上
セラピスト 注6）
専従の常勤理学療法士専従の常勤理学療法士専従の常勤理学療法士
専従の常勤作業療法士専従の常勤作業療法士専従の常勤作業療法士
患者１人につき１日６単位（別に厚生労働大臣が定める患者については１日９単位）に限り算定できるものとする。
算定
従事者１人につき１日18単位を標準とし、週108単位までとする。ただし、１日24単位を上限とする。
ア　急性発症した運動器疾患又はその手術後の患者
対象患者
イ　慢性の運動器疾患により、一定程度以上の運動機能の低下及び日常生活能力の低下を来している患者
各種測定用器具（角度計、握力計等）、血圧計、平行棒、姿勢矯正用鏡、各種車椅歩行補助具、訓練マット、治療台、砂嚢
器械・器具
子、各種歩行補助具 等などの重錘、各種測定用器具 等
注１） 運動器リハビリテーション料（Ⅰ）・（Ⅱ）の届出を行った保険医療機関において、理学療法士及び作業療法士以外に、適切な運動器リハビリテーションに係る研修を修了したあん
摩マッサージ指圧師等の従事者が訓練を行った場合については、当該療法を実施するに当たり、医師又は理学療法士が事前に指示を行い、かつ事後に当該療法に係る報告
を受ける場合であって他の算定条件を満たす場合に限り、運動器リハビリテーション料（Ⅲ）の所定点数を算定できる。
注2） 運動器リハビリテーション料（Ⅲ）の届出を行った保険医療機関において、理学療法士及び作業療法士以外に、運動療法機能訓練技能講習会を受講するとともに、定期的に適切
な研修を修了しているあん摩マッサージ指圧師等の従事者が訓練を行った場合については、当該療法を実施するに当たり、医師又は理学療法士が事前に指示を行い、かつ事
後に当該療法に係る報告を受ける場合であって他の算定条件を満たす場合に限り、運動器リハビリテーション料（Ⅲ）の所定点数を算定できる。
注3）急性期リハビリテーション加算の対象患者 
 ア ADLの評価であるBIが10点以下のもの。 
 イ 認知症高齢者の日常生活自立度がランクM以上に該当するもの。 
 ウ  以下に示す処置等が実施されているもの。 
①動脈圧測定（動脈ライン）②シリンジポンプの管理 ③中心静脈圧測定（中心静脈ライン）④人工呼吸器の管理 ⑤輸血や血液製剤の管理 
⑥特殊な治療法等（CHDF、IABP、PCPS、補助人工心臓、ICP測定、ECMO）
 エ「  A220-2」特定感染症入院医療管理加算の対象となる感染症、感染症法第6条第3項に規定する二類感染症及び同法同条第7項に規定する新型インフルエンザ等感染
症の患者及び当該感染症を疑う患者。ただし、類似症患者については初日に限り算定する。
注4） 平成26年３月31日において、現に当該リハビリテーション料の届出を行っている保険医療機関については、当該機能訓練室の増築又は全面的な改築を行うまでの間は、内
法の規定を満たしているものとする。   
注5） 週３日以上常態として勤務しており、かつ、所定労働時間が週22時間以上の勤務を行っている運動器リハビリテーションの経験を有する専任の非常勤医師を２名以上組み合
わせることにより、常勤医師の勤務時間帯と同じ時間帯にこれらの非常勤医師が配置されている場合には、当該基準を満たしていることとみなすことができる。 
注6） 週３日以上常態として勤務しており、かつ、所定労働時間が週22時間以上の勤務を行っている専従の非常勤理学療法士又は非常勤作業療法士をそれぞれ２名以上組み合わ
せることにより、常勤理学療法士又は常勤作業療法士の勤務時間帯と同じ時間帯にこれらの非常勤理学療法士又は非常勤作業療法士がそれぞれ配置されている場合には、
これらの非常勤理学療法士又は非常勤作業療法士の実労働時間を常勤換算し常勤理学療法士数又は常勤作業療法士数にそれぞれ算入することができる。ただし、常勤換算
し常勤理学療法士数又は常勤作業療法士数に算入することができるのは、常勤配置のうちそれぞれ１名までに限る。 
一覧表は2024年6月現在の情報での簡易一覧です。内容の詳細や最新の情報は最寄りの営業所にお問い合わせください。   
375"
377,MMTYK0CAAIX8E,資料,施設基準簡易一覧表,疾患別リハビリテーション施設基準簡易一覧表376ⅠⅡ         イ 理学療法士による場合 85点ロ 作業療法士による場合 85点ハ 言語聴覚士による場合 85点二 医師による場合 85点病院・診療所：いずれも45㎡以上＊内法による測定専任の常勤医師　１名以上次の条件で合計1名以上専従の常勤理学療法士専従の常勤作業療法士専従の常勤言語聴覚士注1）急性期リハビリテーション加算の対象患者 ア ADLの評価であるBIが10点以下のもの。 イ 認知症高齢者の日常生活自立度がランクM以上に該当するもの。 ウ  以下に示す処置等が実施されているもの。 ①動脈圧測定（動脈ライン）②シリンジポンプの管理 ③中心静脈圧測定（中心静脈ライン）④人工呼吸器の管理 ⑤輸血や血液製剤の管理 ⑥特殊な治療法等（CHDF、IABP、PCPS、補助人工心臓、ICP測定、ECMO）エ 「 A220-2」特定感染症入院医療管理加算の対象となる感染症、感染症法第6条第3項に規定する二類感染症及び同法同条第7項に規定する新型インフルエンザ等感染症の患者及び当該感染症を疑う患者。ただし、類似症患者については初日に限り算定する。注2） 平成26年３月31日において、現に当該リハビリテーション料の届出を行っている保険医療機関については、当該機能訓練室の増築又は全面的な改築を行うまでの間は、内法の規定を満たしているものとする。 注3） 週３日以上常態として勤務しており、かつ、所定労働時間が週22時間以上の勤務を行っている呼吸器リハビリテーションの経験を有する専任の非常勤医師を２名以上組み合わせることにより、常勤医師の勤務時間帯と同じ時間帯にこれらの非常勤医師が配置されている場合には、当該基準を満たしていることとみなすことができる。 注4） 週３日以上常態として勤務しており、かつ、所定労働時間が週22時間以上の勤務を行っている専従の非常勤セラピストをそれぞれ２名以上組み合わせることにより、常勤セラピストの勤務時間帯と同じ時間帯にこれらの非常勤セラピストがそれぞれ配置されている場合には、これらの非常勤セラピストの実労働時間を常勤換算し常勤セラピスト数にそれぞれ算入することができる。ただし、常勤換算し常勤セラピスト数に算入することができるのは、常勤配置のうちそれぞれ１名までに限る。また、呼吸器リハビリテーションの経験を有する専従の常勤理学療法士について当該非常勤理学療法士による常勤換算を行う場合にあっては、当該経験を有する専従の非常勤理学療法士に限る。 一覧表は2024年6月現在の情報での簡易一覧です。内容の詳細や最新の情報は最寄りの営業所にお問い合わせください。 イ 理学療法士による場合 175点ロ 作業療法士による場合 175点ハ 言語聴覚士による場合 175点二 医師による場合 175点病院：100㎡以上、診療所：45㎡以上＊内法による測定経験を有する専任の常勤医師　１名以上次の条件で合計２名以上経験を有する専従の常勤理学療法士  １名以上常勤理学療法士常勤作業療法士常勤言語聴覚士患者１人につき１日６単位（別に厚生労働大臣が定める患者については１日９単位）に限り算定従事者１人につき１日18単位を標準とし、週108単位までとする。ただし、１日24単位を上限とする。ア　急性発症した呼吸器疾患の患者イ　肺腫瘍、胸部外傷その他の呼吸器疾患又はその手術後の患者ウ　慢性の呼吸器疾患により、一定程度以上の重症の呼吸困難や日常生活能力の低下を来している患者エ　食道癌、胃癌、肝臓癌、咽・喉頭癌・大腸癌・卵巣癌・膵癌等の手術前後の呼吸機能訓練を要する患者呼吸機能検査機器、血液ガス検査機器 等Ｈ003呼吸器リハビリテーション料90日以内13単位/1月１単位／25点＊発症、手術、急性憎悪から7日目又は治療開始日のいずれか早いものから起算して30日間に限り＊入院中の患者に限る1単位／45点＊発症、手術、急性憎悪から7日目又は治療開始日のいずれか早いものから起算して14日間に限り＊入院中の患者に限る1単位／50点＊発症、手術、急性憎悪から7日目又は治療開始日のいずれか早いものから起算して14日間に限り＊入院中の患者に限るスペース兼用・スタッフ兼任可点数基準算定日数基準算定日数超過早期リハビリテーション加算初期加算急性期リハビリテーション加算  注1）施設面積  注2）兼任兼用医師  注3）セラピスト 注4）算定対象患者器械・器具,"疾患別リハビリテーション施設基準簡易一覧表
Ｈ003
呼吸器リハビリテーション料
ⅠⅡ
イ 理学療法士による場合 175点イ 理学療法士による場合 85点
ロ 作業療法士による場合 175点ロ 作業療法士による場合 85点
点数
ハ 言語聴覚士による場合 175点ハ 言語聴覚士による場合 85点
二 医師による場合 175点二 医師による場合 85点
基準算定日数90日以内
基準算定日数超過13単位/1月
早期１単位／25点
リハビリテーション＊発症、手術、急性憎悪から7日目又は治療開始日のいずれか早いものから起算して30日間に限り
加算＊入院中の患者に限る
1単位／45点
初期加算＊発症、手術、急性憎悪から7日目又は治療開始日のいずれか早いものから起算して14日間に限り
＊入院中の患者に限る
急性期1単位／50点
リハビリテーション＊発症、手術、急性憎悪から7日目又は治療開始日のいずれか早いものから起算して14日間に限り
加算  注1）＊入院中の患者に限る
病院：100㎡以上、診療所：45㎡以上病院・診療所：いずれも45㎡以上
施設面積  注2）
＊内法による測定＊内法による測定
兼任兼用スペース兼用・スタッフ兼任可
医師  注3）経験を有する専任の常勤医師　１名以上専任の常勤医師　１名以上
次の条件で合計２名以上次の条件で合計1名以上
経験を有する専従の常勤理学療法士  １名以上専従の常勤理学療法士
セラピスト 注4）
常勤理学療法士専従の常勤作業療法士
常勤作業療法士専従の常勤言語聴覚士
常勤言語聴覚士
患者１人につき１日６単位（別に厚生労働大臣が定める患者については１日９単位）に限り算定従事者１人につき１日18単位を
算定
標準とし、週108単位までとする。ただし、１日24単位を上限とする。
ア　急性発症した呼吸器疾患の患者
イ　肺腫瘍、胸部外傷その他の呼吸器疾患又はその手術後の患者
対象患者
ウ　慢性の呼吸器疾患により、一定程度以上の重症の呼吸困難や日常生活能力の低下を来している患者
エ　食道癌、胃癌、肝臓癌、咽・喉頭癌・大腸癌・卵巣癌・膵癌等の手術前後の呼吸機能訓練を要する患者
器械・器具呼吸機能検査機器、血液ガス検査機器 等
注1）急性期リハビリテーション加算の対象患者 
 ア ADLの評価であるBIが10点以下のもの。 
 イ 認知症高齢者の日常生活自立度がランクM以上に該当するもの。 
 ウ  以下に示す処置等が実施されているもの。 
①動脈圧測定（動脈ライン）②シリンジポンプの管理 ③中心静脈圧測定（中心静脈ライン）④人工呼吸器の管理 ⑤輸血や血液製剤の管理 
⑥特殊な治療法等（CHDF、IABP、PCPS、補助人工心臓、ICP測定、ECMO）
 エ「  A220-2」特定感染症入院医療管理加算の対象となる感染症、感染症法第6条第3項に規定する二類感染症及び同法同条第7項に規定する新型インフルエンザ等感染
症の患者及び当該感染症を疑う患者。ただし、類似症患者については初日に限り算定する。
注2） 平成26年３月31日において、現に当該リハビリテーション料の届出を行っている保険医療機関については、当該機能訓練室の増築又は全面的な改築を行うまでの間は、内
法の規定を満たしているものとする。   
注3） 週３日以上常態として勤務しており、かつ、所定労働時間が週22時間以上の勤務を行っている呼吸器リハビリテーションの経験を有する専任の非常勤医師を２名以上組み合
わせることにより、常勤医師の勤務時間帯と同じ時間帯にこれらの非常勤医師が配置されている場合には、当該基準を満たしていることとみなすことができる。 
注4） 週３日以上常態として勤務しており、かつ、所定労働時間が週22時間以上の勤務を行っている専従の非常勤セラピストをそれぞれ２名以上組み合わせることにより、常勤セ
ラピストの勤務時間帯と同じ時間帯にこれらの非常勤セラピストがそれぞれ配置されている場合には、これらの非常勤セラピストの実労働時間を常勤換算し常勤セラピスト
数にそれぞれ算入することができる。ただし、常勤換算し常勤セラピスト数に算入することができるのは、常勤配置のうちそれぞれ１名までに限る。また、呼吸器リハビリテー
ションの経験を有する専従の常勤理学療法士について当該非常勤理学療法士による常勤換算を行う場合にあっては、当該経験を有する専従の非常勤理学療法士に限る。 
 
一覧表は2024年6月現在の情報での簡易一覧です。内容の詳細や最新の情報は最寄りの営業所にお問い合わせください。   
376"
378,MMTYK0DSAP7Y1,資料,減価償却・法定耐用年数,減価償却・法定耐用年数について（参考）細 目耐用年数4年5年7年6年6年7年6年8年4年6年3年10年5年377減価償却資産の耐用年数等に関する省令（抜粋） 別表第一　機械及び装置以外の有形減価償却資産の耐用年数表より 構造又は用途医療機器※介護用入浴機器の法定耐用年数に関しては、「平成12年3月10日／厚生省老人保健福祉局老人福祉計画課長通達  老計第8号  指定介護老人福祉施設等に係わる会計処理等の取り扱いについて」（最終改訂平成19年7月6日老計発第0706001号）で、『介護用リフト・痴呆性徘徊防止用監視装置・特殊浴槽（特殊浴室）等は、その機械部分については、器具及び備品の「8医療機器」の耐用年数が適用される。』と示されており、一般的に6年が適用されます。実際の取り扱いに当たっては、税務署や御社の税理士・公認会計士等の専門家にお問い合わせいただくことをおすすめいたします。消毒殺菌用機器手術機器血液透析又は血しょう交換用機器ハバードタンクその他の作動部分を有する機能回復訓練機器調剤機器歯科診療用ユニット光学検査機器　ファイバースコープ　その他のものその他のものレントゲンその他の電子装置を使用する機器　移動式のもの、救急医療用のもの、自動血液分析器　その他のものその他のもの　陶磁器製・ガラス製のもの　主として金属製のもの　その他のものは弊社の製品に該当するもの。,"減価償却・法定耐用年数について（参考）
減価償却資産の耐用年数等に関する省令（抜粋）  
別表第一　機械及び装置以外の有形減価償却資産の耐用年数表より  
構造又は用途細 目耐用年数
消毒殺菌用機器4年
手術機器5年
血液透析又は血しょう交換用機器7年
ハバードタンクその他の作動部分を有する機能回復訓練機器6年
調剤機器6年
歯科診療用ユニット7年
光学検査機器
　ファイバースコープ6年
医療機器　その他のもの8年
その他のもの
レントゲンその他の電子装置を使用する機器
　移動式のもの、救急医療用のもの、自動血液分析器4年
　その他のもの6年
その他のもの
　陶磁器製・ガラス製のもの3年
　主として金属製のもの10年
　その他のもの5年
は弊社の製品に該当するもの。
※介護用入浴機器の法定耐用年数に関しては「、平成12年3月10日／厚生省老人保健福祉局老人福祉計画課長通達  老計第
8号  指定介護老人福祉施設等に係わる会計処理等の取り扱いについて（」最終改訂平成19年7月6日老計発第0706001号）
で、『介護用リフト・痴呆性徘徊防止用監視装置・特殊浴槽（特殊浴室）等は、その機械部分については、器具及び備品の「8医
療機器」の耐用年数が適用される。』と示されており、一般的に6年が適用されます。
実際の取り扱いに当たっては、税務署や御社の税理士・公認会計士等の専門家にお問い合わせいただくことをおすすめいたし
ます。
377"
379,MMTYK0FR55PUD,資料,企業情報,QMA-16558JQA-MD0005ISO13485企業情報私たちは、医療・福祉・保健の分野において、健康を願う人、支える人、双方の信頼に応え、価値ある製品とサービスを提供し、いきいきとした豊かな社会づくりに貢献します。SAKAImed  品質方針会社概要ISO認証取得日本介護用入浴機器工業会378社　　名 創　　業  1881年（明治14年）3月設　　立  1939年（昭和14年）12月資  本  金  90百万円第2種医療機器製造販売業医療機器製造業高度管理医療機器等販売業医療機器修理業建設業（建設業の種類：管工事業、機械器具設置工事業、電気工事業）宅地建物取引業1.当社は、顧客の満足を得る製品及びサービスを提供する2. 当社は、要求事項への適合と品質マネジメントシステムの 有効性について継続的に改善し維持する3. 当社は、医療機器の品質、有効性及び安全性の確保に関する法令・規制要求事項に適合するよう継続的な改善を行う4.当社は、常にオーナーシップをもって協働して仕事に取り組む金沢・関西・広島・高松・福岡・鹿児島・テクノセンター・ 白井第一工場・白井第二工場・白井物流センターSAKAImedは、品質マネジメントシステムのグローバルスタンダードであるISO9001と医療機器一規制目的のための品質マネジメントシステムISO13485を取得しております。介護用入浴機器・介護用品を主とした福祉機器の開発・製造・ 販売・輸出トレーニングマシンを主としたメディカルフィットネス機器の開発・製造・販売・輸出医療・福祉・保健関連機器の輸入・販売ネットワーク 札幌・盛岡・仙台・新潟・埼玉・千葉・東京・横浜・名古屋・長野・事業の種類リハビリテーションを主とした医療機器の開発・製造・販売・輸出国際規格 ISO9001／ISO13485認証取得ISO9001当社は日本介護用入浴機器工業会の会員として、超高齢社会における入浴介助の負担軽減とQOL向上を目指し、先進技術と安全設計を調和させた製品開発に取り組んでいます。品質確保、正しい使用方法の啓発を推進し、介護現場の生産性向上と、安心・快適な入浴環境の提供を通じて、医療・福祉の発展に貢献します。酒井医療株式会社は、シップヘルスケアグループの一員です。ヘルスケアのトータルプロデュース企業として、グループの総力を結集し、「生命を守る人の環境づくり」に貢献します。,"企業情報
私たちは、医療・福祉・保健の分野において、
健康を願う人、支える人、双方の信頼に応え、
価値ある製品とサービスを提供し、
いきいきとした豊かな社会づくりに貢献します。
会社概要
社　　名 
ネットワーク
創　　業  1881年（明治14年）3月 札幌・盛岡・仙台・新潟・埼玉・千葉・東京・横浜・名古屋・長野・
金沢・関西・広島・高松・福岡・鹿児島・テクノセンター・ 
設　　立  1939年（昭和14年）12月
白井第一工場・白井第二工場・白井物流センター
資  本  金  90百万円
事業の種類
第2種医療機器製造販売業
リハビリテーションを主とした医療機器の開発・製造・販売・輸出
医療機器製造業
高度管理医療機器等販売業介護用入浴機器・介護用品を主とした福祉機器の開発・製造・ 
医療機器修理業販売・輸出
建設業
トレーニングマシンを主としたメディカルフィットネス機器の開発・
（建設業の種類：管工事業、機械器具設置工事業、電気工事業）
製造・販売・輸出
宅地建物取引業
医療・福祉・保健関連機器の輸入・販売
酒井医療株式会社は、シップヘルスケアグループの一員です。
ヘルスケアのトータルプロデュース企業として、グループの総力を結集し、
「生命を守る人の環境づくり」に貢献します。
ISO認証取得
SAKAImed  品質方針国際規格 ISO9001／ISO13485認証取得
1.当社は、顧客の満足を得る製品及びサービスを提供するSAKAImedは、品質マネジメントシステムのグローバルスタン
2. 当社は、要求事項への適合と品質マネジメントシステムの ダードであるISO9001と医療機器一規制目的のための品質マ
有効性について継続的に改善し維持するネジメントシステムISO13485を取得しております。
3. 当社は、医療機器の品質、有効性及び安全性の確保に関する
ISO9001ISO13485
法令・規制要求事項に適合するよう継続的な改善を行う
4.当社は、常にオーナーシップをもって協働して仕事に取り組む
QMA-16558JQA-MD0005
日本介護用入浴機器工業会
当社は日本介護用入浴機器工業会の会員として、超高齢社会における入浴介助の負担軽減とQOL向上を目指
し、先進技術と安全設計を調和させた製品開発に取り組んでいます。
品質確保、正しい使用方法の啓発を推進し、介護現場の生産性向上と、安心・快適な入浴環境の提供を通じて、
医療・福祉の発展に貢献します。
378"
380,MMTYK0H78SD8R,資料,品名インデックス,1〜0・A〜W・あKTUVACDEGあPRS品名インデックス 五十音順あ〜か品名インデックス 五十音順IInBody WWILMO（ウィルモ） LLIV脚部のみ（POPO Li用サスペンションアーム） 135MMC-780A 専用印刷台紙（タニタマルチ周波数体組成計） 93NNV191 専用印刷台紙（タニタマルチ周波数体組成計）  92・93HHAL®腰タイプ介護・自立支援用1 ～ 0品名インデックス3446471108・1091131136419069・22627627627681171・173140207204206272・2731101101111131921922225759110931983498634689〜91342342162911906530972・1942181391392341358282823462152542742753478888・20025025225626485192252174・23322535972・1941422291651891892122122122407376231357325・329357・358・361147・1481175914579153604559208208316319298256342379KINUAMI CareKINUAMI 業務用専用ボデイソープKT TAPE PROLookin Body120Lサイズベルト脚用（エクセレントメドマー）MC-780-MA-N 専用印刷台紙（タニタマルチ周波数体組成計） 92MC-980A plus 専用印刷台紙（タニタマルチ周波数体組成計） 93MFTPAO（介護用入浴機器）PMSコイル PPウェビングPro（ウッドウェイ大型トレッドミル）Pro XL（ウッドウェイ大型トレッドミル）PSB（ポータブル スプリングバランサー）本体REH脚部のみ（免荷式リフトPOPOLi）Revo・テイラーセットRevo・メジャーセットRevo・勝沼セットROBOHELPER SASUKERフォーム2 ソフトストラップ SA用バッグ（スマートオージオ）SHIP マスクSHSハイジェニックオートモップSOEL CXSONON 300CSONON 500L STELASwallowchairⅡ（摂食嚥下練習用いす）2段用脱衣カゴ2Dシステム専用ケーブル3本セット3Dバランス訓練ソフト 映像同期機能3e fit ｅ 3WayBox 40・50・603WayBox 60・70・804 FRONT（ウッドウェイ 省スペース用トレッドミル） 1395m用バッグ（オプトゲイト）6連ホース（フィジカルメドマー）9ホールペグテスト A2CareA2Care 300mL スプレーA2Care 業務用詰替 18LACL用アタッチメントACアダプタ ACトレッドミルADLキッチンADLシミュレーションシステムADLトレーニングユニットAirness (エアネス) C10オールインワントレーナーC10スライディングベンチCDダンベルCRG AKTIVLOKD-Actorアプリケータ20mmD-Actorアプリケータ35mmD-リング リストブレースEMGプローブEMGリード（ロング）G15オールインワントレーナーGP-730プリンタセットGSストレッチャー100HM70 EVOHug T1T型杖U型バスブラシV5VアクターハンドピースセットVF Style（嚥下造影検査用いす）アートモザイコセットアームサポート用カバーアーム付カート アームレストアールライト フォームブロックアイスパックホルダーアクアヴィーナスアクアタイザーアクアチューブアクアプラスト ウォーターカラーズアクアプラスト-Tアクティーモ NR握力計握力センサーアクリルコーン足浮き防止ベルト足受けボード 足受マット 足腕固定バンド アシストストラップ圧センサーアップライトバイクアドバンテージ BX PCパックアトラスアナログ入力ケーブルアナログ入力ボードアナログ入力リード洗い場洗い場用ガードアラエル（介護用入浴機器）アラエル専用 ボディシャンプーS 4Lアリッサム（介護用入浴機器）アルミ杖泡シャワー KINUAMI Care,"品名インデックス
品品
名名
イイ
 1 ～0IT
ンン
2段用脱衣カゴ344InBody 89〜91T型杖256
デデ
2Dシステム専用ケーブル3本セット64
ッッ
3Dバランス訓練ソフト 映像同期機能71KUクク
3e fit ｅ 108・109KINUAMI Care342U型バスブラシ264スス
  
3WayBox 40・50・60113KINUAMI 業務用専用ボデイソープ342
3WayBox 60・70・80113KT TAPE PRO162V五五
十十
4 FRONT（ウッドウェイ 省スペース用トレッドミル ）139V585
音音
5m用バッグ（オプトゲイト）64LVアクターハンドピースセット192順順
6連ホース（フィジカルメドマー）190LIV脚部のみ（POPO Li用サスペンションアーム ）135VF Style（嚥下造影検査用いす）252
あ
9ホールペグテスト 69・226Lookin Body12091
1〜
Lサイズベルト脚用（エクセレントメドマー）190W
〜か
AWILMO（ウィルモ） 174・233
A2Care276M0
A2Care 300mL スプレー276MC-780A 専用印刷台紙（タニタマルチ周波数体組成計 ）93あ・
A2Care 業務用詰替 18L276MC-780-MA-N 専用印刷台紙（タニタマルチ周波数体組成計 ）92アートモザイコセット225A
ACL用アタッチメント81MC-980A plus 専用印刷台紙（タニタマルチ周波数体組成計 ）93アームサポート用カバー359〜
ACアダプタ 171・173MFT65アーム付カート 72・194
W
ACトレッドミル140アームレスト142
・
ADLキッチン207Nアールライト フォームブロック229
あ
ADLシミュレーションシステム204NV191 専用印刷台紙（タニタマルチ周波数体組成計）  92・93アイスパックホルダー165
ADLトレーニングユニット206アクアヴィーナス189
Airness (エアネス) 272・273Pアクアタイザー189
PAO（介護用入浴機器）309アクアチューブ212
CPMSコイル 72・194アクアプラスト ウォーターカラーズ212
C10オールインワントレーナー110PPウェビング218アクアプラスト-T212
C10スライディングベンチ110Pro（ウッドウェイ大型トレッドミル）139アクティーモ NR240
CDダンベル111Pro X（Lウッドウェイ大型トレッドミル）139握力計73
CRG AKTIVLOK113PSB（ポータブル スプリングバランサー）本体234握力センサー76
アクリルコーン231
DR足浮き防止ベルト357
D-Actorアプリケータ20mm192REH脚部のみ（免荷式リフトPOPOLi）135足受けボード 325・329
D-Actorアプリケータ35mm192Revo・テイラーセット82足受マット 357・358・361
D-リング リストブレース222Revo・メジャーセット82足腕固定バンド 147・148
Revo・勝沼セット82アシストストラップ117
EROBOHELPER SASUKE346圧センサー59
EMGプローブ57Rフォーム2 ソフトストラップ 215アップライトバイク145
EMGリード（ロング）59アドバンテージ BX PCパック79
Sアトラス153
GSA用バッグ（スマートオージオ）254アナログ入力ケーブル60
G15オールインワントレーナー110SHIP マスク274アナログ入力ボード45
GP-730プリンタセット93SHSハイジェニックオートモップ275アナログ入力リード59
GSストレッチャー100198SOEL CX347洗い場208
SONON 300C88洗い場用ガード208
HSONON 500L 88・200アラエル（介護用入浴機器）316
HAL®腰タイプ介護・自立支援用349STELA250アラエル専用 ボディシャンプーS 4L319
HM70 EVO86SwallowchairⅡ（摂食嚥下練習用いす）252アリッサム（介護用入浴機器）298
Hug T1346アルミ杖256
泡シャワー KINUAMI Care342
379"
381,MMTYK0IQW0U71,資料,品名インデックス,あ〜くいうおえかき品名インデックス 五十音順あ〜か品名インデックス 五十音順くクイックスプリント モデル150 364132359211277346334333206158147333585889〜91222262262262174・233232161・23726021221756〜6148・575555624848212103272273150〜153193112158117285・295・297129159125・239127117149190229114186186264264264220220216216120295252174・2336432869643382562622621531121121122491381561757620820882828382598130514731532934911411414785165・1671036532832822321494・9591263141285・295・297・299・31534934915948339333328201199・222190・191257343218256350〜356・358・36011373・105104・148266266380角度計Revo加速度計肩関節用アップグレードキット片持型ストレッチャー（リクシー用）滑車取付金具可動式体重免荷装置 アンウェイシステム ネクステップ  132カトレア（介護用入浴機器）カバー（ホーミィイース）カフパッドカラー延長バンドカラー重錘バンドカラー砂袋カラープリンター渦流浴装置 ワールプール カルファ簡易上肢機能検査 ステフ換気乾燥暖房機換気扇かんたん陶芸セットガントレット・サムスパイカ感熱式プリンタセット 管理ソフト専用パソコンキッチンナイフキネヴィア デュオ気泡浴装置 脚部べルト（合皮タイプ）2本入脚部ベルト（伸縮タイプ）2本入キャスターチェアキャリブレーションマット吸着すべり止めマットC／S給湯ユニット（パンジーi）給湯用水栓キューブアイスメーカー空気圧式マッサージ器 クォードケインクッションカバークッションフォームクラッチ・フレックス ミディアムクリックシャワーヘッド グリッドフォームローラーグリップD（デジタル握力計） グリップサポート 車椅子 アルミ介助型車椅子 アルミ自走型アワスプレーアンウェイシステム ネクステップ安全懸架式リハビリテーションリフト SPシリーズTGウォーク 135安全ベルトイージーフォームイーブロック移乗サポートロボット Hug T1移乗台（チェリー）移乗台（パンジーi）移動壁ユニット移動脚移動式オーバーヘッドフレーム移動式昇降ユニット（パンジーi）インソールスマートリード（両足用）インソールセンサーインボディ インラインスプリントウィル・ファイブ スプーンウィル・ファイブ フォークウィル・ファイブ ユニバーサルウィルモ（WILMO） ウーベルトウェッジ ウォーカーケインウォーターカラーズ薄型フックウルティウム ウルティウム DASH ウルティウム フィードバックアプリウルティウム フィードバックセットV2ウルティウムポータブルラブウルティウムモーションウルティウムモーションセンサーウルトラスィンウルトラファインバブル生成シャワーヘッド ミラブルzero 319運動処方ＡＩアプリ カルファエアネス（Airness）エアネスWallエアレックスマット エイトエクササイズ オリンピックバーエクササイズバー/取付金具エクササイズ ハンドルエクササイズブロックエクササイズベッドエクササイズボール エクササイズミラーエクストリミティ ストラップエクスマットエクセレントメドマーエコパテエスカートエスパックエスパックカバー柄つきくし柄つきバスブラシ柄つきヘアブラシエッジフィニッシャーエマジンバサミエラスティックストラップエラスティックループエルボエレベートバス（介護用入浴機器）嚥下造影検査用いす VF Style塩素殺菌装置 延長ケーブル 延長用バー（オプトゲイト）追い炊き循環金具セットオコナー巧緻テストオプトゲイト折りたたみシャワーチェア折りたたみ杖折り曲げスプーン折り曲げフォークオリンピアオリンピック アームカールバーオリンピックラバーイージーグリッププレートオリンピックラバープレート音声分析ソフト 杉スピーチアナライザーカーブガイドレールセットカイネタイザー外部出力ケーブル開放型浴室セット開放型浴槽角度計・勝沼セット角度計・テイラーセット角度計4点セット,"品品
名名
イイ
アワスプレー364エクササイズブロック129角度計Revo82
ンン
アンウェイシステム ネクステップ132エクササイズベッド159加速度計59
デデ
安全懸架式リハビリテーションリフト SPシリーズTGウォーク 135エクササイズボール 125・239肩関節用アップグレードキット81
ッッ
クク安全ベルト359エクササイズミラー127片持型ストレッチャー（リクシー用）305
ススエクストリミティ ストラップ117滑車取付金具147
  
いエクスマット149可動式体重免荷装置 アンウェイシステム ネクステップ  132
五五イージーフォーム211エクセレントメドマー190カトレア（介護用入浴機器）315
十十
イーブロック277エコパテ229カバー（ホーミィイース）329
音音
順順移乗サポートロボット Hug T1346エスカート114カフパッド349
移乗台（チェリー）334エスパック186カラー延長バンド114
あ
移乗台（パンジーi）333エスパックカバー186カラー重錘バンド114
あ〜
移動壁ユニット206柄つきくし264カラー砂袋147
〜か
移動脚158柄つきバスブラシ264カラープリンター85
く移動式オーバーヘッドフレーム147柄つきヘアブラシ264渦流浴装置 ワールプール 165・167
移動式昇降ユニット（パンジーi）333エッジフィニッシャー220カルファ103
インソールスマートリード（両足用）58エマジンバサミ220簡易上肢機能検査 ステフ65
インソールセンサー58エラスティックストラップ216換気乾燥暖房機328
インボディ 89〜91エラスティックループ216換気扇328
インラインスプリント222エルボ120かんたん陶芸セット223
エレベートバス（介護用入浴機器）295ガントレット・サムスパイカ214
う嚥下造影検査用いす VF Style252感熱式プリンタセット 94・95
ウィル・ファイブ スプーン262塩素殺菌装置 285・295・297管理ソフト専用パソコン91
ウィル・ファイブ フォーク262延長ケーブル 174・233
ウィル・ファイブ ユニバーサル262延長用バー（オプトゲイト）64き
ウィルモ（WILMO） 174・233キッチンナイフ263
ウーベルト232おキネヴィア デュオ141
ウェッジ 161・237追い炊き循環金具セット328気泡浴装置 285・295・297・299・315
ウォーカーケイン260オコナー巧緻テスト69脚部べルト（合皮タイプ）2本入349
ウォーターカラーズ212オプトゲイト64脚部ベルト（伸縮タイプ）2本入349
薄型フック217折りたたみシャワーチェア338キャスターチェア159
ウルティウム 56〜61折りたたみ杖256キャリブレーションマット48
ウルティウム DASH 48・57折り曲げスプーン262吸着すべり止めマットC／S339
ウルティウム フィードバックアプリ55折り曲げフォーク262給湯ユニット（パンジーi）333
ウルティウム フィードバックセットV255オリンピア153給湯用水栓328
ウルティウムポータブルラブ62オリンピック アームカールバー112キューブアイスメーカー201
ウルティウムモーション48オリンピックラバーイージーグリッププレート112
ウルティウムモーションセンサー48オリンピックラバープレート112く
ウルトラスィン212音声分析ソフト 杉スピーチアナライザー249クイックスプリント モデル150 199・222
ウルトラファインバブル生成シャワーヘッド ミラブルzer o319空気圧式マッサージ器 190・191
運動処方ＡＩアプリ カルファ103かクォードケイン257
カーブ138クッションカバー343
えガイドレールセット156クッションフォーム218
エアネス（Airness）272カイネタイザー175クラッチ・フレックス ミディアム256
エアネスWall273外部出力ケーブル76クリックシャワーヘッド 350〜356・358・360
エアレックスマット 150〜153開放型浴室セット208グリッドフォームローラー113
エイト193開放型浴槽208グリップD（デジタル握力計） 73・105
エクササイズ オリンピックバー112角度計・勝沼セット82グリップサポート 104・148
エクササイズバー/取付金具158角度計・テイラーセット82車椅子 アルミ介助型266
エクササイズ ハンドル117角度計4点セット83車椅子 アルミ自走型266
380"
382,MMTYK0KB0FEGN,資料,品名インデックス,く〜すすしけさ品名インデックス 五十音順あ〜か品名インデックス 五十音順こコイルスタンド 268268198・26626894234811732211332361078592・931118525325025372・194642531461138118634934934934920615833328615625815215218985・8791356・360135135189253264243349358357〜359・361〜3641342858323523523525234731573239171・173・18372・194・25133414714726624896299339339337338338338319350〜356・358・36071174・233768314924220824313195205・33314165305245811411491923643492052618545・601308395・105683601272973293292491972211123361161111431122672412256522121826536321760113113309299292381車椅子 エリーゼ車椅子 オアシス リクライニング車椅子 ビッグサイズ 車椅子 フルリクライニング車椅子用体重計車椅子用ブラケットクローズドチェーンアタッチメントグローブ型導子形状記憶ワイヤーゲイトトレーニングシステム３.1ゲートボールセットケーブルカラム S1ケーブルフックゲットインシェイプ ケトルベルゲルウォーマー健口くん言語機能評価システム STELA言語療法テーブル光学式歩行分析装置 オプトゲイト口腔機能測定機器 健口くんコードレスバイクコーナープレート股関節用アップグレードキット固形パラフィン腰部延長ベルト腰部延長ベルトセット 2本入バックル付腰部ベルト（合皮タイプ）腰部べルト（ナイロンタイプ）固定壁ユニット固定脚固定式昇降ユニット（パンジーi）固定式ストレッチャー固定ベルトゴム足（杖用）コロナコロネラコンディショナーコンベックスプローブ サーマルプリンタ用ロール紙サイドカーテン サイドグリップ（SPシリーズ用）サイド手すり（POPO Li用）サイドレールサウンドブロック先曲がり爪切り作業台サポーターベルトサポートマット座面マット 左右分離型低床トレッドミル DLFシリーズサンカメリア（介護用入浴機器）三関節角度計サンディングセットサンディングブロックサンディング用ヤスリ台シートベルト（SwallowchairⅡ用）シーリングリフト SOEL CXシールカバー（カトレア）ジェイマー型油圧握力計ジェットモービルジェル 磁気刺激装置 パスリーダー 仕切りボード（チェリー）自在木付ナス環自在木付把手自走型車椅子失語症リハビリテーション支援システム 花鼓Ⅲ 自動血圧計シニアリビングバス アリッサムシャワーウィールチェアーシャワーキャリーシャワーストレッチャーシャワーチェアシャワーチェア ゴム脚Bシャワーチェア ゴム脚E（GY）シャワードーム（アラエル）シャワーホース 重心バランスシステム充電用ACアダプター 収納ケース（モービィZ）手指用ゴニオメータージョイントマット昇降式リハビリテーブル昇降式洗面ユニット昇降式多目的テーブル昇降式平行棒昇降補助手すり昇降ユニット 上肢・下肢用エルゴメーター キネヴィア デュオ上肢機能検査 MFT上肢用サイドフェンス省スペースタイプハイローテーブル 小児用 膝・肩アタッチメント小児用フットサポーター（左右一式）消防庁認定 防炎マットショックマスターシリコーングリース G501シリコン電極（3個入）自立用金具シルバーカー スルーンボックスN白黒プリンターシンクロライト シンクロレール神中式角度計身長計シルバーワイド 振動覚音叉セット（たたき棒付）進入口カーテン水平位サポート台スーパーラダリバス（介護用入浴機器）据置側面カバー（ホーミィイース）据置背面カバー（ホーミィイース）杉スピーチアナライザースクープエクセルスクリューリベットスクワットパッドスケアリフトスターターディスペンサーパックスタジオFIDベンチスタビライザーキットスタンダード オリンピックバースタンダップチェアスタンディングテーブルスティック工芸セットステフステンレス線（ピアノ線）ストッキネットストッキング・エイドストッパーマットストラップリングストレッチバンドストレッチポールストレッチポール ハーフカットストレッチャー（PAO）ストレッチャー（アリッサム）ストレッチャー（ロベリアプラス）,"品品
名名
イイ
車椅子 エリーゼ268サイド手すり（POPO Li用）135上肢・下肢用エルゴメーター キネヴィア デュオ141
ンン
車椅子 オアシス リクライニング268サイドレール189上肢機能検査 MFT65
デデ
車椅子 ビッグサイズ 198・266サウンドブロック253上肢用サイドフェンス305
ッッ
車椅子 フルリクライニング268先曲がり爪切り264省スペースタイプハイローテーブル 245クク
車椅子用体重計94作業台243小児用 膝・肩アタッチメント81スス
  
車椅子用ブラケット234サポーターベルト349小児用フットサポーター（左右一式）141
クローズドチェーンアタッチメント81サポートマット358消防庁認定 防炎マット149五五
十十
グローブ型導子173座面マット 357〜359・361〜364ショックマスター192
音音
左右分離型低床トレッドミル DLFシリーズ134シリコーングリース G501364順順
けサンカメリア（介護用入浴機器）285シリコン電極（3個入）349
あ
形状記憶ワイヤー221三関節角度計83自立用金具205
く〜
ゲイトトレーニングシステム３.1133サンディングセット235シルバーカー スルーンボックスN261
〜か
ゲートボールセット236サンディングブロック235白黒プリンター85
ケーブルカラム S1107サンディング用ヤスリ台235シンクロライト 45・60す
ケーブルフック85シンクロレール130
ゲットインシェイプ 92・93し神中式角度計83
ケトルベル111シートベルト（SwallowchairⅡ用）252身長計シルバーワイド 95・105
ゲルウォーマー85シーリングリフト SOEL CX347振動覚音叉セット（たたき棒付）68
健口くん253シールカバー（カトレア）315進入口カーテン360
言語機能評価システム STELA250ジェイマー型油圧握力計73
言語療法テーブル253ジェットモービル239す
ジェル 171・173・183水平位サポート台127
こ磁気刺激装置 パスリーダー 72・194・251スーパーラダリバス（介護用入浴機器）297
コイルスタンド 72・194仕切りボード（チェリー）334据置側面カバー（ホーミィイース）329
光学式歩行分析装置 オプトゲイト64自在木付ナス環147据置背面カバー（ホーミィイース）329
口腔機能測定機器 健口くん253自在木付把手147杉スピーチアナライザー249
コードレスバイク146自走型車椅子266スクープエクセル197
コーナープレート113失語症リハビリテーション支援システム 花鼓Ⅲ 248スクリューリベット221
股関節用アップグレードキット81自動血圧計96スクワットパッド112
固形パラフィン186シニアリビングバス アリッサム299スケアリフト336
腰部延長ベルト349シャワーウィールチェアー339スターターディスペンサーパック116
腰部延長ベルトセット 2本入バックル付349シャワーキャリー339スタジオFIDベンチ111
腰部ベルト（合皮タイプ）349シャワーストレッチャー337スタビライザーキット143
腰部べルト（ナイロンタイプ）349シャワーチェア338スタンダード オリンピックバー112
固定壁ユニット206シャワーチェア ゴム脚B338スタンダップチェア267
固定脚158シャワーチェア ゴム脚E（GY）338スタンディングテーブル241
固定式昇降ユニット（パンジーi）333シャワードーム（アラエル）319スティック工芸セット225
固定式ストレッチャー286シャワーホース 350〜356・358・360ステフ65
固定ベルト156重心バランスシステム71ステンレス線（ピアノ線）221
ゴム足（杖用）258充電用ACアダプター 174・233ストッキネット218
コロナ152収納ケース（モービィZ）76ストッキング・エイド265
コロネラ152手指用ゴニオメーター83ストッパーマット363
コンディショナー189ジョイントマット149ストラップリング217
コンベックスプローブ 85・87昇降式リハビリテーブル242ストレッチバンド60
昇降式洗面ユニット208ストレッチポール113
さ昇降式多目的テーブル243ストレッチポール ハーフカット113
サーマルプリンタ用ロール紙91昇降式平行棒131ストレッチャー（PAO）309
サイドカーテン 356・360昇降補助手すり95ストレッチャー（アリッサム）299
サイドグリップ（SPシリーズ用）135昇降ユニット 205・333ストレッチャー（ロベリアプラス）292
381"
383,MMTYK0LT7F8RY,資料,品名インデックス,す〜とたてちとそつ品名インデックス 五十音順あ〜か品名インデックス 五十音順せ背当マット 10517336422126211221921969・2261184916025473287・293・348147261357・359・361〜364952592602611328721525217367359116116115・2302923091202059692・9389〜9190・91189189208334285・291・295・299350〜356・358・361350〜356・35850127147・148115・23021621915389〜91342159286・295236821592053449495959492・93173350〜356114100334287・29334480249858788・20018226312626414719217517312468287・29327321192・9360・64350・351・353・354・356・361・363・3642348114895135・285・33423614260232237171・173174・233174・233173171・173・1813372072921412231172057122322517383189214101319188・202191341382ディープアプリケータ15mm低周波治療器 カイネタイザー低周波治療器 フィジオ アクティブ HV2ディジョックボードディスク･クリミネーターディスポーザブルチューブ 低濃度オゾン発生装置　AirnessⅡ （エアネスⅡ） 273低濃度オゾン発生装置　Airness Pocket テイラースプリントデータ管理ソフト ゲットインシェイプ データ処理装置 テープアジャスターT50 テーブル用ブラケット手関節用アップグレードキット手首固定バンドデジタル手動身長計付き体組成計手すり デッキ輪投げデュアルアクショントレーナーデュアル電極手用ロボット型運動訓練装置 ウーベルトデラックスストラップウェッジデルタスティック導子 電気刺激装置 WILMO（ウィルモ） 電極パッド（ウィルモ） 電極（フィジオ アクティブ HV2）電源コード 電動シャワーストレッチャー電動昇降式 ADLキッチン電動昇降式ストレッチャー（ロベリアプラス）転倒防止フック（左右一式）電動ろくろドアアンカートイレユニット同期信号発生装置陶芸器具セット籘細工セット導子コード 留め具 東大式角度計頭部フードドーサル・コックアップトーソフレクションドーム洗浄用 除菌洗浄剤 ネオアルベストACドクターアクティブ コールドパッド ドクターメドマー DM-4Sどこでもミラバスポータブルストレッチングベンチスナップコード（2個入）スナップボタン外しスパイラルばねスプーンホルダー調節式スプリング式オリンピックカラースプリントカートスプリントカッタースペアペグ スペクトラ （スタンダードタイプ）スポーツグローブスポンジマットスマートオージオスメドレー握力計スライディングボード スライド滑車スルーンボックスN精密体重計セーフティーアーム ウォーカーセーフティーアーム 交互式セーフティーアームロレータセーフティハーネスセクタプローブセクラブル摂食嚥下練習用いす SwallowchairⅡセミハードケースセメスワインスタインモノフィラメント背もたれメッシュシートセラバンドセラバンド チューブセラバンド ハンドエクササイザー 洗浄台（ロベリアプラス）洗浄ユニット（PAO）センチュラ5洗面ユニット専用架台セット（自動血圧計）専用感熱式プリンタセット 専用携帯バッグ（InBody） 専用サーマルプリンター(InBody) 専用シーツ(アクアヴィーナス)専用プリンタ用紙4巻セット(タニタデジタル手動身長計付き体組成計) 95専用マクラ（アクアヴィーナス）槽内台（開放型浴室セット）槽内台（チェリー）足圧分布解析装置 フォーゼ足関節訓練起立板足腕固定バンド ソフトウエイトボール ソフトストラップソルダリングアイロンダイアナ体成分分析装置 InBody 体力評価機器（パワーリハビリテーション・アセスメント 対応） 105タイル壁設置用ビス固定マウントパーツ高さ調節式キャスターチェア高さ調節式ストレッチャー 卓上ホッケー打診器畳プラットホーム 立上り椅子ユニット脱衣カゴタニタ車椅子用体重計タニタ精密体重計タニタデジタル手動身長計付き体組成計タニタハンドレール付き体重計タニタマルチ周波数体組成計 球電極カバー担架 担架マクラ 担架マット 担架用バンド ダンベルチェストプレスチェリー（介護用入浴機器）着衣ベッド 着衣用マルチベッド中枢疾患用上肢アタッチメント中度・軽度用訓練CDソフト超音波画像診断装置 V5超音波画像診断装置 HM70 EVO超音波画像診断装置 SONON 超音波治療器 フィジオ ソノ調理ブラシチルトテーブル爪切り吊帯,"品品
名名
イイ
ストレッチングベンチ105足圧分布解析装置 フォーゼ50て
ンン
スナップコード（2個入）173足関節訓練起立板127ディープアプリケータ15mm192
デデ
スナップボタン外し364足腕固定バンド 147・148低周波治療器 カイネタイザー175
ッッ
ククスパイラルばね221ソフトウエイトボール 115・230低周波治療器 フィジオ アクティブ HV2173
スススプーンホルダー調節式262ソフトストラップ216ディジョックボード124
  
スプリング式オリンピックカラー112ソルダリングアイロン219ディスク･クリミネーター68
五五スプリントカート219ディスポーザブルチューブ 287・293
十十
スプリントカッター219た低濃度オゾン発生装置　AirnessⅡ（ エアネスⅡ ）273
音音
順順スペアペグ 69・226ダイアナ153低濃度オゾン発生装置　Airness Pocket 273
スペクトラ（ スタンダードタイプ）118体成分分析装置 InBody 89〜91テイラースプリント211
あ
スポーツグローブ49体力評価機器（パワーリハビリテーション・アセスメント 対応） 105データ管理ソフト ゲットインシェイプ 92・93
す〜
スポンジマット160タイル壁設置用ビス固定マウントパーツ342データ処理装置 60・64
〜か
スマートオージオ254高さ調節式キャスターチェア159テープアジャスターT50 350・351・353・354・356・361・363・364
とスメドレー握力計73高さ調節式ストレッチャー 286・295テーブル用ブラケット234
スライディングボード 287・293・348卓上ホッケー236手関節用アップグレードキット81
スライド滑車147打診器82手首固定バンド148
スルーンボックスN261畳プラットホーム 159デジタル手動身長計付き体組成計95
立上り椅子ユニット205手すり 135・285・334
せ脱衣カゴ344デッキ輪投げ236
背当マット 357・359・361〜364タニタ車椅子用体重計94デュアルアクショントレーナー142
精密体重計95タニタ精密体重計95デュアル電極60
セーフティーアーム ウォーカー259タニタデジタル手動身長計付き体組成計95手用ロボット型運動訓練装置 ウーベルト232
セーフティーアーム 交互式260タニタハンドレール付き体重計94デラックスストラップウェッジ237
セーフティーアームロレータ261タニタマルチ周波数体組成計 92・93デルタスティック導子 171・173
セーフティハーネス132球電極カバー173電気刺激装置 WILMO（ウィルモ） 174・233
セクタプローブ87担架 285・291・295・299電極パッド（ウィルモ） 174・233
セクラブル215担架マクラ 350〜356・358・361電極（フィジオ アクティブ HV2）173
摂食嚥下練習用いす SwallowchairⅡ252担架マット 350〜356電源コード 171・173・181
セミハードケース173担架用バンド 350〜356・358電動シャワーストレッチャー337
セメスワインスタインモノフィラメント67ダンベル114電動昇降式 ADLキッチン207
背もたれメッシュシート359電動昇降式ストレッチャー（ロベリアプラス）292
セラバンド116ち転倒防止フック（左右一式）141
セラバンド チューブ116チェストプレス100電動ろくろ223
セラバンド ハンドエクササイザー 115・230チェリー（介護用入浴機器）334
洗浄台（ロベリアプラス）292着衣ベッド 287・293と
洗浄ユニット（PAO）309着衣用マルチベッド344ドアアンカー117
センチュラ5120中枢疾患用上肢アタッチメント80トイレユニット205
洗面ユニット205中度・軽度用訓練CDソフト249同期信号発生装置71
専用架台セット（自動血圧計）96超音波画像診断装置 V585陶芸器具セット223
専用感熱式プリンタセット 92・93超音波画像診断装置 HM70 EVO87籘細工セット225
専用携帯バッグ（InBody） 89〜91超音波画像診断装置 SONON 88・200導子コード 留め具 173
専用サーマルプリンター(InBody) 90・91超音波治療器 フィジオ ソノ182東大式角度計83
専用シーツ(アクアヴィーナス)189調理ブラシ263頭部フード189
専用プリンタ用紙4巻セット(タニタデジタル手動身長計付き体組成計) 95チルトテーブル126ドーサル・コックアップ214
専用マクラ（アクアヴィーナス）189トーソフレクション101
つドーム洗浄用 除菌洗浄剤 ネオアルベストAC319
そ爪切り264ドクターアクティブ コールドパッド 188・202
槽内台（開放型浴室セット）208吊帯147ドクターメドマー DM-4S191
槽内台（チェリー）334どこでもミラバスポータブル341
382"
384,MMTYK0N3BWIOT,資料,品名インデックス,と〜ふなにひふねのは品名インデックス 五十音順あ〜か品名インデックス 五十音順350・355・358・359・361・362・364171・173・174・177・181・2337448・57189136・209333155・156240334341260125・239140262236319315329325321・323313319336319216225356・3602012204449・53・6069135135135135135336817959269・348146145275197299333359358244・245199264220220161・34334319612872・194・2512317381197349357・361〜363186355350〜352・354・356・363229248・2491198012512312296・201333125・239228111112110344332190121115・230299・305・325228117942202632632192192191922242631191018722736410594・956022776197190214238171177173171・192183184181125・239185190152152221231145190383徒手筋力計 モービィZドッキングステーション 止メナットA  350・355・358・359・361・362・364止メナットB トラックタイザートランスファー手すり トランスファー手すり（パンジーi）トリートメントテーブル 取付金具（ガートル掛け用）取付金具（ホーミィリフト用）トルネードスティック（交換用）トレウォークトレーニングボール トレッドミルナイフニューカラーボウリングゲーム入浴用車椅子（アラエル）入浴用車椅子（カトレア）入浴用車椅子（ホーミィイース）入浴用車椅子（ユニバス）入浴用車椅子（ライナーリフト） 入浴用車椅子（ライラックプラス）入浴用車椅子 リクライニング式入浴リフト用車椅子（ハイアリフト・スケアリフト）ネオアルベストACネオプレンネオモザイクセットネックカーテン 熱中アラームネバノン粘着パッド ノラクソンノラクソンハイスピードカメラ パーデューペグボードハーネスHVハーネススーパーライトハーネスベストハーネスライトハイアーム（POPO Li用）ハイアリフトバイオデックスアナログ出力ケーブルバイオデックス システム 4バイオモニターバイキングボード バイク用ゴムシートバイク用充電器ハイジェニック除菌クリーナー中性18Lハイテクバックボード背面カバー（アリッサム）背面カバー（パンジーi）背面ハンドルカバー背面マットt15ハイローテーブル バキュームスプリント モデルAS190はさみはさみ（スプリントバサミ）はさみ（左利き用）バスクッション ピロー バスクッション ポジショナーバスケットストレッチャーバスステップパスリーダー パターンボードバックD（デジタル背筋力計）バックアタッチメントバックボードストラップバックルバックル付ベルト260 パックワゴンバッテリーバッテリーボックス パテサイズ花鼓Ⅲ パフォーマ （ハイグレードタイプ）ハムストリング用アタッチメントバランスシートバランスパッドバランスビームパルスオキシメータ（サーフィンPO） バルブ付給湯カラン（パンジーi）バレルロール パワーウェブパワービルダーオリンピックベンチパワービルダー プレートホルダーパワーラックハンガー掛付脱衣カゴパンジーi（介護用入浴機器）パンツ（フィジカルメドマー）ハンド アンド リストハンドエクササイザー ハンドシャワー ハンドトレーナーにぎにぎECOバンドループハンドレール付き体重計万能バサミ万能ハンドル“ピゲ ”万能ハンドル“ミスピギー”ヒートガンヒートパンヒートパンネットビームアプリケータ15mm皮革工芸器具セットピゲ膝用CPM用カートヒップアブダクションビデオ出力ひも通しとデザイン集セットピューラックス®-S評価補助セット表示ボックススタンド 表面筋電図マニュアルピンチ訓練セットピンチセンサーファーノ・ウィズロックファスナー交換ベルトファンクショナルポジションフィーダーシートフィジオ5Dセットフィジオ EMS8フィジオ アクティブ HV2フィジオカート フィジオ ソノフィジオパックフィジオ ラジオスティム プロフィジオロールボール フィジオワゴンフィジカルメドマー PM-8000フィットネス 120フィットラインフィンガースリングフィンブル風神雷神ブーツ（エクセレントメドマー）,"品品
名名
イイ
徒手筋力計 モービィZ74ハイアリフト336ハンド アンド リスト121
ンン
ドッキングステーション 48・57バイオデックスアナログ出力ケーブル81ハンドエクササイザー 115・230
デデ
止メナットA  350・355・358・359・361・362・364バイオデックス システム 479ハンドシャワー 299・305・325
ッッ
止メナットB 350・355・358・359・361・362・364バイオモニター59ハンドトレーナーにぎにぎECO228クク
トラックタイザー189バイキングボード 269・348バンドループ117スス
  
トランスファー手すり 136・209バイク用ゴムシート146ハンドレール付き体重計94
トランスファー手すり（パンジーi）333バイク用充電器145万能バサミ220五五
十十
トリートメントテーブル 155・156ハイジェニック除菌クリーナー中性18L275万能ハンドル“ピゲ ”263
音音
取付金具（ガートル掛け用）240ハイテクバックボード197万能ハンドル“ミスピギー”263順順
取付金具（ホーミィリフト用）334背面カバー（アリッサム）299
あ
トルネードスティック（交換用）341背面カバー（パンジーi）333ひ
と〜
トレウォーク260背面ハンドルカバー359ヒートガン219
〜か
トレーニングボール 125・239背面マットt15358ヒートパン219
トレッドミル140ハイローテーブル 244・245ヒートパンネット219ふ
バキュームスプリント モデルAS190199ビームアプリケータ15mm192
なはさみ264皮革工芸器具セット224
ナイフ262はさみ（スプリントバサミ）220ピゲ263
はさみ（左利き用）220膝用CPM用カート119
にバスクッション ピロー 161・343ヒップアブダクション101
ニューカラーボウリングゲーム236バスクッション ポジショナー343ビデオ出力87
入浴用車椅子（アラエル）319バスケットストレッチャー196ひも通しとデザイン集セット227
入浴用車椅子（カトレア）315バスステップ128ピューラックス®-S364
入浴用車椅子（ホーミィイース）329パスリーダー 72・194・251評価補助セット105
入浴用車椅子（ユニバス）325パターンボード231表示ボックススタンド 94・95
入浴用車椅子（ライナーリフト） 321・323バックD（デジタル背筋力計）73表面筋電図マニュアル60
入浴用車椅子（ライラックプラス）313バックアタッチメント81ピンチ訓練セット227
入浴用車椅子 リクライニング式319バックボードストラップ197ピンチセンサー76
入浴リフト用車椅子（ハイアリフト・スケアリフト）336バックル349
バックル付ベルト260 357・361〜363ふ
ねパックワゴン186ファーノ・ウィズロック197
ネオアルベストAC319バッテリー355ファスナー交換ベルト190
ネオプレン216バッテリーボックス 350〜352・354・356・363ファンクショナルポジション214
ネオモザイクセット225パテサイズ229フィーダーシート238
ネックカーテン 356・360花鼓Ⅲ 248・249フィジオ5Dセット171
熱中アラーム201パフォーマ（ ハイグレードタイプ）119フィジオ EMS8177
ネバノン220ハムストリング用アタッチメント80フィジオ アクティブ HV2173
粘着パッド 171・173・174・177・181・233バランスシート125フィジオカート 171・192
バランスパッド123フィジオ ソノ183
のバランスビーム122フィジオパック184
ノラクソン44パルスオキシメータ（サーフィンPO） 96・201フィジオ ラジオスティム プロ181
ノラクソンハイスピードカメラ 49・53・60バルブ付給湯カラン（パンジーi）333フィジオロールボール 125・239
バレルロール 125・239フィジオワゴン185
はパワーウェブ228フィジカルメドマー PM-8000190
パーデューペグボード69パワービルダーオリンピックベンチ111フィットネス 120152
ハーネスHV135パワービルダー プレートホルダー112フィットライン152
ハーネススーパーライト135パワーラック110フィンガースリング221
ハーネスベスト135ハンガー掛付脱衣カゴ344フィンブル231
ハーネスライト135パンジー（i介護用入浴機器）332風神雷神145
ハイアーム（POPO Li用）135パンツ（フィジカルメドマー）190ブーツ（エクセレントメドマー）190
383"
385,MMTYK0OLACSH2,資料,品名インデックス,ふ〜ゆほみもやゆへ品名インデックス 五十音順あ〜か品名インデックス 五十音順めメジャー まマイオシンクロ 19026319114719251246147・215・217・22121716085・87591271198321898257158918785・879691602637699143228115・23014414423823859・607120514770・22670197344359222153215295・350〜358・361〜3642172172153493492066826519214923462124329335187・201187・201148128・12916129726566236186261269319157218329329100211211211287・29345・605353536161175223347347357・364274136158357・358・361352・358・361・362352・358・361350・362198・257606092・93344285263113319・34034134134082・219359135135484874〜772182672243387334753384ブーツ（フィジカルメドマー）フードガードブーツセット（ドクターメドマー）プーリーフォーカスアプリケータ15mmフォーゼ福祉用椅子フック フック・ツーサイドプッシュアップ台 （2個1組）フットスイッチ フットスイッチ/片足用フットスイッチ付リモコンスタンドプライマプラスプラスチック角度計プラステゾーテブラッシュアップサポートプログラムプラットホームクラッチプラットホームマットプリンタ・結果用紙セットプリンタープリンタートレイ プリンターペーパー10巻入プリンタデスクブルーセンサーフルーツナイフプルセンサープレクサーG5プレステップフレックスグリップフレックスバー プレラインRプレラインUフロアシートフロアシッターウェッジプローブ用シール 平衡機能計壁面ユニット壁面用滑車ペグボード ヘッドアップティルトテーブルヘッドイモビライザーベッドセンサーシステムベーシックヘッドレストヘミアームスリング Ⅱヘラクレスベルクロ・フックベルクロ・フックコインベルクロ・フックタブベルクロ・ループベルトM（80cm）シリコン電極付ベルトL（100cm）シリコン電極付ベルト（介護用入浴機器） 350・351・353〜355・357・358・361〜364ベルト用パッド 便座ユニット弁別能力検査器ペンホルダーポイントアプリケータ6mm防水安全マットポータブル スプリングバランサーポータブルラブ用ウルティウムDASHボードホーミィイース（介護用入浴機器）ホーミィリフト（介護用入浴機器）ポーラーケア ウェーブ ポーラーケア ウェーブパッド ホールディングミット歩行訓練用階段 ポジショニング ピロー補助手すり（スーパーラダリバス）ボタン掛けボックス＆ブロックテストボッチャボールセット 820Riホットパック-mieホップステップボディサポートボディシャンプーS 4Lボバーステーブルポリクッション掘込側面カバー（ホーミィイース）掘込背面カバー（ホーミィイース）ホリゾンタルレッグプレスポリフォームポリフォームライトポリフレックスⅡ本体用チューブ マイオビデオマイオビデオHPマイオフォースマイオマッスルデータ マイオマッスルマスターマイクロリカバリーパッチマイコン電気炉（100V）マイティライトⅢマイティライト ハイバックタイプ４点式マクラ用マット マスクマスターベルトマットマット踵受け（取付金具付） マット固定ゴム マット止めピン  352・355・358・359・361・362・364マット止めピン短 マットピン長 松葉杖 マニュアルDVD（表面筋電図）マルチカートマルチ周波数体組成計 着衣用マルチベッド水処理システムミスピギーミニハードルミラブルzero ミラブル潤 うるミラブル爽 さらミラブル艶 つやメッシュシート免荷式リフトPOPO Li免荷量表示計モーションストラップ（全身用）モーションセンサー用シールモービィZ・モービィZⅡ モールスキンロールモジュール車椅子木工器具セットやわらかシャワーチェア油圧ピンチゲージ床走行式リフト マイティライトⅢ床反力計測ソフト マイオフォース,"品品
名名
イイ
ブーツ（フィジカルメドマー）190ベルクロ・フックコイン217マイクロリカバリーパッチ175
ンン
フードガード263ベルクロ・フックタブ217マイコン電気炉（100V）223
デデ
ブーツセット（ドクターメドマー）191ベルクロ・ループ215マイティライトⅢ347
ッッ
ククプーリー147ベルトM（80cm）シリコン電極付349マイティライト ハイバックタイプ４点式347
ススフォーカスアプリケータ15mm192ベルト（L100cm）シリコン電極付349マクラ用マット 357・364
  
フォーゼ51ベルト（介護用入浴機器） 350・351・353〜355・357・358・361〜364マスク274
五五福祉用椅子246ベルト用パッド 295・350〜358・361〜364マスターベルト136
十十
フック 147・215・217・221便座ユニット206マット158
音音
順順フック・ツーサイド217弁別能力検査器68マット踵受け（取付金具付） 357・358・361
プッシュアップ台（ 2個1組）160ペンホルダー265マット固定ゴム 352・358・361・362
あ
フットスイッチ 85・87マット止めピン  352・355・358・359・361・362・364
ふ〜
フットスイッチ/片足用59ほマット止めピン短 352・358・361
〜か
フットスイッチ付リモコンスタンド127ポイントアプリケータ6mm192マットピン長 350・362
ゆプライマプラス119防水安全マット149松葉杖 198・257
プラスチック角度計83ポータブル スプリングバランサー234マニュアルDVD（表面筋電図）60
プラステゾーテ218ポータブルラブ用ウルティウムDASH62マルチカート60
ブラッシュアップサポートプログラム98ボード124マルチ周波数体組成計 92・93
プラットホームクラッチ257ホーミィイース（介護用入浴機器）329着衣用マルチベッド344
プラットホームマット158ホーミィリフト（介護用入浴機器）335
プリンタ・結果用紙セット91ポーラーケア ウェーブ 187・201み
プリンター87ポーラーケア ウェーブパッド 187・201水処理システム285
プリンタートレイ 85・87ホールディングミット148ミスピギー263
プリンターペーパー10巻入96歩行訓練用階段 128・129ミニハードル113
プリンタデスク91ポジショニング ピロー161ミラブルzero 319・340
ブルーセンサー60補助手すり（スーパーラダリバス）297ミラブル潤 うる341
フルーツナイフ263ボタン掛け265ミラブル爽 さら341
プルセンサー76ボックス＆ブロックテスト66ミラブル艶 つや340
プレクサーG599ボッチャボールセット 820Ri236
プレステップ143ホットパック-mie186め
フレックスグリップ228ホップステップ261メジャー 82・219
フレックスバー 115・230ボディサポート269メッシュシート359
プレラインR144ボディシャンプーS 4L319免荷式リフトPOPO Li135
プレラインU144ボバーステーブル157免荷量表示計135
フロアシート238ポリクッション218
フロアシッターウェッジ238掘込側面カバー（ホーミィイース）329も
プローブ用シール 59・60掘込背面カバー（ホーミィイース）329モーションストラップ（全身用）48
ホリゾンタルレッグプレス100モーションセンサー用シール48
へポリフォーム211モービィZ・モービィZⅡ 74〜77
平衡機能計71ポリフォームライト211モールスキンロール218
壁面ユニット205ポリフレックスⅡ211モジュール車椅子267
壁面用滑車147本体用チューブ 287・293木工器具セット224
ペグボード 70・226
ヘッドアップティルトテーブル70まや
ヘッドイモビライザー197マイオシンクロ 45・60やわらかシャワーチェア338
ベッドセンサーシステムベーシック344マイオビデオ53
ヘッドレスト359マイオビデオHP53ゆ
ヘミアームスリング Ⅱ222マイオフォース53油圧ピンチゲージ73
ヘラクレス153マイオマッスルデータ 61床走行式リフト マイティライトⅢ347
ベルクロ・フック215マイオマッスルマスター61床反力計測ソフト マイオフォース53
384"
386,MMTYK0Q2UPK3C,資料,品名インデックス,ゆ〜わよらろりわ品名インデックス 五十音順あ〜か品名インデックス 五十音順れレイズドロール 328325160・235152329364337333345345320〜323277312・313221217181105209227145146304304299174・23317324085・87149124104・129・167242144192107361220323348161・237214101359313357・36126513010066147173238223125・23925629121014081127165・167156191350・355・358・359・361・362・364236245385ユニットバス寒冷地仕様ユニバス（介護用入浴機器）ユリアス・スプリント ヨガピラティス190浴槽カバー浴槽クリーナー浴槽セット Assy浴槽手すり（パンジーi）ライザーベースライザーベースブロックセットライナーリフト ライフバッテリー　イーブロックライラックプラス（介護用入浴機器） ラップオン フィンガーフックラピッドストラップキットラジオスティム プロセットリーチ計測器リーチング・エクササイザーリールとホイルとデザイン集セットリカンベントバイクリカンベント　フルバイクリクシー シンプルタイプ 浴槽リクシー スタンダードタイプ 浴槽リクライナー（担架）（アリッサム）リストベルト リチウムイオン電池（PHV2用）立位移動補助具 アクティーモNRリニアプローブ リバーシブルジョイントマットリハウォーカーリハステップ台 リハビリテーブルリハビリ用ペダルリビジョンキットリフティングアタッチメントセットリフト座面マットリボルビングパンチプライヤーリモコンスイッチ（ライナーリフト）リライブシャツレスティングパンミットレッグエクステンションレッグサポートレッグサポートベルト（ライラックプラス）レッグレスト レボリーチ連動昇降式平行棒 シンクロレールローイングローゼンスコアロープ取外し滑車ローラー導子ロールろくろロッカーバランス ロフストランドクラッチ・エルゴロベリアプラス（介護用入浴機器）ロボット介護機器：移乗アシスト ROBOHELPER SASUKE 346ロリアンスプリントロングハンドレールワークシミュレーションアタッチメントワークテーブルワールプール 脇固定パッドワゴン車ワッシャ 輪投げワンタッチキャスター切替式 ハイローテーブル,"品品
名名
イイ
ユニットバス寒冷地仕様328レッグエクステンション101
ンン
ユニバス（介護用入浴機器）325レッグサポート359
デデ
ユリアス・スプリント 160・235レッグサポートベルト（ライラックプラス）313
ッッ
レッグレスト 357・361クク
よレボリーチ265スス
  
ヨガピラティス190152連動昇降式平行棒 シンクロレール130
浴槽カバー329五五
十十
浴槽クリーナー364ろ
音音
浴槽セット Assy337ローイング100順順
浴槽手すり（パンジーi）333ローゼンスコア66
あ
ロープ取外し滑車147
ゆ〜
らローラー導子173
〜か
ライザーベース345ロール238
ライザーベースブロックセット345ろくろ223わ
ライナーリフト 320〜323ロッカーバランス 125・239
ライフバッテリー　イーブロック277ロフストランドクラッチ・エルゴ256
ライラックプラス（介護用入浴機器） 312・313ロベリアプラス（介護用入浴機器）291
ラップオン フィンガーフック221ロボット介護機器：移乗アシスト ROBOHELPER SASUK E346
ラピッドストラップキット217ロリアンスプリント210
ラジオスティム プロセット181ロングハンドレール140
りわ
リーチ計測器105ワークシミュレーションアタッチメント81
リーチング・エクササイザー209ワークテーブル127
リールとホイルとデザイン集セット227ワールプール 165・167
リカンベントバイク145脇固定パッド156
リカンベント　フルバイク146ワゴン車191
リクシー シンプルタイプ 浴槽304ワッシャ 350・355・358・359・361・362・364
リクシー スタンダードタイプ 浴槽304輪投げ236
リクライナー（担架（）アリッサム）299ワンタッチキャスター切替式 ハイローテーブル245
リストベルト 174・233
リチウムイオン電池（PHV2用）173
立位移動補助具 アクティーモNR240
リニアプローブ 85・87
リバーシブルジョイントマット149
リハウォーカー124
リハステップ台 104・129・167
リハビリテーブル242
リハビリ用ペダル144
リビジョンキット192
リフティングアタッチメントセット107
リフト座面マット361
リボルビングパンチプライヤー220
リモコンスイッチ（ライナーリフト）323
リライブシャツ348
れ
レイズドロール 161・237
レスティングパンミット214
385"
387,MMTYK0RLYEPZV,資料,型式インデックス,880005535-128AA-026601999083 ジェル5000ml 770-001003153123114P30149222Q021883380444010〜8・A型式インデックス アルファベット順A152-1A152-7A292-01A292-012A292-13A292-70315313409-120-4791 レボリーチ（グリップロック）09-120-4825 レボリーチ（エクセル）09-131-7452  ラピッドストラップキット09-131-7460 ラピッドストラップキット091046713 万能バサミ09106-1936 ネオプレン（メス） ロールタイプ09116-5984 ネオプレン（メス） シートタイプ09116-6032 ネオプレン（メス） シートタイプ09142-5107 ベルクロ・フックタブ（オス）091566041 ポリクッション220692228122282253482270S2903380K380N380NK3958006039580061440244044405444999043 導子コード（留め具：赤色）444999044 電源コード444999046 電極用スポンジφ30板用（2個入） 173444999052 導子コード（留め具：白色）535-448580580K601999084 ジェル1000ml 601999085 ジェル260ml 70-00270-00370-00470-0057161-007161-0025 セラバンド チューブ7161-017161-0125 セラバンド チューブ7161-027161-0225 セラバンド チューブ7161-037161-0325 セラバンド チューブ7161-047161-0425 セラバンド チューブ7161-057161-0525 セラバンド チューブ7161-067161-0625 セラバンド チューブ7168-007168-017168-027168-037168-047168-057168-067168-077169-007169-017169-027169-037169-047169-057169-067169-0775-00075-0117520753180018100801999226 リチウムイオン電池（PHV2用）A292-901A292-902A297-001A297-002A297-003A297-010A297-011A310-SA1A3160A349-51A349-60A349-61A371-42A371-9A428-3A434-2A434-3A438-1A488-1A488-2A577-01A577-04A611LMA611LSA611RMA611RSA653-3A653-4A678-91A678-92A679-111A679-112A679-113A679-114A679-115A679-116A762-SEA809-1A809-2A809-8A809-12A8515A8516A87-100577-000 ポーラケア ウェーブ A87-100584-000 ポーラーケア ウェーブAC電源アダプター A87-C00017 ポーラーケア ウェーブパッド　ニー（スダンダード）  187・201A87-C00003 ポーラーケア ウェーブパッド　ニー（ラージ）  187・201A87-C00004 ポーラーケア ウェーブパッド　ショルダー  187・201A87-C00005 ポーラーケア ウェーブパッド　アンクル  187・201A908-8A929-1A962-090A962-10A962-20A962-30型式インデックスユリアス・ロングアーム ユリアス・ショートアーム ユリアス・ハーフアーム ユリアス・エルボ ユリアス・ハンド セラバンド チューブ（徳用）セラバンド チューブ（徳用）セラバンド チューブ（徳用）セラバンド チューブ（徳用）セラバンド チューブ（徳用）セラバンド チューブ（徳用）セラバンド チューブ（徳用）セラバンド（徳用）セラバンド（徳用）セラバンド（徳用）セラバンド（徳用）セラバンド（徳用）セラバンド（徳用）セラバンド（徳用）セラバンド（徳用）セラバンドセラバンドセラバンドセラバンドセラバンドセラバンドセラバンドセラバンドユリアス・マウスピース ユリアス・フィルター オコナー巧緻テストボックス＆ブロックテストはさみ（スプリントバサミ）はさみ（スプリントバサミ）スパイラルばねハイアーム（POPO Li用）ドーサル・コックアップ（S）ドーサル・コックアップ（SM）ポリフォームポリフォームポリフォームライトポリフレックスⅡ345345265265217217220216216216217218113113113223919590909090269・3481131131131131731731733398989173・183173・183173・183160・235160・235160・235160・235160・235116116116116116116116116116116116116116116116116116116116116116116116116116116116116116116160・235160・235696622022022117313521421421121121121121121121121121121121121421921621622022022121821821821821821121122222222222222222221421422222222222222222221421521521521569・22669・226187・20118722969212212212212386ライザーベースライザーベースブロックセット2Dシステム専用ケーブル3本セット 64デルタスティック導子電極（1個） 171・173グリッドフォームローラーグリッドフォームローラーグリッドフォームローラーろくろInBody（検定無）専用プリンタ用紙4巻セットInBody（検定無）InBody（検定付）InBody（検定無）InBody（検定付）バイキングボード（Mサイズ）  269・348バイキングボード（Lサイズ） グリッドフォームローラーグリッドフォームローラーグリッドフォームローラーグリッドフォームローラー吸着すべり止めマットC／S レッド（2枚入） 339吸着すべり止めマットC／S レッドInBodyInBody（検定付）ポリフレックスⅡポリフレックスⅡテイラースプリントテイラースプリントテイラースプリントテイラースプリントテイラースプリントファンクショナルポジション（S）ヒートガンRフォーム2 ソフトストラップ（メス） 215ソフトストラップ（メス）ソフトストラップ（メス）エッジフィニッシャーエマジンバサミラップオン フィンガーフックストッキネットストッキネットモールスキンロールクッションフォーム（薄型）クッションフォーム（厚型）イージーフォームイージーフォームD-リング リストブレースD-リング リストブレースD-リング リストブレースD-リング リストブレースヘミアームスリング Ⅱヘミアームスリング Ⅱガントレット・サムスパイカ（S）ガントレット・サムスパイカ（M）インラインスプリントインラインスプリントインラインスプリントインラインスプリントインラインスプリントインラインスプリントレスティングパンミット（S）セクラブル（メス）セクラブル（メス）セクラブルⅡ（メス）セクラブルⅡ（メス）9ホールペグテスト スペアペグ アールライト フォームブロックパーデューペグボードアクアプラスト-Tアクアプラスト-Tアクアプラスト-Tアクアプラスト-T,"型式インデックス
型
式
イ
07A292-901ポリフレックスⅡ211
ン
03153123ライザーベース34570-001ユリアス・ロングアーム 160・235A292-902ポリフレックスⅡ211
デ
03153134ライザーベースブロックセット34570-002ユリアス・ショートアーム 160・235A297-001テイラースプリント211
ッ
09-120-479 1レボリーチ（グリップロック）26570-003ユリアス・ハーフアーム 160・235A297-002テイラースプリント211
ク
09-120-482 5レボリーチ（エクセル）26570-004ユリアス・エルボ 160・235A297-003テイラースプリント211
ス
09-131-7452  ラピッドストラップキット21770-005ユリアス・ハンド 160・235A297-010テイラースプリント211
 
09-131-746 0ラピッドストラップキット2177161-00セラバンド チューブ（徳用）116A297-011テイラースプリント211
ア09104671 3万能バサミ2207161-002 5セラバンド チューブ116A310-SA1ファンクショナルポジション（S）214
ル
フ09106-193 6ネオプレン（メス） ロールタイプ2167161-01セラバンド チューブ（徳用）116A3160ヒートガン219
ァ
09116-598 4ネオプレン（メス） シートタイプ2167161-012 5セラバンド チューブ116A349-51Rフォーム2 ソフトストラップ（メス ）215
ベ
ッ09116-603 2ネオプレン（メス） シートタイプ2167161-02セラバンド チューブ（徳用）116A349-60ソフトストラップ（メス）216
ト
順09142-510 7ベルクロ・フックタブ（オス）2177161-022 5セラバンド チューブ116A349-61ソフトストラップ（メス）216
09156604 1ポリクッション2187161-03セラバンド チューブ（徳用）116A371-42エッジフィニッシャー220
7161-032 5セラバンド チューブ116A371-9エマジンバサミ220
017161-04セラバンド チューブ（徳用）116A428-3ラップオン フィンガーフック221
〜14P301492Dシステム専用ケーブル3本セッ ト647161-042 5セラバンド チューブ116A434-2ストッキネット218
7161-05セラバンド チューブ（徳用）116A434-3ストッキネット218
8
27161-052 5セラバンド チューブ116A438-1モールスキンロール218
・22Q02188デルタスティック導子電極（1個） 171・1737161-06セラバンド チューブ（徳用）116A488-1クッションフォーム（薄型）218
A22069グリッドフォームローラー1137161-062 5セラバンド チューブ116A488-2クッションフォーム（厚型）218
22281グリッドフォームローラー1137168-00セラバンド（徳用）116A577-01イージーフォーム211
22282グリッドフォームローラー1137168-01セラバンド（徳用）116A577-04イージーフォーム211
253482ろくろ2237168-02セラバンド（徳用）116A611LMD-リング リストブレース222
270SInBod（y検定無）917168-03セラバンド（徳用）116A611LSD-リング リストブレース222
2903専用プリンタ用紙4巻セット957168-04セラバンド（徳用）116A611RMD-リング リストブレース222
7168-05セラバンド（徳用）116A611RSD-リング リストブレース222
37168-06セラバンド（徳用）116A653-3ヘミアームスリング Ⅱ222
380InBod（y検定無）907168-07セラバンド（徳用）116A653-4ヘミアームスリング Ⅱ222
380KInBod（y検定付）907169-00セラバンド116A678-91ガントレット・サムスパイカ（S）214
380NInBod（y検定無）907169-01セラバンド116A678-92ガントレット・サムスパイカ（M）214
380NKInBod（y検定付）907169-02セラバンド116A679-111インラインスプリント222
39580060バイキングボード（Mサイズ）  269・3487169-03セラバンド116A679-112インラインスプリント222
39580061バイキングボード（Lサイズ） 269・3487169-04セラバンド116A679-113インラインスプリント222
7169-05セラバンド116A679-114インラインスプリント222
47169-06セラバンド116A679-115インラインスプリント222
4401グリッドフォームローラー1137169-07セラバンド116A679-116インラインスプリント222
4402グリッドフォームローラー11375-000ユリアス・マウスピース 160・235A762-SEレスティングパンミット（S）214
4404グリッドフォームローラー11375-011ユリアス・フィルター 160・235A809-1セクラブル（メス）215
4405グリッドフォームローラー1137520オコナー巧緻テスト69A809-2セクラブル（メス）215
44499904 3導子コード（留め具：赤色）1737531ボックス＆ブロックテスト66A809-8セクラブルⅡ（メス）215
44499904 4電源コード173A809-12セクラブルⅡ（メス）215
44499904 6電極用スポンジφ30板用（2個入 ）1738A85159ホールペグテスト 69・226
44499905 2導子コード（留め具：白色）1738000はさみ（スプリントバサミ）220A8516スペアペグ 69・226
8001はさみ（スプリントバサミ）220A87-100577-00 0ポーラケア ウェーブ 187・201
58100スパイラルばね221A87-100584-00 0ポーラーケア ウェーブAC電源アダプター 187
535-128吸着すべり止めマットC／S レッド（2枚入 ）33980199922 6リチウムイオン電池（PHV2用）173A87-C0001 7ポーラーケア ウェーブパッド　ニー（スダンダード）  187・201
535-448吸着すべり止めマットC／S レッド339A87-C0000 3ポーラーケア ウェーブパッド　ニー（ラージ）  187・201
580InBody89AA87-C0000 4ポーラーケア ウェーブパッド　ショルダー  187・201
580KInBod（y検定付）89A-02ハイアーム（POPO Li用）135A87-C0000 5ポーラーケア ウェーブパッド　アンクル  187・201
A152-1ドーサル・コックアップ（S）214A908-8アールライト フォームブロック229
6A152-7ドーサル・コックアップ（SM）214A929-1パーデューペグボード69
60199908 3ジェル5000ml 173・183A292-01ポリフォーム211A962-090アクアプラスト-T212
60199908 4ジェル1000ml 173・183A292-012ポリフォーム211A962-10アクアプラスト-T212
60199908 5ジェル260ml 173・183A292-13ポリフォームライト211A962-20アクアプラスト-T212
A292-7ポリフレックスⅡ211A962-30アクアプラスト-T212
386"
388,MMTYK0TTG8XEZ,資料,型式インデックス,BB-120A〜B型式インデックス アルファベット順A962-31A962-32A962-40A962-41A962-42A962-51A962-52A962-53A962-54A962-541A962-57A962-58A962-70A962-71A963-100A963-101A963-102A963-103A963-110A963-111A963-112A963-113A963-21A963-23A963-24A963-32A964-22AA01730C01 A2Care 300mL スプレーAA03818C01 A2Care 業務用詰替 18LAA4004AA6002ES エラスティックストラップAA6003HB フック・ツーサイドAA6007HB 薄型フックAA6015HB ベルクロ・フック （オス）AA6019LB ベルクロ・ループ （メス）AA6022LB ベルクロ・ループ （メス）AA6028LB エラスティックループAA6766YAA9080BAA9080CAA9080DAA9080EAA9080FAA9080GAA9081AAA9081BAA9081CAA9462HA ベルクロ・フック（オス）AA9462HH ベルクロ・フック（オス）AA9462LA ベルクロ・ループ（メス）AA9462LH ベルクロ・ループ（メス）AA9463HA ベルクロ・フック（オス）AA9463HH ベルクロ・フック（オス）AA9463LA ベルクロ・ループ（メス）AA9463LH ベルクロ・ループ（メス）アクアプラスト ウォーターカラーズ 212アクアプラスト ウォーターカラーズ 212アクアプラスト-Tアクアプラスト ウォーターカラーズ 212アクアプラスト ウォーターカラーズ 212アクアチューブ（細）アクアチューブ（中）アクアチューブ（太）アクアプラスト-Tアクアプラスト-Tアクアプラスト ウォーターカラーズ 212アクアプラスト ウォーターカラーズ 212アクアプラスト-Tアクアプラスト-Tアクアプラスト ウォーターカラーズ 212アクアプラスト ウォーターカラーズ 212アクアプラスト ウォーターカラーズ 212アクアプラスト ウォーターカラーズ 212アクアプラスト ウォーターカラーズ 212アクアプラスト ウォーターカラーズ 212アクアプラスト ウォーターカラーズ 212アクアプラスト ウォーターカラーズ 212アクアプラスト ウォーターカラーズ 212アクアプラスト ウォーターカラーズ 212アクアプラスト ウォーターカラーズ 212アクアプラスト ウォーターカラーズ 212ウルトラスィンスプリントカッター先曲がり爪切りエクササイズボール エクササイズボール エクササイズボール エクササイズボール エクササイズボール エクササイズボール フィジオロールボール フィジオロールボール フィジオロールボール 212212212212212212212212212276276219216217217215215215216264125・239125・239125・239125・239125・239125・239125・239125・239125・2392152152152152152152152152152152152152152152171772052052052052052052052052062062068787878787878787878787878787299299299299122123228123123152152153153152152153153フィットライン 140（ウォーターブルー） 152フィットライン 180（ウォーターブルー） 152失語症リハビリテーション支援システム 花鼓Ⅲ 248低濃度オゾン発生装置 Airness Pocket 273低濃度オゾン発生装置 AirnessⅡ（エアネスⅡ） 2733Dバランス訓練ソフト 映像同期機能 71シャワードーム入浴用車椅子 リクライニング式入浴用車椅子はさみ（スプリントバサミ）はさみ（スプリントバサミ）ステンレス線（ピアノ線）ステンレス線（ピアノ線）ステンレス線（ピアノ線）SONON 300CSONON 500L エイトブーツ（ホース付き）InBody BWA2.0S専用携帯バッグ 89自走型車椅子脚部ベルト（伸縮タイプ）2本入脚部べルト（合皮タイプ）2本入サポーターベルトカフパッドベルトM（80cm）シリコン電極付ベルトL（100cm）シリコン電極付シリコン電極（3個入）腰部べルト（ナイロンタイプ）腰部ベルト（合皮タイプ）腰部延長ベルトセット 2本入バックル付 349腰部延長ベルトバックルバスクッション ピロー バスクッション 本体用カバーバスクッション ピロー バスクッション 本体用カバーバスクッション ポジショナー1531531521521521521522493193193192202202212212218888・2001931902202202202209190266349349349349349349349349349349349236161・343343161・343343343387AA9466HA ベルクロ・フック（オス）AA9466LA ベルクロ・ループ（メス）AA9466LH ベルクロ・ループ（メス）AA9467HA ベルクロ・フック（オス）AA9467HH ベルクロ・フック（オス）AA9467LA ベルクロ・ループ（メス）AA9469HACCM18BAD-100AD-105AD-110LAD-110RAD-110UAD-120AD-130AD-140AD-200AD-210AD-220AES-322AES-A001AES-A101AES-A201AES-A205AES-A301AES-A401AES-C2011 コンベックスプローブ　CA1-7AD-AAES-C2021 コンベックスプローブ　CA2-8AD-AAES-C2111 コンベックスプローブ　CA4-10M-AAES-P1011 リニアプローブ　LA3-16AD-AAES-P1031 リニアプローブ　LS2-9S-AAES-S3011 セクタプローブ　PA1-5A-AAES-S3021 セクタプローブ　SP3-8-AALM-10ALM-20ALM-30ALM-700AMB-BMAMB-CL2AMB-ELITE バランスパッド・エリート（ブルー） 123AMB-ELITEK バランスパッド・エリート（キウイ） 123AMB-ELITEP バランスパッド・エリート（ピンク）AMB-ELITES バランスパッド・エリート（ストーングレー） 123AMB-NIGIAMB-SETAMB-SLDAMB-XLAMF-300B コロナ（ブルー）AMF-300R コロナ（レッド）AMF-310R アトラス（レッド）AMF-310WB アトラス（ウォーターブルー）AMF-320B コロネラ（ブルー）AMF-320R コロネラ（レッド）AMF-330B ヘラクレス（ブルー）AMF-330WB ヘラクレス（ウォーターブルー）ベルクロ・フックコイン（オス）フィジオEMS8 電源コード昇降ユニット自立用金具壁面ユニット（左用）壁面ユニット（右用）壁面ユニット（左右両用）洗面ユニットトイレユニット立上り椅子ユニット固定壁ユニット便座ユニット移動壁ユニット超音波画像診断装置 HM70 EVO専用カートフットスイッチプリンタープリンタートレイ外付けバッテリーパックビデオ出力気泡浴装置（アリッサム）背面カバー（アリッサム）ハンドシャワー（アリッサム）アリッサム浴槽バランスビーム（ブルー）バランスパッド・クラウド（クラウドレッド） 123ハンドトレーナーにぎにぎECOバランスパッド・セットバランスパッド・ソリッド（ロイヤルブルー） 123バランスパッド・XL（ブルー）AMG-200WB オリンピア（ウォーターブルー）AMG-210WB ダイアナ（ウォーターブルー）AML-420B フィットネス 120（ブルー）AML-440BAML-440K フィットライン 140（キウイ）AML-480BAML-480C フィットライン 180（チャコール）AML-480K フィットライン 180（キウイ）AML-480P フィットライン 180（ピンク）AML-550C ヨガピラティス190（チャコール） 152ANIMO-CD 中度・軽度用訓練CDソフトANIMO-ⅢANS-0601ANS-2201APJ-MovARA-100ARA-110CARA-100CAS-2120AS-2121AS-S07AS-S10AS-S12ASS-703ASS-805AT-04B022-0286-L はさみ（左利き用）B022-0288-L はさみ（左利き用）B022-0305-L はさみ（左利き用）B022-0307-L はさみ（左利き用）BAG270-A 専用携帯バッグBAG380-A 専用携帯バッグBAGBWA-ABAL-R3BB04-3BB04-4BB04-5BB04-6BB04-7BB04-8BB04-9BB04-10BB04-11BB04-12BB04-13BB04-14BC-AP-007 ボッチャボールセット 820RiBCP-1BCP-1CBCP-2BCP-2CBCT-1,"型
式
イ
A962-31アクアプラスト ウォーターカラー ズ212AA9466H Aベルクロ・フック（オス）215AMG-200W Bオリンピア（ウォーターブルー）153
ン
A962-32アクアプラスト ウォーターカラー ズ212AA9466L Aベルクロ・ループ（メス）215AMG-210W Bダイアナ（ウォーターブルー）153
デ
A962-40アクアプラスト-T212AA9466L Hベルクロ・ループ（メス）215AML-420 Bフィットネス 120（ブルー）152
ッ
A962-41アクアプラスト ウォーターカラー ズ212AA9467H Aベルクロ・フック（オス）215AML-440Bフィットライン 140（ウォーターブルー ）152
ク
A962-42アクアプラスト ウォーターカラー ズ212AA9467H Hベルクロ・フック（オス）215AML-440 Kフィットライン 140（キウイ）152
ス
A962-51アクアチューブ（細）212AA9467L Aベルクロ・ループ（メス）215AML-480Bフィットライン 180（ウォーターブルー ）152
 
A962-52アクアチューブ（中）212AA9469Hベルクロ・フックコイン（オス）217AML-480 Cフィットライン 180（チャコール）152
A962-53アクアチューブ（太）212ACCM18BフィジオEMS8 電源コード177AML-480 Kフィットライン 180（キウイ）152ア
ル
A962-54アクアプラスト-T212AD-100昇降ユニット205AML-480 Pフィットライン 180（ピンク）152フ
ァ
A962-541アクアプラスト-T212AD-105自立用金具205AML-550 Cヨガピラティス190（チャコール ）152
ベ
A962-57アクアプラスト ウォーターカラー ズ212AD-110L壁面ユニット（左用）205ANIMO-C D中度・軽度用訓練CDソフト249ッ
ト
A962-58アクアプラスト ウォーターカラー ズ212AD-110R壁面ユニット（右用）205ANIMO-Ⅲ失語症リハビリテーション支援システム 花鼓 Ⅲ248順
A962-70アクアプラスト-T212AD-110U壁面ユニット（左右両用）205ANS-0601低濃度オゾン発生装置 Airness Pocke t273
A962-71アクアプラスト-T212AD-120洗面ユニット205ANS-2201低濃度オゾン発生装置 AirnessⅡ（エアネスⅡ ）273
A963-100アクアプラスト ウォーターカラー ズ212AD-130トイレユニット205APJ-Mov3Dバランス訓練ソフト 映像同期機 能71A
A963-101アクアプラスト ウォーターカラー ズ212AD-140立上り椅子ユニット205ARA-100シャワードーム319〜
A963-102アクアプラスト ウォーターカラー ズ212AD-200固定壁ユニット206ARA-110C入浴用車椅子 リクライニング式319
B
A963-103アクアプラスト ウォーターカラー ズ212AD-210便座ユニット206ARA-100C入浴用車椅子319
A963-110アクアプラスト ウォーターカラー ズ212AD-220移動壁ユニット206AS-2120はさみ（スプリントバサミ）220
A963-111アクアプラスト ウォーターカラー ズ212AES-322超音波画像診断装置 HM70 EVO87AS-2121はさみ（スプリントバサミ）220
A963-112アクアプラスト ウォーターカラー ズ212AES-A001専用カート87AS-S07ステンレス線（ピアノ線）221
A963-113アクアプラスト ウォーターカラー ズ212AES-A101フットスイッチ87AS-S10ステンレス線（ピアノ線）221
A963-21アクアプラスト ウォーターカラー ズ212AES-A201プリンター87AS-S12ステンレス線（ピアノ線）221
A963-23アクアプラスト ウォーターカラー ズ212AES-A205プリンタートレイ87ASS-703SONON 300C88
A963-24アクアプラスト ウォーターカラー ズ212AES-A301外付けバッテリーパック87ASS-805SONON 500L 88・200
A963-32アクアプラスト ウォーターカラー ズ212AES-A401ビデオ出力87AT-04エイト193
A964-22ウルトラスィン212AES-C201 1コンベックスプローブ　CA1-7AD-A87
AA01730C0 1A2Care 300mL スプレー276AES-C202 1コンベックスプローブ　CA2-8AD-A87B
AA03818C0 1A2Care 業務用詰替 18L276AES-C211 1コンベックスプローブ　CA4-10M-A87B-120ブーツ（ホース付き）190
AA4004スプリントカッター219AES-P101 1リニアプローブ　LA3-16AD-A87B022-0286- Lはさみ（左利き用）220
AA6002E Sエラスティックストラップ216AES-P103 1リニアプローブ　LS2-9S-A87B022-0288- Lはさみ（左利き用）220
AA6003H Bフック・ツーサイド217AES-S301 1セクタプローブ　PA1-5A-A87B022-0305- Lはさみ（左利き用）220
AA6007H B薄型フック217AES-S302 1セクタプローブ　SP3-8-A87B022-0307- Lはさみ（左利き用）220
AA6015H Bベルクロ・フック（ オス）215ALM-10気泡浴装置（アリッサム）299BAG270- A専用携帯バッグ91
AA6019L Bベルクロ・ループ（ メス）215ALM-20背面カバー（アリッサム）299BAG380- A専用携帯バッグ90
AA6022L Bベルクロ・ループ（ メス）215ALM-30ハンドシャワー（アリッサム）299BAGBWA-AInBody BWA2.0S専用携帯バッ グ89
AA6028L Bエラスティックループ216ALM-700アリッサム浴槽299BAL-R3自走型車椅子266
AA6766Y先曲がり爪切り264AMB-BMバランスビーム（ブルー）122BB04-3脚部ベルト（伸縮タイプ）2本入349
AA9080Bエクササイズボール 125・239AMB-CL2バランスパッド・クラウド（クラウドレッド ）123BB04-4脚部べルト（合皮タイプ）2本入349
AA9080Cエクササイズボール 125・239AMB-ELIT Eバランスパッド・エリート（ブルー ）123BB04-5サポーターベルト349
AA9080Dエクササイズボール 125・239AMB-ELITE Kバランスパッド・エリート（キウイ ）123BB04-6カフパッド349
AA9080Eエクササイズボール 125・239AMB-ELITE Pバランスパッド・エリート（ピンク）123BB04-7ベルトM（80cm）シリコン電極付349
AA9080Fエクササイズボール 125・239AMB-ELITE Sバランスパッド・エリート（ストーングレー ）123BB04-8ベルト（L100cm）シリコン電極付349
AA9080Gエクササイズボール 125・239AMB-NIGIハンドトレーナーにぎにぎECO228BB04-9シリコン電極（3個入）349
AA9081Aフィジオロールボール 125・239AMB-SETバランスパッド・セット123BB04-10腰部べルト（ナイロンタイプ）349
AA9081Bフィジオロールボール 125・239AMB-SLDバランスパッド・ソリッド（ロイヤルブルー ）123BB04-11腰部ベルト（合皮タイプ）349
AA9081Cフィジオロールボール 125・239AMB-XLバランスパッド・X（Lブルー）123BB04-12腰部延長ベルトセット 2本入バックル 付349
AA9462H Aベルクロ・フック（オス）215AMF-300 Bコロナ（ブルー）152BB04-13腰部延長ベルト349
AA9462H Hベルクロ・フック（オス）215AMF-300 Rコロナ（レッド）152BB04-14バックル349
AA9462L Aベルクロ・ループ（メス）215AMF-310 Rアトラス（レッド）153BC-AP-00 7ボッチャボールセット 820Ri236
AA9462L Hベルクロ・ループ（メス）215AMF-310W Bアトラス（ウォーターブルー）153BCP-1バスクッション ピロー 161・343
AA9463H Aベルクロ・フック（オス）215AMF-320 Bコロネラ（ブルー）152BCP-1Cバスクッション 本体用カバー343
AA9463H Hベルクロ・フック（オス）215AMF-320 Rコロネラ（レッド）152BCP-2バスクッション ピロー 161・343
AA9463L Aベルクロ・ループ（メス）215AMF-330 Bヘラクレス（ブルー）153BCP-2Cバスクッション 本体用カバー343
AA9463L Hベルクロ・ループ（メス）215AMF-330W Bヘラクレス（ウォーターブルー）153BCT-1バスクッション ポジショナー343
387"
389,MMTYK0VMN5I3S,資料,型式インデックス,DD-7015CC-1MB〜D型式インデックス アルファベット順CB-0094CD-1KGCD-2KGCD-3KGCD-4KGCD-5KGCD-6KGCD-7KGCD-8KGCD-9KGCD-10KGCD1-10CDRP-10CEL-10CEL-20CET-100CF-1500ACF-1500M ハイローテーブル（折りたたみ式） 245CH-10CH-100HCH-20CH-30CH-40CH-50ACH-50BCK-101CK-103CLS-11CLS-12CLS-13CLS-21CLS-22CLV-11CLV-12CLV-13CLW-1COP-501COP-502COP-503COP-504COP-505COP-506COP-3500LA リフティングアタッチメントセットCOP-3500SB ケーブルカラム S1（黒）COP-3500SR ケーブルカラム S1（赤）COP-3500SW ケーブルカラム S1（白）COP-GS1COP-SP1COP-SP2COP-SP3COP-STEP プレステップCPM-0050 ハンド アンド リストCPM-1000 プライマプラスCPM-3000 パフォーマBCT-1CBD9041BDA-20BDX-4BXPC アドバンテージBX PCパックBDX-4XBDX-AOCBDX-GTM3.1 ゲイトトレーニングシステム３.1（標準タイプ） 133BDX-GTM3.1-LHR ゲイトトレーニングシステム３.1（ロングハンドレール付） 133BDX-GTM3.1-SHR ゲイトトレーニングシステム３.1（ハンドレール付） 133BDX-ST2SK スタビライザーキットBDX-UWNX アンウェイシステム ネクステップBDX4-ACLBDX4-BABDX4-CKC クローズドチェーンアタッチメントBDX4-HAM ハムストリング用アタッチメントBDX4-PKBDX4-PSBDX4-UEBDX4-UGH 股関節用アップグレードキットBDX4-UGS 肩関節用アップグレードキットBDX4-UGW 手関節用アップグレードキットBDX4-WSBDXU-FWBDXU-SH2 セーフティハーネスBEQ-10BG891000BG892000BG895000BH-300A-N タニタデジタル手動身長計付き体組成計 95BM-100BS-100BWA2.0SBWC-10BWC-150BWC-155BWC-160BWC-165C573RC573UCALP-A/Y/M カルファCAM-10CAM-100C/CW サンカメリア浴槽 センタータイプ 285CAM-100L/LW サンカメリア浴槽 LタイプCAM-100R/RW サンカメリア浴槽 RタイプCAM-20CAM-30CAS-100LCAS-100RCAS-110LCAS-110RCAW-100CAW-105343146717963・7914313281818180818180818181132132325・3291461461461901908931519114514510328528528528528528628628518911111111111111111111111111111111111129529529533433433433433433410518618618618618618696100100100101101101107107107107104・148143121119119ハイローテーブル（折りたたみ式） 245ハイローテーブル（折りたたみ式） 245ハイローテーブル（折りたたみ式） 245気泡浴装置（カトレア）シールカバー（カトレア）カトレア浴槽3WayBox 40・50・603WayBox 60・70・80左右分離型低床トレッドミル DLFシリーズ 134左右分離型低床トレッドミル DLFシリーズ 134ペグボード（大）ゲートボールセット輪投げペグボード（中）ドクターメドマー DM-4Sパテサイズマイコン電気炉（100V）専用シーツ12012011911831531531511311322623623622722622725323619121822922922922922922922922922922922922922922922922968223189388COL-RPAP-NO16 プリンターペーパー10巻入バスクッション カバーバイク用ゴムシート同期信号発生装置バイオデックス システム 4 バイオデックスアナログ出力ケーブル 81ACL用アタッチメントバックアタッチメント小児用 膝アタッチメント小児用 肩アタッチメント中枢疾患用上肢アタッチメントワークシミュレーションアタッチメント 81セーフティハーネス足受けボード コードレスバイクBFUコードレスバイクBFRコードレスバイクBFU 6CFTブーツM（エアバック付）ブーツS（エアバック付）InBodyレッグサポートベルト（ライラックプラス） 313入浴用車椅子（ライラックプラス） 313入浴用車椅子（チルト式）入浴用車椅子（ライラックプラス） 313入浴用車椅子（チルト＆フルリクライニング式） 315ワゴン車リカンベントバイクアップライトバイク気泡浴装置塩素殺菌装置水処理システム固定式ストレッチャー Lタイプ固定式ストレッチャー Rタイプ高さ調節式ストレッチャー Lタイプ 286高さ調節式ストレッチャー Rタイプ 286担架（スライド式枕タイプ）担架（バスクッションピロータイプ） 285コンディショナーCDダンベル 1kgCDダンベル 2kgCDダンベル 3kgCDダンベル 4kgCDダンベル 5kgCDダンベル 6kgCDダンベル 7kgCDダンベル 8kgCDダンベル 9kgCDダンベル 10kgCDダンベルセット（10組）CDダンベル用ラック（10組用）気泡浴装置塩素殺菌装置エレベートバスハイローテーブル（折りたたみ式） 245仕切りボード（チェリー）コンパクトADLバス チェリー槽内台（チェリー）移乗台（チェリー）手すり（チェリー）コンパクトADLバス チェリー（浴槽取付金具） 334取付金具（ホーミィリフト用）リーチ計測器（椅子・足乗せ台付） 105評価補助セットエスパック（大）エスパック（中）エスパック（小）エスパック（首用）エスパック（肩用）エスパックカバー（大・CLS-11用） 186エスパックカバー（中・CLS-12用） 186エスパックカバー（小・CLS-13用） 186パックワゴンチェストプレスローイングホリゾンタルレッグプレスレッグエクステンションヒップアブダクショントーソフレクショングリップサポート 導入サポートプログラム（1日コース） 98導入サポートプログラム（2日コース） 98ブラッシュアップサポートプログラム 98CPM-6080 エルボCPM-7500 センチュラ5CPM-CART 膝用CPM用カートCPM-SP100 スペクトラCS-159ACS-159GCS-189ACTA-10CTA-20CTA-200D-7016DA-030101 ドクターアクティブコールドパッド  188・202DA-030101GP ドクターアクティブコールドパッド  188・202DA-030102 ドクターアクティブコールドパッド  188・202DA-030102GP ドクターアクティブコールドパッド  188・202DA-030103 ドクターアクティブコールドパッド  188・202DA-030103GP ドクターアクティブコールドパッド  188・202DA-030105 ドクターアクティブコールドパッド  188・202DA-030105GP ドクターアクティブコールドパッド  188・202DA-030106 ドクターアクティブコールドパッド  188・202DLF-35DLF-45DLM-381DLM-42DLM-50DLM-522046 リールとホイルとデザイン集セット 227DLM-522462 ひも通しとデザイン集セットDLM-80PDLM-IL1112 ピンチ訓練セットDLM-NM070 サウンドブロックDLM-TS002 卓上ホッケーDM-4SDMG-195873 プラステゾーテDMG-20852 エコパテDMG-20853 エコパテDMG-20854 エコパテDMG-20855 エコパテDMG-20856 エコパテDMG-22302 エコパテDMG-22303 エコパテDMG-22304 エコパテDMG-22305 エコパテDMG-22306 エコパテDMG-24542 エコパテDMG-24543 エコパテDMG-24544 エコパテDMG-24545 エコパテDMG-24546 エコパテDMG-300DMG-512752 ディスク･クリミネーターDMT-01DN-0904,"型
式
イ
BCT-1Cバスクッション カバー343CB-0094コンディショナー189CPM-608 0エルボ120
ン
BD9041バイク用ゴムシート146CD-1KGCDダンベル 1kg111CPM-750 0センチュラ5120
デ
BDA-20同期信号発生装置71CD-2KGCDダンベル 2kg111CPM-CAR T膝用CPM用カート119
ッ
BDX-4BXP CアドバンテージBX PCパック79CD-3KGCDダンベル 3kg111CPM-SP10 0スペクトラ118
ク
BDX-4Xバイオデックス システム 4 63・79CD-4KGCDダンベル 4kg111CS-159Aハイローテーブル（折りたたみ式 ）245
ス
BDX-AOCバイオデックスアナログ出力ケーブ ル81CD-5KGCDダンベル 5kg111CS-159Gハイローテーブル（折りたたみ式 ）245
 
BDX-GTM3. 1ゲイトトレーニングシステム３.1（標準タイプ ）133CD-6KGCDダンベル 6kg111CS-189Aハイローテーブル（折りたたみ式 ）245
アBDX-GTM3.1-LH Rゲイトトレーニングシステム３.1（ロングハンドレール付 ）133CD-7KGCDダンベル 7kg111CTA-10気泡浴装置（カトレア）315
ル
フBDX-GTM3.1-SH Rゲイトトレーニングシステム３.1（ハンドレール付 ）133CD-8KGCDダンベル 8kg111CTA-20シールカバー（カトレア）315
ァ
BDX-ST2S Kスタビライザーキット143CD-9KGCDダンベル 9kg111CTA-200カトレア浴槽315
ベ
ッBDX-UWN Xアンウェイシステム ネクステップ132CD-10KGCDダンベル 10kg111
ト
順BDX4-ACLACL用アタッチメント81CD1-10CDダンベルセット（10組）111D
BDX4-BAバックアタッチメント81CDRP-10CDダンベル用ラック（10組用）111D-70153WayBox 40・50・60113
BDX4-CK Cクローズドチェーンアタッチメント81CEL-10気泡浴装置295D-70163WayBox 60・70・80113
BBDX4-HA Mハムストリング用アタッチメント80CEL-20塩素殺菌装置295DA-03010 1ドクターアクティブコールドパッド  188・202
〜BDX4-PK小児用 膝アタッチメント81CET-100エレベートバス295DA-030101G Pドクターアクティブコールドパッド  188・202
BDX4-PS小児用 肩アタッチメント81CF-1500Aハイローテーブル（折りたたみ式 ）245DA-03010 2ドクターアクティブコールドパッド  188・202
D
BDX4-UE中枢疾患用上肢アタッチメント80CF-1500 Mハイローテーブル（折りたたみ式 ）245DA-030102G Pドクターアクティブコールドパッド  188・202
BDX4-UG H股関節用アップグレードキット81CH-10仕切りボード（チェリー）334DA-03010 3ドクターアクティブコールドパッド  188・202
BDX4-UG S肩関節用アップグレードキット81CH-100HコンパクトADLバス チェリー334DA-030103G Pドクターアクティブコールドパッド  188・202
BDX4-UG W手関節用アップグレードキット81CH-20槽内台（チェリー）334DA-03010 5ドクターアクティブコールドパッド  188・202
BDX4-WSワークシミュレーションアタッチメン ト81CH-30移乗台（チェリー）334DA-030105G Pドクターアクティブコールドパッド  188・202
BDXU-FWセーフティハーネス132CH-40手すり（チェリー）334DA-03010 6ドクターアクティブコールドパッド  188・202
BDXU-SH 2セーフティハーネス132CH-50AコンパクトADLバス チェリー（浴槽取付金具 ）334DLF-35左右分離型低床トレッドミル DLFシリー ズ134
BEQ-10足受けボード 325・329CH-50B取付金具（ホーミィリフト用）334DLF-45左右分離型低床トレッドミル DLFシリー ズ134
BG891000コードレスバイクBFU146CK-101リーチ計測器（椅子・足乗せ台付 ）105DLM-381ペグボード（大）226
BG892000コードレスバイクBFR146CK-103評価補助セット105DLM-42ゲートボールセット236
BG895000コードレスバイクBFU 6CFT146CLS-11エスパック（大）186DLM-50輪投げ236
BH-300A- Nタニタデジタル手動身長計付き体組成 計95CLS-12エスパック（中）186DLM-52204 6リールとホイルとデザイン集セッ ト227
BM-100ブーツM（エアバック付）190CLS-13エスパック（小）186DLM-52246 2ひも通しとデザイン集セット227
BS-100ブーツS（エアバック付）190CLS-21エスパック（首用）186DLM-80Pペグボード（中）226
BWA2.0SInBody89CLS-22エスパック（肩用）186DLM-IL111 2ピンチ訓練セット227
BWC-10レッグサポートベルト（ライラックプラス ）313CLV-11エスパックカバー（大・CLS-11用 ）186DLM-NM07 0サウンドブロック253
BWC-150入浴用車椅子（ライラックプラス ）313CLV-12エスパックカバー（中・CLS-12用 ）186DLM-TS00 2卓上ホッケー236
BWC-155入浴用車椅子（チルト式）315CLV-13エスパックカバー（小・CLS-13用 ）186DM-4Sドクターメドマー DM-4S191
BWC-160入浴用車椅子（ライラックプラス ）313CLW-1パックワゴン186DMG-19587 3プラステゾーテ218
BWC-165入浴用車椅子（チルト＆フルリクライニング式 ）315COL-RPAP-NO1 6プリンターペーパー10巻入96DMG-2085 2エコパテ229
COP-501チェストプレス100DMG-2085 3エコパテ229
CCOP-502ローイング100DMG-2085 4エコパテ229
C-1Mワゴン車191COP-503ホリゾンタルレッグプレス100DMG-2085 5エコパテ229
C573Rリカンベントバイク145COP-504レッグエクステンション101DMG-2085 6エコパテ229
C573Uアップライトバイク145COP-505ヒップアブダクション101DMG-2230 2エコパテ229
CALP-A/Y/ Mカルファ103COP-506トーソフレクション101DMG-2230 3エコパテ229
CAM-10気泡浴装置285COP-3500L Aリフティングアタッチメントセット107DMG-2230 4エコパテ229
CAM-100C/C Wサンカメリア浴槽 センタータイ プ285COP-3500S Bケーブルカラム S1（黒）107DMG-2230 5エコパテ229
CAM-100L/L Wサンカメリア浴槽 Lタイプ285COP-3500S Rケーブルカラム S1（赤）107DMG-2230 6エコパテ229
CAM-100R/R Wサンカメリア浴槽 Rタイプ285COP-3500S Wケーブルカラム S1（白）107DMG-2454 2エコパテ229
CAM-20塩素殺菌装置285COP-GS1グリップサポート 104・148DMG-2454 3エコパテ229
CAM-30水処理システム285COP-SP1導入サポートプログラム（1日コース ）98DMG-2454 4エコパテ229
CAS-100L固定式ストレッチャー Lタイプ286COP-SP2導入サポートプログラム（2日コース ）98DMG-2454 5エコパテ229
CAS-100R固定式ストレッチャー Rタイプ286COP-SP3ブラッシュアップサポートプログラ ム98DMG-2454 6エコパテ229
CAS-110L高さ調節式ストレッチャー Lタイ プ286COP-STE Pプレステップ143DMG-300パテサイズ229
CAS-110R高さ調節式ストレッチャー Rタイ プ286CPM-005 0ハンド アンド リスト121DMG-51275 2ディスク･クリミネーター68
CAW-100担架（スライド式枕タイプ）285CPM-100 0プライマプラス119DMT-01マイコン電気炉（100V）223
CAW-105担架（バスクッションピロータイプ ）285CPM-300 0パフォーマ119DN-0904専用シーツ189
388"
390,MMTYK0WZJYH5I,資料,型式インデックス,GG-02FF-C10IIF-PLHH-1D〜IEE-101Ⅱ型式インデックス アルファベット順DN-0907DSN-210DU-0226DU-0249E-102E-103E-104ⅡE-105E2541EGA151EKA478EM-150DA マイオマッスルデータEM-150MA マイオマッスルマスターEM-271SEM-521EM-590EM-870EM-870MEM-874EEM-874GLL スポーツグローブ（左手用・L/XL）EM-874GLR スポーツグローブ（右手用・L/XL）EM-874GSL スポーツグローブ（左手用・S/M）EM-874GSR スポーツグローブ（右手用・S/M）EM-874XEM-APP01 ウルティウム フィードバックアプリEM-F470A マイオフォース EM-MP760 フォーゼ キントレッド EM-MP790 フォーゼ フィジトレッドEM-MPF702 フォーゼ55EM-MPF705 フォーゼ69EM-MPF710 フォーゼ150EM-MPF711 フォーゼ300EM-MR222BNC アナログ入力ボード EM-MR228 シンクロライト EM-MR262 マイオシンクロ EM-P6EM-PL3EM-PL3PRO ウルティウムポータブルラブ リサーチPRO  62・63EM-PLU880 ポータブルラブ用ウルティウムDASHEM-TS2EM-U802F フットスイッチ/片足用EM-U810EM-U810BF2 ウルティウム フィードバックセットV2EM-U810C プローブ用シールEM-U810MM2 ウルティウム 2chセットEM-U810MM4 ウルティウム 4chセットEM-U810MM8 ウルティウム 8chセット EM-U811EM-U817EM-U824EM-U826EM-U826 S/M/L/XL インソールセンサーEM-U842AYEM-U852EM-U870EM-U880EM-U881EM-UM03EM-UM03S ウルティウムモーション（3センサーセット） 48EM-UM873 ドッキングステーション EM-V120HP マイオビデオHPEM-V120N ノラクソンハイスピードカメラ  49・53・60EM-V240N ノラクソンハイスピードカメラ EM-V403A マイオビデオEST-100EW-1200EW-1200Ⅱ エアネスWallセットEWS-100EXB-100EXM-12000A エクセレントメドマーF-C10-SBF-G15B-CC G15オールインワントレーナーF-SFIDF21-0071-S01 ベッドセンサーシステムベーシック 344FBSM-AC2-WSC ミラブル爽 さらFBSM-AC3-CPSC ミラブル潤 うるFBSM-AC5-GMMSC ミラブル艶 つやFMB-05FMB-10LB フィンブルFMB-10RB フィンブルFOP-401FOP-601FR-31TR HB 車椅子 エリーゼFT-1800AFT-1800MFT-2100AFT-2100MGB7005MNⅡ デュアルアクショントレーナーGP-730GZ-900AGZ-900NH-2H-3HAL-BB04-SSSJP HAL®腰タイプ介護・自立支援用HAM-01SHBP-1320HBP-9035HBP-9036C 自動血圧計189220189189108108109109109261113113616160606060484849494949485553・6351515151515145・6345・6045・6060・6462605957・635559575757・6359595958595948・5748・575349・53532952732732951291901101101101113413413402312312311441422681351429325325318618618634927596969696116116116116116117117117117117117117117117117117117117117115・230115・230115・230115・230115・230115・230115・230115・230115・230115・230115・230115・230115・230115・230115・23019022019012512572・1942013896連ホース（ブーツM・パンツ用）6連ホース（ブーツS用）バランスシート（青）バランスシート（赤）ハーネスHV（SPシリーズ／POPO Li用） 135ハーネスHV（SPシリーズ／POPO Li用） 135ハーネスHV（SPシリーズ／POPO Li用） 135ハーネスHV（SPシリーズ／POPO Li用） 135ハーネスHV（SPシリーズ／POPO Li用） 135パスリーダー（専用カート付） キューブアイスメーカー専用マクラネバノン DSN-210頭部フードサイドレール3e fit ｅスキャプラ3e fit ｅチェスト3e fit ｅアダクター3e fit ｅヒップ3e fit ｅストレッチスルーンボックスNミニハードルコーナープレートデュアル電極（30個入り）アナログ入力ケーブルストレッチバンドプローブ用シールキャリブレーションマットモーションセンサー用シールモーションストラップ（全身用）データ処理装置 ウルティウムポータブルラブ データステーション 62表面筋電図マニュアルEMGプローブ アナログ入力リード加速度計圧センサーインソールスマートリード（両足用）  58・63EMGリード（ロング）バイオモニターウルティウムモーションセンサー  48・63ウルティウム DASH ウルティウムアナログ出力モジュール 59ウルティウムモーション（3センサー）  48・63高さ調節式ストレッチャーエアネスWall担架（エレベートバス）エクササイズブロックC10オールインワントレーナーC10スライディングベンチスタジオFIDベンチフィンブル用ストラップリハビリ用ペダルアームレストハイローテーブル（折りたたみ式） 245ハイローテーブル（折りたたみ式） 245ハイローテーブル（折りたたみ式） 245ハイローテーブル（折りたたみ式） 245サイドグリップ（SPシリーズ用）GP-730プリンタセット言語療法テーブル言語療法テーブルホットパック-mieホットパック-mieホットパック-mieSHSハイジェニックオートモップ自動血圧計自動血圧計HBP-ST-903 専用架台セットHGN-11878 スターターディスペンサーパックHGN-11879 スターターディスペンサーパックHGN-11880 スターターディスペンサーパックHGN-11881 スターターディスペンサーパックHGN-11882 スターターディスペンサーパックHGN-20810 バンドループHGN-20811 バンドループHGN-20812 バンドループHGN-20820 バンドループHGN-20821 バンドループHGN-20822 バンドループHGN-20830 バンドループHGN-20831 バンドループHGN-20832 バンドループHGN-20840 バンドループHGN-20841 バンドループHGN-20842 バンドループHGN-22010 アシストストラップHGN-22120 エクササイズ ハンドル（2個1組） 117HGN-22130 ドアアンカーHGN-22140 エクストリミティ ストラップ（2個1組） 117HGN-25811 ソフトウエイトボール HGN-25821 ソフトウエイトボール HGN-25831 ソフトウエイトボール HGN-25841 ソフトウエイトボール HGN-25851 ソフトウエイトボール HGN-25861 ソフトウエイトボール HGN-26020 セラバンド ハンドエクササイザー HGN-26030 セラバンド ハンドエクササイザー HGN-26033 セラバンド ハンドエクササイザー XL  115・230HGN-26040 セラバンド ハンドエクササイザー HGN-26043 セラバンド ハンドエクササイザー XL  115・230HGN-26050 セラバンド ハンドエクササイザー HGN-26053 セラバンド ハンドエクササイザー XL  115・230HGN-26060 セラバンド ハンドエクササイザー HGN-26063 セラバンド ハンドエクササイザー XL  115・230HGN-26100 フレックスバー HGN-26101 フレックスバー HGN-26102 フレックスバー HGN-26107 フレックスバー HM-100HRR840RP225P リボルビングパンチプライヤーHS-100HT-100BHT-100RHV-100HV-110HV-120HV-130HV-140IM-25P,"型
式
イ
DN-0907専用マクラ189EM-U842AYEMGリード（ロング）59HBP-ST-90 3専用架台セット96
ン
DSN-210ネバノン DSN-210220EM-U852バイオモニター59HGN-1187 8スターターディスペンサーパック116
デ
DU-0226頭部フード189EM-U870ウルティウムモーションセンサー  48・63HGN-1187 9スターターディスペンサーパック116
ッ
DU-0249サイドレール189EM-U880ウルティウム DASH 48・57HGN-1188 0スターターディスペンサーパック116
ク
EM-U881ウルティウムアナログ出力モジュー ル59HGN-1188 1スターターディスペンサーパック116
ス
EEM-UM03ウルティウムモーション（3センサー）  48・63HGN-1188 2スターターディスペンサーパック116
 
E-101Ⅱ3e fit ｅスキャプラ108EM-UM03 Sウルティウムモーション（3センサーセット ）48HGN-2081 0バンドループ117
E-1023e fit ｅチェスト108EM-UM87 3ドッキングステーション 48・57HGN-2081 1バンドループ117ア
ル
E-1033e fit ｅアダクター109EM-V120H PマイオビデオHP53HGN-2081 2バンドループ117フ
ァ
E-104Ⅱ3e fit ｅヒップ109EM-V120 Nノラクソンハイスピードカメラ  49・53・60HGN-2082 0バンドループ117
ベ
E-1053e fit ｅストレッチ109EM-V240 Nノラクソンハイスピードカメラ 49・53HGN-2082 1バンドループ117ッ
ト
E2541スルーンボックスN261EM-V403 Aマイオビデオ53HGN-2082 2バンドループ117順
EGA151ミニハードル113EST-100高さ調節式ストレッチャー295HGN-2083 0バンドループ117
EKA478コーナープレート113EW-1200エアネスWall273HGN-2083 1バンドループ117
EM-150D Aマイオマッスルデータ61EW-1200 ⅡエアネスWallセット273HGN-2083 2バンドループ117D
EM-150M Aマイオマッスルマスター61EWS-100担架（エレベートバス）295HGN-2084 0バンドループ117〜
EM-271Sデュアル電極（30個入り）60EXB-100エクササイズブロック129HGN-2084 1バンドループ117
I
EM-521アナログ入力ケーブル60EXM-12000 Aエクセレントメドマー190HGN-2084 2バンドループ117
EM-590ストレッチバンド60HGN-2201 0アシストストラップ117
EM-870プローブ用シール60FHGN-2212 0エクササイズ ハンドル（2個1組 ）117
EM-870Mキャリブレーションマット48F-C10C10オールインワントレーナー110HGN-2213 0ドアアンカー117
EM-874Eモーションセンサー用シール48F-C10-SBC10スライディングベンチ110HGN-2214 0エクストリミティ ストラップ（2個1組 ）117
EM-874GL Lスポーツグローブ（左手用・L/XL）49F-G15B-C CG15オールインワントレーナー110HGN-2581 1ソフトウエイトボール 115・230
EM-874GL Rスポーツグローブ（右手用・L/XL）49F-SFIDスタジオFIDベンチ111HGN-2582 1ソフトウエイトボール 115・230
EM-874GS Lスポーツグローブ（左手用・S/M）49F21-0071-S0 1ベッドセンサーシステムベーシッ ク344HGN-2583 1ソフトウエイトボール 115・230
EM-874GS Rスポーツグローブ（右手用・S/M）49FBSM-AC2-WS Cミラブル爽 さら341HGN-2584 1ソフトウエイトボール 115・230
EM-874Xモーションストラップ（全身用）48FBSM-AC3-CPS Cミラブル潤 うる341HGN-2585 1ソフトウエイトボール 115・230
EM-APP0 1ウルティウム フィードバックアプリ55FBSM-AC5-GMMS Cミラブル艶 つや340HGN-2586 1ソフトウエイトボール 115・230
EM-F470 Aマイオフォース 53・63FMB-05フィンブル用ストラップ231HGN-2602 0セラバンド ハンドエクササイザー 115・230
EM-MP76 0フォーゼ キントレッド 51FMB-10L Bフィンブル231HGN-2603 0セラバンド ハンドエクササイザー 115・230
EM-MP79 0フォーゼ フィジトレッド51FMB-10R Bフィンブル231HGN-2603 3セラバンド ハンドエクササイザー XL  115・230
EM-MPF70 2フォーゼ5551FOP-401リハビリ用ペダル144HGN-2604 0セラバンド ハンドエクササイザー 115・230
EM-MPF70 5フォーゼ6951FOP-601アームレスト142HGN-2604 3セラバンド ハンドエクササイザー XL  115・230
EM-MPF71 0フォーゼ15051FR-31TR H B車椅子 エリーゼ268HGN-2605 0セラバンド ハンドエクササイザー 115・230
EM-MPF71 1フォーゼ30051FT-1800Aハイローテーブル（折りたたみ式 ）245HGN-2605 3セラバンド ハンドエクササイザー XL  115・230
EM-MR222BN Cアナログ入力ボード 45・63FT-1800Mハイローテーブル（折りたたみ式 ）245HGN-2606 0セラバンド ハンドエクササイザー 115・230
EM-MR22 8シンクロライト 45・60FT-2100Aハイローテーブル（折りたたみ式 ）245HGN-2606 3セラバンド ハンドエクササイザー XL  115・230
EM-MR26 2マイオシンクロ 45・60FT-2100Mハイローテーブル（折りたたみ式 ）245HGN-2610 0フレックスバー 115・230
EM-P6データ処理装置 60・64HGN-2610 1フレックスバー 115・230
EM-PL3ウルティウムポータブルラブ データステーショ ン62GHGN-2610 2フレックスバー 115・230
EM-PL3PR Oウルティウムポータブルラブ リサーチPRO  62・63G-02サイドグリップ（SPシリーズ用）135HGN-2610 7フレックスバー 115・230
EM-PLU88 0ポータブルラブ用ウルティウムDASH62GB7005MN Ⅱデュアルアクショントレーナー142HM-1006連ホース（ブーツM・パンツ用）190
EM-TS2表面筋電図マニュアル60GP-730GP-730プリンタセット93HRR840RP225 Pリボルビングパンチプライヤー220
EM-U802 Fフットスイッチ/片足用59GZ-900A言語療法テーブル253HS-1006連ホース（ブーツS用）190
EM-U810EMGプローブ 57・63GZ-900N言語療法テーブル253HT-100Bバランスシート（青）125
EM-U810BF 2ウルティウム フィードバックセットV255HT-100Rバランスシート（赤）125
EM-U810 Cプローブ用シール59HHV-100ハーネスHV（SPシリーズ／POPO Li用 ）135
EM-U810MM 2ウルティウム 2chセット57H-1ホットパック-mie186HV-110ハーネスHV（SPシリーズ／POPO Li用 ）135
EM-U810MM 4ウルティウム 4chセット57H-2ホットパック-mie186HV-120ハーネスHV（SPシリーズ／POPO Li用 ）135
EM-U810MM 8ウルティウム 8chセット 57・63H-3ホットパック-mie186HV-130ハーネスHV（SPシリーズ／POPO Li用 ）135
EM-U811アナログ入力リード59HAL-BB04-SSSJ PHAL®腰タイプ介護・自立支援用349HV-140ハーネスHV（SPシリーズ／POPO Li用 ）135
EM-U817加速度計59HAM-01SSHSハイジェニックオートモップ275
EM-U824圧センサー59HBP-1320自動血圧計96I
EM-U826インソールスマートリード（両足用）  58・63HBP-9035自動血圧計96IF-PLパスリーダー（専用カート付） 72・194
EM-U826 S/M/L/X Lインソールセンサー58HBP-9036 C自動血圧計96IM-25Pキューブアイスメーカー201
389"
391,MMTYK0Y8V0117,資料,型式インデックス,LL-01I〜M型式インデックス アルファベット順MM-00-S/50 ブルーセンサー（標準50個入り）JJK-101ⅡKK01-1202L-02L-110L-120L-130LA-560L/R ライラックプラス浴槽LA-560ML/R ライラックプラス浴槽 マイクロバブル仕様 312LB120BASLIS-100LIS-100MLIS-110LIS-110MLIT-100ⅡLIT-150HLIT-2000ⅡH スケアリフトLIT-400R/L ホーミィリフト（据置型）LIT-401R/L ホーミィリフト（アンカー固定型）LIT-700L/R ホーミィイース浴槽LIT-71BLIT-71BHLIT-71LLIT-71LHLIT-71RLIT-71RHLIT-71SLIT-71SHLIT-72BLIT-72BHLIT-72LLIT-72LHLIT-72RLIT-72RHLIT-72SLIT-72SHLIT-73LLIT-73LHLIT-73RLIT-73RHLIT7-2222L/R ホーミィイース専用 2222ユニットバス 328LIV-100LIV-200 LIX-100LIX-100MLIX-110LIX-120IOC-1IV-KDB-4KG ケトルベルIV-KDB-8KG ケトルベルIV-KDB-12KG ケトルベルIV-KDB-16KG ケトルベルIV-KDB-20KG ケトルベルIV-KDB-24KG ケトルベルIV-KDB-28KG ケトルベルIV-KDB-32KG ケトルベルIV-KDB-40KG ケトルベルIV-KDB-48KG ケトルベルIVD-1KGIVD-2KG IVD-3KGJK-101ⅢK01-1210K01-1211K03-1102KINVD01KINVD01-P 小児用フットサポーター （左右一式） 141KINVD01-W 転倒防止フック （左右一式）KJP-5KSAR-CKT-104+KT-104+HA カイネタイザーKT-108+KT-108+HA カイネタイザーKT-1200AKT-1200M ハイローテーブル（折りたたみ式） 245KT-1500AKT-1500M ハイローテーブル（折りたたみ式） 245KTPR150/EP KT TAPE PRO ジャンボロールタイプ 162KTPR150/HP KT TAPE PRO ジャンボロールタイプ 162KTPR150/JB KT TAPE PRO ジャンボロールタイプ 162KTPR150/LB KT TAPE PRO ジャンボロールタイプ 162KTPR150/RR KT TAPE PRO ジャンボロールタイプ 162KTPR150/SB KT TAPE PRO ジャンボロールタイプ 162KTPR150/SBE KT TAPE PRO ジャンボロールタイプ 162KTPR20/BO KT TAPE PRO ロールタイプKTPR20/EPKTPR20/HP KT TAPE PRO ロールタイプKTPR20/JBKTPR20/LB KT TAPE PRO ロールタイプKTPR20/RR KT TAPE PRO ロールタイプKTPR20/SB KT TAPE PRO ロールタイプKTPR20/SBE KT TAPE PRO ロールタイプKTPR20/SYKTPR20/WG KT TAPE PRO ロールタイプKTPR5/HPKTPR5/JBKTPR5/LBKTPR5/SBKTPR5/SBE KT TAPE PRO パウチタイプKTPREX150 KT TAPE PRO エクストリームKTPREX20KTPRUC/JB KT TAPE PRO ジャンボロールタイプ アンカット 162KTPRUC/SBE KT TAPE PRO ジャンボロールタイプ アンカット 162LIX-120MLIX-130LIX-40LL-400CLL-400L/R ライナーリフト本体（縦移動型）LL-413LL-420CR/L 入浴用車椅子（LL-420用）（ライナーリフト） 321LL-420L/R ライナーリフト本体（横移動型）LPNPL000 ストレッチポールLPNPL001 ストレッチポール ハーフカットLTC-100Ⅱ 入浴リフト用車椅子LTC-700LWT-100LWT-20MC-780-MA-01 MC-780-MA-N 専用印刷台紙MC-780-MA-N タニタマルチ周波数体組成計MC-780A-01 MC-780A 専用印刷台紙MC-780A-N タニタマルチ周波数体組成計MC-980A-01 MC-980A plus 専用印刷台紙MC-980A-N plus タニタマルチ周波数体組成計MCRPMD1005-00010 KINUAMI業務用専用ボディソープ 342MEF-20MEF-22MFF-50MH-1MH-2MHS-2600 免荷量表示計mirablezero ミラブルzero MLT-ⅢMPU12A-102 充電用ACアダプター MRA-01112 アルミ杖 ベーシックタイプMRA-01113 アルミ杖 ベーシックタイプMRA-01221 折りたたみ杖MRA-01222 折りたたみ杖MRA-01613 クォードケイン（スモールベース） 257MRA-01621 クォードケイン（ラージベース）MRA-03411 アルミ杖 スリムタイプMRA-03412 アルミ杖 スリムタイプMRA09121-03 ゴム足MRA09121-04 ゴム足MRA09121-13 ゴム足MRA09121-14 ゴム足MRA09121-15 ゴム足MRA09121-16 ゴム足MRA09121-23 ゴム足MRA09121-24 ゴム足MRB-02031 ウォーカーケイン（シルバー）MRB-02032 ウォーカーケイン（ライトブラウン） 260MRB-02035 ゴム足MSD-20MST-101121111111111111111111111111111111141141147171342342342141141198・26626017517517517516216216216216216216216216216216216216216216216216213513513513513531391304304304304336336336335335329135リクシー スタンダードタイプ 浴槽 304リクシー スタンダードタイプ 浴槽 304ハンドシャワー（リクシー）入浴用車椅子（LL-400用）（ライナーリフト） 323リモコンスイッチ（ライナーリフト） 323入浴用車椅子（ホーミィイース）片持型ストレッチャー（リクシー）上肢用サイドフェンスマイクロリカバリーパッチモジュール車椅子モジュール車椅子車椅子 フルリクライニングシャワーウィールチェアー（自操式） 339シャワーウィールチェアー（手押式） 339床走行式リフト マイティライトⅢソルダリングアイロンモービィ用 収納ケース30532332111311333632930530560929293939393175267267268135319・340347174・23325625625625625725625625825825825825825825825826025821976390オリンピック アームカールバーダンベル 1kgダンベル 2kgダンベル 3kg重心バランスシステム重心バランスシステム専用電池パックタイル壁設置用ビス固定マウントパーツ 342KINUAMI専用スタンド泡シャワー KINUAMI Careキネヴィア デュオ車椅子 ビッグサイズ セーフティーアーム 交互式カイネタイザーカイネタイザーハイローテーブル（折りたたみ式） 245ハイローテーブル（折りたたみ式） 245KT TAPE PRO ロールタイプKT TAPE PRO ロールタイプKT TAPE PRO ロールタイプKT TAPE PRO パウチタイプKT TAPE PRO パウチタイプKT TAPE PRO パウチタイプKT TAPE PRO パウチタイプKT TAPE PRO エクストリームREH脚部のみ（POPO Li用）LIV脚部のみ（POPO Li用）ハーネスライトハーネスライトハーネスライトLookin Body120リクシー シンプルタイプ 浴槽リクシー シンプルタイプ 浴槽リクシー シンプルタイプ 浴槽リクシー シンプルタイプ 浴槽ハイアリフトハイアリフト掘込背面カバー（ホーミィイース） 329掘込背面カバーひのき柄（ホーミィイース） 329カバー掘込2面仕様L（ホーミィイース） 329カバー掘込2面仕様Lひのき柄（ホーミィイース） 329カバー掘込2面仕様R（ホーミィイース） 329カバー掘込2面仕様Rひのき柄（ホーミィイース） 329掘込側面カバー（ホーミィイース） 329掘込側面カバーひのき柄（ホーミィイース） 329据置背面カバー（ホーミィイース） 329据置背面カバーひのき柄（ホーミィイース） 329カバー据置2面仕様L（ホーミィイース） 329カバー据置2面仕様Lひのき柄（ホーミィイース） 329カバー据置2面仕様R（ホーミィイース） 329カバー据置2面仕様Rひのき柄（ホーミィイース） 329据置側面カバー（ホーミィイース） 329据置側面カバーひのき柄（ホーミィイース） 329カバーユニットバス仕様L（ホーミィイース） 329カバーユニットバス仕様Lひのき柄（ホーミィイース） 329カバーユニットバス仕様Ｒ（ホーミィイース） 329カバーユニットバス仕様Ｒひのき柄（ホーミィイース） 329免荷式リフトPOPO Li免荷式リフトPOPO Li（サイド手すり付） 135リクシー スタンダードタイプ 浴槽 304リクシー スタンダードタイプ 浴槽 304リクシー スタンダードタイプ 浴槽 304リクシー スタンダードタイプ 浴槽 304,"型
式
イ
IOC-1オリンピック アームカールバー112KTPR5/JBKT TAPE PRO パウチタイプ162LIX-120Mリクシー スタンダードタイプ 浴 槽304
ン
IV-KDB-4K Gケトルベル111KTPR5/LBKT TAPE PRO パウチタイプ162LIX-130リクシー スタンダードタイプ 浴 槽304
デ
IV-KDB-8K Gケトルベル111KTPR5/SBKT TAPE PRO パウチタイプ162LIX-40ハンドシャワー（リクシー）305
ッ
IV-KDB-12K Gケトルベル111KTPR5/SB EKT TAPE PRO パウチタイプ162LL-400C入浴用車椅子（LL-400用（）ライナーリフト ）323
ク
IV-KDB-16K Gケトルベル111KTPREX15 0KT TAPE PRO エクストリーム162LL-400L/ Rライナーリフト本体（縦移動型）323
ス
IV-KDB-20K Gケトルベル111KTPREX20KT TAPE PRO エクストリーム162LL-413リモコンスイッチ（ライナーリフト ）323
 
IV-KDB-24K Gケトルベル111KTPRUC/J BKT TAPE PRO ジャンボロールタイプ アンカッ ト162LL-420CR/ L入浴用車椅子（LL-420用（）ライナーリフト ）321
アIV-KDB-28K Gケトルベル111KTPRUC/SB EKT TAPE PRO ジャンボロールタイプ アンカッ ト162LL-420L/ Rライナーリフト本体（横移動型）321
ル
フIV-KDB-32K Gケトルベル111LPNPL00 0ストレッチポール113
ァ
ベIV-KDB-40K Gケトルベル111LLPNPL00 1ストレッチポール ハーフカット113
ッIV-KDB-48K Gケトルベル111L-01REH脚部のみ（POPO Li用）135LTC-100 Ⅱ入浴リフト用車椅子336
ト
順IVD-1KGダンベル 1kg114L-02LIV脚部のみ（POPO Li用）135LTC-700入浴用車椅子（ホーミィイース）329
IVD-2KG ダンベル 2kg114L-110ハーネスライト135LWT-100片持型ストレッチャー（リクシー）305
IVD-3KGダンベル 3kg114L-120ハーネスライト135LWT-20上肢用サイドフェンス305
IL-130ハーネスライト135
〜JLA-560L/ Rライラックプラス浴槽313M
JK-101Ⅱ重心バランスシステム71LA-560ML/ Rライラックプラス浴槽 マイクロバブル仕 様312M-00-S/5 0ブルーセンサー（標準50個入り）60
M
JK-101Ⅲ重心バランスシステム71LB120BASLookin Body12091MC-780-MA-0 1MC-780-MA-N 専用印刷台紙92
LIS-100リクシー シンプルタイプ 浴槽304MC-780-MA- Nタニタマルチ周波数体組成計92
KLIS-100Mリクシー シンプルタイプ 浴槽304MC-780A-0 1MC-780A 専用印刷台紙93
K01-1202専用電池パック342LIS-110リクシー シンプルタイプ 浴槽304MC-780A- Nタニタマルチ周波数体組成計93
K01-1210タイル壁設置用ビス固定マウントパー ツ342LIS-110Mリクシー シンプルタイプ 浴槽304MC-980A-0 1MC-980A plus 専用印刷台紙93
K01-1211KINUAMI専用スタンド342LIT-100Ⅱハイアリフト336MC-980A-N plu sタニタマルチ周波数体組成計93
K03-1102泡シャワー KINUAMI Care342LIT-150Hハイアリフト336MCRPマイクロリカバリーパッチ175
KINVD01キネヴィア デュオ141LIT-2000Ⅱ Hスケアリフト336MD1005-0001 0KINUAMI業務用専用ボディソー プ342
KINVD01- P小児用フットサポーター（ 左右一式 ）141LIT-400R/ Lホーミィリフト（据置型）335MEF-20モジュール車椅子267
KINVD01- W転倒防止フック（ 左右一式）141LIT-401R/ Lホーミィリフト（アンカー固定型）335MEF-22モジュール車椅子267
KJP-5車椅子 ビッグサイズ 198・266LIT-700L/ Rホーミィイース浴槽329MFF-50車椅子 フルリクライニング268
KSAR-Cセーフティーアーム 交互式260LIT-71B掘込背面カバー（ホーミィイース ）329MH-1シャワーウィールチェアー（自操式 ）339
KT-104+カイネタイザー175LIT-71BH掘込背面カバーひのき柄（ホーミィイース ）329MH-2シャワーウィールチェアー（手押式 ）339
KT-104+H Aカイネタイザー175LIT-71Lカバー掘込2面仕様（Lホーミィイース ）329MHS-260 0免荷量表示計135
KT-108+カイネタイザー175LIT-71LHカバー掘込2面仕様Lひのき柄（ホーミィイース ）329mirablezer oミラブルzero 319・340
KT-108+H Aカイネタイザー175LIT-71Rカバー掘込2面仕様R（ホーミィイース ）329MLT-Ⅲ床走行式リフト マイティライトⅢ347
KT-1200Aハイローテーブル（折りたたみ式 ）245LIT-71RHカバー掘込2面仕様Rひのき柄（ホーミィイース ）329MPU12A-10 2充電用ACアダプター 174・233
KT-1200 Mハイローテーブル（折りたたみ式 ）245LIT-71S掘込側面カバー（ホーミィイース ）329MRA-0111 2アルミ杖 ベーシックタイプ256
KT-1500Aハイローテーブル（折りたたみ式 ）245LIT-71SH掘込側面カバーひのき柄（ホーミィイース ）329MRA-0111 3アルミ杖 ベーシックタイプ256
KT-1500 Mハイローテーブル（折りたたみ式 ）245LIT-72B据置背面カバー（ホーミィイース ）329MRA-0122 1折りたたみ杖256
KTPR150/E PKT TAPE PRO ジャンボロールタイ プ162LIT-72BH据置背面カバーひのき柄（ホーミィイース ）329MRA-0122 2折りたたみ杖256
KTPR150/H PKT TAPE PRO ジャンボロールタイ プ162LIT-72Lカバー据置2面仕様（Lホーミィイース ）329MRA-0161 3クォードケイン（スモールベース ）257
KTPR150/J BKT TAPE PRO ジャンボロールタイ プ162LIT-72LHカバー据置2面仕様Lひのき柄（ホーミィイース ）329MRA-0162 1クォードケイン（ラージベース）257
KTPR150/L BKT TAPE PRO ジャンボロールタイ プ162LIT-72Rカバー据置2面仕様R（ホーミィイース ）329MRA-0341 1アルミ杖 スリムタイプ256
KTPR150/R RKT TAPE PRO ジャンボロールタイ プ162LIT-72RHカバー据置2面仕様Rひのき柄（ホーミィイース ）329MRA-0341 2アルミ杖 スリムタイプ256
KTPR150/S BKT TAPE PRO ジャンボロールタイ プ162LIT-72S据置側面カバー（ホーミィイース ）329MRA09121-0 3ゴム足258
KTPR150/SB EKT TAPE PRO ジャンボロールタイ プ162LIT-72SH据置側面カバーひのき柄（ホーミィイース ）329MRA09121-0 4ゴム足258
KTPR20/B OKT TAPE PRO ロールタイプ162LIT-73Lカバーユニットバス仕様（Lホーミィイース ）329MRA09121-1 3ゴム足258
KTPR20/EPKT TAPE PRO ロールタイプ162LIT-73LHカバーユニットバス仕様Lひのき柄（ホーミィイース ）329MRA09121-1 4ゴム足258
KTPR20/H PKT TAPE PRO ロールタイプ162LIT-73Rカバーユニットバス仕様Ｒ（ホーミィイース ）329MRA09121-1 5ゴム足258
KTPR20/JBKT TAPE PRO ロールタイプ162LIT-73RHカバーユニットバス仕様Ｒひのき柄（ホーミィイース ）329MRA09121-1 6ゴム足258
KTPR20/L BKT TAPE PRO ロールタイプ162LIT7-2222L/ Rホーミィイース専用 2222ユニットバ ス328MRA09121-2 3ゴム足258
KTPR20/R RKT TAPE PRO ロールタイプ162LIV-100免荷式リフトPOPO Li135MRA09121-2 4ゴム足258
KTPR20/S BKT TAPE PRO ロールタイプ162LIV-200 免荷式リフトPOPO L（iサイド手すり付 ）135MRB-0203 1ウォーカーケイン（シルバー）260
KTPR20/SB EKT TAPE PRO ロールタイプ162LIX-100リクシー スタンダードタイプ 浴 槽304MRB-0203 2ウォーカーケイン（ライトブラウン ）260
KTPR20/SYKT TAPE PRO ロールタイプ162LIX-100Mリクシー スタンダードタイプ 浴 槽304MRB-0203 5ゴム足258
KTPR20/W GKT TAPE PRO ロールタイプ162LIX-110リクシー スタンダードタイプ 浴 槽304MSD-20ソルダリングアイロン219
KTPR5/HPKT TAPE PRO パウチタイプ162LIX-120リクシー スタンダードタイプ 浴 槽304MST-10モービィ用 収納ケース76
390"
392,MMTYK0ZP09706,資料,型式インデックス,PP-100OOCL-FRM〜P型式インデックス アルファベット順NN-00-S/25 ブルーセンサー（小児用25個入り） 60244244244244747676767622026626624024033733733733792・93292145949514014514094・9592・9395646464642681121121901711711711711711713D吸引導子コード（吸引装置・赤・＋極・M） 1713D吸引導子コード（吸引装置・赤・−極・M） 1713D吸引導子コード（吸引装置・黒・＋極・M） 1713D吸引導子コード（吸引装置・黒・−極・M） 1713D吸引導子コード（吸引装置・赤・＋極・L） 1713D吸引導子コード（吸引装置・赤・−極・L） 1713D吸引導子コード（吸引装置・黒・＋極・L） 1713D吸引導子コード（吸引装置・黒・−極・L） 171フィジオカート フィジオ EMS8フィジオEMS8 ハンガー付きワゴン 177CET電極Φ90mmRET電極Φ90mmフィジオ ソノ171171171171171171171171171・192177177177177177177181181181181181181181181181181181181181181181181181181181183183183183183192192192192192192309309309309309125・239125・239125・239237237161・237161・237161・237161・237238238238238238238238238238161・237161・237161・237161・237161・237161・237161・237161・237238238238125・239238238238238239239125・239161246246246246246391徒手筋力計  モービィZ徒手筋力計  モービィZⅡ（Wi-Fi・ソフト込み）  74外部出力ケーブル握力センサーピンチセンサープルセンサーネバノン NBN-170車椅子 アルミ介助型マイティライト ハイバックタイプ４点式 347アクティーモ NR取付金具（ガートル掛け用）シャワーストレッチャー電動シャワーストレッチャーデータ管理ソフト ゲットインシェイプ  92・93NV191 専用印刷台紙 洗浄台（ロベリアプラス）風神雷神表示ボックススタンド表示ボックススタンドロングハンドレールバイク用充電器ロングハンドレール感熱式プリンタセット 専用感熱式プリンタセット 昇降補助手すりオプトゲイト（1mセット）延長用バー5m用バッグオプトゲイト（3mセット）エクササイズ オリンピックバースタンダード オリンピックバーパンツ（エアバック付）フィジオ5DセットACアダプタ（本体）3D導子コード（本体・粘着パッド用・赤） 1713D導子コード（本体・粘着パッド用・グレー） 171P-SW-C009 ディープアプリケータ15mmP-SW-C010 D-Actorアプリケータ20mm P-SW-C011 ビームアプリケータ15mmP-SW-C012 ショックマスター専用キャリーバッグ 192PAO-20PAO-200PAO-210PAO-220PAS-200PAS-210PC-2769LPC-2769M トレーニングボール（M) PC-2769SPC-2779APC-2779BPC-2779CPC-2789APC-2789BPC-2789CPC-2789DPC-2794APC-2794BPC-2794CPC-2794DPC-2794EPC-2794FPC-2794GPC-2794HPC-2794JPC-2795APC-2795BPC-2795CPC-2795DPC-2795EPC-2795FPC-2795JPC-2795LPC-2795M フィーダーシート（M）PC-2795NPC-2795XPC-4163BPC-4542APC-4542BPC-4542DPC-4542W フロアシッターウェッジPC-4768CPC-4769CPC-4811PC-920983 ポジショニング ピローPCLB-INS2PD-5001SPD-5002SPD-5003SPD-5004SPD-5005SMT-1200A ハイローテーブル（アイボリー）MT-1200M ハイローテーブル（木目）MT-1500A ハイローテーブル（アイボリー）MT-1500M ハイローテーブル（木目）MT-201MT-202MT-221MT-230MT-240MT-250NBN-170NEO-0レザー 車椅子 アルミ自走型NEO-2NHS-03NR-2014NRG-2014NS-600NS60-491-000-4 浴槽セット Assy（NS-600用）NS-700NS70-491-000-1 浴槽セット Assy（NS-700用）NV191NV191-01NW-470OP-002OP-005OP-009OP-024OP-026OP-201OP-202OP-501OPG-100OPG-101OPG-150OPG-300OS-12TR HB 車椅子 オアシス リクライニングOT-10OT-20P-5DSP-5D-A001P-5D-A002 電源コード（本体・ストレート型）P-5D-A003P-5D-A004P-5D-A005 デルタスティック導子P-5D-A006 リモコンP-5D-B002 電源コード（吸引装置・L型）P-5D-B003 アースコード（吸引装置）P-5D-B004 本体・吸引装置接続コードP-5D-B005P-5D-B006 P-5D-B007 P-5D-B008P-5D-B009 スポンジ（吸引装置・M・４個入り）P-5D-B010P-5D-B011P-5D-B012P-5D-B013P-5D-B014 スポンジ（吸引装置・L・4個入り）P-5D-B016 フィジオ5D 電極M（φ85）P-5D-B017 フィジオ5D カップM（φ85）P-5D-B018 フィジオ5D 電極L（φ100）P-5D-B019 フィジオ5D カップL（φ100）P-CARTP-EMS8P-EMS8-A001 フィジオEMS8 接続コードP-EMS8-A002 フィジオEMS8 接続コードP-EMS8-A003 フィジオEMS8 接続コードP-EMS8-A004 フィジオEMS8 接続コードP-EMS8-REM フィジオEMS8 リモコンP-EMS8WP-RF-B005/-B006/-B007 CET電極Φ40/60/70mmP-RF-B008/-B009/-B010 RET電極Φ40/60/70mmP-RF-B015B-2 フィジオRFクリームP-RF-B106P-RF-B107P-RF-B113/-B114/-B115 電極カバーΦ40/60/70mmP-RF-C005 ベルト（大）P-RF-C006 ベルト（小）P-RF-C011 電源コード2.5mP-RF-C013-2 ラジオスティムPro LCDカバーP-RF-C014 特大ベルトP-RF-PRO-B012 プロ用プレートアースP-RF-PRO-B013 プロ用停止スイッチP-RF-PRO-B018 プロ用グリップアースP-RF-PRO-B101 プロ用CETプローブP-RF-PRO-B102 プロ用RETプローブP-RF-PRO-B103 プロ用CETスティック型プローブP-RF-PRO-B111 低周波プローブP-RF-PROS フィジオ ラジオスティム プロセット 181P-RF-PROW プロ用専用ワゴンP-SONOP-SONO-A001 フィジオ ソノ ACアダプタP-SONO-A002-2 フィジオ ソノ 電源コードＮＦ型P-SONO-A003 フィジオ ソノ 超音波プローブP-SONO-B001 フィジオ ソノ 超音波プローブ（平型固定タイプ） 183P-SONO-B002 フィジオ ソノ 固定ベルト（1.2m標準幅） 183P-SONO-S-B001 フィジオ ソノ 平型固定プローブセット 183P-SONO-W フィジオ ソノ ワゴンP-SW-C005 D-Actorアプリケータ35mmP-SW-C006 フォーカスアプリケータ15mmP-SW-C007 ポイントアプリケータ6mm洗浄ユニット（PAO）PAOシャワードーム タンクなしPAOシャワードーム タンク付PAOシャワードーム 洗髪機能付ストレッチャー 固定式（PAO）ストレッチャー 高さ調節式（PAO） 309トレーニングボール（L) トレーニングボール（S) デラックスストラップウェッジ（S）デラックスストラップウェッジ（M） 237デラックスストラップウェッジ（L）レイズドロール レイズドロール レイズドロール レイズドロール ロールロールロールロールロールロールロールロールロールウェッジ ウェッジ ウェッジ ウェッジ ウェッジ ウェッジ ウェッジ ウェッジ フィーダーシート（S）フィーダーシート（L）バレルロール フロアシート（M）フロアシート（S）フロアシート（L）ジェットモービル（M）ジェットモービル（L）ロッカーバランス InBodyデータ管理ソフト専用パソコン  91福祉用椅子福祉用椅子福祉用椅子福祉用椅子福祉用椅子,"型
式
イ
MT-1200 Aハイローテーブル（アイボリー）244P-5D-B00 3アースコード（吸引装置）171P-SW-C00 9ディープアプリケータ15mm192
ン
MT-1200 Mハイローテーブル（木目）244P-5D-B00 4本体・吸引装置接続コード171P-SW-C01 0D-Actorアプリケータ20mm 192
デ
MT-1500 Aハイローテーブル（アイボリー）244P-5D-B0053D吸引導子コード（吸引装置・赤・＋極・M ）171P-SW-C01 1ビームアプリケータ15mm192
ッ
MT-1500 Mハイローテーブル（木目）244P-5D-B006 3D吸引導子コード（吸引装置・赤・−極・M ）171P-SW-C01 2ショックマスター専用キャリーバッ グ192
ク
MT-201徒手筋力計  モービィZ74P-5D-B007 3D吸引導子コード（吸引装置・黒・＋極・M ）171PAO-20洗浄ユニット（PAO）309
ス
MT-202徒手筋力計  モービィZⅡ（Wi-F・iソフト込み）  74P-5D-B0083D吸引導子コード（吸引装置・黒・−極・M ）171PAO-200PAOシャワードーム タンクなし309
 
MT-221外部出力ケーブル76P-5D-B00 9スポンジ（吸引装置・M・４個入り）171PAO-210PAOシャワードーム タンク付309
MT-230握力センサー76P-5D-B0103D吸引導子コード（吸引装置・赤・＋極・L ）171PAO-220PAOシャワードーム 洗髪機能付309ア
ル
MT-240ピンチセンサー76P-5D-B0113D吸引導子コード（吸引装置・赤・−極・L ）171PAS-200ストレッチャー 固定式（PAO）309フ
ァ
MT-250プルセンサー76P-5D-B0123D吸引導子コード（吸引装置・黒・＋極・L ）171PAS-210ストレッチャー 高さ調節式（PAO ）309
ベ
P-5D-B0133D吸引導子コード（吸引装置・黒・−極・L ）171PC-2769Lトレーニングボール（L) 125・239ッ
ト
NP-5D-B01 4スポンジ（吸引装置・L・4個入り）171PC-2769 Mトレーニングボール（M) 125・239順
N-00-S/2 5ブルーセンサー（小児用25個入り ）60P-5D-B01 6フィジオ5D 電極M（φ85）171PC-2769Sトレーニングボール（S) 125・239
NBN-170ネバノン NBN-170220P-5D-B01 7フィジオ5D カップM（φ85）171PC-2779Aデラックスストラップウェッジ（S）237
NEO-0レザ ー車椅子 アルミ自走型266P-5D-B01 8フィジオ5D 電極（Lφ100）171PC-2779Bデラックスストラップウェッジ（M ）237M
NEO-2車椅子 アルミ介助型266P-5D-B01 9フィジオ5D カップ（Lφ100）171PC-2779Cデラックスストラップウェッジ（L）237〜
NHS-03マイティライト ハイバックタイプ４点 式347P-CARTフィジオカート 171・192PC-2789Aレイズドロール 161・237
P
NR-2014アクティーモ NR240P-EMS8フィジオ EMS8177PC-2789Bレイズドロール 161・237
NRG-2014取付金具（ガートル掛け用）240P-EMS8-A00 1フィジオEMS8 接続コード177PC-2789Cレイズドロール 161・237
NS-600シャワーストレッチャー337P-EMS8-A00 2フィジオEMS8 接続コード177PC-2789Dレイズドロール 161・237
NS60-491-000- 4浴槽セット Assy（NS-600用）337P-EMS8-A00 3フィジオEMS8 接続コード177PC-2794Aロール238
NS-700電動シャワーストレッチャー337P-EMS8-A00 4フィジオEMS8 接続コード177PC-2794Bロール238
NS70-491-000- 1浴槽セット Assy（NS-700用）337P-EMS8-RE MフィジオEMS8 リモコン177PC-2794Cロール238
NV191データ管理ソフト ゲットインシェイプ  92・93P-EMS8WフィジオEMS8 ハンガー付きワゴ ン177PC-2794Dロール238
NV191-01NV191 専用印刷台紙 92・93P-RF-B005/-B006/-B00 7CET電極Φ40/60/70mm181PC-2794Eロール238
NW-470洗浄台（ロベリアプラス）292P-RF-B008/-B009/-B01 0RET電極Φ40/60/70mm181PC-2794Fロール238
P-RF-B015B- 2フィジオRFクリーム181PC-2794Gロール238
OP-RF-B106CET電極Φ90mm181PC-2794Hロール238
OCL-FR風神雷神145P-RF-B107RET電極Φ90mm181PC-2794Jロール238
OP-002表示ボックススタンド94P-RF-B113/-B114/-B11 5電極カバーΦ40/60/70mm181PC-2795Aウェッジ 161・237
OP-005表示ボックススタンド95P-RF-C00 5ベルト（大）181PC-2795Bウェッジ 161・237
OP-009ロングハンドレール140P-RF-C00 6ベルト（小）181PC-2795Cウェッジ 161・237
OP-024バイク用充電器145P-RF-C01 1電源コード2.5m181PC-2795Dウェッジ 161・237
OP-026ロングハンドレール140P-RF-C013- 2ラジオスティムPro LCDカバー181PC-2795Eウェッジ 161・237
OP-201感熱式プリンタセット 94・95P-RF-C01 4特大ベルト181PC-2795Fウェッジ 161・237
OP-202専用感熱式プリンタセット 92・93P-RF-PRO-B01 2プロ用プレートアース181PC-2795Jウェッジ 161・237
OP-501昇降補助手すり95P-RF-PRO-B01 3プロ用停止スイッチ181PC-2795Lウェッジ 161・237
OPG-100オプトゲイト（1mセット）64P-RF-PRO-B01 8プロ用グリップアース181PC-2795 Mフィーダーシート（M）238
OPG-101延長用バー64P-RF-PRO-B10 1プロ用CETプローブ181PC-2795Nフィーダーシート（S）238
OPG-1505m用バッグ64P-RF-PRO-B10 2プロ用RETプローブ181PC-2795Xフィーダーシート（L）238
OPG-300オプトゲイト（3mセット）64P-RF-PRO-B10 3プロ用CETスティック型プローブ181PC-4163Bバレルロール 125・239
OS-12TR H B車椅子 オアシス リクライニング268P-RF-PRO-B11 1低周波プローブ181PC-4542Aフロアシート（M）238
OT-10エクササイズ オリンピックバー112P-RF-PRO Sフィジオ ラジオスティム プロセッ ト181PC-4542Bフロアシート（S）238
OT-20スタンダード オリンピックバー112P-RF-PRO Wプロ用専用ワゴン181PC-4542Dフロアシート（L）238
P-SONOフィジオ ソノ183PC-4542 Wフロアシッターウェッジ238
PP-SONO-A00 1フィジオ ソノ ACアダプタ183PC-4768Cジェットモービル（M）239
P-100パンツ（エアバック付）190P-SONO-A002- 2フィジオ ソノ 電源コードＮＦ型183PC-4769Cジェットモービル（L）239
P-5DSフィジオ5Dセット171P-SONO-A00 3フィジオ ソノ 超音波プローブ183PC-4811ロッカーバランス 125・239
P-5D-A001ACアダプタ（本体）171P-SONO-B00 1フィジオ ソノ 超音波プローブ（平型固定タイプ ）183PC-92098 3ポジショニング ピロー161
P-5D-A00 2電源コード（本体・ストレート型）171P-SONO-B00 2フィジオ ソノ 固定ベルト（1.2m標準幅 ）183PCLB-INS2InBodyデータ管理ソフト専用パソコン  91
P-5D-A0033D導子コード（本体・粘着パッド用・赤 ）171P-SONO-S-B00 1フィジオ ソノ 平型固定プローブセッ ト183PD-5001S福祉用椅子246
P-5D-A0043D導子コード（本体・粘着パッド用・グレー ）171P-SONO- Wフィジオ ソノ ワゴン183PD-5002S福祉用椅子246
P-5D-A00 5デルタスティック導子171P-SW-C00 5D-Actorアプリケータ35mm192PD-5003S福祉用椅子246
P-5D-A00 6リモコン171P-SW-C00 6フォーカスアプリケータ15mm192PD-5004S福祉用椅子246
P-5D-B00 2電源コード（吸引装置・L型）171P-SW-C00 7ポイントアプリケータ6mm192PD-5005S福祉用椅子246
391"
393,MMTYK122U9WKZ,資料,型式インデックス,QQZ-280RR-132500P〜R型式インデックス アルファベット順PW-4PW-5PW-650APW-650ARS タニタ車椅子用体重計PW-FGGPW-FGRPW-FGYPW-PP1PW-PP2R-132505R-2075R-26960R-26965R-27400R-27600R-3110R-3111R-3130R-3235R-43130R-43135R-43140R-43145R-4715R-4750R-4765R-4770R-4780R-4790R-5155R-5157R-5300R-5303R-7930RAL-300LRAL-300RRAL-31RAL-32RAL-33R/L 補助手すり（スーパーラダリバス） 297RAL-400REH-100REH-200REHAREHA-CORK-5TROB-460CROB-460L/R ロベリアプラス浴槽 スタンダードタイプ 291ROEZH-10ROEZH-15PD-5006SPD-5007SPD-5101SPD-5102SPD-5103SPD-5105SPD-5106SPD-5204SPD-5207SPG370/NPH-550APH-550ARS タニタハンドレール付き体重計（RS付き） 94PHV-2PHV2-A01PHV2-A02PHV2-A03PHV2-A04PHV2-A05PHV2-A06PHV2-A09PHV2-A10PHV2-A11PHV2-A12PHV2-A13PHV2-A15PL-300PL-900PL-CSD-1PL-CTAPL-CTA-1PL-PW-1001 パスリーダー本体 PL-TC-1PL-UCPL-UC-1PLB-14PLB-28PM-153PM-1532PM-1532H ボバーステーブルPM-153HPM-212WPM-213WPM-216PM-216HPM-219PM-313PM-313HPM-315PM-315HPM-8000-0001 フィジカルメドマー PM-8000 ブーツMセット 190PM-8000-0002 フィジカルメドマー PM-8000 パンツセット 190PM871000 脇固定パッド（1本）PM871002 脇固定パッド用サイドソケット（2個） 156PM873001 固定ベルト取付金具（2個）PM874000 固定ベルト（1本）2462462462462462462462462461779417317317317317317317317314414472・19472・19472・19472・19472・19418618615715715715715515515615615615515515515515615615615633333333333333333333333333333233233233233233218518518518518518518518518518591234234912282282282282282289494228228228185189263263258265265265263264264264264262263262262262262263263264264265297297297135124124223392福祉用椅子福祉用椅子福祉用椅子福祉用椅子福祉用椅子福祉用椅子福祉用椅子福祉用椅子福祉用椅子フィジオEMS8 分極コードタニタハンドレール付き体重計フィジオ アクティブ HV2ACアダプタデルタスティック導子コード（留め具：黒色） 173デルタスティック導子（電極無し） 173電極 円板 カーブタイプ（1個）電極 円板 90度タイプ（1個）デルタスティック導子電極 球・小φ10（1個） 173球電極カバー（9個入）ローラー導子スナップコード（2個入）グローブ型導子Ｍ・21cm（絶縁ゴム手袋入） 173グローブ型導子Ｌ・23cm（絶縁ゴム手袋入） 173セミハードケースプレラインRプレラインUコイルスタンド パスリーダーアーム付カートセット  72・194・251アーム付カート PMSコイル TC-1 パスリーダーコイルスタンドセット  72・194・251PMSコイル UC-1 固形パラフィン固形パラフィンボバーステーブルボバーステーブルボバーステーブルトリートメントテーブルトリートメントテーブルトリートメントテーブルトリートメントテーブルトリートメントテーブルトリートメントテーブルトリートメントテーブルトリートメントテーブルトリートメントテーブルPM875001 ガイドレールセット（2本）PN-10KPN-10KHPN-220PN-230PN-250PN-310AC 移動式昇降ユニット（パンジーi）PN-310DC 移動式昇降ユニット（パンジーi）PN-320AC 固定式昇降ユニット（パンジーi）PN-320DC  固定式昇降ユニット（パンジーi）PN-330PN-380PNS-300PNS-300AC パンジーi シンプルセットPNS-300ACH パンジーi シンプルセット（ひのき柄） 332PNS-300H パンジーi シンプルセット（ひのき柄） 332PNS-310PNS-310AC パンジーi スタンダードセットPNS-310ACH パンジーi スタンダードセット（ひのき柄） 332PNS-310HPNS-320PNS-320AC パンジーi パーソナルセットPNS-320ACH パンジーi パーソナルセット（ひのき柄） 332PNS-320HPPL-01-CPPL01PPLL-01-C フィジオパックカバー LLPPLL01PPM-01-C フィジオパックカバー MPPM01PPS-01-CPPS01PPW-M01PPW-M01-A フィジオパックウォーマー（ミニ）パックセット 185PPW-M01-B フィジオパックウォーマー（ミニ）パックワゴンセット 185PPW-02PPW01-S2 フィジオパックウォーマーワゴンセット 185PQB0311A イーブロック（可搬型バッテリー） 277PQEA103A イーブロックデスク（専用充放電器） 277PQEB103A イーブロックスタンド（専用充放電器） 277PRTSET-APSB-300GLPSB-300GR PSB（ポータブル スプリングバランサー）本体 234PSB-300LPSB-300RPSB-301PSB-302LPSB-302RPSB-310LPSB-310RPTWAGN-A プリンタデスクPW-0PW-1PW-2PW-3背面カバー（パンジーi）背面カバー（ひのき柄）（パンジーi） 333浴槽手すり（パンジーi）トランスファー手すり（パンジーi） 333移乗台（パンジーi）給湯ユニット（パンジーi）バルブ付給湯カラン（パンジーi）パンジーi シンプルセットパンジーi スタンダードセットパンジーi スタンダードセット（ひのき柄） 332パンジーi パーソナルセットパンジーi パーソナルセット（ひのき柄） 332フィジオパックカバー Lフィジオパック（Lサイズ）フィジオパック（LLサイズ）フィジオパック（Mサイズ）フィジオパックカバー Sフィジオパック（Sサイズ）フィジオパックウォーマー（ミニ）フィジオパックウォーマープリンタ・結果用紙セットPSB（ポータブル スプリングバランサー）本体 234PSB（ポータブル スプリングバランサー）本体 234PSB（ポータブル スプリングバランサー）本体 234テーブル用ブラケット（左右兼用） 234車椅子用ブラケット（左手用）車椅子用ブラケット（右手用）PSB（ポータブル スプリングバランサー）本体 234PSB（ポータブル スプリングバランサー）本体 234パワーウェブパワーウェブパワーウェブパワーウェブパワーウェブパワーウェブタニタ車椅子用体重計フレックスグリップフレックスグリップフレックスグリップフィジオワゴンフィジオパックウォーマー（ミニ）ワゴン 185アクアタイザーキッチンナイフフルーツナイフゴム足クラッチ・フレックス ミディアム（中人用、グレー） 256クラッチ・フレックス ミディアム（中人用、ブルー） 256ロフストランドクラッチ・エルゴ（右手用） 256ロフストランドクラッチ・エルゴ（左手用） 256ボタン掛け（小）ボタン掛け（大）ストッキング・エイド調理ブラシ柄つきくし柄つきヘアブラシ柄つきバスブラシU型バスブラシスプーンホルダー調節式フードガード折り曲げスプーン（大）折り曲げスプーン（小）折り曲げフォークナイフ万能ハンドル“ピゲ ”万能ハンドル“ミスピギー”はさみ（大）爪切りペンホルダースーパーラダリバス Lタイプスーパーラダリバス Rタイプ気泡浴装置（スーパーラダリバス） 297塩素殺菌装置（スーパーラダリバス） 297スーパーラダリバスデュアル免荷式リフトPOPO Li免荷式リフトPOPO Li（サイド手すり付） 135リハウォーカーリハウォーカー交換用カバー電動ろくろロベリアプラス浴槽 スタンダードタイプ 291オリンピックラバーイージーグリッププレート 10kg 112オリンピックラバーイージーグリッププレート 15kg 112,"型
式
イ
PD-5006S福祉用椅子246PM87500 1ガイドレールセット（2本）156PW-4パワーウェブ228
ン
PD-5007S福祉用椅子246PN-10K背面カバー（パンジーi）333PW-5パワーウェブ228
デ
PD-5101S福祉用椅子246PN-10KH背面カバー（ひのき柄（）パンジーi ）333PW-650Aタニタ車椅子用体重計94
ッ
PD-5102S福祉用椅子246PN-220浴槽手すり（パンジーi）333PW-650AR Sタニタ車椅子用体重計94
ク
PD-5103S福祉用椅子246PN-230トランスファー手すり（パンジーi ）333PW-FGGフレックスグリップ228
ス
PD-5105S福祉用椅子246PN-250移乗台（パンジーi）333PW-FGRフレックスグリップ228
 
PD-5106S福祉用椅子246PN-310A C移動式昇降ユニット（パンジーi）333PW-FGYフレックスグリップ228
アPD-5204S福祉用椅子246PN-310D C移動式昇降ユニット（パンジーi）333PW-PP1フィジオワゴン185
ル
フPD-5207S福祉用椅子246PN-320A C固定式昇降ユニット（パンジーi）333PW-PP2フィジオパックウォーマー（ミニ）ワゴ ン185
ァ
PG370/NフィジオEMS8 分極コード177PN-320DC  固定式昇降ユニット（パンジーi）333
ベ
ッPH-550Aタニタハンドレール付き体重計94PN-330給湯ユニット（パンジーi）333Q
ト
順PH-550AR Sタニタハンドレール付き体重計（RS付き ）94PN-380バルブ付給湯カラン（パンジーi）333QZ-280アクアタイザー189
PHV-2フィジオ アクティブ HV2173PNS-300パンジーi シンプルセット332
PHV2-A01ACアダプタ173PNS-300A Cパンジーi シンプルセット332R
PPHV2-A02デルタスティック導子コード（留め具：黒色 ）173PNS-300AC Hパンジーi シンプルセット（ひのき柄 ）332R-132500キッチンナイフ263
〜PHV2-A03デルタスティック導子（電極無し ）173PNS-300 Hパンジーi シンプルセット（ひのき柄 ）332R-132505フルーツナイフ263
PHV2-A04電極 円板 カーブタイプ（1個）173PNS-310パンジーi スタンダードセット332R-2075ゴム足258
R
PHV2-A05電極 円板 90度タイプ（1個）173PNS-310A Cパンジーi スタンダードセット332R-26960クラッチ・フレックス ミディアム（中人用、グレー ）256
PHV2-A06デルタスティック導子電極 球・小φ10（1個 ）173PNS-310AC Hパンジーi スタンダードセット（ひのき柄 ）332R-26965クラッチ・フレックス ミディアム（中人用、ブルー ）256
PHV2-A09球電極カバー（9個入）173PNS-310Hパンジーi スタンダードセット（ひのき柄 ）332R-27400ロフストランドクラッチ・エルゴ（右手用 ）256
PHV2-A10ローラー導子173PNS-320パンジーi パーソナルセット332R-27600ロフストランドクラッチ・エルゴ（左手用 ）256
PHV2-A11スナップコード（2個入）173PNS-320A Cパンジーi パーソナルセット332R-3110ボタン掛け（小）265
PHV2-A12グローブ型導子Ｍ・21cm（絶縁ゴム手袋入 ）173PNS-320AC Hパンジーi パーソナルセット（ひのき柄 ）332R-3111ボタン掛け（大）265
PHV2-A13グローブ型導子Ｌ・23cm（絶縁ゴム手袋入 ）173PNS-320Hパンジーi パーソナルセット（ひのき柄 ）332R-3130ストッキング・エイド265
PHV2-A15セミハードケース173PPL-01-Cフィジオパックカバー L185R-3235調理ブラシ263
PL-300プレラインR144PPL01フィジオパック（Lサイズ）185R-43130柄つきくし264
PL-900プレラインU144PPLL-01- Cフィジオパックカバー LL185R-43135柄つきヘアブラシ264
PL-CSD-1コイルスタンド 72・194PPLL01フィジオパック（LLサイズ）185R-43140柄つきバスブラシ264
PL-CTAパスリーダーアーム付カートセット  72・194・251PPM-01- Cフィジオパックカバー M185R-43145U型バスブラシ264
PL-CTA-1アーム付カート 72・194PPM01フィジオパック（Mサイズ）185R-4715スプーンホルダー調節式262
PL-PW-100 1パスリーダー本体 72・194PPS-01-Cフィジオパックカバー S185R-4750フードガード263
PL-TC-1PMSコイル TC-1 72・194PPS01フィジオパック（Sサイズ）185R-4765折り曲げスプーン（大）262
PL-UCパスリーダーコイルスタンドセット  72・194・251PPW-M01フィジオパックウォーマー（ミニ）185R-4770折り曲げスプーン（小）262
PL-UC-1PMSコイル UC-1 72・194PPW-M01- Aフィジオパックウォーマー（ミニ）パックセッ ト185R-4780折り曲げフォーク262
PLB-14固形パラフィン186PPW-M01- Bフィジオパックウォーマー（ミニ）パックワゴンセッ ト185R-4790ナイフ262
PLB-28固形パラフィン186PPW-02フィジオパックウォーマー185R-5155万能ハンドル“ピゲ ”263
PM-153ボバーステーブル157PPW01-S 2フィジオパックウォーマーワゴンセッ ト185R-5157万能ハンドル“ミスピギー”263
PM-1532ボバーステーブル157PQB0311 Aイーブロック（可搬型バッテリー ）277R-5300はさみ（大）264
PM-1532 Hボバーステーブル157PQEA103 Aイーブロックデスク（専用充放電器 ）277R-5303爪切り264
PM-153Hボバーステーブル157PQEB103 Aイーブロックスタンド（専用充放電器 ）277R-7930ペンホルダー265
PM-212Wトリートメントテーブル155PRTSET-Aプリンタ・結果用紙セット91RAL-300Lスーパーラダリバス Lタイプ297
PM-213Wトリートメントテーブル155PSB-300GLPSB（ポータブル スプリングバランサー）本 体234RAL-300Rスーパーラダリバス Rタイプ297
PM-216トリートメントテーブル156PSB-300G RPSB（ポータブル スプリングバランサー）本 体234RAL-31気泡浴装置（スーパーラダリバス ）297
PM-216Hトリートメントテーブル156PSB-300LPSB（ポータブル スプリングバランサー）本 体234RAL-32塩素殺菌装置（スーパーラダリバス ）297
PM-219トリートメントテーブル156PSB-300RPSB（ポータブル スプリングバランサー）本 体234RAL-33R/ L補助手すり（スーパーラダリバス ）297
PM-313トリートメントテーブル155PSB-301テーブル用ブラケット（左右兼用 ）234RAL-400スーパーラダリバスデュアル297
PM-313Hトリートメントテーブル155PSB-302L車椅子用ブラケット（左手用）234REH-100免荷式リフトPOPO Li135
PM-315トリートメントテーブル155PSB-302R車椅子用ブラケット（右手用）234REH-200免荷式リフトPOPO L（iサイド手すり付 ）135
PM-315Hトリートメントテーブル155PSB-310LPSB（ポータブル スプリングバランサー）本 体234REHAリハウォーカー124
PM-8000-000 1フィジカルメドマー PM-8000 ブーツMセッ ト190PSB-310RPSB（ポータブル スプリングバランサー）本 体234REHA-COリハウォーカー交換用カバー124
PM-8000-000 2フィジカルメドマー PM-8000 パンツセッ ト190PTWAGN- Aプリンタデスク91RK-5T電動ろくろ223
PM87100 0脇固定パッド（1本）156PW-0パワーウェブ228ROB-460Cロベリアプラス浴槽 スタンダードタイ プ291
PM87100 2脇固定パッド用サイドソケット（2個 ）156PW-1パワーウェブ228ROB-460L/ Rロベリアプラス浴槽 スタンダードタイ プ291
PM87300 1固定ベルト取付金具（2個）156PW-2パワーウェブ228ROEZH-10オリンピックラバーイージーグリッププレート 10k g112
PM87400 0固定ベルト（1本）156PW-3パワーウェブ228ROEZH-15オリンピックラバーイージーグリッププレート 15k g112
392"
394,MMTYK15PO43V4,資料,型式インデックス,SS-01R〜S型式インデックス アルファベット順ROEZH-20ROEZH-5RS1-12Y-BRS1190RS1320RSN-100RSS-6RST270-DRST380-DRST380N-D インボディ用結果用紙RST580-DRSTMED-D インボディ用結果用紙RSTTPT-R サ−マルプリンタ用ロール紙RUBKO-1.25kg オリンピックラバープレート 1.25kg 112RUBKO-2.5kg オリンピックラバープレート 2.5kgS021115001 クイックスプリント S021210004 ハイテクバックボードS021413020 バックボードストラップS021414004 ヘッドイモビライザーS021414005 ファーノ・ウィズロックS021414009 ヘッドイモビライザーS021615008 スクープエクセルS021615010 スクープエクセル ピン付きS021711004 バスケットストレッチャーS022038013 バキュームスプリントS06S0003S17B0038S21B0008S24B0014SA-1+SA-1J+SA-2+SA-2J+SACPSAD-100L/R ADLキッチン ストレートタイプSAD-110L/R ADLキッチン セパレートタイプSAD-220SAD-901SAD-902SAD-903SAD-904SAGSSALSSAMSSAS-410SAS-900SAWCRSAWCSRSAWLRSAWLSRSAWMRSAWMSRSAWRSAWSRSB-200SB202431-SA スライディングボード SBDT202241 ディスポーザブルチューブ SBT202131-SA 本体用チューブ SC-161SD-100BSD-2211KSD2C0999D 座面マットSD2C1855D 座面マット SD2C1856C 背当マットSD2C1871B 足受マット SD2C1886K 担架マット脚部 SD2C1887J 担架マット背当 SD2C1942A レッグレストL SD2C1943A レッグレストR SD2C2020E 担架マット脚部SD2C2021E 担架マット背当SD2C2032A 担架マクラ SD2C2071D 座面マットSD2C2563C 背当マットSD2C2993B 担架マットSD3C2876E マクラ用マットSD3C2877C 背当マットSD3C5708D マクラ用マット SD3C5863E ベルト用パッド  295・350〜358・361〜364SD3C6185C 足浮き防止ベルトSD3C7024C 担架マットASD3C7025A 担架マットBSD3C7044C リフト座面マットSD3C7294D 座面マットEVASD3C7519SD3C8211B 担架マットSD3C8445SD3C8762A 座面マットt15SD3C8766A 背面マットt15SD3C9195SD3C9203C ネックカーテンSD3C9204A 進入口カーテンSD3C9205C サイドカーテンSD3C9207SD3C9272SD3C9273SD3C9443B 背当マットSD3C9444B 座面マットSD3Z2179SD3Z2181SD3Z2185A 座面マットSD3Z2187SD46370BSD46371ASD4A0589C スナップボタン外しSD4D0918SD4D3251A 背当マットSD4D3341C マット固定ゴム SD4D3362B マット止めピン短 SD4D3447A 担架用バンドA SD4D3470 ストッパーマットSD4D3616SD4D3725B ベルトL=250ASD4D4319SD4D4693SD4D4694SD4D4695SD4D5515SD4D6346B ベルトL=1700mm SD4D6968B ベルトL=1550mm SD4D7038 サポートマットSD4D7728SD4D7729SD4D7768A マットピン長 SEG-6561S リカンベント　フルバイクSH5001SH5005SHIP0003SHIP0004SHIP0005SHIP0007SHM_H-2SHM_RKSHM_RSSHM_VSK-00183SK-00195SK-00214SK-00226SK-011SK-012SK-013SK-014SK-015SK-308MSK-308SSK-4808PSK-4933PSK-4934PSK-4935PSK-4991PSK-4992PSK-BSW5SL-110SL-120SL-130SM-30SM-35SM-40SNZ-1107SNZ-1109SNZ-1305担架用バンドB ベルトL=1500mm ベルト L＝1500mmベルト L＝160mm（腰用）ベルト L＝260mm（胸用）マット止めピン  355・358・359・361・362・364担架用バンドAベルトL=1150mmジェイマー型油圧握力計油圧ピンチゲージSHIP マスクやや小さめ・ホワイト（30枚入り24箱） 274SHIP マスクやや小さめ・ホワイト（7枚入り80袋） 274SHIP マスクふつう・ホワイト（30枚入り24箱） 274SHIP マスクふつう・ホワイト（7枚入り80袋） 274ショックマスター本体セットショートハンドピース交換用再生キット 192リビジョンキットVアクターハンドピースセットシャワーチェア ゴム脚E（GY）シャワーチェア R型背もたれシャワーチェア U型座面シャワーチェア ゴム脚Bウィル・ファイブスプーンLウィル・ファイブスプーンMウィル・ファイブスプーンSウィル・ファイブフォークウィル・ファイブユニバーサルマスターベルト（M）マスターベルト（S）折りたたみシャワーチェアやわらかシャワーチェアやわらかシャワーチェア 背付やわらかシャワーチェア 肘掛付シャワーチェア ワイド座面シャワーチェア 背もたれボディサポートハーネススーパーライト Sハーネススーパーライト Mハーネススーパーライト Lホップステップ（4輪）ホップステップ（6輪）ホップステップ（6輪ブレーキ付）木工器具Bセット木工器具Aセット陶芸器具セット350〜352・354・356・363オリンピックラバーイージーグリッププレート 20kg 112オリンピックラバーイージーグリッププレート 5kg 112ROBOHELPER SASUKEセーフティーアームロレータ スタンダードタイプ 261セーフティーアームロレータ 大型タイプローゼンスコアリハステップ台 インボディ用結果用紙インボディ用結果用紙インボディ用結果用紙サイド手すり（POPO Li用）マット踵受け（取付金具付）  357・358・361バッテリーボックス シャワー介護用入浴機器専用 ボディシャンプーS 4L（4本入） 319バッテリースマートオージオスマートオージオスマートオージオスマートオージオCタイプ（ウォーカーアクセサリー） 259昇降式洗面ユニット開放型浴槽洗い場槽内台洗い場用ガードGタイプ（ウォーカーアクセサリー） 259Lタイプ（ウォーカーアクセサリー） 259Mタイプ（ウォーカーアクセサリー） 259ADLトレーニングユニット開放型浴室セットセーフティーアーム ウォーカー Cタイプ 259セーフティーアーム ウォーカー Cタイプ 259セーフティーアーム ウォーカー Lタイプ 259セーフティーアーム ウォーカー Lタイプ 259セーフティーアーム ウォーカー Mタイプ 259セーフティーアーム ウォーカー Mタイプ 25934626166104・129・167919191919191112135199・222197197197197197197197196199355254254254254207207208208208208208206208259259147287・293・348287・293287・293339105243364357357357・358・361351・353351・353357・361357・361354354350〜355・358・361363362355364364357357352352361361361356356358358359360360360359356356359359350350362350364363352・358・361352・358・361350〜356・358363352・356361353・354・361・363364364364350・351・355357・358・361・362358350350350・3621467373192192192338338338338262262262262262136136338338338338338338269135135135261261261224224223393セーフティーアーム ウォーカーセーフティーアーム ウォーカー移動式オーバーヘッドフレームシャワーキャリーストレッチングベンチ作業台背当マットEVA担架マクラ座面マット背当マットネックカーテンサイドカーテン担架マット背当担架マット腰部担架マット脚部止めナットA  350・355・358・359・361・362・364止めナットB  350・355・358・359・361・362・364ワッシャ  350・355・358・359・361・362・364,"型
式
イ
ROEZH-20オリンピックラバーイージーグリッププレート 20k g112SAWRセーフティーアーム ウォーカー259SD4D3341 Cマット固定ゴム 352・358・361
ン
ROEZH-5オリンピックラバーイージーグリッププレート 5k g112SAWSRセーフティーアーム ウォーカー259SD4D3362 Bマット止めピン短 352・358・361
デ
RS1-12Y-BROBOHELPER SASUKE346SB-200移動式オーバーヘッドフレーム147SD4D3447 A担架用バンドA 350〜356・358
ッ
RS1190セーフティーアームロレータ スタンダードタイ プ261SB202431-S Aスライディングボード 287・293・348SD4D347 0ストッパーマット363
ク
RS1320セーフティーアームロレータ 大型タイプ261SBDT20224 1ディスポーザブルチューブ 287・293SD4D3616担架用バンドB 352・356
ス
RSN-100ローゼンスコア66SBT202131-S A本体用チューブ 287・293SD4D3725 BベルトL=250A361
 
RSS-6リハステップ台 104・129・167SC-161シャワーキャリー339SD4D4319ベルトL=1500mm 353・354・361・363
RST270-Dインボディ用結果用紙91SD-100Bストレッチングベンチ105SD4D4693ベルト L＝1500mm364ア
ル
RST380-Dインボディ用結果用紙91SD-2211K作業台243SD4D4694ベルト L＝160mm（腰用）364フ
ァ
RST380N- Dインボディ用結果用紙91SD2C0999 D座面マット364SD4D4695ベルト L＝260mm（胸用）364
ベ
RST580-Dインボディ用結果用紙91SD2C1855 D座面マット 357SD4D5515マット止めピン  355・358・359・361・362・364ッ
ト
RSTMED- Dインボディ用結果用紙91SD2C1856 C背当マット357SD4D6346 BベルトL=1700mm 350・351・355順
RSTTPT- Rサ−マルプリンタ用ロール紙91SD2C1871 B足受マット 357・358・361SD4D6968 BベルトL=1550mm 357・358・361・362
RUBKO-1.25k gオリンピックラバープレート 1.25k g112SD2C1886 K担架マット脚部 351・353SD4D703 8サポートマット358
RUBKO-2.5k gオリンピックラバープレート 2.5kg112SD2C1887 J担架マット背当 351・353SD4D7728担架用バンドA350R
SD2C1942 AレッグレストL 357・361SD4D7729ベルトL=1150mm350〜
SSD2C1943 AレッグレストR 357・361SD4D7768 Aマットピン長 350・362
S
S-01サイド手すり（POPO Li用）135SD2C2020 E担架マット脚部354SEG-6561 Sリカンベント　フルバイク146
S02111500 1クイックスプリント 199・222SD2C2021 E担架マット背当354SH5001ジェイマー型油圧握力計73
S02121000 4ハイテクバックボード197SD2C2032 A担架マクラ 350〜355・358・361SH5005油圧ピンチゲージ73
S02141302 0バックボードストラップ197SD2C2071 D座面マット363SHIP0003SHIP マスクやや小さめ・ホワイト（30枚入り24箱 ）274
S02141400 4ヘッドイモビライザー197SD2C2563 C背当マット362SHIP0004SHIP マスクやや小さめ・ホワイト（7枚入り80袋 ）274
S02141400 5ファーノ・ウィズロック197SD2C2993 B担架マット355SHIP0005SHIP マスクふつう・ホワイト（30枚入り24箱 ）274
S02141400 9ヘッドイモビライザー197SD3C2876 Eマクラ用マット364SHIP0007SHIP マスクふつう・ホワイト（7枚入り80袋 ）274
S02161500 8スクープエクセル197SD3C2877 C背当マット364SHM_H-2ショックマスター本体セット192
S02161501 0スクープエクセル ピン付き197SD3C5708 Dマクラ用マット 357SHM_RKショートハンドピース交換用再生キッ ト192
S02171100 4バスケットストレッチャー196SD3C5863 Eベルト用パッド  295・350〜358・361〜364SHM_RSリビジョンキット192
S02203801 3バキュームスプリント199SD3C6185 C足浮き防止ベルト357SHM_VVアクターハンドピースセット192
S06S0003マット踵受け（取付金具付）  357・358・361SD3C7024 C担架マットA352SK-00183シャワーチェア ゴム脚E（GY）338
S17B0038バッテリーボックス 350〜352・354・356・363SD3C7025 A担架マットB352SK-00195シャワーチェア R型背もたれ338
S21B0008シャワー介護用入浴機器専用 ボディシャンプーS 4（L4本入 ）319SD3C7044 Cリフト座面マット361SK-00214シャワーチェア U型座面338
S24B0014バッテリー355SD3C7294 D座面マットEVA361SK-00226シャワーチェア ゴム脚B338
SA-1+スマートオージオ254SD3C7519背当マットEVA361SK-011ウィル・ファイブスプーンL262
SA-1J+スマートオージオ254SD3C8211 B担架マット356SK-012ウィル・ファイブスプーンM262
SA-2+スマートオージオ254SD3C8445担架マクラ356SK-013ウィル・ファイブスプーンS262
SA-2J+スマートオージオ254SD3C8762 A座面マットt15358SK-014ウィル・ファイブフォーク262
SACPCタイプ（ウォーカーアクセサリー ）259SD3C8766 A背面マットt15358SK-015ウィル・ファイブユニバーサル262
SAD-100L/ RADLキッチン ストレートタイプ207SD3C9195座面マット359SK-308Mマスターベルト（M）136
SAD-110L/ RADLキッチン セパレートタイプ207SD3C9203 Cネックカーテン360SK-308Sマスターベルト（S）136
SAD-220昇降式洗面ユニット208SD3C9204 A進入口カーテン360SK-4808P折りたたみシャワーチェア338
SAD-901開放型浴槽208SD3C9205 Cサイドカーテン360SK-4933Pやわらかシャワーチェア338
SAD-902洗い場208SD3C9207背当マット359SK-4934Pやわらかシャワーチェア 背付338
SAD-903槽内台208SD3C9272ネックカーテン356SK-4935Pやわらかシャワーチェア 肘掛付338
SAD-904洗い場用ガード208SD3C9273サイドカーテン356SK-4991Pシャワーチェア ワイド座面338
SAGSGタイプ（ウォーカーアクセサリー ）259SD3C9443 B背当マット359SK-4992Pシャワーチェア 背もたれ338
SALSLタイプ（ウォーカーアクセサリー ）259SD3C9444 B座面マット359SK-BSW5ボディサポート269
SAMSMタイプ（ウォーカーアクセサリー ）259SD3Z2179担架マット背当350SL-110ハーネススーパーライト S135
SAS-410ADLトレーニングユニット206SD3Z2181担架マット腰部350SL-120ハーネススーパーライト M135
SAS-900開放型浴室セット208SD3Z2185 A座面マット362SL-130ハーネススーパーライト L135
SAWCRセーフティーアーム ウォーカー Cタイ プ259SD3Z2187担架マット脚部350SM-30ホップステップ（4輪）261
SAWCSRセーフティーアーム ウォーカー Cタイ プ259SD46370B止めナットA  350・355・358・359・361・362・364SM-35ホップステップ（6輪）261
SAWLRセーフティーアーム ウォーカー Lタイ プ259SD46371A止めナットB  350・355・358・359・361・362・364SM-40ホップステップ（6輪ブレーキ付）261
SAWLSRセーフティーアーム ウォーカー Lタイ プ259SD4A0589 Cスナップボタン外し364SNZ-1107木工器具Bセット224
SAWMRセーフティーアーム ウォーカー Mタイ プ259SD4D0918ワッシャ  350・355・358・359・361・362・364SNZ-1109木工器具Aセット224
SAWMSRセーフティーアーム ウォーカー Mタイ プ259SD4D3251 A背当マット363SNZ-1305陶芸器具セット223
393"
395,MMTYK195S3Q6Y,資料,型式インデックス,"S型式インデックス アルファベット順SNZ-1402SNZ-F200SNZ-N210 かんたん陶芸セットSNZ-T400SNZ-T5000 アートモザイコセットSNZ-Y210SOT-1200M 昇降式 リハビリテーブルSOT-1210M 昇降式 リハビリテーブルSOT-178SOT-1801SOT-1802SOT-1803SOT-2100SOT-2101SOT-2102SOT-2103SOT-2104SOT-3000SOT-3674SOT-3676SOT-4281SOT-5000SOT-530NSOT-530NS ヒートパンネットSOT-600SOT-625SOT-650SOT-700SOT-800M 昇降式 リハビリテーブルSOT-800NSOT-810M 昇降式 リハビリテーブルSOT-810NSOT-8641SOT-A500SOT-A510SOT-DM05A  セメスワインスタインモノフィラメント（手用5本セット） 67SOT-DM06A  セメスワインスタインモノフィラメント（足用6本セット） 67SOT-DM20A セメスワインスタインモノフィラメント（20本セット） 67SP-1SP-100SP-150SP-210SP-215SP-220SP-240SP-315SP-335SP-335HSP-350SP-360SP-370SP-380SP-725HSP-725SSP-735HSP-735SSP040001SP203101SP500105A クリックシャワーヘッド  350〜356・358・360SP500115SP500116SP520059SP523010A 浴槽クリーナーASP523012SP523013SP523022SP523036A アラエル専用 ボディシャンプーS 4L 319SP523037SP821015SP821016SP821017SP821020SP821051SP821052SP821056SP821057SP821058SP821059SPC-1SPR-1000SPR-1000D,C チルトテーブルSPR-1068SPR-1068LG エクササイズベッドSPR-178SPR-2600SPR-261SPR-265SPR-3003C チルトテーブル（マット：ピンク）SPR-3003D チルトテーブル（マット：ライトグレー） 126SPR-3005SPR-3006SPR-3050SPR-311SPR-311LSPR-311M プッシュアップ台（2個1組）（中）SPR-311SSPR-355LSPR-355M 松葉杖セーフティーワンS 中SPR-355SSPR-356LSPR-356M 松葉杖ワールド 中 SPR-356SSPR-360CSPR-382SPR-383SPR-384SPR-386SPR-386BL ゴム足SPR-4000SPR-411ASPR-412ASPR-451ASPR-452ASPR-453ASPR-454ASPR-500SPR-500B/G/Y 高さ調節式 キャスターチェアSPR-5010SPR-5035A ジョイントマットSPR-5035B ジョイントマットSPR-5035C ジョイントマットSPR-5035D ジョイントマットSPR-5036A リバーシブルジョイントマットSPR-5036B リバーシブルジョイントマットSPR-5036C リバーシブルジョイントマットSPR-5036D リバーシブルジョイントマットSPR-5037A 消防庁認定 防炎マットSPR-5037B 消防庁認定 防炎マットSPR-5037C 消防庁認定 防炎マットSPR-5037D 消防庁認定 防炎マットSPR-5090A 防水安全マットSPR-5090B 防水安全マットSPR-5090C 防水安全マットSPR-5090D 防水安全マットSPR-5130SPR-545SPR-546SPR-547SPR-548SPR-549ASPR-549BSPR-549CSPR-549DSPR-555SPR-557SPR-561BSPR-561CSPR-564BSPR-566BSPR-578BSPR-578C  足腕固定バンド（軽荷重用）SPR-586SPR-590SPR-592A〜H/J/K/M カラー重錘バンドSPR-592XSPR-593A/B/D/F/H/K/V カラー砂袋（0.5kg〜10kg）SPR-594SPR-595N エスカートSPR-596SPR-597SPR-598SPR-599SPR-620ASPR-620BSPR-620C22422522322522522524224221923523523570・22670・22670・22670・22670・22665221221221652192196821721720924224224224268231231112129129128128128128131131131131131131連動昇降式平行棒 シンクロレール 130シリコーングリース G501バックル付ベルト260  357・361〜363シャワーホース白2.5m  350・351・356・360シャワーホース白3.5m テープアジャスターT50 350・351・353・354・356・361・363・364アワスプレー浴槽クリーナー 徳用ピューラックス®-Sドーム洗浄用 除菌洗浄剤 ネオアルベストAC 319ヘッドレスト背もたれメッシュシート安全ベルトレッグサポート安全ベルトアームサポート用カバーヘッドレストメッシュシートレッグサポート背面ハンドルカバースプリング式オリンピックカラーチルトテーブル（本体）エクササイズベッドマルチカートディジョックボード（セット）ボード（丸）ボード（角）ワークテーブル水平位サポート台足関節訓練起立板プッシュアップ台セットプッシュアップ台（2個1組）（大）プッシュアップ台（2個1組）（小）松葉杖セーフティーワンS 大松葉杖セーフティーワンS 小松葉杖ワールド 大 松葉杖ワールド 小 T型杖（軽金属製）ゴム足ゴム足ゴム足ゴム足ヘッドアップティルトテーブルプーリー（二連式壁面取付型）352〜355・35836436436436436435935935935935935935935935935911212612615915960124124124126127127127160160160160257257257198・257198・257198・25725625825825825825870147147160160160160159159149149149149149149149149149149149149149149149149149127158158158158158158158158148148147147147147148148236147114114147147114147147147147828282394皮革工芸器具セット籘細工セットネオモザイクセットスティック工芸セットスプリントカートサンディングセットサンディング用ヤスリ台サンディングブロックペグボードセット ペグボード ペグボード ペグボード ペグボードスタンド ステフスクリューリベットスクリューリベットフック上肢機能検査 MFTヒートパンネット弁別能力検査器（大小・重量弁別）ストラップリングストラップリングリーチング・エクササイザー昇降式 リハビリテーブル昇降式 リハビリテーブル振動覚音叉セット（たたき棒付）アクリルコーンパターンボードスクワットパッド歩行訓練用階段 100型歩行訓練用階段 150型歩行訓練用階段歩行訓練用階段歩行訓練用階段バスステップ昇降式平行棒昇降式平行棒昇降式平行棒（ループ＆ストレートタイプ） 131昇降式平行棒昇降式平行棒（小児用）昇降式平行棒（片マヒ用）昇降式平行棒（支持台）連動昇降式平行棒 シンクロレール 130連動昇降式平行棒 シンクロレール 130連動昇降式平行棒 シンクロレール 130プーリー（二連式天井吊下型）スポンジマット（枕）スポンジマット（三角形）スポンジマット（直角三角形）スポンジマット（四角形）高さ調節式 キャスターチェアエクスマットエクササイズミラープラットホームマットプラットホームマットプラットホームマットプラットホームマットエクササイズバー/取付金具エクササイズバー/取付金具エクササイズバー/取付金具エクササイズバー/取付金具手首固定バンドホールディングミット足腕固定バンド（中）足腕固定バンド（小）吊帯滑車取付金具足腕固定バンド（軽荷重用）デッキ輪投げロープ取外し滑車カラー延長バンドスライド滑車壁面用滑車フック自在木付把手自在木付ナス環Revo・勝沼セットRevo・テイラーセット角度計・勝沼セット","型
式
イ
SNZ-1402皮革工芸器具セット224SP-735S連動昇降式平行棒 シンクロレー ル130SPR-412Aプーリー（二連式天井吊下型）147
ン
SNZ-F200籘細工セット225SP040001シリコーングリース G501364SPR-451Aスポンジマット（枕）160
デ
SNZ-N21 0かんたん陶芸セット223SP203101バックル付ベルト260  357・361〜363SPR-452Aスポンジマット（三角形）160
ッ
SNZ-T400ネオモザイクセット225SP500105 Aクリックシャワーヘッド  350〜356・358・360SPR-453Aスポンジマット（直角三角形）160
ク
SNZ-T500 0アートモザイコセット225SP500115シャワーホース白2.5m  350・351・356・360SPR-454Aスポンジマット（四角形）160
ス
SNZ-Y210スティック工芸セット225SP500116シャワーホース白3.5m 352〜355・358SPR-500高さ調節式 キャスターチェア159
 
SOT-1200 M昇降式 リハビリテーブル242SP520059テープアジャスターT50 350・351・353・354・356・361・363・364SPR-500B/G/ Y高さ調節式 キャスターチェア159
アSOT-1210 M昇降式 リハビリテーブル242SP523010 A浴槽クリーナーA364SPR-5010エクスマット149
ル
フSOT-178スプリントカート219SP523012アワスプレー364SPR-5035 Aジョイントマット149
ァ
SOT-1801サンディングセット235SP523013浴槽クリーナー 徳用364SPR-5035 Bジョイントマット149
ベ
ッSOT-1802サンディング用ヤスリ台235SP523022ピューラックス®-S364SPR-5035 Cジョイントマット149
ト
順SOT-1803サンディングブロック235SP523036 Aアラエル専用 ボディシャンプーS 4 L319SPR-5035 Dジョイントマット149
SOT-2100ペグボードセット 70・226SP523037ドーム洗浄用 除菌洗浄剤 ネオアルベストA C319SPR-5036 Aリバーシブルジョイントマット149
S
SOT-2101ペグボード 70・226SP821015ヘッドレスト359SPR-5036 Bリバーシブルジョイントマット149
SOT-2102ペグボード 70・226SP821016背もたれメッシュシート359SPR-5036 Cリバーシブルジョイントマット149
SOT-2103ペグボード 70・226SP821017安全ベルト359SPR-5036 Dリバーシブルジョイントマット149
SOT-2104ペグボードスタンド 70・226SP821020レッグサポート359SPR-5037 A消防庁認定 防炎マット149
SOT-3000ステフ65SP821051安全ベルト359SPR-5037 B消防庁認定 防炎マット149
SOT-3674スクリューリベット221SP821052アームサポート用カバー359SPR-5037 C消防庁認定 防炎マット149
SOT-3676スクリューリベット221SP821056ヘッドレスト359SPR-5037 D消防庁認定 防炎マット149
SOT-4281フック221SP821057メッシュシート359SPR-5090 A防水安全マット149
SOT-5000上肢機能検査 MFT65SP821058レッグサポート359SPR-5090 B防水安全マット149
SOT-530Nヒートパンネット219SP821059背面ハンドルカバー359SPR-5090 C防水安全マット149
SOT-530N Sヒートパンネット219SPC-1スプリング式オリンピックカラー112SPR-5090 D防水安全マット149
SOT-600弁別能力検査器（大小・重量弁別）68SPR-1000チルトテーブル（本体）126SPR-5130エクササイズミラー127
SOT-625ストラップリング217SPR-1000D, Cチルトテーブル126SPR-545プラットホームマット158
SOT-650ストラップリング217SPR-1068エクササイズベッド159SPR-546プラットホームマット158
SOT-700リーチング・エクササイザー209SPR-1068L Gエクササイズベッド159SPR-547プラットホームマット158
SOT-800 M昇降式 リハビリテーブル242SPR-178マルチカート60SPR-548プラットホームマット158
SOT-800N昇降式 リハビリテーブル242SPR-2600ディジョックボード（セット）124SPR-549Aエクササイズバー/取付金具158
SOT-810 M昇降式 リハビリテーブル242SPR-261ボード（丸）124SPR-549Bエクササイズバー/取付金具158
SOT-810N昇降式 リハビリテーブル242SPR-265ボード（角）124SPR-549Cエクササイズバー/取付金具158
SOT-8641振動覚音叉セット（たたき棒付）68SPR-3003 Cチルトテーブル（マット：ピンク）126SPR-549Dエクササイズバー/取付金具158
SOT-A500アクリルコーン231SPR-3003 Dチルトテーブル（マット：ライトグレー ）126SPR-555手首固定バンド148
SOT-A510パターンボード231SPR-3005ワークテーブル127SPR-557ホールディングミット148
SOT-DM05A  セメスワインスタインモノフィラメント（手用5本セット ）67SPR-3006水平位サポート台127SPR-561B足腕固定バンド（中）147
SOT-DM06A  セメスワインスタインモノフィラメント（足用6本セット ）67SPR-3050足関節訓練起立板127SPR-561C足腕固定バンド（小）147
SOT-DM20 Aセメスワインスタインモノフィラメント（20本セット ）67SPR-311プッシュアップ台セット160SPR-564B吊帯147
SP-1スクワットパッド112SPR-311Lプッシュアップ台（2個1組（）大）160SPR-566B滑車取付金具147
SP-100歩行訓練用階段 100型129SPR-311 Mプッシュアップ台（2個1組（）中）160SPR-578B足腕固定バンド（軽荷重用）148
SP-150歩行訓練用階段 150型129SPR-311Sプッシュアップ台（2個1組（）小）160SPR-578C  足腕固定バンド（軽荷重用）148
SP-210歩行訓練用階段128SPR-355L松葉杖セーフティーワンS 大257SPR-586デッキ輪投げ236
SP-215歩行訓練用階段128SPR-355 M松葉杖セーフティーワンS 中257SPR-590ロープ取外し滑車147
SP-220歩行訓練用階段128SPR-355S松葉杖セーフティーワンS 小257SPR-592A〜H/J/K/ Mカラー重錘バンド114
SP-240バスステップ128SPR-356L松葉杖ワールド 大 198・257SPR-592Xカラー延長バンド114
SP-315昇降式平行棒131SPR-356 M松葉杖ワールド 中 198・257SPR-593A/B/D/F/H/K/ Vカラー砂袋（0.5kg〜10kg）147
SP-335昇降式平行棒131SPR-356S松葉杖ワールド 小 198・257SPR-594スライド滑車147
SP-335H昇降式平行棒（ループ＆ストレートタイプ ）131SPR-360CT型杖（軽金属製）256SPR-595 Nエスカート114
SP-350昇降式平行棒131SPR-382ゴム足258SPR-596壁面用滑車147
SP-360昇降式平行棒（小児用）131SPR-383ゴム足258SPR-597フック147
SP-370昇降式平行棒（片マヒ用）131SPR-384ゴム足258SPR-598自在木付把手147
SP-380昇降式平行棒（支持台）131SPR-386ゴム足258SPR-599自在木付ナス環147
SP-725H連動昇降式平行棒 シンクロレー ル130SPR-386B Lゴム足258SPR-620ARevo・勝沼セット82
SP-725S連動昇降式平行棒 シンクロレー ル130SPR-4000ヘッドアップティルトテーブル70SPR-620BRevo・テイラーセット82
SP-735H連動昇降式平行棒 シンクロレー ル130SPR-411Aプーリー（二連式壁面取付型）147SPR-620C角度計・勝沼セット82
394"
396,MMTYK1DZNOS9U,資料,型式インデックス,"ZZ-120VV-120YY-120UUCB-100TT1-02WW8A-2mS〜Z・その他型式インデックス アルファベット順VF-IG-3W9284W9946 ニューカラーボウリングゲームWB-150PWB-150PRS タニタ精密体重計（ポールタイプ）RS付き 95WB-150SWB-150SRS タニタ精密体重計（セパレートタイプ）RS付き 95WB-25PPWB-50PPWB-PR19WI-02WI-03WI-04WI-05WI-07WI-08WI-1.0WIRE-10WP-700WP-71WP-800WP-81WS-460WS-465WS-700WWT-100WWT-150WWT-500WWT-500PWWT-600WWT-600PWWT-700WWT-700PTCP1SP-STCP1SP-W パワービルダー プレートホルダー（ホワイト） 112TG-1000TG-800TK-11253TM-6501TM-6502TM-6503TM-6505TM-6506TM-OV100TMB-100TP-9020TP-9030TP-9050TP-9060TPC-001-BLK リライブシャツTPC-001-WHT リライブシャツTPT270-ATPT380-ATRS7000TT-100TT-200TTM-4TTM-KJTTM-KOTTM-KSTTM-YC Ⅲ スメドレー握力計（50kg用）TTM-YO Ⅲ スメドレー握力計（100kg用）TY130-1TY135DUCB-10R/L ハンドシャワー(ユニバス）UCB-110CUIA345-2419 フィジオEMS8 ACアダプタUM-BARⅡ 平衡機能計UM-BARⅢ 平衡機能計UP-D25MD カラープリンターUP-X898MD 白黒プリンターUSO-CV5SO00/WR プリンタートレイUSO-U0NHO00/WR ケーブルフックUSO-UH7FS00/WR フットスイッチUSO-UV5NG00/WR ゲルウォーマーUSP-CF17N6A/JP コンベックスプローブ　CA1-7SDUSP-LF3EN5A/JP リニアプローブ　LA3-14ADUSP-LF3MN2A/JP リニアプローブ　L3-22USS-V5NB0BV3JP 超音波画像診断装置 V5V-130V-3600VCV5177SPR-620DSPR-625RSPR-627SPR-628SPR-629MSPR-635SPR-640SPR-7000D,C チルトテーブルSPR-7001SPR-7002SPR-8002SSA0101ST-01ST-470ST-480ST-5LST-5LTST-700ST-710ST-8501AST-8501GST-8502AST-8502GST5050ST5090STEF-20PSTY-100SUB-10SUB-20SUB-30SUB-40SUB-50SWS-10T-1800AT-1800MT-2100AT-2100MT-C7791T.K.K.3350 口腔機能測定機器 健口くんT.K.K.5401 グリップD（デジタル握力計） T.K.K.5402 バックD（デジタル背筋力計）T655MST661JTAH-1202TB-624TB-73-02TB-73-06TB-73-28TC-301TC01SK-BTC01SK-STC01SK-W パワービルダーオリンピックベンチ（ホワイト） 111その他8283838282828212612612612725029218918924124124124165287・29332832832832832828534624424424424422125373・10573140140219198344344201パワービルダー プレートホルダー（シルバー） 112安全懸架式リハビリテーションリフト 135安全懸架式リハビリテーションリフト 135身長計シルバーワイド 昇降式多目的テーブル昇降式多目的テーブル昇降式多目的テーブル昇降式多目的テーブル昇降式多目的テーブル手用ロボット型運動訓練装置 ウーベルト 232着衣用マルチベッド畳プラットホーム畳プラットホーム畳プラットホーム畳プラットホーム専用サーマルプリンター専用サーマルプリンター 粘着パッド φ７cmトランスファー手すり（T型） トランスファー手すり（L型） 角度計4点セット神中式角度計東大式角度計三関節角度計ゴム足プラットホームクラッチユニバス浴槽入浴用車椅子(ユニバス）ハーネスベスト（TSV）ハーネスベスト（TSV）アクアヴィーナスSA用バッグ95・1052432432432432433441591591591593483489190177136・209136・20983838383737325825732532532517771718585858585858585858513513518925425282・21923695218218110174・233174・233174・233174・233174・233174・233221165167291291299138138190190113347267341341260395嚥下造影検査用いす VF Styleメジャー タニタ精密体重計（ポールタイプ）タニタ精密体重計（セパレートタイプ） 95PPウェビングPPウェビングパワーラック電極パッド 粘着パッド20枚入り リストベルト（ショート） 電極パッドカバー リストベルト（ロング） 延長ケーブル 電気刺激装置 WILMO（ウィルモ）  174・233形状記憶ワイヤー上肢用 渦流浴装置 ワールプール 165アイスパックホルダー下肢用 渦流浴装置 ワールプール 167リハステップ台 固定板担架（ロベリアプラス）担架（ロベリアプラス）リクライナー（担架）（アリッサム）カーブ（自走式）カーブ（外部出力機能付）4 FRONT（ウッドウェイ 省スペース用トレッドミル） 1394 FRONT（ウッドウェイ 省スペース用トレッドミル） 139Pro（ウッドウェイ 大型トレッドミル） 139Pro（ウッドウェイ 大型トレッドミル） 139Pro XL（ウッドウェイ 大型トレッドミル） 139Pro XL（ウッドウェイ 大型トレッドミル） 139Lサイズベルト脚用ファスナー交換ベルトCRG AKTIVLOKシーリングリフト SOEL CXスタンダップチェア摂食嚥下練習用いす SwallowchairⅡ 252どこでもミラバスポータブルトルネードスティックトレウォークハイジェニック除菌クリーナー中性18L 275パルスオキシメータ サーフィンPO  96・201角度計・テイラーセットプラスチック角度計手指用ゴニオメーター角度計RevoRevo・メジャーセット打診器（勝沼式）打診器（テイラー米式）チルトテーブル（本体）フットスイッチフットスイッチ付リモコンスタンド音声分析ソフト 杉スピーチアナライザー 249言語機能評価システム STELAストレッチャー（ロベリアプラス）電動昇降式ストレッチャー（ロベリアプラス） 292スーパートラックスーパートラックストレッチャー 固定式（アリッサム） 299ストレッチャー 高さ調節式（アリッサム） 299スタンディングテーブルスタンディングテーブルスタンディングテーブルスタンディングテーブル粘着パッド50×50mm（銀糸製）４枚入  171・173・177粘着パッド50×90mm（銀糸製）4枚入  173・177・181ステフ用検査シート着衣ベッド ユニットバス寒冷地仕様給湯用水栓換気扇換気乾燥暖房機追い炊き循環金具セット手すりHug T1ハイローテーブル（アイボリー）ハイローテーブル（木目）ハイローテーブル（アイボリー）ハイローテーブル（木目）フィンガースリングACトレッドミルトレッドミルヒートパンGSストレッチャー100脱衣カゴ（ホワイト）2段用脱衣カゴ（ホワイト）ハンガー掛付脱衣カゴ（ホワイト） 344熱中アラームパワービルダーオリンピックベンチ（ブラック） 111パワービルダーオリンピックベンチ（シルバー） 111","型
式
イ
SPR-620D角度計・テイラーセット82TCP1SP-Sパワービルダー プレートホルダー（シルバー ）112VF-IG-3嚥下造影検査用いす VF Style252
ン
SPR-625Rプラスチック角度計83TCP1SP- Wパワービルダー プレートホルダー（ホワイト ）112
デ
SPR-627手指用ゴニオメーター83TG-1000安全懸架式リハビリテーションリフ ト135W
ッ
SPR-628角度計Revo82TG-800安全懸架式リハビリテーションリフ ト135W8A-2mメジャー 82・219
ク
SPR-629MRevo・メジャーセット82TK-11253身長計シルバーワイド 95・105W9284W994 6ニューカラーボウリングゲーム236
ス
SPR-635打診器（勝沼式）82TM-6501昇降式多目的テーブル243WB-150Pタニタ精密体重計（ポールタイプ）95
 
SPR-640打診器（テイラー米式）82TM-6502昇降式多目的テーブル243WB-150PR Sタニタ精密体重計（ポールタイプ）RS付 き95
SPR-7000D, Cチルトテーブル126TM-6503昇降式多目的テーブル243WB-150Sタニタ精密体重計（セパレートタイプ ）95ア
ル
SPR-7001チルトテーブル（本体）126TM-6505昇降式多目的テーブル243WB-150SR Sタニタ精密体重計（セパレートタイプ）RS付 き95フ
ァ
SPR-7002フットスイッチ126TM-6506昇降式多目的テーブル243WB-25PPPPウェビング218
ベ
SPR-8002フットスイッチ付リモコンスタンド127TM-OV100手用ロボット型運動訓練装置 ウーベル ト232WB-50PPPPウェビング218ッ
ト
SSA0101音声分析ソフト 杉スピーチアナライザ ー249TMB-100着衣用マルチベッド344WB-PR19パワーラック110順
ST-01言語機能評価システム STELA250TP-9020畳プラットホーム159WI-02電極パッド 174・233
ST-470ストレッチャー（ロベリアプラス）292TP-9030畳プラットホーム159WI-03粘着パッド20枚入り 174・233
ST-480電動昇降式ストレッチャー（ロベリアプラス ）292TP-9050畳プラットホーム159WI-04リストベルト（ショート） 174・233S
ST-5Lスーパートラック189TP-9060畳プラットホーム159WI-05電極パッドカバー 174・233〜
ST-5LTスーパートラック189TPC-001-BL Kリライブシャツ348WI-07リストベルト（ロング） 174・233
Z
ST-700ストレッチャー 固定式（アリッサム ）299TPC-001-WH Tリライブシャツ348WI-08延長ケーブル 174・233
・
ST-710ストレッチャー 高さ調節式（アリッサム ）299TPT270-A専用サーマルプリンター91WI-1.0電気刺激装置 WILMO（ウィルモ）  174・233
そ
ST-8501Aスタンディングテーブル241TPT380-A専用サーマルプリンター 90WIRE-10形状記憶ワイヤー221
ST-8501Gスタンディングテーブル241TRS7000粘着パッド φ７cm177WP-700上肢用 渦流浴装置 ワールプー ル165の
ST-8502Aスタンディングテーブル241TT-100トランスファー手すり（T型） 136・209WP-71アイスパックホルダー165
他
ST-8502Gスタンディングテーブル241TT-200トランスファー手すり（L型） 136・209WP-800下肢用 渦流浴装置 ワールプー ル167
ST5050粘着パッド50×50mm（銀糸製）４枚入  171・173・177TTM-4角度計4点セット83WP-81リハステップ台 固定板167
ST5090粘着パッド50×90mm（銀糸製）4枚入  173・177・181TTM-KJ神中式角度計83WS-460担架（ロベリアプラス）291
STEF-20Pステフ用検査シート65TTM-KO東大式角度計83WS-465担架（ロベリアプラス）291
STY-100着衣ベッド 287・293TTM-KS三関節角度計83WS-700リクライナー（担架（）アリッサム）299
SUB-10ユニットバス寒冷地仕様328TTM-YC  Ⅲスメドレー握力計（50kg用）73WWT-100カーブ（自走式）138
SUB-20給湯用水栓328TTM-YO  Ⅲスメドレー握力計（100kg用）73WWT-150カーブ（外部出力機能付）138
SUB-30換気扇328TY130-1ゴム足258WWT-5004 FRONT（ウッドウェイ 省スペース用トレッドミル ）139
SUB-40換気乾燥暖房機328TY135Dプラットホームクラッチ257WWT-500P4 FRONT（ウッドウェイ 省スペース用トレッドミル ）139
SUB-50追い炊き循環金具セット328WWT-600Pro（ウッドウェイ 大型トレッドミル ）139
SWS-10手すり285UWWT-600PPro（ウッドウェイ 大型トレッドミル ）139
UCB-100ユニバス浴槽325WWT-700Pro X（Lウッドウェイ 大型トレッドミル ）139
TUCB-10R/ Lハンドシャワー(ユニバス）325WWT-700PPro X（Lウッドウェイ 大型トレッドミル ）139
T1-02Hug T1346UCB-110C入浴用車椅子(ユニバス）325
T-1800Aハイローテーブル（アイボリー）244UIA345-241 9フィジオEMS8 ACアダプタ177Y
T-1800Mハイローテーブル（木目）244UM-BAR Ⅱ平衡機能計71Y-120Lサイズベルト脚用190
T-2100Aハイローテーブル（アイボリー）244UM-BAR Ⅲ平衡機能計71
T-2100Mハイローテーブル（木目）244UP-D25M Dカラープリンター85Z
T-C7791フィンガースリング221UP-X898M D白黒プリンター85Z-120ファスナー交換ベルト190
T.K.K.335 0口腔機能測定機器 健口くん253USO-CV5SO00/W Rプリンタートレイ85
T.K.K.540 1グリップD（デジタル握力計） 73・105USO-U0NHO00/W Rケーブルフック85その他
T.K.K.540 2バックD（デジタル背筋力計）73USO-UH7FS00/W Rフットスイッチ85CRG AKTIVLOK113
T655MSACトレッドミル140USO-UV5NG00/W Rゲルウォーマー85シーリングリフト SOEL CX347
T661Jトレッドミル140USP-CF17N6A/J Pコンベックスプローブ　CA1-7SD85スタンダップチェア267
TAH-1202ヒートパン219USP-LF3EN5A/J Pリニアプローブ　LA3-14AD85摂食嚥下練習用いす Swallowchair Ⅱ252
TB-624GSストレッチャー100198USP-LF3MN2A/J Pリニアプローブ　L3-2285どこでもミラバスポータブル341
TB-73-02脱衣カゴ（ホワイト）344USS-V5NB0BV3J P超音波画像診断装置 V585トルネードスティック341
TB-73-062段用脱衣カゴ（ホワイト）344トレウォーク260
TB-73-28ハンガー掛付脱衣カゴ（ホワイト ）344Vハイジェニック除菌クリーナー中性18 L275
TC-301熱中アラーム201V-120ハーネスベスト（TSV）135パルスオキシメータ サーフィンPO  96・201
TC01SK-Bパワービルダーオリンピックベンチ（ブラック ）111V-130ハーネスベスト（TSV）135
TC01SK-Sパワービルダーオリンピックベンチ（シルバー ）111V-3600アクアヴィーナス189
TC01SK- Wパワービルダーオリンピックベンチ（ホワイト ）111VCV5177SA用バッグ254
395"
397,MMTYK1G043WVQ,資料,カタログをお使いになる皆様へ,"…　提供しているアイテムです。限ABCDEFGHJKLサ 　　SOFTSOFTG1〜G9…修理区分8308308301,3201,4301,5402,0902,3102,5303,4103,7403,9604,2904,8405,0609,020 10,120 10,670 10,890 11,770 12,760 10,890 別途見積カタログをお使いになる皆様 へ送 料一 覧※Windows®はマイクロソフト社の登録商標です。※掲載写真に関しては、個人情報保護法に基づく同意を得ています。830 別途見積1,650 別途見積2,640 別途見積4,180 別途見積5,280 別途見積　本カタログとは別に、…単品カタログも　ご用意しております。　パワーリハビリテーションを…実施する場合の　推奨アイテムです。ソフトウェアとして在庫商品のみの限定販売と…なります。在庫状況・数量を　　　　ご確認ください。・ 消費税が別途加算されますのでご了承ください。・ 複数の場合の送料は割安になりますので別途見積りいたします。・ 郡部および中継地域の場合30％の割増中継費が加算される場合があります。・ トラック便混載による標準運送費です。（消費税は含みません）・ 沖縄・離島は別途運送費とさせていただきます。・ 予告なしで運賃を変更する場合もありますので、ご了承ください。・  弊社商品には輸送保険がついていますが、万一、輸送中に破損した商品がお手元に届いた場合は、取扱輸送会社から事故証明書をもらって弊社まで送付してください。  事故証明のない場合は、弊社では責任を負いかねることもあります。NEW …新商品納入先地域送料区分8308308309401,4301,6502,2002,6403,0803,4106,4907,59011,330 13,090 14,190 14,520 14,960 15,840 17,820 18,810 19,250 20,570 22,550 19,250 別途見積17,160 20,130 22,220 23,760 24,970 25,850 27,500 30,580 32,010 34,100 36,080 32,010 別途見積23,760 26,840 28,710 29,480 30,800 32,010 34,100 36,190 38,610 40,150 42,680 38,610 別途見積33,550 36,630 38,170 39,270 40,590 42,350 44,550 45,980 49,060 50,490 53,020 49,060 別途見積48,840 55,440 59,070 60,940 62,920 66,770 72,050 76,670 81,180 87,230 62,590 81,180 別途見積チャーター便御見積◆ 各記号について非課税品 …非課税商品単品カタログパワーリハ◆ 医療機器承認等の番号表記について◆ 医薬品医療機器等法に関する表記について特管非特管高度管理一般略称で表記しています。承認番号：医療機器承認番号認証番号：医療機器認証番号届出番号：医療機器届出番号許可番号：医療機器許可番号一般非特管 G9……特定保守管理医療機器……非特定保守管理医療機器……高度管理医療機器（国際分類：クラスⅢ）……管理医療機器（国際分類：クラスⅡ）……一般医療機器（国際分類：クラスⅠ）8308308301,1001,1001,2101,6501,7601,9802,7502,8603,1903,5203,7404,0708,0308,3608,580・  本カタログの価格には消費税が含まれておりません。  消費税が別途加算されますのでご了承ください。・  本カタログ表示の価格は2026年4月1日現在のもので取付工事等の諸掛を含んでおりません。・   荷造費および運賃を別途申し受けます。・    取付工事が必要な場合は、御見積の上、別途取付工事費を申し受けます。・   予告なしに価格を改定させていただく場合がありますので表記年度を経過しておりますときは念のためご照会ください。・  製品の改良のため仕様および形状を予告なく変更することがありますのでご了承ください。8308308301,6501,7601,7602,6402,7502,8604,1804,4004,5105,2805,5005,720東 京 神奈川 福 島 宮 城 山 形 青 森 富 山 鳥 取 山 口 熊 本 長 崎 北海道 沖 縄埼 玉 茨 城 静 岡 岐 阜 新 潟 秋 田 石 川 岡 山 福 岡 大 分 鹿児島離 島千 葉 群 馬 山 梨 長 野 三 重 岩 手 福 井 広 島佐 賀 宮 崎愛 知 京 都 和歌山 島 根大 阪 滋 賀兵 庫 奈 良 四 国栃 木チャーター便で別途見積りとなります。送料はサービスさせていただきます。別途見積りとなります。別途見積396","カタログをお使いになる皆 様へ
◆ 各記号について◆ 医療機器承認等の番号表記について・  本カタログの価格には消費税が含まれており
略称で表記しています。ません。  消費税が別途加算されますのでご
NE W…新商品
承認番号：医療機器承認番号了承ください。
非課税 品…非課税商品認証番号：医療機器認証番号・  本カタログ表示の価格は2026年4月1日現在
届出番号：医療機器届出番号
のもので取付工事等の諸掛を含んでおりま
　本カタログとは別に、許可番号：医療機器許可番号
カ単タロ品グ…単品カタログもせん。
　ご用意しております。◆ 医薬品医療機器等法に関する表記について・   荷造費および運賃を別途申し受けます。
　パワーリハビリテーションを一般非特 管G9・    取付工事が必要な場合は、御見積の上、別途
パワー
リハ…実施する場合のG1〜G9…修理区分取付工事費を申し受けます。
　推奨アイテムです。
特管……特定保守管理医療機器・   予告なしに価格を改定させていただく場合があ
ソフトウェアとして非特…管…非特定保守管理医療機器りますので表記年度を経過しておりますときは
…
SSOOFFTT　提供しているアイテムです。高度……高度管理医療機器（国際分類：クラスⅢ）念のためご照会ください。
管理……管理医療機器（国際分類：クラスⅡ）
 在庫商品のみの限定販売と一般……一般医療機器（国際分類：クラスⅠ）・  製品の改良のため仕様および形状を予告なく
　
限…なります。在庫状況・数量を　　　変更することがありますのでご了承ください。
　ご確認ください。
　
※Windows®はマイクロソフト社の登録商標です。
※掲載写真に関しては、個人情報保護法に基づく同意を得
ています。
 送料 一覧
納入先 東 京神奈 川 福 島 宮 城 山 形 青 森 富 山 鳥 取 山 口 熊 本 長 崎北海 道 沖縄
地域 埼 玉 茨 城 静 岡 岐 阜 新 潟 秋 田 石 川 岡 山 福 岡 大 分鹿児島 離島
 千 葉 群 馬 山 梨 長 野 三 重 岩 手 福 井 広島 佐 賀 宮崎
 栃木 愛 知 京 都和歌 山 島根
 大 阪 滋賀
送料区分 兵 庫 奈 良 四国
A83083083083083083083083083083083083 0別途見積
B8309401,1001,1001,2101,3201,4301,5401,6501,7601,7601,65 0別途見積
C1,4301,6501,6501,7601,9802,0902,3102,5302,6402,7502,8602,64 0別途見積
D2,2002,6402,7502,8603,1903,4103,7403,9604,1804,4004,5104,18 0別途見積
E3,0803,4103,5203,7404,0704,2904,8405,0605,2805,5005,7205,28 0別途見積
F6,4907,5908,0308,3608,5809,02 010,12 010,67 010,89 011,77 012,76 010,89 0別途見積
G11,33 013,09 014,19 014,52 014,96 015,84 017,82 018,81 019,25 020,57 022,55 019,25 0別途見積
H17,16 020,13 022,22 023,76 024,97 025,85 027,50 030,58 032,01 034,10 036,08 032,01 0別途見積
J23,76 026,84 028,71 029,48 030,80 032,01 034,10 036,19 038,61 040,15 042,68 038,61 0別途見積
K33,55 036,63 038,17 039,27 040,59 042,35 044,55 045,98 049,06 050,49 053,02 049,06 0別途見積
L48,84 055,44 059,07 060,94 062,92 066,77 072,05 076,67 081,18 087,23 062,59 081,18 0別途見積
チャーター便チャーター便で別途見積りとなります。
御見積別途見積りとなります。
サ送料はサービスさせていただきます。別途見積
・ 消費税が別途加算されますのでご了承ください。
・ 複数の場合の送料は割安になりますので別途見積りいたします。
・ 郡部および中継地域の場合30％の割増中継費が加算される場合があります。
・ トラック便混載による標準運送費です。（消費税は含みません）
・ 沖縄・離島は別途運送費とさせていただきます。
・ 予告なしで運賃を変更する場合もありますので、ご了承ください。
・  弊社商品には輸送保険がついていますが、万一、輸送中に破損した商品がお手元に届いた場合は、取扱輸送会社から事故証明書をもらって弊社まで送付してください。
  事故証明のない場合は、弊社では責任を負いかねることもあります。
396"
398,MMTYK1HBSDK1Y,資料,カタログをお使いになる皆様へ,,
399,MMTYK1IP40EIR,資料,カタログをお使いになる皆様へ,Tel:011-780-5570  Fax:011-780-5573〒065-0018  北海道札幌市東区北 18 条東19 -3-23Tel:019 -656 -5336  Fax:019-656 -5337〒020-0866  岩手県盛岡市本宮 4 -9-16Tel:022-390-6840  Fax:022-390-6842〒984-0032  宮城県仙台市若林区荒井 8-3-6Tel:025-278-4777  Fax:025-278-4774〒950-0836  新潟県新潟市東区東中野山 1-1-20Tel:0263-40-5014  Fax:0263-47-0230〒390-0851  長野県松本市島内 3506 インペリアルプラザ松島102 号Tel:048 -662-4560  Fax:048 -662-4562〒331-0812  埼玉県さいたま市北区宮原町 3-590-4Tel:047-497-3691  Fax:047-497-3692〒270 -1402  千葉県白井市平塚 2668-3Tel:03-5227-5779  Fax:03 -3260 -0075〒162-0801  東京都新宿区山吹町 358 -6  3 階Tel:045-590-5485  Fax:045-592-1610〒224-0036  神奈川県横浜市都筑区勝田南 2-18-5Tel:052-263-9867  Fax:052-263-0623〒460-0012  愛知県名古屋市中区千代田 2-6-12Tel:076-292-1161  Fax:076-292 -1162〒921-8011  石川県金沢市入江 1-14 ベルトピア金 沢 4Tel:06-6386-3545  Fax:06-6386-3546〒564-0051  大阪府吹田市豊津町 53-10Tel:06-6386-3545  Fax:06-6386-3546〒564-0051  大阪府吹田市豊津町 53-10Tel:082-830-0420  Fax:082-830-0425〒731-0124  広島県広島市安佐南区大町東 3-8-36 アドグレイスⅡ1 階Tel:087-879-8840  Fax:087-879-8841〒761-1705  香川県高松市香川町川東下 1832Tel:092-588-9331  Fax:092-588-9332〒816-0932  福岡県大野城市瓦田 5-3-29　3 階Tel:099 -219-7250  Fax:099 -219-7251〒892-0854  鹿児島県鹿児島市長田町 1 7 -14 アネシスイン有川 1 階,"Tel:011-780-5570  Fax:011-780-5573
〒065-0018  北海道札幌市東区 北1 8条東1 9-3-23
Tel:01 9-65 6-5336  Fax:019-65 6-5337
〒020-0866  岩手県盛岡市本 宮 4-9-16
Tel:022-390-6840  Fax:022-390-6842
〒984-0032  宮城県仙台市若林区荒 井8-3-6
Tel:025-278-4777  Fax:025-278-4774
〒950-0836  新潟県新潟市東区東中野 山1-1-20
Tel:0263-40-5014  Fax:0263-47-0230
〒390-0851  長野県松本市島 内3506 インペリアルプラザ松島10 2号
Tel:04 8-662-4560  Fax:04 8-662-4562
〒331-0812  埼玉県さいたま市北区宮原 町3-590-4
Tel:047-497-3691  Fax:047-497-3692
〒27 0-1402  千葉県白井市平 塚2668-3
Tel:03-5227-5779  Fax:0 3-326 0-0075
〒162-0801  東京都新宿区山吹 町35 8- 6  3階
Tel:045-590-5485  Fax:045-592-1610
〒224-0036  神奈川県横浜市都筑区勝田 南2-18-5
Tel:052-263-9867  Fax:052-263-0623
〒460-0012  愛知県名古屋市中区千代 田2-6-12
Tel:076-292-1161  Fax:076-29 2-1162
〒921-8011  石川県金沢市入 江1-14 ベルトピア 金 沢4
Tel:06-6386-3545  Fax:06-6386-3546
〒564-0051  大阪府吹田市豊津 町53-10
Tel:06-6386-3545  Fax:06-6386-3546
〒564-0051  大阪府吹田市豊津 町53-10
Tel:082-830-0420  Fax:082-830-0425
〒731-0124  広島県広島市安佐南区大町 東3-8-3 6アドグレイスⅡ 1階
Tel:087-879-8840  Fax:087-879-8841
〒761-1705  香川県高松市香川町川東 下1832
Tel:092-588-9331  Fax:092-588-9332
〒816-0932  福岡県大野城市瓦 田5-3-29　 3階
Tel:09 9-219-7250  Fax:09 9-219-7251
〒892-0854  鹿児島県鹿児島市長田 町 1 7-14 アネシスイン有 川 1階"
